﻿<?xml version="1.0" encoding="utf-8"?>
<!DOCTYPE p:eAIS-package PUBLIC "-//EUROCONTROL//eAIS Package DTD 1.0//EN" "../../eAIP-pack/dtd/eAIS-package.dtd"[]>
<?eAIP-locales EG-locales.xml?>
<p:eAIS-package Version="1.1.0" xmlns:p="http://www.eurocontrol.int/xmlns/AIM/eAIS-package" xmlns:xlink="http://www.w3.org/1999/xlink" xmlns:e="http://www.eurocontrol.int/xmlns/AIM/eAIP" xmlns:x="http://www.w3.org/1999/xhtml" xmlns:xml="http://www.w3.org/XML/1998/namespace" ICAO-country-code="EG" State="Great Britain" Effective-date="2016-06-01" Publication-date="2016-06-01" Publishing-organisation="NATS" Package-name="2016-06-01">
  <p:Description xml:lang="en-GB" Short="This Package Contains AIRAC AIP AMDT 06/16" />
  <p:eAIP-package Package-name="2016-06-01">
    <p:Language-version xml:lang="en-GB" xmlns:e="http://www.eurocontrol.int/xmlns/AIM/eAIP" xmlns:x="http://www.w3.org/1999/xhtml" xmlns:xlink="http://www.w3.org/1999/xlink" xlink:href="eAIP\EG-eAIP-en-GB.xml" />
  </p:eAIP-package>
  <p:eSUPs>
    <p:eSUP-reference Package-name="2015-06-01">
      <p:Language-version xml:lang="en-GB" xmlns:e="http://www.eurocontrol.int/xmlns/AIM/eAIP" xmlns:x="http://www.w3.org/1999/xhtml" xmlns:xlink="http://www.w3.org/1999/xlink" xlink:href="../2015-06-01/eSUP/EG-eSUP-2015-06-en-GB.xml" />
    </p:eSUP-reference>
  </p:eSUPs>
  <p:eAICs>
    <p:eAIC-reference Package-name="2016-01-13">
      <p:Language-version xml:lang="en-GB" xmlns:e="http://www.eurocontrol.int/xmlns/AIM/eAIP" xmlns:x="http://www.w3.org/1999/xhtml" xmlns:xlink="http://www.w3.org/1999/xlink" xlink:href="../2016-01-13/eAIC/EG-eAIC-2016-01-A-en-GB.xml" />
      <p:Language-version xml:lang="en-GB" xmlns:e="http://www.eurocontrol.int/xmlns/AIM/eAIP" xmlns:x="http://www.w3.org/1999/xhtml" xmlns:xlink="http://www.w3.org/1999/xlink" xlink:href="../2016-01-13/eAIC/EG-eAIC-2016-01-A-en-GB.xml" />
    </p:eAIC-reference>
  </p:eAICs>
</p:eAIS-package>