<?xml version="1.0" encoding="UTF-8"?>
<!DOCTYPE translations PUBLIC "-//EUROCONTROL//eAIP locales//EN" "../../eAIP-pack/dtd/locales.dtd">
<!--
    Copyright (c) 2000-2002 EUROCONTROL, all rights reserved.
    This work is subject to the license provided in the file LICENSE.txt.
-->
<!--
	translations.xml: translations of static text used by eAIP transformations.
	$Date: 2011-01-06 12:52:58 +0100 (Thu, 06 Jan 2011) $
	$Revision: 14585 $
-->
<translations xmlns="http://www.eurocontrol.int/xmlns/AIM/eAIP/translation">
	<!-- ============================ Text from html-content.xslt and fo-pages.xslt (cover page) -->
	<text id="cover_AIP">
		<translation xml:lang="en-GB">AIP for %c1</translation>
	</text>
	<text id="cover_AMDT_title">
		<translation xml:lang="en-GB">AIP Amendment for %c1</translation>
	</text>
	<text id="cover_AMDT_groups">
		<translation xml:lang="en-GB">Comprehensive List of Changes</translation>
	</text>
	<text id="cover_AMDT_count">
		<translation xml:lang="en-GB">%c1 change(s).</translation>
	</text>
	<text id="cover_AMDT_shuffle">
		<translation xml:lang="en-GB">Page Shuffle</translation>
	</text>
	<text id="cover_AIC">
		<translation xml:lang="en-GB">AIC for %c1</translation>
	</text>
	<text id="cover_SUP">
		<translation xml:lang="en-GB">AIP Supplement for %c1</translation>
	</text>
	<text id="cover_section">
		<translation xml:lang="en-GB"> (section %c1)</translation>
	</text>
	<text id="cover_validity">
		<translation xml:lang="en-GB"> valid from %c1</translation>
	</text>
	<text id="cover_AIP_short">
		<translation xml:lang="en-GB">AIP</translation>
	</text>
	<text id="cover_AIC_short">
		<translation xml:lang="en-GB">AIC</translation>
	</text>
	<text id="cover_SUP_short">
		<translation xml:lang="en-GB">AIP SUP</translation>
	</text>
	<text id="cover_AIP_long">
		<translation xml:lang="en-GB">Aeronautical Information Publication</translation>
	</text>
	<text id="cover_notam">
		<translation xml:lang="en-GB">Consult Notam for Latest Information</translation>
	</text>
	<text id="cover_SUP_long">
		<translation xml:lang="en-GB">Aeronautical Information Publication Supplement, published on %c1</translation>
	</text>
	<text id="cover_AIC_long">
		<translation xml:lang="en-GB">Aeronautical Information Circular, published on %c1</translation>
	</text>
  <text id="cover_eAIS_title">
    <translation xml:lang="en-GB">eAIP</translation>
  </text>
  <text id="cover_eAIS_info">
    <translation xml:lang="en-GB">Information on this eAIP</translation>
  </text>
	<text id="cover_eAIS_description">
		<translation xml:lang="en-GB">Description</translation>
	</text>
  <text id="cover_eAIS_issue">
		<translation xml:lang="en-GB">Change in this Issue</translation>
	</text>
	<text id="cover_eAIS_NOTAM">
		<translation xml:lang="en-GB">NOTAM incorporated in this Amendment</translation>
	</text>
	<text id="cover_eAIS_SUP">
		<translation xml:lang="en-GB">Cancelled/replaced AIP SUP</translation>
	</text>
	<text id="cover_eAIS_AIC">
		<translation xml:lang="en-Gb">Cancelled/replaced AIC</translation>
	</text>
	<!-- +++++++++++++++++++++++++++ FO-specific -->
	<text id="page_blank">
		<note>This text may not contain spaces, so non-breaking spaces are used instead.</note>
		<translation xml:lang="en-GB">PAGE&#xa0;INTENTIONALLY&#xa0;LEFT&#xa0;BLANK</translation>
	</text>
	<text id="header_state">
		<translation xml:lang="en-GB">AIP %c1</translation>
	</text>
	<text id="footer_left">
		<translation xml:lang="en-GB">Copyright &#xa9; 2003 %c1</translation>
	</text>
	<!-- +++++++++++++++++++++++++++ eAIP Menu on each HTML page (HTML only) -->
	<text id="menu_ToC">
		<translation xml:lang="en-GB">Table of Contents:</translation>
	</text>
	<text id="menu_ToC_frames">
		<translation xml:lang="en-GB">(fixed)</translation>
	</text>
	<text id="menu_ToC_noframes">
		<translation xml:lang="en-GB">(detached)</translation>
	</text>
	<text id="menu_download">
		<translation xml:lang="en-GB">eAIP download (XML, HTML, PDF)</translation>
	</text>
	<text id="menu_print">
		<translation xml:lang="en-GB">Printable version of %c1 (PDF)</translation>
	</text>
	<text id="menu_noprint">
		<translation xml:lang="en-GB">No printable version of %c1</translation>
	</text>
	<text id="menu_language">
		<note>NOT to be translated literally: this must give the name of the current language.</note>
		<translation xml:lang="en-GB">English version</translation>
	</text>
	<text id="menu_amdt">
		<translation xml:lang="en-GB">Show Amendments</translation>
	</text>
	<text id="menu_usersmanual">
		<translation xml:lang="en-GB">eAIP User's Manual (by EUROCONTROL)</translation>
	</text>
	<text id="menu_help">
		<translation xml:lang="en-GB">Help on eAIP Browsing</translation>
	</text>
	<text id="menu_about">
		<translation xml:lang="en-GB">About the EUROCONTROL eAIP Specimen</translation>
	</text>
	<!-- ============================ Text from html-menu.xslt -->
	<text id="toc_title">
		<translation xml:lang="en-GB">AIP Table of Contents </translation>
	</text>
	<text id="toc_effect">
		<translation xml:lang="en-GB">Effective </translation>
	</text>
	<!-- ============================ Text from amendments.xslt -->
	<text id="amdt_AIP">
		<note>Parameter %c1 is "AIRAC" and will not always be there.</note>
		<translation xml:lang="en-GB">%c1 AIP AMENDMENT</translation>
	</text>
	<text id="amdt_num">
		<translation xml:lang="en-GB">NR/Year</translation>
	</text>
	<text id="amdt_publi">
		<translation xml:lang="en-GB">Publication date</translation>
	</text>
	<text id="amdt_effect">
		<translation xml:lang="en-GB">Effective date</translation>
	</text>
	<text id="amdt_insert">
		<translation xml:lang="en-GB">Date inserted</translation>
	</text>
	<text id="amdt_insertby">
		<translation xml:lang="en-GB">Inserted by</translation>
	</text>
	<!-- ============================ Text from supplements.xslt -->
	<text id="sup_see">
		<translation xml:lang="en-GB">See Supplement(s): </translation>
	</text>
	<text id="sup_subject">
		<translation xml:lang="en-GB">Subject</translation>
	</text>
	<text id="sup_affect">
		<translation xml:lang="en-GB">AIP section(s) affected</translation>
	</text>
	<text id="sup_valid">
		<translation xml:lang="en-GB">Period of validity</translation>
	</text>
	<text id="sup_cancel">
		<translation xml:lang="en-GB">Cancellation record</translation>
	</text>
	<text id="sup_eff_from">
		<translation xml:lang="en-GB">Effective from %c1</translation>
	</text>
	<text id="sup_from">
		<translation xml:lang="en-GB">From %c1</translation>
	</text>
	<text id="sup_to">
		<translation xml:lang="en-GB"> to %c1</translation>
	</text>
	<!-- ============================ Text from block.xslt -->
	<text id="block_Post">
		<translation xml:lang="en-GB">Post:</translation>
	</text>
	<text id="block_Phone">
		<translation xml:lang="en-GB">Tel:</translation>
	</text>
	<text id="block_Mobile">
		<translation xml:lang="en-GB">MOB:</translation>
	</text>
	<text id="block_Fax">
		<translation xml:lang="en-GB">Fax:</translation>
	</text>
	<text id="block_Telex">
		<translation xml:lang="en-GB">Telex:</translation>
	</text>
	<text id="block_SITA">
		<translation xml:lang="en-GB">SITA:</translation>
	</text>
	<text id="block_AFS">
		<translation xml:lang="en-GB">AFS:</translation>
	</text>
	<text id="block_Email">
		<translation xml:lang="en-GB">Email:</translation>
	</text>
	<text id="block_URL">
		<note>This should probably stay "URL" (Uniform Resource Locator) in all languages; it is a generic term for any locator and NOT only for the Web.</note>
		<translation xml:lang="en-GB">URL:</translation>
	</text>
	<text id="block_NA">
		<translation xml:lang="en-GB">This section is not applicable here.</translation>
	</text>
	<!-- ============================ Text from lists.xslt -->
	<text id="list_encode">
		<translation xml:lang="en-GB">1. ENCODE</translation>
	</text>
	<text id="list_decode">
		<translation xml:lang="en-GB">2. DECODE</translation>
	</text>
	<text id="list_location">
		<translation xml:lang="en-GB">Location</translation>
	</text>
	<text id="list_indic">
		<translation xml:lang="en-GB">Indicator</translation>
	</text>
	<text id="list_link">
		<translation xml:lang="en-GB">Link to this Aerodrome or Heliport in AD 2/3</translation>
	</text>
	<!-- ============================ Text from structure.xslt -->
	<text id="struct_nilsect">
		<note>What follows is a list of at least one section name.</note>
		<translation xml:lang="en-GB">Note: The following sections in this chapter are intentionally left blank: </translation>
	</text>
	<text id="struct_nilchap">
		<translation xml:lang="en-GB">Note: The chapter %c1 is intentionally left blank.</translation>
	</text>
	<text id="struct_NIL_Not-available">
		<translation xml:lang="en-GB">NIL</translation>
	</text>
	<text id="struct_NIL_Not-applicable">
		<translation xml:lang="en-GB">NIL</translation>
	</text>
	<text id="struct_NIL_In-preparation">
		<translation xml:lang="en-GB">NIL (in course of preparation).</translation>
	</text>
	<text id="struct_NIL_Electronic">
		<translation xml:lang="en-GB">Note: This section is intentionally left blank in all electronic formats (XML, HTML) and only exists in PDF and on paper.</translation>
	</text>
	<text id="struct_NIL_NIL">
		<translation xml:lang="en-GB">NIL</translation>
	</text>
	<!-- ============================ Text from graphics.xslt -->
	<text id="graphics_figure">
		<note>%c1 is the figure number in a series of figures.</note>
		<translation xml:lang="en-GB">Figure&#xA0;%c1</translation>
	</text>
	<text id="figure_page">
		<note>%c1 is the page number or page name where the figure is located.</note>
		<translation xml:lang="en-GB">(see page %c1)</translation>
	</text>
	<!-- ============================ Text from tables-ENR.xslt -->
	<text id="route_designator">
		<translation xml:lang="en-GB">Route Designator</translation>
	</text>
	<text id="route_RNP">
		<translation xml:lang="en-GB">{RNP Type}</translation>
	</text>
	<text id="route_usage">
		<translation xml:lang="en-GB">[Route Usage Notes]</translation>
	</text>
	<text id="route_SPName">
		<translation xml:lang="en-GB">Significant Point Name</translation>
	</text>
	<text id="route_SPCoord">
		<translation xml:lang="en-GB">Significant Point Coordinates</translation>
	</text>
	<text id="route_NavaidInd">
		<translation xml:lang="en-GB">Way-point: IDENT of VOR/DME (ELEV of DME antenna), BRG &amp; DIST</translation>
	</text>
	<text id="route_Remarks">
		<translation xml:lang="en-GB">Remarks</translation>
	</text>
	<text id="route_Track_true">
		<translation xml:lang="en-GB">%c1Track TRUE</translation>
	</text>
	<text id="route_Track_false">
		<translation xml:lang="en-GB">%c1Track MAG</translation>
	</text>
	<text id="route_Track_init">
		<translation xml:lang="en-GB">Initial </translation>
	</text>
	<text id="route_Dist">
		<translation xml:lang="en-GB">%c1Dist (KM)</translation>
	</text>
	<text id="route_Circle">
		<translation xml:lang="en-GB">Great Circle </translation>
	</text>
	<text id="route_COP">
		<translation xml:lang="en-GB">(COP)</translation>
	</text>
    <text id="route_limit">
        <translation xml:lang="en-GB">Upper&#xA0;limit / Lower&#xA0;limit</translation>
    </text>
    <text id="route_limit_upper">
		<translation xml:lang="en-GB">Upper&#xA0;limit</translation>
	</text>
	<text id="route_limit_lower">
		<translation xml:lang="en-GB">Lower&#xA0;limit</translation>
	</text>
	<text id="route_min">
		<translation xml:lang="en-GB">Minimum flight altitude</translation>
	</text>
	<text id="route_width">
		<translation xml:lang="en-GB">Lateral limits (KM)</translation>
	</text>
	<text id="route_FL">
		<translation xml:lang="en-GB">FL series</translation>
	</text>
	<text id="route_IFR_lvl">
		<translation xml:lang="en-GB">IFR cruising levels</translation>
	</text>
	<text id="max">
		<translation xml:lang="en-GB">max</translation>
	</text>
	<text id="min">
		<translation xml:lang="en-GB">min</translation>
	</text>
	<text id="route_empty_FL">
		<translation xml:lang="en-GB">&#xa0;</translation>
	</text>
	<text id="route_ATC">
		<translation xml:lang="en-GB">Controlling&#xa0;unit {Airspace&#xa0;class} Remarks</translation>
	</text>
	<text id="route_footer_remarks">
		<translation xml:lang="en-GB">Route Remarks:</translation>
	</text>
	<text id="route_footer_point">
		<translation xml:lang="en-GB">Point/Segment Remarks:</translation>
	</text>
	<text id="arrow_up">
		<translation xml:lang="en-GB"> &#x2191; </translation>
	</text>
	<text id="arrow_down">
		<translation xml:lang="en-GB"> &#x2193; </translation>
	</text>
	<!-- +++++++++++++++++++++++++++ Navaid table -->
	<text id="nav_name">
		<translation xml:lang="en-GB">Name of station (VOR/VAR)</translation>
	</text>
	<text id="nav_id">
		<translation xml:lang="en-GB">Id</translation>
	</text>
	<text id="nav_freq">
		<translation xml:lang="en-GB">Frequency (CH)</translation>
	</text>
	<text id="nav_hours">
		<translation xml:lang="en-GB">Hours of operation</translation>
	</text>
	<text id="nav_coord">
		<translation xml:lang="en-GB">Co-ordinates</translation>
	</text>
	<text id="nav_elev">
		<translation xml:lang="en-GB">ELEV DME antenna</translation>
	</text>
	<text id="nav_decl">
		<translation xml:lang="en-GB">decl.: </translation>
	</text>
	<!-- +++++++++++++++++++++++++++ Designated-point table -->
	<text id="sp_name">
		<translation xml:lang="en-GB">Name-code designator</translation>
	</text>
	<text id="sp_route">
		<translation xml:lang="en-GB">ATS route or other route</translation>
	</text>
	<text id="sp_sid_star">
		<translation xml:lang="en-GB">Terminal Area</translation>
	</text>
	<!-- +++++++++++++++++++++++++++ HTML-specific -->
	<text id="route_availability">
		<translation xml:lang="en-GB">Route availability: </translation>
	</text>
	<text id="route_remark">
		<translation xml:lang="en-GB">Remark: </translation>
	</text>
	<!-- +++++++++++++++++++++++++++ AMDT list -->
	<text id="amdtlist_title">
		<translation xml:lang="en-GB">List of Changes</translation>
	</text>
	<!-- ============================ Text from eAIC-eSUP.xslt -->
	<text id="aic_sup_address">
		<translation xml:lang="en-GB">Contact</translation>
	</text>
	<text id="aic_sup_reference">
		<translation xml:lang="en-GB">This section supplements the following portion(s) of the AIP: </translation>
	</text>
	<text id="aic_sup_publi">
		<translation xml:lang="en-GB">Published on %c1</translation>
	</text>
	<!-- ============================ Text from html-menu-{eAIC and eSUP}.xslt -->
	<text id="menu_sup_title">
		<translation xml:lang="en-GB">List of AIP Supplements</translation>
	</text>
	<text id="menu_aic_title">
		<translation xml:lang="en-GB">List of Circulars</translation>
	</text>
	<text id="menu_aic_pub">
		<translation xml:lang="en-GB">Published on</translation>
	</text>
	<text id="menu_aic_series_title">
		<translation xml:lang="en-GB">Series: %c1</translation>
	</text>
	<text id="menu_aic_series">
		<translation xml:lang="en-GB">Series</translation>
	</text>
	<text id="menu_aic_inforce">
		<translation xml:lang="en-GB">Published as of %c1</translation>
	</text>
	<!-- ============================ Text from html-menu-AMDT.xslt -->
	<text id="menu_amdt_title">
		<translation xml:lang="en-GB">List of Changes</translation>
	</text>
	<text id="menu_amdt_affecting">
		<translation xml:lang="en-GB">Change affecting...</translation>
	</text>
	<text id="menu_amdt_edcomment">
		<translation xml:lang="en-GB">Editors' comment</translation>
	</text>
	<text id="menu_amdt_intro">
		<translation xml:lang="en-GB">An eAIP in HTML format has no "amendment pages", as opposed to a paper AIP. Instead, the list provided below points to all changes that occurred in this Amendment.</translation>
	</text>
	<text id="menu_amdt_none">
		<translation xml:lang="en-GB">There is no AIP Amendment on this date.</translation>
	</text>
	<text id="menu_amdt_default_group_title">
		<translation xml:lang="en-GB">Miscellaneous</translation>
	</text>
	<!-- ============================ Text from html-menu-search.xslt -->
	<text id="menu_search_title">
		<translation xml:lang="en-GB">Search this eAIP Package</translation>
	</text>
	<text id="menu_search_tab">
		<translation xml:lang="en-GB">Search</translation>
	</text>
	<text id="menu_search_button">
		<translation xml:lang="en-GB">Search</translation>
	</text>
	<!-- ============================ Text from html-history.xslt -->
	<text id="history_title">
		<translation xml:lang="en-GB">Published eAIPs - %c1</translation>
	</text>
	<text id="history_title2">
		<translation xml:lang="en-GB">Published eAIPs</translation>
	</text>
	<text id="history_current">
		<translation xml:lang="en-GB">Currently Effective Issue</translation>
	</text>
	<text id="history_future">
		<translation xml:lang="en-GB">Next Issues</translation>
	</text>
	<text id="history_past">
		<translation xml:lang="en-GB">Expired Issues (Archives)</translation>
	</text>
	<text id="history_past_para">
		<translation xml:lang="en-GB">These past amendments are provided for information. They are not to be used in operations anymore.</translation>
	</text>
	<text id="history_descr">
		<translation xml:lang="en-GB">Reason for Change</translation>
	</text>
</translations>
