<?xml version="1.0" encoding="UTF-8"?>
<e:Aerodrome id="AD-2.EGNH" Ref="ICAO-EGNH" xmlns:e="http://www.eurocontrol.int/xmlns/AIM/eAIP" xmlns:x="http://www.w3.org/1999/xhtml" xmlns:xlink="http://www.w3.org/1999/xlink">
  <e:Title />
  <e:AD-2.1 id="EGNH-AD-2.1" Number="AD 2.1">
    <e:Title id="ID_7176417">AERODROME LOCATION INDICATOR AND NAME</e:Title>
    <e:Generated />
  </e:AD-2.1>
  <e:AD-2.2 id="EGNH-AD-2.2" Number="AD 2.2">
    <e:Title id="ID_7176423">AERODROME GEOGRAPHICAL AND ADMINISTRATIVE DATA</e:Title>
    <x:table id="ID_7176425" class="">
      <x:tbody id="ID_7176426">
        <x:tr id="ID_7176427">
          <x:td id="ID_7176428" align="left" valign="top">1</x:td>
          <x:td id="ID_7176429" align="left" valign="top">
            <x:p id="ID_7176430">ARP coordinates and site at AD</x:p>
          </x:td>
          <x:td id="ID_7176431" align="left" valign="top">&nbsp;</x:td>
        </x:tr>
        <x:tr id="ID_7176432">
          <x:td id="ID_7176433" align="left" valign="top">2</x:td>
          <x:td id="ID_7176434" align="left" valign="top">
            <x:p id="ID_7176435">Direction and distance from city</x:p>
          </x:td>
          <x:td id="ID_7176436" align="left" valign="top">&nbsp;</x:td>
        </x:tr>
        <x:tr id="ID_7176437">
          <x:td id="ID_7176438" align="left" valign="top">3</x:td>
          <x:td id="ID_7176439" align="left" valign="top">
            <x:p id="ID_7176440">Elevation / Reference temperature</x:p>
          </x:td>
          <x:td id="ID_7176441" align="left" valign="top">&nbsp;</x:td>
        </x:tr>
        <x:tr id="ID_7176442">
          <x:td id="ID_7176443" align="left" valign="top">4</x:td>
          <x:td id="ID_7176444" align="left" valign="top">
            <x:p id="ID_7176445">Geoid undulation at AD ELEV PSN</x:p>
          </x:td>
          <x:td id="ID_7176446" align="left" valign="top">&nbsp;</x:td>
        </x:tr>
        <x:tr id="ID_7176447">
          <x:td id="ID_7176448" align="left" valign="top">5</x:td>
          <x:td id="ID_7176449" align="left" valign="top">
            <x:p id="ID_7176450">Magnetic Variation / Annual Change</x:p>
          </x:td>
          <x:td id="ID_7176451" align="left" valign="top">&nbsp;</x:td>
        </x:tr>
        <x:tr id="ID_7176452">
          <x:td id="ID_7176453" align="left" valign="top">6</x:td>
          <x:td id="ID_7176454" align="left" valign="top">
            <x:p id="ID_7176455">AD Administration, address, telephone, telefax, AFS, e-mail address, website address</x:p>
          </x:td>
          <x:td id="ID_7176456" align="left" valign="top">&nbsp;</x:td>
        </x:tr>
        <x:tr id="ID_7176457">
          <x:td id="ID_7176458" align="left" valign="top">7</x:td>
          <x:td id="ID_7176459" align="left" valign="top">
            <x:p id="ID_7176460">Types of Traffic permitted (IFR/VFR)</x:p>
          </x:td>
          <x:td id="ID_7176461" align="left" valign="top">&nbsp;</x:td>
        </x:tr>
        <x:tr id="ID_7176462">
          <x:td id="ID_7176463" align="left" valign="top">8</x:td>
          <x:td id="ID_7176464" align="left" valign="top">
            <x:p id="ID_7176465">Remarks</x:p>
          </x:td>
          <x:td id="ID_7176466" align="left" valign="top">&nbsp;</x:td>
        </x:tr>
      </x:tbody>
    </x:table>
  </e:AD-2.2>
  <e:AD-2.3 id="EGNH-AD-2.3" Number="AD 2.3">
    <e:Title id="ID_7176469">OPERATIONAL HOURS</e:Title>
    <x:table id="ID_7176471" class="">
      <x:tbody id="ID_7176472">
        <x:tr id="ID_7176473">
          <x:td id="ID_7176474" align="left" valign="top">1</x:td>
          <x:td id="ID_7176475" align="left" valign="top">
            <x:p id="ID_7176476">Aerodrome Operator</x:p>
          </x:td>
          <x:td id="ID_7176477" align="left" valign="top">&nbsp;</x:td>
        </x:tr>
        <x:tr id="ID_7176478">
          <x:td id="ID_7176479" align="left" valign="top">2</x:td>
          <x:td id="ID_7176480" align="left" valign="top">
            <x:p id="ID_7176481">Customs and Immigration</x:p>
          </x:td>
          <x:td id="ID_7176482" align="left" valign="top">
            <x:p id="ID_7176483" />
          </x:td>
        </x:tr>
        <x:tr id="ID_7176484">
          <x:td id="ID_7176485" align="left" valign="top">3</x:td>
          <x:td id="ID_7176486" align="left" valign="top">
            <x:p id="ID_7176487">Health and sanitation</x:p>
          </x:td>
          <x:td id="ID_7176488" align="left" valign="top">&nbsp;</x:td>
        </x:tr>
        <x:tr id="ID_7176489">
          <x:td id="ID_7176490" align="left" valign="top">4</x:td>
          <x:td id="ID_7176491" align="left" valign="top">
            <x:p id="ID_7176492">AIS Briefing Office</x:p>
          </x:td>
          <x:td id="ID_7176493" align="left" valign="top">&nbsp;</x:td>
        </x:tr>
        <x:tr id="ID_7176494">
          <x:td id="ID_7176495" align="left" valign="top">5</x:td>
          <x:td id="ID_7176496" align="left" valign="top">
            <x:p id="ID_7176497">ATS Reporting Office (ARO)</x:p>
          </x:td>
          <x:td id="ID_7176498" align="left" valign="top">&nbsp;</x:td>
        </x:tr>
        <x:tr id="ID_7176499">
          <x:td id="ID_7176500" align="left" valign="top">6</x:td>
          <x:td id="ID_7176501" align="left" valign="top">
            <x:p id="ID_7176502">MET Briefing Office</x:p>
          </x:td>
          <x:td id="ID_7176503" align="left" valign="top">&nbsp;</x:td>
        </x:tr>
        <x:tr id="ID_7176504">
          <x:td id="ID_7176505" align="left" valign="top">7</x:td>
          <x:td id="ID_7176506" align="left" valign="top">
            <x:p id="ID_7176507">Air Traffic Service</x:p>
          </x:td>
          <x:td id="ID_7176508" align="left" valign="top">&nbsp;</x:td>
        </x:tr>
        <x:tr id="ID_7176509">
          <x:td id="ID_7176510" align="left" valign="top">8</x:td>
          <x:td id="ID_7176511" align="left" valign="top">
            <x:p id="ID_7176512">Fuelling</x:p>
          </x:td>
          <x:td id="ID_7176513" align="left" valign="top">&nbsp;</x:td>
        </x:tr>
        <x:tr id="ID_7176514">
          <x:td id="ID_7176515" align="left" valign="top">9</x:td>
          <x:td id="ID_7176516" align="left" valign="top">
            <x:p id="ID_7176517">Handling</x:p>
          </x:td>
          <x:td id="ID_7176518" align="left" valign="top">&nbsp;</x:td>
        </x:tr>
        <x:tr id="ID_7176519">
          <x:td id="ID_7176520" align="left" valign="top">10</x:td>
          <x:td id="ID_7176521" align="left" valign="top">
            <x:p id="ID_7176522">Security</x:p>
          </x:td>
          <x:td id="ID_7176523" align="left" valign="top">&nbsp;</x:td>
        </x:tr>
        <x:tr id="ID_7176524">
          <x:td id="ID_7176525" align="left" valign="top">11</x:td>
          <x:td id="ID_7176526" align="left" valign="top">
            <x:p id="ID_7176527">De-icing</x:p>
          </x:td>
          <x:td id="ID_7176528" align="left" valign="top">&nbsp;</x:td>
        </x:tr>
        <x:tr id="ID_7176529">
          <x:td id="ID_7176530" align="left" valign="top">12</x:td>
          <x:td id="ID_7176531" align="left" valign="top">
            <x:p id="ID_7176532">Remarks</x:p>
          </x:td>
          <x:td id="ID_7176533" align="left" valign="top">&nbsp;</x:td>
        </x:tr>
      </x:tbody>
    </x:table>
  </e:AD-2.3>
  <e:AD-2.4 id="EGNH-AD-2.4" Number="AD 2.4">
    <e:Title id="ID_7176536">HANDLING SERVICES AND FACILITIES</e:Title>
    <x:table id="ID_7176538" class="">
      <x:tbody id="ID_7176539">
        <x:tr id="ID_7176540">
          <x:td id="ID_7176541" align="left" valign="top">1</x:td>
          <x:td id="ID_7176542" align="left" valign="top">
            <x:p id="ID_7176543">Cargo handling facilities</x:p>
          </x:td>
          <x:td id="ID_7176544" align="left" valign="top">&nbsp;</x:td>
        </x:tr>
        <x:tr id="ID_7176545">
          <x:td id="ID_7176546" align="left" valign="top">2</x:td>
          <x:td id="ID_7176547" align="left" valign="top">
            <x:p id="ID_7176548">Fuel and oil types</x:p>
          </x:td>
          <x:td id="ID_7176549" align="left" valign="top">&nbsp;</x:td>
        </x:tr>
        <x:tr id="ID_7176550">
          <x:td id="ID_7176551" align="left" valign="top">3</x:td>
          <x:td id="ID_7176552" align="left" valign="top">
            <x:p id="ID_7176553">Fuelling facilities/capacity</x:p>
          </x:td>
          <x:td id="ID_7176554" align="left" valign="top">&nbsp;</x:td>
        </x:tr>
        <x:tr id="ID_7176555">
          <x:td id="ID_7176556" align="left" valign="top">4</x:td>
          <x:td id="ID_7176557" align="left" valign="top">
            <x:p id="ID_7176558">De-icing facilities</x:p>
          </x:td>
          <x:td id="ID_7176559" align="left" valign="top">&nbsp;</x:td>
        </x:tr>
        <x:tr id="ID_7176560">
          <x:td id="ID_7176561" align="left" valign="top">5</x:td>
          <x:td id="ID_7176562" align="left" valign="top">
            <x:p id="ID_7176563">Hangar space for visiting aircraft</x:p>
          </x:td>
          <x:td id="ID_7176564" align="left" valign="top">&nbsp;</x:td>
        </x:tr>
        <x:tr id="ID_7176565">
          <x:td id="ID_7176566" align="left" valign="top">6</x:td>
          <x:td id="ID_7176567" align="left" valign="top">
            <x:p id="ID_7176568">Repair facilities for visiting aircraft</x:p>
          </x:td>
          <x:td id="ID_7176569" align="left" valign="top">&nbsp;</x:td>
        </x:tr>
        <x:tr id="ID_7176570">
          <x:td id="ID_7176571" align="left" valign="top">7</x:td>
          <x:td id="ID_7176572" align="left" valign="top">
            <x:p id="ID_7176573">Remarks</x:p>
          </x:td>
          <x:td id="ID_7176574" align="left" valign="top">&nbsp;</x:td>
        </x:tr>
      </x:tbody>
    </x:table>
  </e:AD-2.4>
  <e:AD-2.5 id="EGNH-AD-2.5" Number="AD 2.5">
    <e:Title id="ID_7176577">PASSENGER FACILITIES</e:Title>
    <x:table id="ID_7176579" class="">
      <x:tbody id="ID_7176580">
        <x:tr id="ID_7176581">
          <x:td id="ID_7176582" align="left" valign="top">1</x:td>
          <x:td id="ID_7176583" align="left" valign="top">
            <x:p id="ID_7176584">Hotels</x:p>
          </x:td>
          <x:td id="ID_7176585" align="left" valign="top">&nbsp;</x:td>
        </x:tr>
        <x:tr id="ID_7176586">
          <x:td id="ID_7176587" align="left" valign="top">2</x:td>
          <x:td id="ID_7176588" align="left" valign="top">
            <x:p id="ID_7176589">Restaurants</x:p>
          </x:td>
          <x:td id="ID_7176590" align="left" valign="top">&nbsp;</x:td>
        </x:tr>
        <x:tr id="ID_7176591">
          <x:td id="ID_7176592" align="left" valign="top">3</x:td>
          <x:td id="ID_7176593" align="left" valign="top">
            <x:p id="ID_7176594">Transportation</x:p>
          </x:td>
          <x:td id="ID_7176595" align="left" valign="top">&nbsp;</x:td>
        </x:tr>
        <x:tr id="ID_7176596">
          <x:td id="ID_7176597" align="left" valign="top">4</x:td>
          <x:td id="ID_7176598" align="left" valign="top">
            <x:p id="ID_7176599">Medical facilities</x:p>
          </x:td>
          <x:td id="ID_7176600" align="left" valign="top">&nbsp;</x:td>
        </x:tr>
        <x:tr id="ID_7176601">
          <x:td id="ID_7176602" align="left" valign="top">5</x:td>
          <x:td id="ID_7176603" align="left" valign="top">
            <x:p id="ID_7176604">Bank and Post Office</x:p>
          </x:td>
          <x:td id="ID_7176605" align="left" valign="top">&nbsp;</x:td>
        </x:tr>
        <x:tr id="ID_7176606">
          <x:td id="ID_7176607" align="left" valign="top">6</x:td>
          <x:td id="ID_7176608" align="left" valign="top">
            <x:p id="ID_7176609">Tourist Office</x:p>
          </x:td>
          <x:td id="ID_7176610" align="left" valign="top">&nbsp;</x:td>
        </x:tr>
        <x:tr id="ID_7176611">
          <x:td id="ID_7176612" align="left" valign="top">7</x:td>
          <x:td id="ID_7176613" align="left" valign="top">
            <x:p id="ID_7176614">Remarks</x:p>
          </x:td>
          <x:td id="ID_7176615" align="left" valign="top">&nbsp;</x:td>
        </x:tr>
      </x:tbody>
    </x:table>
  </e:AD-2.5>
  <e:AD-2.6 id="EGNH-AD-2.6" Number="AD 2.6">
    <e:Title id="ID_7176618">RESCUE AND FIRE FIGHTING SERVICES</e:Title>
    <x:table id="ID_7176620" class="">
      <x:tbody id="ID_7176621">
        <x:tr id="ID_7176622">
          <x:td id="ID_7176623" align="left" valign="top">1</x:td>
          <x:td id="ID_7176624" align="left" valign="top">
            <x:p id="ID_7176625">AD category for fire fighting</x:p>
          </x:td>
          <x:td id="ID_7176626" align="left" valign="top">&nbsp;</x:td>
        </x:tr>
        <x:tr id="ID_7176627">
          <x:td id="ID_7176628" align="left" valign="top">2</x:td>
          <x:td id="ID_7176629" align="left" valign="top">
            <x:p id="ID_7176630">Rescue equipment</x:p>
          </x:td>
          <x:td id="ID_7176631" align="left" valign="top">&nbsp;</x:td>
        </x:tr>
        <x:tr id="ID_7176632">
          <x:td id="ID_7176633" align="left" valign="top">3</x:td>
          <x:td id="ID_7176634" align="left" valign="top">
            <x:p id="ID_7176635">Capability for removal of disabled aircraft</x:p>
          </x:td>
          <x:td id="ID_7176636" align="left" valign="top">&nbsp;</x:td>
        </x:tr>
        <x:tr id="ID_7176637">
          <x:td id="ID_7176638" align="left" valign="top">4</x:td>
          <x:td id="ID_7176639" align="left" valign="top">
            <x:p id="ID_7176640">Remarks</x:p>
          </x:td>
          <x:td id="ID_7176641" align="left" valign="top">&nbsp;</x:td>
        </x:tr>
      </x:tbody>
    </x:table>
  </e:AD-2.6>
  <e:AD-2.7 id="EGNH-AD-2.7" Number="AD 2.7">
    <e:Title id="ID_7176644">SEASONAL AVAILABILITY - CLEARING</e:Title>
    <x:table id="ID_7176646" class="">
      <x:tbody id="ID_7176647">
        <x:tr id="ID_7176648">
          <x:td id="ID_7176649" align="left" valign="top">1</x:td>
          <x:td id="ID_7176650" align="left" valign="top">
            <x:p id="ID_7176651">Types of clearing equipment</x:p>
          </x:td>
          <x:td id="ID_7176652" align="left" valign="top">&nbsp;</x:td>
        </x:tr>
        <x:tr id="ID_7176653">
          <x:td id="ID_7176654" align="left" valign="top">2</x:td>
          <x:td id="ID_7176655" align="left" valign="top">
            <x:p id="ID_7176656">Clearance priorities</x:p>
          </x:td>
          <x:td id="ID_7176657" align="left" valign="top">&nbsp;</x:td>
        </x:tr>
        <x:tr id="ID_7176658">
          <x:td id="ID_7176659" align="left" valign="top">3</x:td>
          <x:td id="ID_7176660" align="left" valign="top">
            <x:p id="ID_7176661">Remarks</x:p>
          </x:td>
          <x:td id="ID_7176662" align="left" valign="top">&nbsp;</x:td>
        </x:tr>
      </x:tbody>
    </x:table>
  </e:AD-2.7>
  <e:AD-2.8 id="EGNH-AD-2.8" Number="AD 2.8">
    <e:Title id="ID_7176665">APRONS, TAXIWAYS AND CHECK LOCATIONS/POSITIONS DATA</e:Title>
    <x:table id="ID_7176667" class="">
      <x:tbody id="ID_7176668">
        <x:tr id="ID_7176669">
          <x:td id="ID_7176670" align="left" valign="top">1</x:td>
          <x:td id="ID_7176671" align="left" valign="top">
            <x:p id="ID_7176672">Apron surface and strength</x:p>
          </x:td>
          <x:td id="ID_7176673" align="left" valign="top">&nbsp;</x:td>
        </x:tr>
        <x:tr id="ID_7176674">
          <x:td id="ID_7176675" align="left" valign="top">2</x:td>
          <x:td id="ID_7176676" align="left" valign="top">
            <x:p id="ID_7176677">Taxiway width, surface and strength</x:p>
          </x:td>
          <x:td id="ID_7176678" align="left" valign="top">&nbsp;</x:td>
        </x:tr>
        <x:tr id="ID_7176679">
          <x:td id="ID_7176680" align="left" valign="top">3</x:td>
          <x:td id="ID_7176681" align="left" valign="top">
            <x:p id="ID_7176682">Altimeter checkpoint location and elevation</x:p>
          </x:td>
          <x:td id="ID_7176683" align="left" valign="top">&nbsp;</x:td>
        </x:tr>
        <x:tr id="ID_7176684">
          <x:td id="ID_7176685" align="left" valign="top">4</x:td>
          <x:td id="ID_7176686" align="left" valign="top">
            <x:p id="ID_7176687">VOR checkpoints</x:p>
          </x:td>
          <x:td id="ID_7176688" align="left" valign="top">&nbsp;</x:td>
        </x:tr>
        <x:tr id="ID_7176689">
          <x:td id="ID_7176690" align="left" valign="top">5</x:td>
          <x:td id="ID_7176691" align="left" valign="top">
            <x:p id="ID_7176692">INS checkpoints</x:p>
          </x:td>
          <x:td id="ID_7176693" align="left" valign="top">&nbsp;</x:td>
        </x:tr>
        <x:tr id="ID_7176694">
          <x:td id="ID_7176695" align="left" valign="top">6</x:td>
          <x:td id="ID_7176696" align="left" valign="top">
            <x:p id="ID_7176697">Remarks</x:p>
          </x:td>
          <x:td id="ID_7176698" align="left" valign="top">&nbsp;</x:td>
        </x:tr>
      </x:tbody>
    </x:table>
  </e:AD-2.8>
  <e:AD-2.9 id="EGNH-AD-2.9" Number="AD 2.9">
    <e:Title id="ID_7176701">SURFACE MOVEMENT GUIDANCE AND CONTROL SYSTEM AND MARKINGS</e:Title>
    <x:table id="ID_7176703" class="">
      <x:tbody id="ID_7176704">
        <x:tr id="ID_7176705">
          <x:td id="ID_7176706" align="left" valign="top">1</x:td>
          <x:td id="ID_7176707" align="left" valign="top">
            <x:p id="ID_7176708">Use of aircraft stand ID signs, TWY guide lines and visual docking/parking guidance system of aircraft stands</x:p>
          </x:td>
          <x:td id="ID_7176709" align="left" valign="top">&nbsp;</x:td>
        </x:tr>
        <x:tr id="ID_7176710">
          <x:td id="ID_7176711" align="left" valign="top">2</x:td>
          <x:td id="ID_7176712" align="left" valign="top">
            <x:p id="ID_7176713">Runway and taxiway markings and lighting</x:p>
          </x:td>
          <x:td id="ID_7176714" align="left" valign="top">&nbsp;</x:td>
        </x:tr>
        <x:tr id="ID_7176715">
          <x:td id="ID_7176716" align="left" valign="top">3</x:td>
          <x:td id="ID_7176717" align="left" valign="top">
            <x:p id="ID_7176718">Stop bars</x:p>
          </x:td>
          <x:td id="ID_7176719" align="left" valign="top">&nbsp;</x:td>
        </x:tr>
        <x:tr id="ID_7176720">
          <x:td id="ID_7176721" align="left" valign="top">4</x:td>
          <x:td id="ID_7176722" align="left" valign="top">
            <x:p id="ID_7176723">Remarks</x:p>
          </x:td>
          <x:td id="ID_7176724" align="left" valign="top">&nbsp;</x:td>
        </x:tr>
      </x:tbody>
    </x:table>
  </e:AD-2.9>
  <e:AD-2.10 id="EGNH-AD-2.10" Number="AD 2.10">
    <e:Title id="ID_7176727">AERODROME OBSTACLES</e:Title>
    <x:table id="ID_7176729" class="">
      <x:thead id="ID_7176730">
        <x:tr id="ID_7176731">
          <x:th id="ID_7176732" colspan="6" align="center" valign="top">
            <x:p id="ID_7176733">In Approach/Take-off areas</x:p>
          </x:th>
        </x:tr>
        <x:tr id="ID_7176734">
          <x:th id="ID_7176735" align="left" valign="top">
            <x:p id="ID_7176736">Obstacle ID/Designation</x:p>
          </x:th>
          <x:th id="ID_7176737" align="left" valign="top">
            <x:p id="ID_7176738">Obstacle Type</x:p>
          </x:th>
          <x:th id="ID_7176739" align="left" valign="top">
            <x:p id="ID_7176740">Obstacle Position</x:p>
          </x:th>
          <x:th id="ID_7176741" align="left" valign="top">
            <x:p id="ID_7176742">Elevation/Height</x:p>
          </x:th>
          <x:th id="ID_7176743" align="left" valign="top">
            <x:p id="ID_7176744">Obstruction Lighting Type/Colour</x:p>
          </x:th>
          <x:th id="ID_7176745" align="left" valign="top">
            <x:p id="ID_7176746">Remarks</x:p>
          </x:th>
        </x:tr>
        <x:tr id="ID_7176747">
          <x:th id="ID_7176748" align="left" valign="top">1</x:th>
          <x:th id="ID_7176749" align="left" valign="top">2</x:th>
          <x:th id="ID_7176750" align="left" valign="top">3</x:th>
          <x:th id="ID_7176751" align="left" valign="top">4</x:th>
          <x:th id="ID_7176752" align="left" valign="top">5</x:th>
          <x:th id="ID_7176753" align="left" valign="top">6</x:th>
        </x:tr>
      </x:thead>
      <x:tbody id="ID_7176754">
        <x:tr id="ID_7176755">
          <x:td id="ID_7176756" align="left" valign="top">&nbsp;</x:td>
          <x:td id="ID_7176757" align="left" valign="top">&nbsp;</x:td>
          <x:td id="ID_7176758" align="left" valign="top">&nbsp;</x:td>
          <x:td id="ID_7176759" align="left" valign="top">&nbsp;</x:td>
          <x:td id="ID_7176760" align="left" valign="top">&nbsp;</x:td>
          <x:td id="ID_7176761" align="left" valign="top">&nbsp;</x:td>
        </x:tr>
      </x:tbody>
    </x:table>
    <x:table id="ID_7176763" class="">
      <x:thead id="ID_7176764">
        <x:tr id="ID_7176765">
          <x:th id="ID_7176766" colspan="6" align="center" valign="top">
            <x:p id="ID_7176767">In circling area and at aerodrome</x:p>
          </x:th>
        </x:tr>
        <x:tr id="ID_7176768">
          <x:th id="ID_7176769" align="left" valign="top">
            <x:p id="ID_7176770">Obstacle ID/Designation</x:p>
          </x:th>
          <x:th id="ID_7176771" align="left" valign="top">
            <x:p id="ID_7176772">Obstacle Type</x:p>
          </x:th>
          <x:th id="ID_7176773" align="left" valign="top">
            <x:p id="ID_7176774">Obstacle Position</x:p>
          </x:th>
          <x:th id="ID_7176775" align="left" valign="top">
            <x:p id="ID_7176776">Elevation/Height</x:p>
          </x:th>
          <x:th id="ID_7176777" align="left" valign="top">
            <x:p id="ID_7176778">Obstruction Lighting Type/Colour</x:p>
          </x:th>
          <x:th id="ID_7176779" align="left" valign="top">
            <x:p id="ID_7176780">Remarks</x:p>
          </x:th>
        </x:tr>
        <x:tr id="ID_7176781">
          <x:th id="ID_7176782" align="left" valign="top">1</x:th>
          <x:th id="ID_7176783" align="left" valign="top">2</x:th>
          <x:th id="ID_7176784" align="left" valign="top">3</x:th>
          <x:th id="ID_7176785" align="left" valign="top">4</x:th>
          <x:th id="ID_7176786" align="left" valign="top">5</x:th>
          <x:th id="ID_7176787" align="left" valign="top">6</x:th>
        </x:tr>
      </x:thead>
      <x:tbody id="ID_7176788">
        <x:tr id="ID_7176789">
          <x:td id="ID_7176790" align="left" valign="top">&nbsp;</x:td>
          <x:td id="ID_7176791" align="left" valign="top">&nbsp;</x:td>
          <x:td id="ID_7176792" align="left" valign="top">&nbsp;</x:td>
          <x:td id="ID_7176793" align="left" valign="top">&nbsp;</x:td>
          <x:td id="ID_7176794" align="left" valign="top">&nbsp;</x:td>
          <x:td id="ID_7176795" align="left" valign="top">&nbsp;</x:td>
        </x:tr>
      </x:tbody>
    </x:table>
  </e:AD-2.10>
  <e:AD-2.11 id="EGNH-AD-2.11" Number="AD 2.11">
    <e:Title id="ID_7176798">METEOROLOGICAL INFORMATION PROVIDED</e:Title>
    <x:table id="ID_7176800" class="">
      <x:tbody id="ID_7176801">
        <x:tr id="ID_7176802">
          <x:td id="ID_7176803" align="left" valign="top">1</x:td>
          <x:td id="ID_7176804" align="left" valign="top">
            <x:p id="ID_7176805">Associated MET Office</x:p>
          </x:td>
          <x:td id="ID_7176806" align="left" valign="top">&nbsp;</x:td>
        </x:tr>
        <x:tr id="ID_7176807">
          <x:td id="ID_7176808" align="left" valign="top">2</x:td>
          <x:td id="ID_7176809" align="left" valign="top">
            <x:p id="ID_7176810">Hours of service</x:p>
            <x:p id="ID_7176811">MET Office outside hours</x:p>
          </x:td>
          <x:td id="ID_7176812" align="left" valign="top">&nbsp;</x:td>
        </x:tr>
        <x:tr id="ID_7176813">
          <x:td id="ID_7176814" align="left" valign="top">3</x:td>
          <x:td id="ID_7176815" align="left" valign="top">
            <x:p id="ID_7176816">Office responsible for TAF preparation</x:p>
            <x:p id="ID_7176817">Periods of validity</x:p>
          </x:td>
          <x:td id="ID_7176818" align="left" valign="top">&nbsp;</x:td>
        </x:tr>
        <x:tr id="ID_7176819">
          <x:td id="ID_7176820" align="left" valign="top">4</x:td>
          <x:td id="ID_7176821" align="left" valign="top">
            <x:p id="ID_7176822">Trend forecast</x:p>
            <x:p id="ID_7176823">Interval of issuance</x:p>
          </x:td>
          <x:td id="ID_7176824" align="left" valign="top">&nbsp;</x:td>
        </x:tr>
        <x:tr id="ID_7176825">
          <x:td id="ID_7176826" align="left" valign="top">5</x:td>
          <x:td id="ID_7176827" align="left" valign="top">
            <x:p id="ID_7176828">Briefing/consultation provided</x:p>
          </x:td>
          <x:td id="ID_7176829" align="left" valign="top">&nbsp;</x:td>
        </x:tr>
        <x:tr id="ID_7176830">
          <x:td id="ID_7176831" align="left" valign="top">6</x:td>
          <x:td id="ID_7176832" align="left" valign="top">
            <x:p id="ID_7176833">Flight documentation</x:p>
            <x:p id="ID_7176834">Language(s) used</x:p>
          </x:td>
          <x:td id="ID_7176835" align="left" valign="top">&nbsp;</x:td>
        </x:tr>
        <x:tr id="ID_7176836">
          <x:td id="ID_7176837" align="left" valign="top">7</x:td>
          <x:td id="ID_7176838" align="left" valign="top">
            <x:p id="ID_7176839">Charts and other information available for briefing or consultation</x:p>
          </x:td>
          <x:td id="ID_7176840" align="left" valign="top">&nbsp;</x:td>
        </x:tr>
        <x:tr id="ID_7176841">
          <x:td id="ID_7176842" align="left" valign="top">8</x:td>
          <x:td id="ID_7176843" align="left" valign="top">
            <x:p id="ID_7176844">Supplementary equipment available for providing information</x:p>
          </x:td>
          <x:td id="ID_7176845" align="left" valign="top">&nbsp;</x:td>
        </x:tr>
        <x:tr id="ID_7176846">
          <x:td id="ID_7176847" align="left" valign="top">9</x:td>
          <x:td id="ID_7176848" align="left" valign="top">
            <x:p id="ID_7176849">ATS units provided with information</x:p>
          </x:td>
          <x:td id="ID_7176850" align="left" valign="top">&nbsp;</x:td>
        </x:tr>
        <x:tr id="ID_7176851">
          <x:td id="ID_7176852" align="left" valign="top">10</x:td>
          <x:td id="ID_7176853" align="left" valign="top">
            <x:p id="ID_7176854">Additional information (limitation of service, etc.)</x:p>
          </x:td>
          <x:td id="ID_7176855" align="left" valign="top">&nbsp;</x:td>
        </x:tr>
      </x:tbody>
    </x:table>
  </e:AD-2.11>
  <e:AD-2.12 id="EGNH-AD-2.12" Number="AD 2.12">
    <e:Title id="ID_7176858">RUNWAY PHYSICAL CHARACTERISTICS</e:Title>
    <x:table id="ID_7176860" class="">
      <x:thead id="ID_7176861">
        <x:tr id="ID_7176862">
          <x:th id="ID_7176863" align="left" valign="top">
            <x:p id="ID_7176864">Designations RWY Number</x:p>
          </x:th>
          <x:th id="ID_7176865" align="left" valign="top">
            <x:p id="ID_7176866">True bearing</x:p>
          </x:th>
          <x:th id="ID_7176867" align="left" valign="top">
            <x:p id="ID_7176868">Dimensions of RWY</x:p>
          </x:th>
          <x:th id="ID_7176869" align="left" valign="top">
            <x:p id="ID_7176870">Surface of RWY/ SWY/ </x:p>
            <x:p id="ID_7176871">Strength (PCN)</x:p>
          </x:th>
          <x:th id="ID_7176872" align="left" valign="top">
            <x:p id="ID_7176873">THR co-ordinates/</x:p>
            <x:p id="ID_7176874">THR Geoid undulation</x:p>
          </x:th>
          <x:th id="ID_7176875" align="left" valign="top">
            <x:p id="ID_7176876">THR elevation/ Highest elevation of TDZ of precision APP RWY</x:p>
          </x:th>
        </x:tr>
        <x:tr id="ID_7176877">
          <x:th id="ID_7176878" align="left" valign="top">1</x:th>
          <x:th id="ID_7176879" align="left" valign="top">2</x:th>
          <x:th id="ID_7176880" align="left" valign="top">3</x:th>
          <x:th id="ID_7176881" align="left" valign="top">4</x:th>
          <x:th id="ID_7176882" align="left" valign="top">5</x:th>
          <x:th id="ID_7176883" align="left" valign="top">6</x:th>
        </x:tr>
      </x:thead>
      <x:tbody id="ID_7176884">
        <x:tr id="ID_7176885">
          <x:td id="ID_7176886" align="left" valign="top">&nbsp;</x:td>
          <x:td id="ID_7176887" align="left" valign="top">&nbsp;</x:td>
          <x:td id="ID_7176888" align="left" valign="top">&nbsp;</x:td>
          <x:td id="ID_7176889" align="left" valign="top">&nbsp;</x:td>
          <x:td id="ID_7176890" align="left" valign="top">&nbsp;</x:td>
          <x:td id="ID_7176891" align="left" valign="top">&nbsp;</x:td>
        </x:tr>
        <x:tr id="ID_7176892">
          <x:td id="ID_7176893" align="left" valign="top">&nbsp;</x:td>
          <x:td id="ID_7176894" align="left" valign="top">&nbsp;</x:td>
          <x:td id="ID_7176895" align="left" valign="top">&nbsp;</x:td>
          <x:td id="ID_7176896" align="left" valign="top">&nbsp;</x:td>
          <x:td id="ID_7176897" align="left" valign="top">&nbsp;</x:td>
          <x:td id="ID_7176898" align="left" valign="top">&nbsp;</x:td>
        </x:tr>
      </x:tbody>
    </x:table>
    <x:table id="ID_7176900" class="">
      <x:thead id="ID_7176901">
        <x:tr id="ID_7176902">
          <x:th id="ID_7176903" colspan="3" align="left" valign="top">
            <x:p id="ID_7176904">Slope of RWY/</x:p>
            <x:p id="ID_7176905">SWY</x:p>
          </x:th>
          <x:th id="ID_7176906" align="left" valign="top">
            <x:p id="ID_7176907">SWY dimensions</x:p>
          </x:th>
          <x:th id="ID_7176908" align="left" valign="top">
            <x:p id="ID_7176909">Clearway dimensions</x:p>
          </x:th>
          <x:th id="ID_7176910" align="left" valign="top">
            <x:p id="ID_7176911">Strip dimensions</x:p>
          </x:th>
          <x:th id="ID_7176912" align="left" valign="top">
            <x:p id="ID_7176913">OFZ</x:p>
          </x:th>
          <x:th id="ID_7176914" align="left" valign="top">
            <x:p id="ID_7176915">Remarks</x:p>
          </x:th>
        </x:tr>
        <x:tr id="ID_7176916">
          <x:th id="ID_7176917" colspan="3" align="left" valign="top">7</x:th>
          <x:th id="ID_7176918" align="left" valign="top">8</x:th>
          <x:th id="ID_7176919" align="left" valign="top">9</x:th>
          <x:th id="ID_7176920" align="left" valign="top">10</x:th>
          <x:th id="ID_7176921" align="left" valign="top">11</x:th>
          <x:th id="ID_7176922" align="left" valign="top">12</x:th>
        </x:tr>
      </x:thead>
      <x:tbody id="ID_7176923">
        <x:tr id="ID_7176924">
          <x:td id="ID_7176925" colspan="3" align="left" valign="top">&nbsp;</x:td>
          <x:td id="ID_7176926" align="left" valign="top">&nbsp;</x:td>
          <x:td id="ID_7176927" align="left" valign="top">&nbsp;</x:td>
          <x:td id="ID_7176928" align="left" valign="top">&nbsp;</x:td>
          <x:td id="ID_7176929" align="left" valign="top">&nbsp;</x:td>
          <x:td id="ID_7176930" align="left" valign="top">&nbsp;</x:td>
        </x:tr>
        <x:tr id="ID_7176931">
          <x:td id="ID_7176932" colspan="3" align="left" valign="top">&nbsp;</x:td>
          <x:td id="ID_7176933" align="left" valign="top">&nbsp;</x:td>
          <x:td id="ID_7176934" align="left" valign="top">&nbsp;</x:td>
          <x:td id="ID_7176935" align="left" valign="top">&nbsp;</x:td>
          <x:td id="ID_7176936" align="left" valign="top">&nbsp;</x:td>
          <x:td id="ID_7176937" align="left" valign="top">&nbsp;</x:td>
        </x:tr>
      </x:tbody>
    </x:table>
  </e:AD-2.12>
  <e:AD-2.13 id="EGNH-AD-2.13" Number="AD 2.13">
    <e:Title id="ID_7176940">DECLARED DISTANCES</e:Title>
    <x:table id="ID_7176942" class="">
      <x:thead id="ID_7176943">
        <x:tr id="ID_7176944">
          <x:th id="ID_7176945" align="left" valign="top">
            <x:p id="ID_7176946">Runway designator</x:p>
          </x:th>
          <x:th id="ID_7176947" align="left" valign="top">
            <x:p id="ID_7176948">TORA</x:p>
          </x:th>
          <x:th id="ID_7176949" align="left" valign="top">
            <x:p id="ID_7176950">TODA</x:p>
          </x:th>
          <x:th id="ID_7176951" align="left" valign="top">
            <x:p id="ID_7176952">ASDA</x:p>
          </x:th>
          <x:th id="ID_7176953" align="left" valign="top">
            <x:p id="ID_7176954">LDA</x:p>
          </x:th>
          <x:th id="ID_7176955" align="left" valign="top">
            <x:p id="ID_7176956">Remarks</x:p>
          </x:th>
        </x:tr>
        <x:tr id="ID_7176957">
          <x:th id="ID_7176958" align="left" valign="top">1</x:th>
          <x:th id="ID_7176959" align="left" valign="top">2</x:th>
          <x:th id="ID_7176960" align="left" valign="top">3</x:th>
          <x:th id="ID_7176961" align="left" valign="top">4</x:th>
          <x:th id="ID_7176962" align="left" valign="top">5</x:th>
          <x:th id="ID_7176963" align="left" valign="top">6</x:th>
        </x:tr>
      </x:thead>
      <x:tbody id="ID_7176964">
        <x:tr id="ID_7176965">
          <x:td id="ID_7176966" align="left" valign="top">&nbsp;</x:td>
          <x:td id="ID_7176967" align="left" valign="top">&nbsp;</x:td>
          <x:td id="ID_7176968" align="left" valign="top">&nbsp;</x:td>
          <x:td id="ID_7176969" align="left" valign="top">&nbsp;</x:td>
          <x:td id="ID_7176970" align="left" valign="top">&nbsp;</x:td>
          <x:td id="ID_7176971" align="left" valign="top">&nbsp;</x:td>
        </x:tr>
        <x:tr id="ID_7176972">
          <x:td id="ID_7176973" align="left" valign="top">&nbsp;</x:td>
          <x:td id="ID_7176974" align="left" valign="top">&nbsp;</x:td>
          <x:td id="ID_7176975" align="left" valign="top">&nbsp;</x:td>
          <x:td id="ID_7176976" align="left" valign="top">&nbsp;</x:td>
          <x:td id="ID_7176977" align="left" valign="top">&nbsp;</x:td>
          <x:td id="ID_7176978" align="left" valign="top">&nbsp;</x:td>
        </x:tr>
      </x:tbody>
    </x:table>
  </e:AD-2.13>
  <e:AD-2.14 id="EGNH-AD-2.14" Number="AD 2.14">
    <e:Title id="ID_7176981">APPROACH AND RUNWAY LIGHTING</e:Title>
    <x:table id="ID_7176983" class="">
      <x:thead id="ID_7176984">
        <x:tr id="ID_7176985">
          <x:th id="ID_7176986" align="left" valign="top">
            <x:p id="ID_7176987">RWY</x:p>
          </x:th>
          <x:th id="ID_7176988" align="left" valign="top">
            <x:p id="ID_7176989">Approach Lighting Type/</x:p>
            <x:p id="ID_7176990">Length/</x:p>
            <x:p id="ID_7176991">Intensity</x:p>
          </x:th>
          <x:th id="ID_7176992" align="left" valign="top">
            <x:p id="ID_7176993">Threshold lighting</x:p>
            <x:p id="ID_7176994">Colour/ </x:p>
            <x:p id="ID_7176995">Wing bars</x:p>
          </x:th>
          <x:th id="ID_7176996" align="left" valign="top">
            <x:p id="ID_7176997">VASIS/</x:p>
            <x:p id="ID_7176998">MEHT/</x:p>
            <x:p id="ID_7176999">PAPI</x:p>
          </x:th>
          <x:th id="ID_7177000" align="left" valign="top">
            <x:p id="ID_7177001">TDZ lighting</x:p>
            <x:p id="ID_7177002">Length</x:p>
          </x:th>
          <x:th id="ID_7177003" align="left" valign="top">
            <x:p id="ID_7177004">Runway Centre Line lighting</x:p>
            <x:p id="ID_7177005">Length/</x:p>
            <x:p id="ID_7177006">Spacing/</x:p>
            <x:p id="ID_7177007">Colour/</x:p>
            <x:p id="ID_7177008">Intensity</x:p>
          </x:th>
          <x:th id="ID_7177009" align="left" valign="top">
            <x:p id="ID_7177010">Runway edge lighting</x:p>
            <x:p id="ID_7177011">Length/</x:p>
            <x:p id="ID_7177012">Spacing/</x:p>
            <x:p id="ID_7177013">Colour/</x:p>
            <x:p id="ID_7177014">Intensity</x:p>
          </x:th>
          <x:th id="ID_7177015" align="left" valign="top">
            <x:p id="ID_7177016">Runway end lighting</x:p>
            <x:p id="ID_7177017">Colour/</x:p>
            <x:p id="ID_7177018">Wing bars</x:p>
          </x:th>
          <x:th id="ID_7177019" align="left" valign="top">
            <x:p id="ID_7177020">Stopway lighting</x:p>
            <x:p id="ID_7177021">Length/</x:p>
            <x:p id="ID_7177022">Colour</x:p>
          </x:th>
          <x:th id="ID_7177023" align="left" valign="top">
            <x:p id="ID_7177024">Remarks</x:p>
          </x:th>
        </x:tr>
        <x:tr id="ID_7177025">
          <x:th id="ID_7177026" align="left" valign="top">1</x:th>
          <x:th id="ID_7177027" align="left" valign="top">2</x:th>
          <x:th id="ID_7177028" align="left" valign="top">3</x:th>
          <x:th id="ID_7177029" align="left" valign="top">4</x:th>
          <x:th id="ID_7177030" align="left" valign="top">5</x:th>
          <x:th id="ID_7177031" align="left" valign="top">6</x:th>
          <x:th id="ID_7177032" align="left" valign="top">7</x:th>
          <x:th id="ID_7177033" align="left" valign="top">8</x:th>
          <x:th id="ID_7177034" align="left" valign="top">9</x:th>
          <x:th id="ID_7177035" align="left" valign="top">10</x:th>
        </x:tr>
      </x:thead>
      <x:tbody id="ID_7177036">
        <x:tr id="ID_7177037">
          <x:td id="ID_7177038" align="left" valign="top">&nbsp;</x:td>
          <x:td id="ID_7177039" align="left" valign="top">&nbsp;</x:td>
          <x:td id="ID_7177040" align="left" valign="top">&nbsp;</x:td>
          <x:td id="ID_7177041" align="left" valign="top">&nbsp;</x:td>
          <x:td id="ID_7177042" align="left" valign="top">&nbsp;</x:td>
          <x:td id="ID_7177043" align="left" valign="top">&nbsp;</x:td>
          <x:td id="ID_7177044" align="left" valign="top">&nbsp;</x:td>
          <x:td id="ID_7177045" align="left" valign="top">&nbsp;</x:td>
          <x:td id="ID_7177046" align="left" valign="top">&nbsp;</x:td>
          <x:td id="ID_7177047" align="left" valign="top">&nbsp;</x:td>
        </x:tr>
        <x:tr id="ID_7177048">
          <x:td id="ID_7177049" align="left" valign="top">&nbsp;</x:td>
          <x:td id="ID_7177050" align="left" valign="top">&nbsp;</x:td>
          <x:td id="ID_7177051" align="left" valign="top">&nbsp;</x:td>
          <x:td id="ID_7177052" align="left" valign="top">&nbsp;</x:td>
          <x:td id="ID_7177053" align="left" valign="top">&nbsp;</x:td>
          <x:td id="ID_7177054" align="left" valign="top">&nbsp;</x:td>
          <x:td id="ID_7177055" align="left" valign="top">&nbsp;</x:td>
          <x:td id="ID_7177056" align="left" valign="top">&nbsp;</x:td>
          <x:td id="ID_7177057" align="left" valign="top">&nbsp;</x:td>
          <x:td id="ID_7177058" align="left" valign="top">&nbsp;</x:td>
        </x:tr>
      </x:tbody>
    </x:table>
  </e:AD-2.14>
  <e:AD-2.15 id="EGNH-AD-2.15" Number="AD 2.15">
    <e:Title id="ID_7177061">OTHER LIGHTING, SECONDARY POWER SUPPLY</e:Title>
    <x:table id="ID_7177063" class="">
      <x:tbody id="ID_7177064">
        <x:tr id="ID_7177065">
          <x:td id="ID_7177066" align="left" valign="top">1</x:td>
          <x:td id="ID_7177067" align="left" valign="top">
            <x:p id="ID_7177068">ABN/IBN location, characteristics and hours of operation</x:p>
          </x:td>
          <x:td id="ID_7177069" align="left" valign="top">&nbsp;</x:td>
        </x:tr>
        <x:tr id="ID_7177070">
          <x:td id="ID_7177071" align="left" valign="top">2</x:td>
          <x:td id="ID_7177072" align="left" valign="top">
            <x:p id="ID_7177073">LDI location and lighting</x:p>
            <x:p id="ID_7177074">Anemometer location and lighting</x:p>
          </x:td>
          <x:td id="ID_7177075" align="left" valign="top">&nbsp;</x:td>
        </x:tr>
        <x:tr id="ID_7177076">
          <x:td id="ID_7177077" align="left" valign="top">3</x:td>
          <x:td id="ID_7177078" align="left" valign="top">
            <x:p id="ID_7177079">TWY edge and centre line lighting</x:p>
          </x:td>
          <x:td id="ID_7177080" align="left" valign="top">&nbsp;</x:td>
        </x:tr>
        <x:tr id="ID_7177081">
          <x:td id="ID_7177082" align="left" valign="top">4</x:td>
          <x:td id="ID_7177083" align="left" valign="top">
            <x:p id="ID_7177084">Secondary power supply/switch-over time</x:p>
          </x:td>
          <x:td id="ID_7177085" align="left" valign="top">&nbsp;</x:td>
        </x:tr>
        <x:tr id="ID_7177086">
          <x:td id="ID_7177087" align="left" valign="top">5</x:td>
          <x:td id="ID_7177088" align="left" valign="top">
            <x:p id="ID_7177089">Remarks</x:p>
          </x:td>
          <x:td id="ID_7177090" align="left" valign="top">&nbsp;</x:td>
        </x:tr>
      </x:tbody>
    </x:table>
  </e:AD-2.15>
  <e:AD-2.16 id="EGNH-AD-2.16" Number="AD 2.16">
    <e:Title id="ID_7177093">HELICOPTER LANDING AREA</e:Title>
    <x:table id="ID_7177095" class="">
      <x:tbody id="ID_7177096">
        <x:tr id="ID_7177097">
          <x:td id="ID_7177098" align="left" valign="top">1</x:td>
          <x:td id="ID_7177099" align="left" valign="top">
            <x:p id="ID_7177100">Coordinates TLOF or THR of FATO</x:p>
            <x:p id="ID_7177101">Geoid undulation</x:p>
          </x:td>
          <x:td id="ID_7177102" align="left" valign="top">&nbsp;</x:td>
        </x:tr>
        <x:tr id="ID_7177103">
          <x:td id="ID_7177104" align="left" valign="top">2</x:td>
          <x:td id="ID_7177105" align="left" valign="top">
            <x:p id="ID_7177106">TLOF and/or FATO elevation M/FT</x:p>
          </x:td>
          <x:td id="ID_7177107" align="left" valign="top">&nbsp;</x:td>
        </x:tr>
        <x:tr id="ID_7177108">
          <x:td id="ID_7177109" align="left" valign="top">3</x:td>
          <x:td id="ID_7177110" align="left" valign="top">
            <x:p id="ID_7177111">TLOF and FATO area dimensions, surface, strength, marking</x:p>
          </x:td>
          <x:td id="ID_7177112" align="left" valign="top">&nbsp;</x:td>
        </x:tr>
        <x:tr id="ID_7177113">
          <x:td id="ID_7177114" align="left" valign="top">4</x:td>
          <x:td id="ID_7177115" align="left" valign="top">
            <x:p id="ID_7177116">True BRG of FATO</x:p>
          </x:td>
          <x:td id="ID_7177117" align="left" valign="top">&nbsp;</x:td>
        </x:tr>
        <x:tr id="ID_7177118">
          <x:td id="ID_7177119" align="left" valign="top">5</x:td>
          <x:td id="ID_7177120" align="left" valign="top">
            <x:p id="ID_7177121">Declared distance available</x:p>
          </x:td>
          <x:td id="ID_7177122" align="left" valign="top">&nbsp;</x:td>
        </x:tr>
        <x:tr id="ID_7177123">
          <x:td id="ID_7177124" align="left" valign="top">6</x:td>
          <x:td id="ID_7177125" align="left" valign="top">
            <x:p id="ID_7177126">APP and FATO lighting</x:p>
          </x:td>
          <x:td id="ID_7177127" align="left" valign="top">&nbsp;</x:td>
        </x:tr>
        <x:tr id="ID_7177128">
          <x:td id="ID_7177129" align="left" valign="top">7</x:td>
          <x:td id="ID_7177130" align="left" valign="top">
            <x:p id="ID_7177131">Remarks</x:p>
          </x:td>
          <x:td id="ID_7177132" align="left" valign="top">&nbsp;</x:td>
        </x:tr>
      </x:tbody>
    </x:table>
  </e:AD-2.16>
  <e:AD-2.17 id="EGNH-AD-2.17" Number="AD 2.17">
    <e:Title id="ID_7177135">AIR TRAFFIC SERVICES AIRSPACE</e:Title>
    <x:table id="ID_7177137" class="">
      <x:thead id="ID_7177138">
        <x:tr id="ID_7177139">
          <x:th id="ID_7177140" align="left" valign="top">
            <x:p id="ID_7177141">Designation and</x:p>
            <x:p id="ID_7177142">lateral limits</x:p>
          </x:th>
          <x:th id="ID_7177143" align="left" valign="top">
            <x:p id="ID_7177144">Vertical Limits</x:p>
          </x:th>
          <x:th id="ID_7177145" align="left" valign="top">
            <x:p id="ID_7177146">Airspace Class</x:p>
          </x:th>
          <x:th id="ID_7177147" align="left" valign="top">
            <x:p id="ID_7177148">ATS unit callsign/ language</x:p>
          </x:th>
          <x:th id="ID_7177149" align="left" valign="top">
            <x:p id="ID_7177150">Transition Altitude</x:p>
          </x:th>
          <x:th id="ID_7177151" align="left" valign="top">
            <x:p id="ID_7177152">Hours of Applicability</x:p>
          </x:th>
          <x:th id="ID_7177153" align="left" valign="top">
            <x:p id="ID_7177154">Remarks</x:p>
          </x:th>
        </x:tr>
        <x:tr id="ID_7177155">
          <x:th id="ID_7177156" align="left" valign="top">1</x:th>
          <x:th id="ID_7177157" align="left" valign="top">2</x:th>
          <x:th id="ID_7177158" align="left" valign="top">3</x:th>
          <x:th id="ID_7177159" align="left" valign="top">4</x:th>
          <x:th id="ID_7177160" align="left" valign="top">5</x:th>
          <x:th id="ID_7177161" align="left" valign="top">6</x:th>
          <x:th id="ID_7177162" align="left" valign="top">7</x:th>
        </x:tr>
      </x:thead>
      <x:tbody id="ID_7177163">
        <x:tr id="ID_7177164">
          <x:td id="ID_7177165" align="left" valign="top">&nbsp;</x:td>
          <x:td id="ID_7177166" align="left" valign="top">&nbsp;</x:td>
          <x:td id="ID_7177167" align="left" valign="top">&nbsp;</x:td>
          <x:td id="ID_7177168" align="left" valign="top">&nbsp;</x:td>
          <x:td id="ID_7177169" align="left" valign="top">&nbsp;</x:td>
          <x:td id="ID_7177170" align="left" valign="top">&nbsp;</x:td>
          <x:td id="ID_7177171" align="left" valign="top">&nbsp;</x:td>
        </x:tr>
        <x:tr id="ID_7177172">
          <x:td id="ID_7177173" align="left" valign="top">&nbsp;</x:td>
          <x:td id="ID_7177174" align="left" valign="top">&nbsp;</x:td>
          <x:td id="ID_7177175" align="left" valign="top">&nbsp;</x:td>
          <x:td id="ID_7177176" align="left" valign="top">&nbsp;</x:td>
          <x:td id="ID_7177177" align="left" valign="top">&nbsp;</x:td>
          <x:td id="ID_7177178" align="left" valign="top">&nbsp;</x:td>
          <x:td id="ID_7177179" align="left" valign="top">&nbsp;</x:td>
        </x:tr>
      </x:tbody>
    </x:table>
  </e:AD-2.17>
  <e:AD-2.18 id="EGNH-AD-2.18" Number="AD 2.18">
    <e:Title id="ID_7177182">AIR TRAFFIC SERVICES COMMUNICATION FACILITIES</e:Title>
    <x:table id="ID_7177184" class="">
      <x:thead id="ID_7177185">
        <x:tr id="ID_7177186">
          <x:th id="ID_7177187" align="left" valign="top">
            <x:p id="ID_7177188">Service designation</x:p>
          </x:th>
          <x:th id="ID_7177189" align="left" valign="top">
            <x:p id="ID_7177190">Callsign</x:p>
          </x:th>
          <x:th id="ID_7177191" align="left" valign="top">
            <x:p id="ID_7177192">Channel(s)</x:p>
          </x:th>
          <x:th id="ID_7177193" align="left" valign="top">
            <x:p id="ID_7177194">Hours of </x:p>
            <x:p id="ID_7177195">Operation</x:p>
          </x:th>
          <x:th id="ID_7177196" align="left" valign="top">
            <x:p id="ID_7177197">Remarks</x:p>
          </x:th>
        </x:tr>
        <x:tr id="ID_7177198">
          <x:th id="ID_7177199" align="left" valign="top">1</x:th>
          <x:th id="ID_7177200" align="left" valign="top">2</x:th>
          <x:th id="ID_7177201" align="left" valign="top">3</x:th>
          <x:th id="ID_7177202" align="left" valign="top">4</x:th>
          <x:th id="ID_7177203" align="left" valign="top">5</x:th>
        </x:tr>
      </x:thead>
      <x:tbody id="ID_7177204">
        <x:tr id="ID_7177205">
          <x:td id="ID_7177206" align="left" valign="top">&nbsp;</x:td>
          <x:td id="ID_7177207" align="left" valign="top">&nbsp;</x:td>
          <x:td id="ID_7177208" align="left" valign="top">&nbsp;</x:td>
          <x:td id="ID_7177209" align="left" valign="top">&nbsp;</x:td>
          <x:td id="ID_7177210" align="left" valign="top">&nbsp;</x:td>
        </x:tr>
        <x:tr id="ID_7177211">
          <x:td id="ID_7177212" align="left" valign="top">&nbsp;</x:td>
          <x:td id="ID_7177213" align="left" valign="top">&nbsp;</x:td>
          <x:td id="ID_7177214" align="left" valign="top">&nbsp;</x:td>
          <x:td id="ID_7177215" align="left" valign="top">&nbsp;</x:td>
          <x:td id="ID_7177216" align="left" valign="top">&nbsp;</x:td>
        </x:tr>
      </x:tbody>
    </x:table>
  </e:AD-2.18>
  <e:AD-2.19 id="EGNH-AD-2.19" Number="AD 2.19">
    <e:Title id="ID_7177219">RADIO NAVIGATION AND LANDING AIDS</e:Title>
    <x:table id="ID_7177221" class="">
      <x:thead id="ID_7177222">
        <x:tr id="ID_7177223">
          <x:th id="ID_7177224" align="left" valign="top">
            <x:p id="ID_7177225">Type of Aid CAT of ILS/MLS</x:p>
            <x:p id="ID_7177226">(For VOR/ILS/MLS, give VAR)</x:p>
          </x:th>
          <x:th id="ID_7177227" align="left" valign="top">
            <x:p id="ID_7177228">Ident</x:p>
          </x:th>
          <x:th id="ID_7177229" align="left" valign="top">
            <x:p id="ID_7177230">Frequency</x:p>
            <x:p id="ID_7177231">channel number(s), service provider, and reference path identifier(s) (RPI)</x:p>
          </x:th>
          <x:th id="ID_7177232" align="left" valign="top">
            <x:p id="ID_7177233">Hours of Operation</x:p>
          </x:th>
          <x:th id="ID_7177234" align="left" valign="top">
            <x:p id="ID_7177235">Position of transmitting antenna co-ordinates</x:p>
          </x:th>
          <x:th id="ID_7177236" align="left" valign="top">
            <x:p id="ID_7177237">Elevation of DME transmitting antenna</x:p>
            <x:p id="ID_7177238">GBAS, SBAS, LTP, FTP values</x:p>
          </x:th>
          <x:th id="ID_7177239" align="left" valign="top">
            <x:p id="ID_7177240">Remarks</x:p>
          </x:th>
        </x:tr>
        <x:tr id="ID_7177241">
          <x:th id="ID_7177242" align="left" valign="top">1</x:th>
          <x:th id="ID_7177243" align="left" valign="top">2</x:th>
          <x:th id="ID_7177244" align="left" valign="top">3</x:th>
          <x:th id="ID_7177245" align="left" valign="top">4</x:th>
          <x:th id="ID_7177246" align="left" valign="top">5</x:th>
          <x:th id="ID_7177247" align="left" valign="top">6</x:th>
          <x:th id="ID_7177248" align="left" valign="top">7</x:th>
        </x:tr>
      </x:thead>
      <x:tbody id="ID_7177249">
        <x:tr id="ID_7177250">
          <x:td id="ID_7177251" align="left" valign="top">&nbsp;</x:td>
          <x:td id="ID_7177252" align="left" valign="top">&nbsp;</x:td>
          <x:td id="ID_7177253" align="left" valign="top">&nbsp;</x:td>
          <x:td id="ID_7177254" align="left" valign="top">&nbsp;</x:td>
          <x:td id="ID_7177255" align="left" valign="top">&nbsp;</x:td>
          <x:td id="ID_7177256" align="left" valign="top">&nbsp;</x:td>
          <x:td id="ID_7177257" align="left" valign="top">&nbsp;</x:td>
        </x:tr>
      </x:tbody>
    </x:table>
  </e:AD-2.19>
  <e:AD-2.20 id="EGNH-AD-2.20" Number="AD 2.20">
    <e:Title id="ID_7177260">LOCAL AERODROME REGULATIONS</e:Title>
    <x:div class="RP">
      <x:span class="sdParams" style="display:none;">TRULES_PROC;RULES_PROC_ID;7437</x:span>
      <e:Sub-section Number="1" id="EGNH-AD-2.20.1">
        <e:Title id="ID_7177262">Airport Regulations</e:Title>
        <x:ol id="ID_7177263" class="Numbered">
          <x:li id="ID_7177264">
            <x:p id="ID_7177265">Use of this airport by aircraft not able to communicate with ATC by radio subject to prior permission.</x:p>
          </x:li>
          <x:li id="ID_7177266">
            <x:p id="ID_7177267">Aircraft using Blackpool Airport are recommended to carry third party insurance cover of not less than £5,000,000.</x:p>
          </x:li>
          <x:li id="ID_7177268">
            <x:p id="ID_7177269">Aircraft using Blackpool Airport do so in accordance with Blackpool Airport Terms and Conditions, a copy of which is available on application.</x:p>
          </x:li>
          <x:li id="ID_7177270">
            <x:p id="ID_7177271">All departures must be booked out with ATC by telephone or Flight Plan.</x:p>
          </x:li>
          <x:li id="ID_7177272">
            <x:p id="ID_7177273">All movements outside published hours, and variations to previously notified out of hours movements, must be notified to RFFS in advance and in all cases prior to 2100 winter (1 hour earlier in summer) on the day of operation.</x:p>
          </x:li>
          <x:li id="ID_7177274">
            <x:p id="ID_7177275">Parachuting is not permitted at Blackpool aerodrome.</x:p>
          </x:li>
          <x:li id="ID_7177276">
            <x:p id="ID_7177277">The wearing of high visibility clothing by all employed on the apron and manoeuvring areas, including flight crew and flight attendents is mandatory.</x:p>
          </x:li>
          <x:li id="ID_7177278">
            <x:p id="ID_7177279">Diversion procedure: All operators are advised that before filing Blackpool as an alternate, they are required to have made arrangements for ground handling; this arrangement is subject to the agreement of the Airport Management. Nothing in this procedure shall, however, prevent an aircraft that has declared an emergency from landing.</x:p>
          </x:li>
          <x:li id="ID_7177280">
            <x:p id="ID_7177281">Mandatory handling is required for any aircraft of 5 tonnes or more. Prior notification is required, contact RFFS (see AD 2.4 remarks).</x:p>
          </x:li>
          <x:li id="ID_7177282">
            <x:p id="ID_7177283">Visiting GA flights requiring fuel are requested to advise Blackpool ATC of this fact before landing.</x:p>
          </x:li>
          <x:li id="ID_7177284">
            <x:p id="ID_7177285">Aerodrome is PPR to all flights, both arrivals and departures. PPR may be obtained by telephoning Blackpool ATC on 01253-472527. Alternatively PPR may be obtained by e-mail to atc@blackpoolairport.com. Filing a flight plan is an acceptable means of compliance.</x:p>
          </x:li>
        </x:ol>
      </e:Sub-section>
      <e:Sub-section Number="2" id="EGNH-AD-2.20.2">
        <e:Title id="ID_7177287">Ground Movement</e:Title>
        <x:ol id="ID_7177288" class="Numbered">
          <x:li id="ID_7177289">
            <x:p id="ID_7177290">When requesting start-up, pilots should give the full callsign, type and location. Aircraft must be ready in all respects to start before calling on the appropriate frequency.</x:p>
          </x:li>
          <x:li id="ID_7177291">
            <x:p id="ID_7177292">If within 30 minutes of a previously issued CTOT the flight is unable to comply with that CTOT, the pilot should advise Blackpool ATC as soon as possible.</x:p>
          </x:li>
          <x:li id="ID_7177293">
            <x:p id="ID_7177294">Parking for visiting aircraft is provided on the concrete area of the Main Apron. The northern extremity of the parking area is bounded by a 2 m high fence, marshaller assistance is available if requested by pilot.<x:br/>Additional parking available on Stand 1 or with based executive handling agencies.</x:p>
          </x:li>
          <x:li id="ID_7177295">
            <x:p id="ID_7177296">Taxiing and parking on grass areas prohibited.</x:p>
          </x:li>
          <x:li id="ID_7177297">
            <x:p id="ID_7177298">AVGAS pumps are located to the western side of the main apron; aircraft should approach the pumps so that they are facing south, on the eastern side of the fuel farm.</x:p>
          </x:li>
        </x:ol>
      </e:Sub-section>
      <e:Sub-section Number="3" id="EGNH-AD-2.20.3">
        <e:Title id="ID_7177300">CAT II/III Operations</e:Title>
        <x:p id="ID_7177301">Not applicable</x:p>
      </e:Sub-section>
      <e:Sub-section Number="4" id="EGNH-AD-2.20.4">
        <e:Title id="ID_7177303">Warnings</e:Title>
        <x:ol id="ID_7177304" class="Numbered">
          <x:li id="ID_7177305">
            <x:p id="ID_7177306">Damage to the grass areas to the edge of paved surfaces caused by rabbits.</x:p>
          </x:li>
          <x:li id="ID_7177307">
            <x:p id="ID_7177308">Pink Foot Goose activity is present in the vicinity of Blackpool from September to April. Skeins range from 10 to 500 birds but can be in significantly larger quantities. Most activity takes place in daylight but the birds may be present at any time of day or night up to 2,000 amsl. Route is generally North-South or South-North anywhere up to 4 km East of the aerodrome. Goose activity affects Runway 10 climbout/28 approach and potentially 13 climbout/31 approach. ATC will normally attempt to pass warnings of detected birds.</x:p>
          </x:li>
          <x:li id="ID_7177309">
            <x:p id="ID_7177310">Intermittent transiting Gulls crossing Runway 28 North to South and South to North from midpoint to 28 approach are possible all year round, but are most likely from April to September. Bird control is on site 7 days per week to deal with this potential hazard. Thermalling Gulls are sometimes present above an established nesting site 1000 m due North of the ARP April to September. These Gulls thermal above the site to various heights in hot weather or when disturbed by helicopters. The thermalling activity usually remains outside the approach to any of the runways currently in use. It may infringe on GA circuits or low level helicopter traffic transiting directly over this area.</x:p>
          </x:li>
          <x:li id="ID_7177311">
            <x:p id="ID_7177312">Large flocks of Starlings may be encountered in the vicinity of the airport especially to the East and North West but are controlled to the point where only smaller flocks of 1 to 50 are encountered on the airfield itself. These birds are controlled by bird patrols and grass management. Peak period is around May.</x:p>
          </x:li>
        </x:ol>
      </e:Sub-section>
      <e:Sub-section Number="5" id="EGNH-AD-2.20.5">
        <e:Title id="ID_7177314">Helicopter Operations</e:Title>
        <x:ol id="ID_7177315" class="Numbered">
          <x:li id="ID_7177316">
            <x:p id="ID_7177317">Three helicopter aiming points marked with an 'H' are located:</x:p>
            <x:ol id="ID_7177318" class="Numbered">
              <x:li id="ID_7177319">
                <x:p id="ID_7177320">140 m west of the ATC Tower (H north);</x:p>
              </x:li>
              <x:li id="ID_7177321">
                <x:p id="ID_7177322">75 m southeast of Holding Point D3 (H south);</x:p>
              </x:li>
              <x:li id="ID_7177323">
                <x:p id="ID_7177324">158 m East Southeast of Control Tower (H east) for light helicopters maximum 2.6 Tonnes.</x:p>
              </x:li>
            </x:ol>
          </x:li>
          <x:li id="ID_7177325">
            <x:p id="ID_7177326">Parking</x:p>
            <x:ol id="ID_7177327" class="Numbered">
              <x:li id="ID_7177328">
                <x:p id="ID_7177329">Air taxiing on apron areas is not permitted except with authorisation from ATC. Marshaller guidance is available if required.</x:p>
              </x:li>
            </x:ol>
          </x:li>
          <x:li id="ID_7177330">
            <x:p id="ID_7177331">All training on the aerodrome by non-based helicopters, must be booked through ATC. The filing of a flight plan does not constitute a booking to carry out training.</x:p>
          </x:li>
        </x:ol>
      </e:Sub-section>
      <e:Sub-section Number="6" id="EGNH-AD-2.20.6">
        <e:Title id="ID_7177333">Use of Runways</e:Title>
        <x:ol id="ID_7177334" class="Numbered">
          <x:li id="ID_7177335">
            <x:p id="ID_7177336">Runways 13/31 are not available for use during night time hours. Available for Daylight use only.</x:p>
          </x:li>
          <x:li id="ID_7177337">
            <x:p id="ID_7177338">Right hand circuits are in force for Runways 28 and 31.</x:p>
          </x:li>
          <x:li id="ID_7177339">
            <x:p id="ID_7177340">Unless an AOC holder has less restrictive minima, take-offs in RVR less than 400 m will not be permitted as Runway 10/28 is not equipped with centre-line lighting.</x:p>
          </x:li>
        </x:ol>
      </e:Sub-section>
      <e:Sub-section Number="7" id="EGNH-AD-2.20.7">
        <e:Title id="ID_7177342">Training</e:Title>
        <x:ol id="ID_7177343" class="Numbered">
          <x:li id="ID_7177344">
            <x:p id="ID_7177345">All instrument training must be booked through ATC. The filing of a flight plan does not constitute compliance.</x:p>
          </x:li>
        </x:ol>
      </e:Sub-section>
    </x:div>
  </e:AD-2.20>
  <e:AD-2.21 id="EGNH-AD-2.21" Number="AD 2.21">
    <e:Title id="ID_7177348">NOISE ABATEMENT PROCEDURES</e:Title>
    <x:div class="RP">
      <x:span class="sdParams" style="display:none;">TRULES_PROC;RULES_PROC_ID;7438</x:span>
      <x:ol id="ID_7177349" class="Numbered">
        <x:li id="ID_7177350">
          <x:p id="ID_7177351">All aircraft are to be operated in such a manner as to cause the least possible disturbance to surrounding residential areas.</x:p>
        </x:li>
        <x:li id="ID_7177352">
          <x:p id="ID_7177353">Every operator of turbo-jet/turbo-fan aircraft shall ensure at all times that aircraft are operated in a manner calculated to cause the least disturbance practicable in areas surrounding the airport.</x:p>
        </x:li>
        <x:li id="ID_7177354">
          <x:p id="ID_7177355">The following noise routeings shall apply to departing turbo-jet/turbo-fan aircraft:</x:p>
          <x:ol id="ID_7177356" class="Numbered">
            <x:li id="ID_7177357">
              <x:p id="ID_7177358">Runways 10 and 28 - Climb straight ahead to at least 1500 ft amsl before turning onto course;</x:p>
            </x:li>
            <x:li id="ID_7177359">
              <x:p id="ID_7177360">Runway 13/31 is NOT available for turbo-jet/turbo-fan engine aircraft except when weather conditions preclude the use of Runway 10/28.</x:p>
            </x:li>
          </x:ol>
          <x:div id="ID_7177361" class="Note">
            <x:p id="ID_7177362">Note: The above routeings are compatible with normal ATC practice. In individual cases they may be varied owing to operational circumstances. The use of the Noise Preferential Routeings specified above is supplementary to the noise abatement take-off techniques detailed in Operations Manuals.</x:p>
          </x:div>
        </x:li>
        <x:li id="ID_7177363">
          <x:p id="ID_7177364">These requirements may at any time be departed from to the extent necessary for avoiding immediate danger.</x:p>
        </x:li>
      </x:ol>
    </x:div>
  </e:AD-2.21>
  <e:AD-2.22 id="EGNH-AD-2.22" Number="AD 2.22">
    <e:Title id="ID_7177367">FLIGHT PROCEDURES</e:Title>
    <x:div class="RP">
      <x:span class="sdParams" style="display:none;">TRULES_PROC;RULES_PROC_ID;7439</x:span>
      <e:Sub-section Number="1" id="EGNH-AD-2.22.1">
        <e:Title id="ID_7177369">IFR Routings</e:Title>
        <x:ol id="ID_7177370" class="Itemised">
          <x:li id="ID_7177371">
            <x:p id="ID_7177372">Inbound from N864: via WAL</x:p>
          </x:li>
          <x:li id="ID_7177373">
            <x:p id="ID_7177374">Inbound from DTY CTA: Via POL</x:p>
          </x:li>
          <x:li id="ID_7177375">
            <x:p id="ID_7177376">Inbound from Scottish TMA: Via DCS</x:p>
          </x:li>
          <x:li id="ID_7177377">
            <x:p id="ID_7177378">Outbound to N864: Via ESTRY WAL</x:p>
          </x:li>
          <x:li id="ID_7177379">
            <x:p id="ID_7177380">Outbound to DTY CTA: Via ESTRY WAL</x:p>
          </x:li>
          <x:li id="ID_7177381">
            <x:p id="ID_7177382">Outbound to Scottish TMA : Via RIBEL/GASKO</x:p>
          </x:li>
        </x:ol>
      </e:Sub-section>
      <e:Sub-section Number="2" id="EGNH-AD-2.22.2">
        <e:Title id="ID_7177384">Instrument Approach procedures</e:Title>
        <x:p id="ID_7177385">Instrument Approach Procedures (IAP) for this aerodrome are established outside controlled airspace. See ENR 1.5.</x:p>
      </e:Sub-section>
      <e:Sub-section Number="3" id="EGNH-AD-2.22.3">
        <e:Title id="ID_7177387">Visual Reference Points (VRP)</e:Title>
        <x:ol id="ID_7177388" class="Numbered">
          <x:li id="ID_7177389">
            <x:p id="ID_7177390">Visual Reference Points are established for use by aerodrome and en-route traffic as follows:</x:p>
            <x:table id="ID_7177392" class="">
              <x:thead id="ID_7177393">
                <x:tr id="ID_7177394">
                  <x:th id="ID_7177395" align="center" valign="top">
                    <x:p id="ID_7177396">VRP</x:p>
                  </x:th>
                  <x:th id="ID_7177397" align="center" valign="top">
                    <x:p id="ID_7177398">NDB</x:p>
                  </x:th>
                </x:tr>
              </x:thead>
              <x:tbody id="ID_7177399">
                <x:tr id="ID_7177400">
                  <x:td id="ID_7177401" align="left" valign="top">
                    <x:p id="ID_7177402">Fleetwood (Golf course)<x:br/>535508N 0030243W</x:p>
                  </x:td>
                  <x:td id="ID_7177403" align="left" valign="top">&nbsp;</x:td>
                </x:tr>
                <x:tr id="ID_7177404">
                  <x:td id="ID_7177405" align="left" valign="top">
                    <x:p id="ID_7177406">Inskip (Disused AD)<x:br/>534938N 0025003W</x:p>
                  </x:td>
                  <x:td id="ID_7177407" align="left" valign="top">&nbsp;</x:td>
                </x:tr>
                <x:tr id="ID_7177408">
                  <x:td id="ID_7177409" align="left" valign="top">
                    <x:p id="ID_7177410">Kirkham<x:br/>534657N 0025217W</x:p>
                  </x:td>
                  <x:td id="ID_7177411" align="left" valign="top">&nbsp;</x:td>
                </x:tr>
                <x:tr id="ID_7177412">
                  <x:td id="ID_7177413" align="left" valign="top">
                    <x:p id="ID_7177414">Marshside<x:br/>534147N 0025814W</x:p>
                  </x:td>
                  <x:td id="ID_7177415" align="left" valign="top">&nbsp;</x:td>
                </x:tr>
                <x:tr id="ID_7177416">
                  <x:td id="ID_7177417" align="left" valign="top">
                    <x:p id="ID_7177418">M55 Junction 4<x:br/>534737.98N 0025905.26W</x:p>
                  </x:td>
                  <x:td id="ID_7177419" align="left" valign="top">
                    <x:p id="ID_7177420">BPL 052° MAG / 2.0 nm</x:p>
                  </x:td>
                </x:tr>
                <x:tr id="ID_7177421">
                  <x:td id="ID_7177422" align="left" valign="top">
                    <x:p id="ID_7177423">Poulton (Railway Station)<x:br/>535054N 0025925W</x:p>
                  </x:td>
                  <x:td id="ID_7177424" align="left" valign="top">&nbsp;</x:td>
                </x:tr>
                <x:tr id="ID_7177425">
                  <x:td id="ID_7177426" align="left" valign="top">
                    <x:p id="ID_7177427">St Anne's Pier<x:br/>534456.75N 0030209.11W</x:p>
                  </x:td>
                  <x:td id="ID_7177428" align="left" valign="top">
                    <x:p id="ID_7177429">BPL 193° MAG / 1.5 nm</x:p>
                  </x:td>
                </x:tr>
                <x:tr id="ID_7177430">
                  <x:td id="ID_7177431" align="left" valign="top">
                    <x:p id="ID_7177432">Tall Tower<x:br/>534856.95N 0030318.88W</x:p>
                  </x:td>
                  <x:td id="ID_7177433" align="left" valign="top">
                    <x:p id="ID_7177434">BPL 341° MAG / 2.8 nm</x:p>
                  </x:td>
                </x:tr>
              </x:tbody>
            </x:table>
          </x:li>
          <x:li id="ID_7177435">
            <x:p id="ID_7177436">Pilots approaching Blackpool from a southerly direction under VFR must always contact Warton LARS 129.525 MHz in the first instance during their notified hours of operation.</x:p>
          </x:li>
          <x:li id="ID_7177437">
            <x:p id="ID_7177438">During the notified hours of Warton Radar, VFR traffic departing Blackpool in a southerly direction should anticipate departure instructions to route via St Anne's Pier, then Southport Pier, not above altitude 1,500 ft amsl until clear of Warton MATZ.</x:p>
          </x:li>
        </x:ol>
      </e:Sub-section>
    </x:div>
  </e:AD-2.22>
  <e:AD-2.23 id="EGNH-AD-2.23" Number="AD 2.23">
    <e:Title id="ID_7177441">ADDITIONAL INFORMATION</e:Title>
    <x:div class="RP">
      <x:span class="sdParams" style="display:none;">TRULES_PROC;RULES_PROC_ID;7440</x:span>
      <x:p id="ID_7177442">Not applicable</x:p>
    </x:div>
  </e:AD-2.23>
  <e:AD-2.24 id="EGNH-AD-2.24" Number="AD 2.24">
    <e:Title id="ID_7177445">CHARTS RELATED TO AN AERODROME</e:Title>
    <x:table id="ID_7177447" class="">
      <x:tbody id="ID_7177448">
        <x:tr id="ID_7177449">
          <x:td id="ID_7177450" align="left" valign="top">
            <x:p id="ID_7177451">
              <x:em id="ID_7177452" class="Italic">Figure: Aerodrome Chart - ICAO</x:em>
            </x:p>
          </x:td>
        </x:tr>
        <x:tr id="ID_7177453">
          <x:td id="ID_7177454" align="left" valign="top">
            <x:p id="ID_7177455">AD 2-EGAA-2-1</x:p>
          </x:td>
        </x:tr>
        <x:tr id="ID_7177456">
          <x:td id="ID_7177457" align="left" valign="top">&nbsp;</x:td>
        </x:tr>
        <x:tr id="ID_7177458">
          <x:td id="ID_7177459" align="left" valign="top">&nbsp;</x:td>
        </x:tr>
        <x:tr id="ID_7177460">
          <x:td id="ID_7177461" align="left" valign="top">&nbsp;</x:td>
        </x:tr>
        <x:tr id="ID_7177462">
          <x:td id="ID_7177463" align="left" valign="top">&nbsp;</x:td>
        </x:tr>
      </x:tbody>
    </x:table>
  </e:AD-2.24>
</e:Aerodrome>
