<?xml version="1.0" encoding="UTF-8"?>
<e:Aerodrome id="AD-2.EGSU" Ref="ICAO-EGSU" Title="DUXFORD" xmlns:e="http://www.eurocontrol.int/xmlns/AIM/eAIP" xmlns:x="http://www.w3.org/1999/xhtml" xmlns:xlink="http://www.w3.org/1999/xlink">
  <e:Title />
  <e:AD-2.1 id="EGSU-AD-2.1" Number="AD 2.1">
    <GreenBorder id="ID_7202832" />
    <e:Title id="ID_7202833">AERODROME LOCATION INDICATOR AND NAME</e:Title>
    <e:Generated />
  </e:AD-2.1>
  <e:AD-2.2 id="EGSU-AD-2.2" Number="AD 2.2">
    <GreenBorder id="ID_7202838" />
    <e:Title id="ID_7202839">AERODROME&nbsp;GEOGRAPHICAL&nbsp;AND&nbsp;ADMINISTRATIVE&nbsp;DATA</e:Title>
    <x:table id="ID_7202841" class="">
      <x:tbody id="ID_7202842">
        <x:tr id="ID_7202843">
          <x:td id="ID_7202844" HAlignment="Left" VAlignment="Top" align="left" valign="top">1</x:td>
          <x:td id="ID_7202845" HAlignment="Left" VAlignment="Top" align="left" valign="top">
            <x:p id="ID_7202846">ARP coordinates and site at AD</x:p>
          </x:td>
          <x:td id="ID_7202847" HAlignment="Left" VAlignment="Top" align="left" valign="top">&nbsp;</x:td>
        </x:tr>
        <x:tr id="ID_7202848">
          <x:td id="ID_7202849" HAlignment="Left" VAlignment="Top" align="left" valign="top">2</x:td>
          <x:td id="ID_7202850" HAlignment="Left" VAlignment="Top" align="left" valign="top">
            <x:p id="ID_7202851">Direction and distance from city</x:p>
          </x:td>
          <x:td id="ID_7202852" HAlignment="Left" VAlignment="Top" align="left" valign="top">&nbsp;</x:td>
        </x:tr>
        <x:tr id="ID_7202853">
          <x:td id="ID_7202854" HAlignment="Left" VAlignment="Top" align="left" valign="top">3</x:td>
          <x:td id="ID_7202855" HAlignment="Left" VAlignment="Top" align="left" valign="top">
            <x:p id="ID_7202856">Elevation / Reference temperature</x:p>
          </x:td>
          <x:td id="ID_7202857" HAlignment="Left" VAlignment="Top" align="left" valign="top">&nbsp;</x:td>
        </x:tr>
        <x:tr id="ID_7202858">
          <x:td id="ID_7202859" HAlignment="Left" VAlignment="Top" align="left" valign="top">4</x:td>
          <x:td id="ID_7202860" HAlignment="Left" VAlignment="Top" align="left" valign="top">
            <x:p id="ID_7202861">Geoid undulation at AD ELEV PSN</x:p>
          </x:td>
          <x:td id="ID_7202862" HAlignment="Left" VAlignment="Top" align="left" valign="top">&nbsp;</x:td>
        </x:tr>
        <x:tr id="ID_7202863">
          <x:td id="ID_7202864" HAlignment="Left" VAlignment="Top" align="left" valign="top">5</x:td>
          <x:td id="ID_7202865" HAlignment="Left" VAlignment="Top" align="left" valign="top">
            <x:p id="ID_7202866">Magnetic Variation / Annual Change</x:p>
          </x:td>
          <x:td id="ID_7202867" HAlignment="Left" VAlignment="Top" align="left" valign="top">&nbsp;</x:td>
        </x:tr>
        <x:tr id="ID_7202868">
          <x:td id="ID_7202869" HAlignment="Left" VAlignment="Top" align="left" valign="top">6</x:td>
          <x:td id="ID_7202870" HAlignment="Left" VAlignment="Top" align="left" valign="top">
            <x:p id="ID_7202871">AD Administration, address, telephone, telefax, AFS, e-mail address, website address</x:p>
          </x:td>
          <x:td id="ID_7202872" HAlignment="Left" VAlignment="Top" align="left" valign="top">&nbsp;</x:td>
        </x:tr>
        <x:tr id="ID_7202873">
          <x:td id="ID_7202874" HAlignment="Left" VAlignment="Top" align="left" valign="top">7</x:td>
          <x:td id="ID_7202875" HAlignment="Left" VAlignment="Top" align="left" valign="top">
            <x:p id="ID_7202876">Types of Traffic permitted (IFR/VFR)</x:p>
          </x:td>
          <x:td id="ID_7202877" HAlignment="Left" VAlignment="Top" align="left" valign="top">&nbsp;</x:td>
        </x:tr>
        <x:tr id="ID_7202878">
          <x:td id="ID_7202879" HAlignment="Left" VAlignment="Top" align="left" valign="top">8</x:td>
          <x:td id="ID_7202880" HAlignment="Left" VAlignment="Top" align="left" valign="top">
            <x:p id="ID_7202881">Remarks</x:p>
          </x:td>
          <x:td id="ID_7202882" HAlignment="Left" VAlignment="Top" align="left" valign="top">&nbsp;</x:td>
        </x:tr>
      </x:tbody>
    </x:table>
  </e:AD-2.2>
  <e:AD-2.3 id="EGSU-AD-2.3" Number="AD 2.3">
    <GreenBorder id="ID_7202884" />
    <e:Title id="ID_7202885">OPERATIONAL&nbsp;HOURS</e:Title>
    <x:table id="ID_7202887" class="">
      <x:tbody id="ID_7202888">
        <x:tr id="ID_7202889">
          <x:td id="ID_7202890" HAlignment="Left" VAlignment="Top" align="left" valign="top">1</x:td>
          <x:td id="ID_7202891" HAlignment="Left" VAlignment="Top" align="left" valign="top">
            <x:p id="ID_7202892">Aerodrome Operator</x:p>
          </x:td>
          <x:td id="ID_7202893" HAlignment="Left" VAlignment="Top" align="left" valign="top">&nbsp;</x:td>
        </x:tr>
        <x:tr id="ID_7202894">
          <x:td id="ID_7202895" HAlignment="Left" VAlignment="Top" align="left" valign="top">2</x:td>
          <x:td id="ID_7202896" HAlignment="Left" VAlignment="Top" align="left" valign="top">
            <x:p id="ID_7202897">Customs and Immigration</x:p>
          </x:td>
          <x:td id="ID_7202898" HAlignment="Left" VAlignment="Top" align="left" valign="top">
            <x:p id="ID_7202899" />
          </x:td>
        </x:tr>
        <x:tr id="ID_7202900">
          <x:td id="ID_7202901" HAlignment="Left" VAlignment="Top" align="left" valign="top">3</x:td>
          <x:td id="ID_7202902" HAlignment="Left" VAlignment="Top" align="left" valign="top">
            <x:p id="ID_7202903">Health and sanitation</x:p>
          </x:td>
          <x:td id="ID_7202904" HAlignment="Left" VAlignment="Top" align="left" valign="top">&nbsp;</x:td>
        </x:tr>
        <x:tr id="ID_7202905">
          <x:td id="ID_7202906" HAlignment="Left" VAlignment="Top" align="left" valign="top">4</x:td>
          <x:td id="ID_7202907" HAlignment="Left" VAlignment="Top" align="left" valign="top">
            <x:p id="ID_7202908">AIS Briefing Office</x:p>
          </x:td>
          <x:td id="ID_7202909" HAlignment="Left" VAlignment="Top" align="left" valign="top">&nbsp;</x:td>
        </x:tr>
        <x:tr id="ID_7202910">
          <x:td id="ID_7202911" HAlignment="Left" VAlignment="Top" align="left" valign="top">5</x:td>
          <x:td id="ID_7202912" HAlignment="Left" VAlignment="Top" align="left" valign="top">
            <x:p id="ID_7202913">ATS Reporting Office (ARO)</x:p>
          </x:td>
          <x:td id="ID_7202914" HAlignment="Left" VAlignment="Top" align="left" valign="top">&nbsp;</x:td>
        </x:tr>
        <x:tr id="ID_7202915">
          <x:td id="ID_7202916" HAlignment="Left" VAlignment="Top" align="left" valign="top">6</x:td>
          <x:td id="ID_7202917" HAlignment="Left" VAlignment="Top" align="left" valign="top">
            <x:p id="ID_7202918">MET Briefing Office</x:p>
          </x:td>
          <x:td id="ID_7202919" HAlignment="Left" VAlignment="Top" align="left" valign="top">&nbsp;</x:td>
        </x:tr>
        <x:tr id="ID_7202920">
          <x:td id="ID_7202921" HAlignment="Left" VAlignment="Top" align="left" valign="top">7</x:td>
          <x:td id="ID_7202922" HAlignment="Left" VAlignment="Top" align="left" valign="top">
            <x:p id="ID_7202923">Air Traffic Service</x:p>
          </x:td>
          <x:td id="ID_7202924" HAlignment="Left" VAlignment="Top" align="left" valign="top">&nbsp;</x:td>
        </x:tr>
        <x:tr id="ID_7202925">
          <x:td id="ID_7202926" HAlignment="Left" VAlignment="Top" align="left" valign="top">8</x:td>
          <x:td id="ID_7202927" HAlignment="Left" VAlignment="Top" align="left" valign="top">
            <x:p id="ID_7202928">Fuelling</x:p>
          </x:td>
          <x:td id="ID_7202929" HAlignment="Left" VAlignment="Top" align="left" valign="top">&nbsp;</x:td>
        </x:tr>
        <x:tr id="ID_7202930">
          <x:td id="ID_7202931" HAlignment="Left" VAlignment="Top" align="left" valign="top">9</x:td>
          <x:td id="ID_7202932" HAlignment="Left" VAlignment="Top" align="left" valign="top">
            <x:p id="ID_7202933">Handling</x:p>
          </x:td>
          <x:td id="ID_7202934" HAlignment="Left" VAlignment="Top" align="left" valign="top">&nbsp;</x:td>
        </x:tr>
        <x:tr id="ID_7202935">
          <x:td id="ID_7202936" HAlignment="Left" VAlignment="Top" align="left" valign="top">10</x:td>
          <x:td id="ID_7202937" HAlignment="Left" VAlignment="Top" align="left" valign="top">
            <x:p id="ID_7202938">Security</x:p>
          </x:td>
          <x:td id="ID_7202939" HAlignment="Left" VAlignment="Top" align="left" valign="top">&nbsp;</x:td>
        </x:tr>
        <x:tr id="ID_7202940">
          <x:td id="ID_7202941" HAlignment="Left" VAlignment="Top" align="left" valign="top">11</x:td>
          <x:td id="ID_7202942" HAlignment="Left" VAlignment="Top" align="left" valign="top">
            <x:p id="ID_7202943">De-icing</x:p>
          </x:td>
          <x:td id="ID_7202944" HAlignment="Left" VAlignment="Top" align="left" valign="top">&nbsp;</x:td>
        </x:tr>
        <x:tr id="ID_7202945">
          <x:td id="ID_7202946" HAlignment="Left" VAlignment="Top" align="left" valign="top">12</x:td>
          <x:td id="ID_7202947" HAlignment="Left" VAlignment="Top" align="left" valign="top">
            <x:p id="ID_7202948">Remarks</x:p>
          </x:td>
          <x:td id="ID_7202949" HAlignment="Left" VAlignment="Top" align="left" valign="top">&nbsp;</x:td>
        </x:tr>
      </x:tbody>
    </x:table>
  </e:AD-2.3>
  <e:AD-2.4 id="EGSU-AD-2.4" Number="AD 2.4">
    <GreenBorder id="ID_7202951" />
    <e:Title id="ID_7202952">HANDLING&nbsp;SERVICES&nbsp;AND&nbsp;FACILITIES</e:Title>
    <x:table id="ID_7202954" class="">
      <x:tbody id="ID_7202955">
        <x:tr id="ID_7202956">
          <x:td id="ID_7202957" HAlignment="Left" VAlignment="Top" align="left" valign="top">1</x:td>
          <x:td id="ID_7202958" HAlignment="Left" VAlignment="Top" align="left" valign="top">
            <x:p id="ID_7202959">Cargo handling facilities</x:p>
          </x:td>
          <x:td id="ID_7202960" HAlignment="Left" VAlignment="Top" align="left" valign="top">&nbsp;</x:td>
        </x:tr>
        <x:tr id="ID_7202961">
          <x:td id="ID_7202962" HAlignment="Left" VAlignment="Top" align="left" valign="top">2</x:td>
          <x:td id="ID_7202963" HAlignment="Left" VAlignment="Top" align="left" valign="top">
            <x:p id="ID_7202964">Fuel and oil types</x:p>
          </x:td>
          <x:td id="ID_7202965" HAlignment="Left" VAlignment="Top" align="left" valign="top">&nbsp;</x:td>
        </x:tr>
        <x:tr id="ID_7202966">
          <x:td id="ID_7202967" HAlignment="Left" VAlignment="Top" align="left" valign="top">3</x:td>
          <x:td id="ID_7202968" HAlignment="Left" VAlignment="Top" align="left" valign="top">
            <x:p id="ID_7202969">Fuelling facilities/capacity</x:p>
          </x:td>
          <x:td id="ID_7202970" HAlignment="Left" VAlignment="Top" align="left" valign="top">&nbsp;</x:td>
        </x:tr>
        <x:tr id="ID_7202971">
          <x:td id="ID_7202972" HAlignment="Left" VAlignment="Top" align="left" valign="top">4</x:td>
          <x:td id="ID_7202973" HAlignment="Left" VAlignment="Top" align="left" valign="top">
            <x:p id="ID_7202974">De-icing facilities</x:p>
          </x:td>
          <x:td id="ID_7202975" HAlignment="Left" VAlignment="Top" align="left" valign="top">&nbsp;</x:td>
        </x:tr>
        <x:tr id="ID_7202976">
          <x:td id="ID_7202977" HAlignment="Left" VAlignment="Top" align="left" valign="top">5</x:td>
          <x:td id="ID_7202978" HAlignment="Left" VAlignment="Top" align="left" valign="top">
            <x:p id="ID_7202979">Hangar space for visiting aircraft</x:p>
          </x:td>
          <x:td id="ID_7202980" HAlignment="Left" VAlignment="Top" align="left" valign="top">&nbsp;</x:td>
        </x:tr>
        <x:tr id="ID_7202981">
          <x:td id="ID_7202982" HAlignment="Left" VAlignment="Top" align="left" valign="top">6</x:td>
          <x:td id="ID_7202983" HAlignment="Left" VAlignment="Top" align="left" valign="top">
            <x:p id="ID_7202984">Repair facilities for visiting aircraft</x:p>
          </x:td>
          <x:td id="ID_7202985" HAlignment="Left" VAlignment="Top" align="left" valign="top">&nbsp;</x:td>
        </x:tr>
        <x:tr id="ID_7202986">
          <x:td id="ID_7202987" HAlignment="Left" VAlignment="Top" align="left" valign="top">7</x:td>
          <x:td id="ID_7202988" HAlignment="Left" VAlignment="Top" align="left" valign="top">
            <x:p id="ID_7202989">Remarks</x:p>
          </x:td>
          <x:td id="ID_7202990" HAlignment="Left" VAlignment="Top" align="left" valign="top">&nbsp;</x:td>
        </x:tr>
      </x:tbody>
    </x:table>
  </e:AD-2.4>
  <e:AD-2.5 id="EGSU-AD-2.5" Number="AD 2.5">
    <GreenBorder id="ID_7202992" />
    <e:Title id="ID_7202993">PASSENGER&nbsp;FACILITIES</e:Title>
    <x:table id="ID_7202995" class="">
      <x:tbody id="ID_7202996">
        <x:tr id="ID_7202997">
          <x:td id="ID_7202998" HAlignment="Left" VAlignment="Top" align="left" valign="top">1</x:td>
          <x:td id="ID_7202999" HAlignment="Left" VAlignment="Top" align="left" valign="top">
            <x:p id="ID_7203000">Hotels</x:p>
          </x:td>
          <x:td id="ID_7203001" HAlignment="Left" VAlignment="Top" align="left" valign="top">&nbsp;</x:td>
        </x:tr>
        <x:tr id="ID_7203002">
          <x:td id="ID_7203003" HAlignment="Left" VAlignment="Top" align="left" valign="top">2</x:td>
          <x:td id="ID_7203004" HAlignment="Left" VAlignment="Top" align="left" valign="top">
            <x:p id="ID_7203005">Restaurants</x:p>
          </x:td>
          <x:td id="ID_7203006" HAlignment="Left" VAlignment="Top" align="left" valign="top">&nbsp;</x:td>
        </x:tr>
        <x:tr id="ID_7203007">
          <x:td id="ID_7203008" HAlignment="Left" VAlignment="Top" align="left" valign="top">3</x:td>
          <x:td id="ID_7203009" HAlignment="Left" VAlignment="Top" align="left" valign="top">
            <x:p id="ID_7203010">Transportation</x:p>
          </x:td>
          <x:td id="ID_7203011" HAlignment="Left" VAlignment="Top" align="left" valign="top">&nbsp;</x:td>
        </x:tr>
        <x:tr id="ID_7203012">
          <x:td id="ID_7203013" HAlignment="Left" VAlignment="Top" align="left" valign="top">4</x:td>
          <x:td id="ID_7203014" HAlignment="Left" VAlignment="Top" align="left" valign="top">
            <x:p id="ID_7203015">Medical facilities</x:p>
          </x:td>
          <x:td id="ID_7203016" HAlignment="Left" VAlignment="Top" align="left" valign="top">&nbsp;</x:td>
        </x:tr>
        <x:tr id="ID_7203017">
          <x:td id="ID_7203018" HAlignment="Left" VAlignment="Top" align="left" valign="top">5</x:td>
          <x:td id="ID_7203019" HAlignment="Left" VAlignment="Top" align="left" valign="top">
            <x:p id="ID_7203020">Bank and Post Office</x:p>
          </x:td>
          <x:td id="ID_7203021" HAlignment="Left" VAlignment="Top" align="left" valign="top">&nbsp;</x:td>
        </x:tr>
        <x:tr id="ID_7203022">
          <x:td id="ID_7203023" HAlignment="Left" VAlignment="Top" align="left" valign="top">6</x:td>
          <x:td id="ID_7203024" HAlignment="Left" VAlignment="Top" align="left" valign="top">
            <x:p id="ID_7203025">Tourist Office</x:p>
          </x:td>
          <x:td id="ID_7203026" HAlignment="Left" VAlignment="Top" align="left" valign="top">&nbsp;</x:td>
        </x:tr>
        <x:tr id="ID_7203027">
          <x:td id="ID_7203028" HAlignment="Left" VAlignment="Top" align="left" valign="top">7</x:td>
          <x:td id="ID_7203029" HAlignment="Left" VAlignment="Top" align="left" valign="top">
            <x:p id="ID_7203030">Remarks</x:p>
          </x:td>
          <x:td id="ID_7203031" HAlignment="Left" VAlignment="Top" align="left" valign="top">&nbsp;</x:td>
        </x:tr>
      </x:tbody>
    </x:table>
  </e:AD-2.5>
  <e:AD-2.6 id="EGSU-AD-2.6" Number="AD 2.6">
    <GreenBorder id="ID_7203033" />
    <e:Title id="ID_7203034">RESCUE&nbsp;AND&nbsp;FIRE&nbsp;FIGHTING&nbsp;SERVICES</e:Title>
    <x:table id="ID_7203036" class="">
      <x:tbody id="ID_7203037">
        <x:tr id="ID_7203038">
          <x:td id="ID_7203039" HAlignment="Left" VAlignment="Top" align="left" valign="top">1</x:td>
          <x:td id="ID_7203040" HAlignment="Left" VAlignment="Top" align="left" valign="top">
            <x:p id="ID_7203041">AD category for fire fighting</x:p>
          </x:td>
          <x:td id="ID_7203042" HAlignment="Left" VAlignment="Top" align="left" valign="top">&nbsp;</x:td>
        </x:tr>
        <x:tr id="ID_7203043">
          <x:td id="ID_7203044" HAlignment="Left" VAlignment="Top" align="left" valign="top">2</x:td>
          <x:td id="ID_7203045" HAlignment="Left" VAlignment="Top" align="left" valign="top">
            <x:p id="ID_7203046">Rescue equipment</x:p>
          </x:td>
          <x:td id="ID_7203047" HAlignment="Left" VAlignment="Top" align="left" valign="top">&nbsp;</x:td>
        </x:tr>
        <x:tr id="ID_7203048">
          <x:td id="ID_7203049" HAlignment="Left" VAlignment="Top" align="left" valign="top">3</x:td>
          <x:td id="ID_7203050" HAlignment="Left" VAlignment="Top" align="left" valign="top">
            <x:p id="ID_7203051">Capability for removal of disabled aircraft</x:p>
          </x:td>
          <x:td id="ID_7203052" HAlignment="Left" VAlignment="Top" align="left" valign="top">&nbsp;</x:td>
        </x:tr>
        <x:tr id="ID_7203053">
          <x:td id="ID_7203054" HAlignment="Left" VAlignment="Top" align="left" valign="top">4</x:td>
          <x:td id="ID_7203055" HAlignment="Left" VAlignment="Top" align="left" valign="top">
            <x:p id="ID_7203056">Remarks</x:p>
          </x:td>
          <x:td id="ID_7203057" HAlignment="Left" VAlignment="Top" align="left" valign="top">&nbsp;</x:td>
        </x:tr>
      </x:tbody>
    </x:table>
  </e:AD-2.6>
  <e:AD-2.7 id="EGSU-AD-2.7" Number="AD 2.7">
    <GreenBorder id="ID_7203059" />
    <e:Title id="ID_7203060">SEASONAL&nbsp;AVAILABILITY&nbsp;-&nbsp;CLEARING</e:Title>
    <x:table id="ID_7203062" class="">
      <x:tbody id="ID_7203063">
        <x:tr id="ID_7203064">
          <x:td id="ID_7203065" HAlignment="Left" VAlignment="Top" align="left" valign="top">1</x:td>
          <x:td id="ID_7203066" HAlignment="Left" VAlignment="Top" align="left" valign="top">
            <x:p id="ID_7203067">Types of clearing equipment</x:p>
          </x:td>
          <x:td id="ID_7203068" HAlignment="Left" VAlignment="Top" align="left" valign="top">&nbsp;</x:td>
        </x:tr>
        <x:tr id="ID_7203069">
          <x:td id="ID_7203070" HAlignment="Left" VAlignment="Top" align="left" valign="top">2</x:td>
          <x:td id="ID_7203071" HAlignment="Left" VAlignment="Top" align="left" valign="top">
            <x:p id="ID_7203072">Clearance priorities</x:p>
          </x:td>
          <x:td id="ID_7203073" HAlignment="Left" VAlignment="Top" align="left" valign="top">&nbsp;</x:td>
        </x:tr>
        <x:tr id="ID_7203074">
          <x:td id="ID_7203075" HAlignment="Left" VAlignment="Top" align="left" valign="top">3</x:td>
          <x:td id="ID_7203076" HAlignment="Left" VAlignment="Top" align="left" valign="top">
            <x:p id="ID_7203077">Remarks</x:p>
          </x:td>
          <x:td id="ID_7203078" HAlignment="Left" VAlignment="Top" align="left" valign="top">&nbsp;</x:td>
        </x:tr>
      </x:tbody>
    </x:table>
  </e:AD-2.7>
  <e:AD-2.8 id="EGSU-AD-2.8" Number="AD 2.8">
    <GreenBorder id="ID_7203080" />
    <e:Title id="ID_7203081">APRONS,&nbsp;TAXIWAYS&nbsp;AND&nbsp;CHECK&nbsp;LOCATIONS/POSITIONS&nbsp;DATA</e:Title>
    <x:table id="ID_7203083" class="">
      <x:tbody id="ID_7203084">
        <x:tr id="ID_7203085">
          <x:td id="ID_7203086" HAlignment="Left" VAlignment="Top" align="left" valign="top">1</x:td>
          <x:td id="ID_7203087" HAlignment="Left" VAlignment="Top" align="left" valign="top">
            <x:p id="ID_7203088">Apron surface and strength</x:p>
          </x:td>
          <x:td id="ID_7203089" HAlignment="Left" VAlignment="Top" align="left" valign="top">&nbsp;</x:td>
        </x:tr>
        <x:tr id="ID_7203090">
          <x:td id="ID_7203091" HAlignment="Left" VAlignment="Top" align="left" valign="top">2</x:td>
          <x:td id="ID_7203092" HAlignment="Left" VAlignment="Top" align="left" valign="top">
            <x:p id="ID_7203093">Taxiway width, surface and strength</x:p>
          </x:td>
          <x:td id="ID_7203094" HAlignment="Left" VAlignment="Top" align="left" valign="top">&nbsp;</x:td>
        </x:tr>
        <x:tr id="ID_7203095">
          <x:td id="ID_7203096" HAlignment="Left" VAlignment="Top" align="left" valign="top">3</x:td>
          <x:td id="ID_7203097" HAlignment="Left" VAlignment="Top" align="left" valign="top">
            <x:p id="ID_7203098">Altimeter checkpoint location and elevation</x:p>
          </x:td>
          <x:td id="ID_7203099" HAlignment="Left" VAlignment="Top" align="left" valign="top">&nbsp;</x:td>
        </x:tr>
        <x:tr id="ID_7203100">
          <x:td id="ID_7203101" HAlignment="Left" VAlignment="Top" align="left" valign="top">4</x:td>
          <x:td id="ID_7203102" HAlignment="Left" VAlignment="Top" align="left" valign="top">
            <x:p id="ID_7203103">VOR checkpoints</x:p>
          </x:td>
          <x:td id="ID_7203104" HAlignment="Left" VAlignment="Top" align="left" valign="top">&nbsp;</x:td>
        </x:tr>
        <x:tr id="ID_7203105">
          <x:td id="ID_7203106" HAlignment="Left" VAlignment="Top" align="left" valign="top">5</x:td>
          <x:td id="ID_7203107" HAlignment="Left" VAlignment="Top" align="left" valign="top">
            <x:p id="ID_7203108">INS checkpoints</x:p>
          </x:td>
          <x:td id="ID_7203109" HAlignment="Left" VAlignment="Top" align="left" valign="top">&nbsp;</x:td>
        </x:tr>
        <x:tr id="ID_7203110">
          <x:td id="ID_7203111" HAlignment="Left" VAlignment="Top" align="left" valign="top">6</x:td>
          <x:td id="ID_7203112" HAlignment="Left" VAlignment="Top" align="left" valign="top">
            <x:p id="ID_7203113">Remarks</x:p>
          </x:td>
          <x:td id="ID_7203114" HAlignment="Left" VAlignment="Top" align="left" valign="top">&nbsp;</x:td>
        </x:tr>
      </x:tbody>
    </x:table>
  </e:AD-2.8>
  <e:AD-2.9 id="EGSU-AD-2.9" Number="AD 2.9">
    <GreenBorder id="ID_7203116" />
    <e:Title id="ID_7203117">SURFACE&nbsp;MOVEMENT&nbsp;GUIDANCE&nbsp;AND&nbsp;CONTROL&nbsp;SYSTEM&nbsp;AND&nbsp;MARKINGS</e:Title>
    <x:table id="ID_7203119" class="">
      <x:tbody id="ID_7203120">
        <x:tr id="ID_7203121">
          <x:td id="ID_7203122" HAlignment="Left" VAlignment="Top" align="left" valign="top">1</x:td>
          <x:td id="ID_7203123" HAlignment="Left" VAlignment="Top" align="left" valign="top">
            <x:p id="ID_7203124">Use of aircraft stand ID signs, TWY guide lines and visual docking/parking guidance system of aircraft stands</x:p>
          </x:td>
          <x:td id="ID_7203125" HAlignment="Left" VAlignment="Top" align="left" valign="top">&nbsp;</x:td>
        </x:tr>
        <x:tr id="ID_7203126">
          <x:td id="ID_7203127" HAlignment="Left" VAlignment="Top" align="left" valign="top">2</x:td>
          <x:td id="ID_7203128" HAlignment="Left" VAlignment="Top" align="left" valign="top">
            <x:p id="ID_7203129">Runway and taxiway markings and lighting</x:p>
          </x:td>
          <x:td id="ID_7203130" HAlignment="Left" VAlignment="Top" align="left" valign="top">&nbsp;</x:td>
        </x:tr>
        <x:tr id="ID_7203131">
          <x:td id="ID_7203132" HAlignment="Left" VAlignment="Top" align="left" valign="top">3</x:td>
          <x:td id="ID_7203133" HAlignment="Left" VAlignment="Top" align="left" valign="top">
            <x:p id="ID_7203134">Stop bars</x:p>
          </x:td>
          <x:td id="ID_7203135" HAlignment="Left" VAlignment="Top" align="left" valign="top">&nbsp;</x:td>
        </x:tr>
        <x:tr id="ID_7203136">
          <x:td id="ID_7203137" HAlignment="Left" VAlignment="Top" align="left" valign="top">4</x:td>
          <x:td id="ID_7203138" HAlignment="Left" VAlignment="Top" align="left" valign="top">
            <x:p id="ID_7203139">Remarks</x:p>
          </x:td>
          <x:td id="ID_7203140" HAlignment="Left" VAlignment="Top" align="left" valign="top">&nbsp;</x:td>
        </x:tr>
      </x:tbody>
    </x:table>
  </e:AD-2.9>
  <e:AD-2.10 id="EGSU-AD-2.10" Number="AD 2.10">
    <GreenBorder id="ID_7203142" />
    <e:Title id="ID_7203143">AERODROME&nbsp;OBSTACLES</e:Title>
    <x:table id="ID_7203145" class="">
      <x:thead id="ID_7203146">
        <x:tr id="ID_7203147">
          <x:th id="ID_7203148" HAlignment="Center" VAlignment="Top" colspan="6" align="center" valign="top">
            <x:p id="ID_7203149">In Approach/Take-off areas</x:p>
          </x:th>
        </x:tr>
        <x:tr id="ID_7203150">
          <x:th id="ID_7203151" HAlignment="Left" VAlignment="Top" align="left" valign="top">
            <x:p id="ID_7203152">Obstacle ID/Designation</x:p>
          </x:th>
          <x:th id="ID_7203153" HAlignment="Left" VAlignment="Top" align="left" valign="top">
            <x:p id="ID_7203154">Obstacle Type</x:p>
          </x:th>
          <x:th id="ID_7203155" HAlignment="Left" VAlignment="Top" align="left" valign="top">
            <x:p id="ID_7203156">Obstacle Position</x:p>
          </x:th>
          <x:th id="ID_7203157" HAlignment="Left" VAlignment="Top" align="left" valign="top">
            <x:p id="ID_7203158">Elevation/Height</x:p>
          </x:th>
          <x:th id="ID_7203159" HAlignment="Left" VAlignment="Top" align="left" valign="top">
            <x:p id="ID_7203160">Obstruction Lighting Type/Colour</x:p>
          </x:th>
          <x:th id="ID_7203161" HAlignment="Left" VAlignment="Top" align="left" valign="top">
            <x:p id="ID_7203162">Remarks</x:p>
          </x:th>
        </x:tr>
        <x:tr id="ID_7203163">
          <x:th id="ID_7203164" HAlignment="Left" VAlignment="Top" align="left" valign="top">1</x:th>
          <x:th id="ID_7203165" HAlignment="Left" VAlignment="Top" align="left" valign="top">2</x:th>
          <x:th id="ID_7203166" HAlignment="Left" VAlignment="Top" align="left" valign="top">3</x:th>
          <x:th id="ID_7203167" HAlignment="Left" VAlignment="Top" align="left" valign="top">4</x:th>
          <x:th id="ID_7203168" HAlignment="Left" VAlignment="Top" align="left" valign="top">5</x:th>
          <x:th id="ID_7203169" HAlignment="Left" VAlignment="Top" align="left" valign="top">6</x:th>
        </x:tr>
      </x:thead>
      <x:tbody id="ID_7203170">
        <x:tr id="ID_7203171">
          <x:td id="ID_7203172" HAlignment="Left" VAlignment="Top" align="left" valign="top">&nbsp;</x:td>
          <x:td id="ID_7203173" HAlignment="Left" VAlignment="Top" align="left" valign="top">&nbsp;</x:td>
          <x:td id="ID_7203174" HAlignment="Left" VAlignment="Top" align="left" valign="top">&nbsp;</x:td>
          <x:td id="ID_7203175" HAlignment="Left" VAlignment="Top" align="left" valign="top">&nbsp;</x:td>
          <x:td id="ID_7203176" HAlignment="Left" VAlignment="Top" align="left" valign="top">&nbsp;</x:td>
          <x:td id="ID_7203177" HAlignment="Left" VAlignment="Top" align="left" valign="top">&nbsp;</x:td>
        </x:tr>
      </x:tbody>
    </x:table>
    <x:table id="ID_7203179" class="">
      <x:thead id="ID_7203180">
        <x:tr id="ID_7203181">
          <x:th id="ID_7203182" HAlignment="Center" VAlignment="Top" colspan="6" align="center" valign="top">
            <x:p id="ID_7203183">In circling area and at aerodrome</x:p>
          </x:th>
        </x:tr>
        <x:tr id="ID_7203184">
          <x:th id="ID_7203185" HAlignment="Left" VAlignment="Top" align="left" valign="top">
            <x:p id="ID_7203186">Obstacle ID/Designation</x:p>
          </x:th>
          <x:th id="ID_7203187" HAlignment="Left" VAlignment="Top" align="left" valign="top">
            <x:p id="ID_7203188">Obstacle Type</x:p>
          </x:th>
          <x:th id="ID_7203189" HAlignment="Left" VAlignment="Top" align="left" valign="top">
            <x:p id="ID_7203190">Obstacle Position</x:p>
          </x:th>
          <x:th id="ID_7203191" HAlignment="Left" VAlignment="Top" align="left" valign="top">
            <x:p id="ID_7203192">Elevation/Height</x:p>
          </x:th>
          <x:th id="ID_7203193" HAlignment="Left" VAlignment="Top" align="left" valign="top">
            <x:p id="ID_7203194">Obstruction Lighting Type/Colour</x:p>
          </x:th>
          <x:th id="ID_7203195" HAlignment="Left" VAlignment="Top" align="left" valign="top">
            <x:p id="ID_7203196">Remarks</x:p>
          </x:th>
        </x:tr>
        <x:tr id="ID_7203197">
          <x:th id="ID_7203198" HAlignment="Left" VAlignment="Top" align="left" valign="top">1</x:th>
          <x:th id="ID_7203199" HAlignment="Left" VAlignment="Top" align="left" valign="top">2</x:th>
          <x:th id="ID_7203200" HAlignment="Left" VAlignment="Top" align="left" valign="top">3</x:th>
          <x:th id="ID_7203201" HAlignment="Left" VAlignment="Top" align="left" valign="top">4</x:th>
          <x:th id="ID_7203202" HAlignment="Left" VAlignment="Top" align="left" valign="top">5</x:th>
          <x:th id="ID_7203203" HAlignment="Left" VAlignment="Top" align="left" valign="top">6</x:th>
        </x:tr>
      </x:thead>
      <x:tbody id="ID_7203204">
        <x:tr id="ID_7203205">
          <x:td id="ID_7203206" HAlignment="Left" VAlignment="Top" align="left" valign="top">&nbsp;</x:td>
          <x:td id="ID_7203207" HAlignment="Left" VAlignment="Top" align="left" valign="top">&nbsp;</x:td>
          <x:td id="ID_7203208" HAlignment="Left" VAlignment="Top" align="left" valign="top">&nbsp;</x:td>
          <x:td id="ID_7203209" HAlignment="Left" VAlignment="Top" align="left" valign="top">&nbsp;</x:td>
          <x:td id="ID_7203210" HAlignment="Left" VAlignment="Top" align="left" valign="top">&nbsp;</x:td>
          <x:td id="ID_7203211" HAlignment="Left" VAlignment="Top" align="left" valign="top">&nbsp;</x:td>
        </x:tr>
      </x:tbody>
    </x:table>
  </e:AD-2.10>
  <e:AD-2.11 id="EGSU-AD-2.11" Number="AD 2.11">
    <GreenBorder id="ID_7203213" />
    <e:Title id="ID_7203214">METEOROLOGICAL&nbsp;INFORMATION&nbsp;PROVIDED</e:Title>
    <x:table id="ID_7203216" class="">
      <x:tbody id="ID_7203217">
        <x:tr id="ID_7203218">
          <x:td id="ID_7203219" HAlignment="Left" VAlignment="Top" align="left" valign="top">1</x:td>
          <x:td id="ID_7203220" HAlignment="Left" VAlignment="Top" align="left" valign="top">
            <x:p id="ID_7203221">Associated MET Office</x:p>
          </x:td>
          <x:td id="ID_7203222" HAlignment="Left" VAlignment="Top" align="left" valign="top">&nbsp;</x:td>
        </x:tr>
        <x:tr id="ID_7203223">
          <x:td id="ID_7203224" HAlignment="Left" VAlignment="Top" align="left" valign="top">2</x:td>
          <x:td id="ID_7203225" HAlignment="Left" VAlignment="Top" align="left" valign="top">
            <x:p id="ID_7203226">Hours of service</x:p>
            <x:p id="ID_7203227">MET Office outside hours</x:p>
          </x:td>
          <x:td id="ID_7203228" HAlignment="Left" VAlignment="Top" align="left" valign="top">&nbsp;</x:td>
        </x:tr>
        <x:tr id="ID_7203229">
          <x:td id="ID_7203230" HAlignment="Left" VAlignment="Top" align="left" valign="top">3</x:td>
          <x:td id="ID_7203231" HAlignment="Left" VAlignment="Top" align="left" valign="top">
            <x:p id="ID_7203232">Office responsible for TAF preparation</x:p>
            <x:p id="ID_7203233">Periods of validity</x:p>
          </x:td>
          <x:td id="ID_7203234" HAlignment="Left" VAlignment="Top" align="left" valign="top">&nbsp;</x:td>
        </x:tr>
        <x:tr id="ID_7203235">
          <x:td id="ID_7203236" HAlignment="Left" VAlignment="Top" align="left" valign="top">4</x:td>
          <x:td id="ID_7203237" HAlignment="Left" VAlignment="Top" align="left" valign="top">
            <x:p id="ID_7203238">Trend forecast</x:p>
            <x:p id="ID_7203239">Interval of issuance</x:p>
          </x:td>
          <x:td id="ID_7203240" HAlignment="Left" VAlignment="Top" align="left" valign="top">&nbsp;</x:td>
        </x:tr>
        <x:tr id="ID_7203241">
          <x:td id="ID_7203242" HAlignment="Left" VAlignment="Top" align="left" valign="top">5</x:td>
          <x:td id="ID_7203243" HAlignment="Left" VAlignment="Top" align="left" valign="top">
            <x:p id="ID_7203244">Briefing/consultation provided</x:p>
          </x:td>
          <x:td id="ID_7203245" HAlignment="Left" VAlignment="Top" align="left" valign="top">&nbsp;</x:td>
        </x:tr>
        <x:tr id="ID_7203246">
          <x:td id="ID_7203247" HAlignment="Left" VAlignment="Top" align="left" valign="top">6</x:td>
          <x:td id="ID_7203248" HAlignment="Left" VAlignment="Top" align="left" valign="top">
            <x:p id="ID_7203249">Flight documentation</x:p>
            <x:p id="ID_7203250">Language(s) used</x:p>
          </x:td>
          <x:td id="ID_7203251" HAlignment="Left" VAlignment="Top" align="left" valign="top">&nbsp;</x:td>
        </x:tr>
        <x:tr id="ID_7203252">
          <x:td id="ID_7203253" HAlignment="Left" VAlignment="Top" align="left" valign="top">7</x:td>
          <x:td id="ID_7203254" HAlignment="Left" VAlignment="Top" align="left" valign="top">
            <x:p id="ID_7203255">Charts and other information available for briefing or consultation</x:p>
          </x:td>
          <x:td id="ID_7203256" HAlignment="Left" VAlignment="Top" align="left" valign="top">&nbsp;</x:td>
        </x:tr>
        <x:tr id="ID_7203257">
          <x:td id="ID_7203258" HAlignment="Left" VAlignment="Top" align="left" valign="top">8</x:td>
          <x:td id="ID_7203259" HAlignment="Left" VAlignment="Top" align="left" valign="top">
            <x:p id="ID_7203260">Supplementary equipment available for providing information</x:p>
          </x:td>
          <x:td id="ID_7203261" HAlignment="Left" VAlignment="Top" align="left" valign="top">&nbsp;</x:td>
        </x:tr>
        <x:tr id="ID_7203262">
          <x:td id="ID_7203263" HAlignment="Left" VAlignment="Top" align="left" valign="top">9</x:td>
          <x:td id="ID_7203264" HAlignment="Left" VAlignment="Top" align="left" valign="top">
            <x:p id="ID_7203265">ATS units provided with information</x:p>
          </x:td>
          <x:td id="ID_7203266" HAlignment="Left" VAlignment="Top" align="left" valign="top">&nbsp;</x:td>
        </x:tr>
        <x:tr id="ID_7203267">
          <x:td id="ID_7203268" HAlignment="Left" VAlignment="Top" align="left" valign="top">10</x:td>
          <x:td id="ID_7203269" HAlignment="Left" VAlignment="Top" align="left" valign="top">
            <x:p id="ID_7203270">Additional information (limitation of service, etc.)</x:p>
          </x:td>
          <x:td id="ID_7203271" HAlignment="Left" VAlignment="Top" align="left" valign="top">&nbsp;</x:td>
        </x:tr>
      </x:tbody>
    </x:table>
  </e:AD-2.11>
  <e:AD-2.12 id="EGSU-AD-2.12" Number="AD 2.12">
    <GreenBorder id="ID_7203273" />
    <e:Title id="ID_7203274">RUNWAY&nbsp;PHYSICAL&nbsp;CHARACTERISTICS</e:Title>
    <x:table id="ID_7203276" class="">
      <x:thead id="ID_7203277">
        <x:tr id="ID_7203278">
          <x:th id="ID_7203279" HAlignment="Left" VAlignment="Top" align="left" valign="top">
            <x:p id="ID_7203280">Designations RWY Number</x:p>
          </x:th>
          <x:th id="ID_7203281" HAlignment="Left" VAlignment="Top" align="left" valign="top">
            <x:p id="ID_7203282">True bearing</x:p>
          </x:th>
          <x:th id="ID_7203283" HAlignment="Left" VAlignment="Top" align="left" valign="top">
            <x:p id="ID_7203284">Dimensions of RWY</x:p>
          </x:th>
          <x:th id="ID_7203285" HAlignment="Left" VAlignment="Top" align="left" valign="top">
            <x:p id="ID_7203286">Surface of RWY/ SWY/ </x:p>
            <x:p id="ID_7203287">Strength (PCN)</x:p>
          </x:th>
          <x:th id="ID_7203288" HAlignment="Left" VAlignment="Top" align="left" valign="top">
            <x:p id="ID_7203289">THR co-ordinates/</x:p>
            <x:p id="ID_7203290">THR Geoid undulation</x:p>
          </x:th>
          <x:th id="ID_7203291" HAlignment="Left" VAlignment="Top" align="left" valign="top">
            <x:p id="ID_7203292">THR elevation/ Highest elevation of TDZ of precision APP RWY</x:p>
          </x:th>
        </x:tr>
        <x:tr id="ID_7203293">
          <x:th id="ID_7203294" HAlignment="Left" VAlignment="Top" align="left" valign="top">1</x:th>
          <x:th id="ID_7203295" HAlignment="Left" VAlignment="Top" align="left" valign="top">2</x:th>
          <x:th id="ID_7203296" HAlignment="Left" VAlignment="Top" align="left" valign="top">3</x:th>
          <x:th id="ID_7203297" HAlignment="Left" VAlignment="Top" align="left" valign="top">4</x:th>
          <x:th id="ID_7203298" HAlignment="Left" VAlignment="Top" align="left" valign="top">5</x:th>
          <x:th id="ID_7203299" HAlignment="Left" VAlignment="Top" align="left" valign="top">6</x:th>
        </x:tr>
      </x:thead>
      <x:tbody id="ID_7203300">
        <x:tr id="ID_7203301">
          <x:td id="ID_7203302" HAlignment="Left" VAlignment="Top" align="left" valign="top">&nbsp;</x:td>
          <x:td id="ID_7203303" HAlignment="Left" VAlignment="Top" align="left" valign="top">&nbsp;</x:td>
          <x:td id="ID_7203304" HAlignment="Left" VAlignment="Top" align="left" valign="top">&nbsp;</x:td>
          <x:td id="ID_7203305" HAlignment="Left" VAlignment="Top" align="left" valign="top">&nbsp;</x:td>
          <x:td id="ID_7203306" HAlignment="Left" VAlignment="Top" align="left" valign="top">&nbsp;</x:td>
          <x:td id="ID_7203307" HAlignment="Left" VAlignment="Top" align="left" valign="top">&nbsp;</x:td>
        </x:tr>
        <x:tr id="ID_7203308">
          <x:td id="ID_7203309" HAlignment="Left" VAlignment="Top" align="left" valign="top">&nbsp;</x:td>
          <x:td id="ID_7203310" HAlignment="Left" VAlignment="Top" align="left" valign="top">&nbsp;</x:td>
          <x:td id="ID_7203311" HAlignment="Left" VAlignment="Top" align="left" valign="top">&nbsp;</x:td>
          <x:td id="ID_7203312" HAlignment="Left" VAlignment="Top" align="left" valign="top">&nbsp;</x:td>
          <x:td id="ID_7203313" HAlignment="Left" VAlignment="Top" align="left" valign="top">&nbsp;</x:td>
          <x:td id="ID_7203314" HAlignment="Left" VAlignment="Top" align="left" valign="top">&nbsp;</x:td>
        </x:tr>
      </x:tbody>
    </x:table>
    <x:table id="ID_7203316" class="">
      <x:thead id="ID_7203317">
        <x:tr id="ID_7203318">
          <x:th id="ID_7203319" HAlignment="Left" VAlignment="Top" colspan="3" align="left" valign="top">
            <x:p id="ID_7203320">Slope of RWY/</x:p>
            <x:p id="ID_7203321">SWY</x:p>
          </x:th>
          <x:th id="ID_7203322" HAlignment="Left" VAlignment="Top" align="left" valign="top">
            <x:p id="ID_7203323">SWY dimensions</x:p>
          </x:th>
          <x:th id="ID_7203324" HAlignment="Left" VAlignment="Top" align="left" valign="top">
            <x:p id="ID_7203325">Clearway dimensions</x:p>
          </x:th>
          <x:th id="ID_7203326" HAlignment="Left" VAlignment="Top" align="left" valign="top">
            <x:p id="ID_7203327">Strip dimensions</x:p>
          </x:th>
          <x:th id="ID_7203328" HAlignment="Left" VAlignment="Top" align="left" valign="top">
            <x:p id="ID_7203329">OFZ</x:p>
          </x:th>
          <x:th id="ID_7203330" HAlignment="Left" VAlignment="Top" align="left" valign="top">
            <x:p id="ID_7203331">Remarks</x:p>
          </x:th>
        </x:tr>
        <x:tr id="ID_7203332">
          <x:th id="ID_7203333" HAlignment="Left" VAlignment="Top" colspan="3" align="left" valign="top">7</x:th>
          <x:th id="ID_7203334" HAlignment="Left" VAlignment="Top" align="left" valign="top">8</x:th>
          <x:th id="ID_7203335" HAlignment="Left" VAlignment="Top" align="left" valign="top">9</x:th>
          <x:th id="ID_7203336" HAlignment="Left" VAlignment="Top" align="left" valign="top">10</x:th>
          <x:th id="ID_7203337" HAlignment="Left" VAlignment="Top" align="left" valign="top">11</x:th>
          <x:th id="ID_7203338" HAlignment="Left" VAlignment="Top" align="left" valign="top">12</x:th>
        </x:tr>
      </x:thead>
      <x:tbody id="ID_7203339">
        <x:tr id="ID_7203340">
          <x:td id="ID_7203341" HAlignment="Left" VAlignment="Top" colspan="3" align="left" valign="top">&nbsp;</x:td>
          <x:td id="ID_7203342" HAlignment="Left" VAlignment="Top" align="left" valign="top">&nbsp;</x:td>
          <x:td id="ID_7203343" HAlignment="Left" VAlignment="Top" align="left" valign="top">&nbsp;</x:td>
          <x:td id="ID_7203344" HAlignment="Left" VAlignment="Top" align="left" valign="top">&nbsp;</x:td>
          <x:td id="ID_7203345" HAlignment="Left" VAlignment="Top" align="left" valign="top">&nbsp;</x:td>
          <x:td id="ID_7203346" HAlignment="Left" VAlignment="Top" align="left" valign="top">&nbsp;</x:td>
        </x:tr>
        <x:tr id="ID_7203347">
          <x:td id="ID_7203348" HAlignment="Left" VAlignment="Top" colspan="3" align="left" valign="top">&nbsp;</x:td>
          <x:td id="ID_7203349" HAlignment="Left" VAlignment="Top" align="left" valign="top">&nbsp;</x:td>
          <x:td id="ID_7203350" HAlignment="Left" VAlignment="Top" align="left" valign="top">&nbsp;</x:td>
          <x:td id="ID_7203351" HAlignment="Left" VAlignment="Top" align="left" valign="top">&nbsp;</x:td>
          <x:td id="ID_7203352" HAlignment="Left" VAlignment="Top" align="left" valign="top">&nbsp;</x:td>
          <x:td id="ID_7203353" HAlignment="Left" VAlignment="Top" align="left" valign="top">&nbsp;</x:td>
        </x:tr>
      </x:tbody>
    </x:table>
  </e:AD-2.12>
  <e:AD-2.13 id="EGSU-AD-2.13" Number="AD 2.13">
    <GreenBorder id="ID_7203355" />
    <e:Title id="ID_7203356">DECLARED&nbsp;DISTANCES</e:Title>
    <x:table id="ID_7203358" class="">
      <x:thead id="ID_7203359">
        <x:tr id="ID_7203360">
          <x:th id="ID_7203361" HAlignment="Left" VAlignment="Top" align="left" valign="top">
            <x:p id="ID_7203362">Runway designator</x:p>
          </x:th>
          <x:th id="ID_7203363" HAlignment="Left" VAlignment="Top" align="left" valign="top">
            <x:p id="ID_7203364">TORA</x:p>
          </x:th>
          <x:th id="ID_7203365" HAlignment="Left" VAlignment="Top" align="left" valign="top">
            <x:p id="ID_7203366">TODA</x:p>
          </x:th>
          <x:th id="ID_7203367" HAlignment="Left" VAlignment="Top" align="left" valign="top">
            <x:p id="ID_7203368">ASDA</x:p>
          </x:th>
          <x:th id="ID_7203369" HAlignment="Left" VAlignment="Top" align="left" valign="top">
            <x:p id="ID_7203370">LDA</x:p>
          </x:th>
          <x:th id="ID_7203371" HAlignment="Left" VAlignment="Top" align="left" valign="top">
            <x:p id="ID_7203372">Remarks</x:p>
          </x:th>
        </x:tr>
        <x:tr id="ID_7203373">
          <x:th id="ID_7203374" HAlignment="Left" VAlignment="Top" align="left" valign="top">1</x:th>
          <x:th id="ID_7203375" HAlignment="Left" VAlignment="Top" align="left" valign="top">2</x:th>
          <x:th id="ID_7203376" HAlignment="Left" VAlignment="Top" align="left" valign="top">3</x:th>
          <x:th id="ID_7203377" HAlignment="Left" VAlignment="Top" align="left" valign="top">4</x:th>
          <x:th id="ID_7203378" HAlignment="Left" VAlignment="Top" align="left" valign="top">5</x:th>
          <x:th id="ID_7203379" HAlignment="Left" VAlignment="Top" align="left" valign="top">6</x:th>
        </x:tr>
      </x:thead>
      <x:tbody id="ID_7203380">
        <x:tr id="ID_7203381">
          <x:td id="ID_7203382" HAlignment="Left" VAlignment="Top" align="left" valign="top">&nbsp;</x:td>
          <x:td id="ID_7203383" HAlignment="Left" VAlignment="Top" align="left" valign="top">&nbsp;</x:td>
          <x:td id="ID_7203384" HAlignment="Left" VAlignment="Top" align="left" valign="top">&nbsp;</x:td>
          <x:td id="ID_7203385" HAlignment="Left" VAlignment="Top" align="left" valign="top">&nbsp;</x:td>
          <x:td id="ID_7203386" HAlignment="Left" VAlignment="Top" align="left" valign="top">&nbsp;</x:td>
          <x:td id="ID_7203387" HAlignment="Left" VAlignment="Top" align="left" valign="top">&nbsp;</x:td>
        </x:tr>
        <x:tr id="ID_7203388">
          <x:td id="ID_7203389" HAlignment="Left" VAlignment="Top" align="left" valign="top">&nbsp;</x:td>
          <x:td id="ID_7203390" HAlignment="Left" VAlignment="Top" align="left" valign="top">&nbsp;</x:td>
          <x:td id="ID_7203391" HAlignment="Left" VAlignment="Top" align="left" valign="top">&nbsp;</x:td>
          <x:td id="ID_7203392" HAlignment="Left" VAlignment="Top" align="left" valign="top">&nbsp;</x:td>
          <x:td id="ID_7203393" HAlignment="Left" VAlignment="Top" align="left" valign="top">&nbsp;</x:td>
          <x:td id="ID_7203394" HAlignment="Left" VAlignment="Top" align="left" valign="top">&nbsp;</x:td>
        </x:tr>
      </x:tbody>
    </x:table>
  </e:AD-2.13>
  <e:AD-2.14 id="EGSU-AD-2.14" Number="AD 2.14">
    <GreenBorder id="ID_7203396" />
    <e:Title id="ID_7203397">APPROACH&nbsp;AND&nbsp;RUNWAY&nbsp;LIGHTING</e:Title>
    <x:table id="ID_7203399" class="">
      <x:thead id="ID_7203400">
        <x:tr id="ID_7203401">
          <x:th id="ID_7203402" HAlignment="Left" VAlignment="Top" align="left" valign="top">
            <x:p id="ID_7203403">RWY</x:p>
          </x:th>
          <x:th id="ID_7203404" HAlignment="Left" VAlignment="Top" align="left" valign="top">
            <x:p id="ID_7203405">Approach Lighting Type/</x:p>
            <x:p id="ID_7203406">Length/</x:p>
            <x:p id="ID_7203407">Intensity</x:p>
          </x:th>
          <x:th id="ID_7203408" HAlignment="Left" VAlignment="Top" align="left" valign="top">
            <x:p id="ID_7203409">Threshold lighting</x:p>
            <x:p id="ID_7203410">Colour/ </x:p>
            <x:p id="ID_7203411">Wing bars</x:p>
          </x:th>
          <x:th id="ID_7203412" HAlignment="Left" VAlignment="Top" align="left" valign="top">
            <x:p id="ID_7203413">VASIS/</x:p>
            <x:p id="ID_7203414">MEHT/</x:p>
            <x:p id="ID_7203415">PAPI</x:p>
          </x:th>
          <x:th id="ID_7203416" HAlignment="Left" VAlignment="Top" align="left" valign="top">
            <x:p id="ID_7203417">TDZ lighting</x:p>
            <x:p id="ID_7203418">Length</x:p>
          </x:th>
          <x:th id="ID_7203419" HAlignment="Left" VAlignment="Top" align="left" valign="top">
            <x:p id="ID_7203420">Runway Centre Line lighting</x:p>
            <x:p id="ID_7203421">Length/</x:p>
            <x:p id="ID_7203422">Spacing/</x:p>
            <x:p id="ID_7203423">Colour/</x:p>
            <x:p id="ID_7203424">Intensity</x:p>
          </x:th>
          <x:th id="ID_7203425" HAlignment="Left" VAlignment="Top" align="left" valign="top">
            <x:p id="ID_7203426">Runway edge lighting</x:p>
            <x:p id="ID_7203427">Length/</x:p>
            <x:p id="ID_7203428">Spacing/</x:p>
            <x:p id="ID_7203429">Colour/</x:p>
            <x:p id="ID_7203430">Intensity</x:p>
          </x:th>
          <x:th id="ID_7203431" HAlignment="Left" VAlignment="Top" align="left" valign="top">
            <x:p id="ID_7203432">Runway end lighting</x:p>
            <x:p id="ID_7203433">Colour/</x:p>
            <x:p id="ID_7203434">Wing bars</x:p>
          </x:th>
          <x:th id="ID_7203435" HAlignment="Left" VAlignment="Top" align="left" valign="top">
            <x:p id="ID_7203436">Stopway lighting</x:p>
            <x:p id="ID_7203437">Length/</x:p>
            <x:p id="ID_7203438">Colour</x:p>
          </x:th>
          <x:th id="ID_7203439" HAlignment="Left" VAlignment="Top" align="left" valign="top">
            <x:p id="ID_7203440">Remarks</x:p>
          </x:th>
        </x:tr>
        <x:tr id="ID_7203441">
          <x:th id="ID_7203442" HAlignment="Left" VAlignment="Top" align="left" valign="top">1</x:th>
          <x:th id="ID_7203443" HAlignment="Left" VAlignment="Top" align="left" valign="top">2</x:th>
          <x:th id="ID_7203444" HAlignment="Left" VAlignment="Top" align="left" valign="top">3</x:th>
          <x:th id="ID_7203445" HAlignment="Left" VAlignment="Top" align="left" valign="top">4</x:th>
          <x:th id="ID_7203446" HAlignment="Left" VAlignment="Top" align="left" valign="top">5</x:th>
          <x:th id="ID_7203447" HAlignment="Left" VAlignment="Top" align="left" valign="top">6</x:th>
          <x:th id="ID_7203448" HAlignment="Left" VAlignment="Top" align="left" valign="top">7</x:th>
          <x:th id="ID_7203449" HAlignment="Left" VAlignment="Top" align="left" valign="top">8</x:th>
          <x:th id="ID_7203450" HAlignment="Left" VAlignment="Top" align="left" valign="top">9</x:th>
          <x:th id="ID_7203451" HAlignment="Left" VAlignment="Top" align="left" valign="top">10</x:th>
        </x:tr>
      </x:thead>
      <x:tbody id="ID_7203452">
        <x:tr id="ID_7203453">
          <x:td id="ID_7203454" HAlignment="Left" VAlignment="Top" align="left" valign="top">&nbsp;</x:td>
          <x:td id="ID_7203455" HAlignment="Left" VAlignment="Top" align="left" valign="top">&nbsp;</x:td>
          <x:td id="ID_7203456" HAlignment="Left" VAlignment="Top" align="left" valign="top">&nbsp;</x:td>
          <x:td id="ID_7203457" HAlignment="Left" VAlignment="Top" align="left" valign="top">&nbsp;</x:td>
          <x:td id="ID_7203458" HAlignment="Left" VAlignment="Top" align="left" valign="top">&nbsp;</x:td>
          <x:td id="ID_7203459" HAlignment="Left" VAlignment="Top" align="left" valign="top">&nbsp;</x:td>
          <x:td id="ID_7203460" HAlignment="Left" VAlignment="Top" align="left" valign="top">&nbsp;</x:td>
          <x:td id="ID_7203461" HAlignment="Left" VAlignment="Top" align="left" valign="top">&nbsp;</x:td>
          <x:td id="ID_7203462" HAlignment="Left" VAlignment="Top" align="left" valign="top">&nbsp;</x:td>
          <x:td id="ID_7203463" HAlignment="Left" VAlignment="Top" align="left" valign="top">&nbsp;</x:td>
        </x:tr>
        <x:tr id="ID_7203464">
          <x:td id="ID_7203465" HAlignment="Left" VAlignment="Top" align="left" valign="top">&nbsp;</x:td>
          <x:td id="ID_7203466" HAlignment="Left" VAlignment="Top" align="left" valign="top">&nbsp;</x:td>
          <x:td id="ID_7203467" HAlignment="Left" VAlignment="Top" align="left" valign="top">&nbsp;</x:td>
          <x:td id="ID_7203468" HAlignment="Left" VAlignment="Top" align="left" valign="top">&nbsp;</x:td>
          <x:td id="ID_7203469" HAlignment="Left" VAlignment="Top" align="left" valign="top">&nbsp;</x:td>
          <x:td id="ID_7203470" HAlignment="Left" VAlignment="Top" align="left" valign="top">&nbsp;</x:td>
          <x:td id="ID_7203471" HAlignment="Left" VAlignment="Top" align="left" valign="top">&nbsp;</x:td>
          <x:td id="ID_7203472" HAlignment="Left" VAlignment="Top" align="left" valign="top">&nbsp;</x:td>
          <x:td id="ID_7203473" HAlignment="Left" VAlignment="Top" align="left" valign="top">&nbsp;</x:td>
          <x:td id="ID_7203474" HAlignment="Left" VAlignment="Top" align="left" valign="top">&nbsp;</x:td>
        </x:tr>
      </x:tbody>
    </x:table>
  </e:AD-2.14>
  <e:AD-2.15 id="EGSU-AD-2.15" Number="AD 2.15">
    <GreenBorder id="ID_7203476" />
    <e:Title id="ID_7203477">OTHER&nbsp;LIGHTING,&nbsp;SECONDARY&nbsp;POWER&nbsp;SUPPLY</e:Title>
    <x:table id="ID_7203479" class="">
      <x:tbody id="ID_7203480">
        <x:tr id="ID_7203481">
          <x:td id="ID_7203482" HAlignment="Left" VAlignment="Top" align="left" valign="top">1</x:td>
          <x:td id="ID_7203483" HAlignment="Left" VAlignment="Top" align="left" valign="top">
            <x:p id="ID_7203484">ABN/IBN location, characteristics and hours of operation</x:p>
          </x:td>
          <x:td id="ID_7203485" HAlignment="Left" VAlignment="Top" align="left" valign="top">&nbsp;</x:td>
        </x:tr>
        <x:tr id="ID_7203486">
          <x:td id="ID_7203487" HAlignment="Left" VAlignment="Top" align="left" valign="top">2</x:td>
          <x:td id="ID_7203488" HAlignment="Left" VAlignment="Top" align="left" valign="top">
            <x:p id="ID_7203489">LDI location and lighting</x:p>
            <x:p id="ID_7203490">Anemometer location and lighting</x:p>
          </x:td>
          <x:td id="ID_7203491" HAlignment="Left" VAlignment="Top" align="left" valign="top">&nbsp;</x:td>
        </x:tr>
        <x:tr id="ID_7203492">
          <x:td id="ID_7203493" HAlignment="Left" VAlignment="Top" align="left" valign="top">3</x:td>
          <x:td id="ID_7203494" HAlignment="Left" VAlignment="Top" align="left" valign="top">
            <x:p id="ID_7203495">TWY edge and centre line lighting</x:p>
          </x:td>
          <x:td id="ID_7203496" HAlignment="Left" VAlignment="Top" align="left" valign="top">&nbsp;</x:td>
        </x:tr>
        <x:tr id="ID_7203497">
          <x:td id="ID_7203498" HAlignment="Left" VAlignment="Top" align="left" valign="top">4</x:td>
          <x:td id="ID_7203499" HAlignment="Left" VAlignment="Top" align="left" valign="top">
            <x:p id="ID_7203500">Secondary power supply/switch-over time</x:p>
          </x:td>
          <x:td id="ID_7203501" HAlignment="Left" VAlignment="Top" align="left" valign="top">&nbsp;</x:td>
        </x:tr>
        <x:tr id="ID_7203502">
          <x:td id="ID_7203503" HAlignment="Left" VAlignment="Top" align="left" valign="top">5</x:td>
          <x:td id="ID_7203504" HAlignment="Left" VAlignment="Top" align="left" valign="top">
            <x:p id="ID_7203505">Remarks</x:p>
          </x:td>
          <x:td id="ID_7203506" HAlignment="Left" VAlignment="Top" align="left" valign="top">&nbsp;</x:td>
        </x:tr>
      </x:tbody>
    </x:table>
  </e:AD-2.15>
  <e:AD-2.16 id="EGSU-AD-2.16" Number="AD 2.16">
    <GreenBorder id="ID_7203508" />
    <e:Title id="ID_7203509">HELICOPTER&nbsp;LANDING&nbsp;AREA</e:Title>
    <x:table id="ID_7203511" class="">
      <x:tbody id="ID_7203512">
        <x:tr id="ID_7203513">
          <x:td id="ID_7203514" HAlignment="Left" VAlignment="Top" align="left" valign="top">1</x:td>
          <x:td id="ID_7203515" HAlignment="Left" VAlignment="Top" align="left" valign="top">
            <x:p id="ID_7203516">Coordinates TLOF or THR of FATO</x:p>
            <x:p id="ID_7203517">Geoid undulation</x:p>
          </x:td>
          <x:td id="ID_7203518" HAlignment="Left" VAlignment="Top" align="left" valign="top">&nbsp;</x:td>
        </x:tr>
        <x:tr id="ID_7203519">
          <x:td id="ID_7203520" HAlignment="Left" VAlignment="Top" align="left" valign="top">2</x:td>
          <x:td id="ID_7203521" HAlignment="Left" VAlignment="Top" align="left" valign="top">
            <x:p id="ID_7203522">TLOF and/or FATO elevation M/FT</x:p>
          </x:td>
          <x:td id="ID_7203523" HAlignment="Left" VAlignment="Top" align="left" valign="top">&nbsp;</x:td>
        </x:tr>
        <x:tr id="ID_7203524">
          <x:td id="ID_7203525" HAlignment="Left" VAlignment="Top" align="left" valign="top">3</x:td>
          <x:td id="ID_7203526" HAlignment="Left" VAlignment="Top" align="left" valign="top">
            <x:p id="ID_7203527">TLOF and FATO area dimensions, surface, strength, marking</x:p>
          </x:td>
          <x:td id="ID_7203528" HAlignment="Left" VAlignment="Top" align="left" valign="top">&nbsp;</x:td>
        </x:tr>
        <x:tr id="ID_7203529">
          <x:td id="ID_7203530" HAlignment="Left" VAlignment="Top" align="left" valign="top">4</x:td>
          <x:td id="ID_7203531" HAlignment="Left" VAlignment="Top" align="left" valign="top">
            <x:p id="ID_7203532">True BRG of FATO</x:p>
          </x:td>
          <x:td id="ID_7203533" HAlignment="Left" VAlignment="Top" align="left" valign="top">&nbsp;</x:td>
        </x:tr>
        <x:tr id="ID_7203534">
          <x:td id="ID_7203535" HAlignment="Left" VAlignment="Top" align="left" valign="top">5</x:td>
          <x:td id="ID_7203536" HAlignment="Left" VAlignment="Top" align="left" valign="top">
            <x:p id="ID_7203537">Declared distance available</x:p>
          </x:td>
          <x:td id="ID_7203538" HAlignment="Left" VAlignment="Top" align="left" valign="top">&nbsp;</x:td>
        </x:tr>
        <x:tr id="ID_7203539">
          <x:td id="ID_7203540" HAlignment="Left" VAlignment="Top" align="left" valign="top">6</x:td>
          <x:td id="ID_7203541" HAlignment="Left" VAlignment="Top" align="left" valign="top">
            <x:p id="ID_7203542">APP and FATO lighting</x:p>
          </x:td>
          <x:td id="ID_7203543" HAlignment="Left" VAlignment="Top" align="left" valign="top">&nbsp;</x:td>
        </x:tr>
        <x:tr id="ID_7203544">
          <x:td id="ID_7203545" HAlignment="Left" VAlignment="Top" align="left" valign="top">7</x:td>
          <x:td id="ID_7203546" HAlignment="Left" VAlignment="Top" align="left" valign="top">
            <x:p id="ID_7203547">Remarks</x:p>
          </x:td>
          <x:td id="ID_7203548" HAlignment="Left" VAlignment="Top" align="left" valign="top">&nbsp;</x:td>
        </x:tr>
      </x:tbody>
    </x:table>
  </e:AD-2.16>
  <e:AD-2.17 id="EGSU-AD-2.17" Number="AD 2.17">
    <GreenBorder id="ID_7203550" />
    <e:Title id="ID_7203551">AIR TRAFFIC SERVICES&nbsp;AIRSPACE</e:Title>
    <x:table id="ID_7203553" class="">
      <x:thead id="ID_7203554">
        <x:tr id="ID_7203555">
          <x:th id="ID_7203556" HAlignment="Left" VAlignment="Top" align="left" valign="top">
            <x:p id="ID_7203557">Designation and</x:p>
            <x:p id="ID_7203558">lateral limits</x:p>
          </x:th>
          <x:th id="ID_7203559" HAlignment="Left" VAlignment="Top" align="left" valign="top">
            <x:p id="ID_7203560">Vertical Limits</x:p>
          </x:th>
          <x:th id="ID_7203561" HAlignment="Left" VAlignment="Top" align="left" valign="top">
            <x:p id="ID_7203562">Airspace Class</x:p>
          </x:th>
          <x:th id="ID_7203563" HAlignment="Left" VAlignment="Top" align="left" valign="top">
            <x:p id="ID_7203564">ATS unit callsign/ language</x:p>
          </x:th>
          <x:th id="ID_7203565" HAlignment="Left" VAlignment="Top" align="left" valign="top">
            <x:p id="ID_7203566">Transition Altitude</x:p>
          </x:th>
          <x:th id="ID_7203567" HAlignment="Left" VAlignment="Top" align="left" valign="top">
            <x:p id="ID_7203568">Hours of Applicability</x:p>
          </x:th>
          <x:th id="ID_7203569" HAlignment="Left" VAlignment="Top" align="left" valign="top">
            <x:p id="ID_7203570">Remarks</x:p>
          </x:th>
        </x:tr>
        <x:tr id="ID_7203571">
          <x:th id="ID_7203572" HAlignment="Left" VAlignment="Top" align="left" valign="top">1</x:th>
          <x:th id="ID_7203573" HAlignment="Left" VAlignment="Top" align="left" valign="top">2</x:th>
          <x:th id="ID_7203574" HAlignment="Left" VAlignment="Top" align="left" valign="top">3</x:th>
          <x:th id="ID_7203575" HAlignment="Left" VAlignment="Top" align="left" valign="top">4</x:th>
          <x:th id="ID_7203576" HAlignment="Left" VAlignment="Top" align="left" valign="top">5</x:th>
          <x:th id="ID_7203577" HAlignment="Left" VAlignment="Top" align="left" valign="top">6</x:th>
          <x:th id="ID_7203578" HAlignment="Left" VAlignment="Top" align="left" valign="top">7</x:th>
        </x:tr>
      </x:thead>
      <x:tbody id="ID_7203579">
        <x:tr id="ID_7203580">
          <x:td id="ID_7203581" HAlignment="Left" VAlignment="Top" align="left" valign="top">&nbsp;</x:td>
          <x:td id="ID_7203582" HAlignment="Left" VAlignment="Top" align="left" valign="top">&nbsp;</x:td>
          <x:td id="ID_7203583" HAlignment="Left" VAlignment="Top" align="left" valign="top">&nbsp;</x:td>
          <x:td id="ID_7203584" HAlignment="Left" VAlignment="Top" align="left" valign="top">&nbsp;</x:td>
          <x:td id="ID_7203585" HAlignment="Left" VAlignment="Top" align="left" valign="top">&nbsp;</x:td>
          <x:td id="ID_7203586" HAlignment="Left" VAlignment="Top" align="left" valign="top">&nbsp;</x:td>
          <x:td id="ID_7203587" HAlignment="Left" VAlignment="Top" align="left" valign="top">&nbsp;</x:td>
        </x:tr>
        <x:tr id="ID_7203588">
          <x:td id="ID_7203589" HAlignment="Left" VAlignment="Top" align="left" valign="top">&nbsp;</x:td>
          <x:td id="ID_7203590" HAlignment="Left" VAlignment="Top" align="left" valign="top">&nbsp;</x:td>
          <x:td id="ID_7203591" HAlignment="Left" VAlignment="Top" align="left" valign="top">&nbsp;</x:td>
          <x:td id="ID_7203592" HAlignment="Left" VAlignment="Top" align="left" valign="top">&nbsp;</x:td>
          <x:td id="ID_7203593" HAlignment="Left" VAlignment="Top" align="left" valign="top">&nbsp;</x:td>
          <x:td id="ID_7203594" HAlignment="Left" VAlignment="Top" align="left" valign="top">&nbsp;</x:td>
          <x:td id="ID_7203595" HAlignment="Left" VAlignment="Top" align="left" valign="top">&nbsp;</x:td>
        </x:tr>
      </x:tbody>
    </x:table>
  </e:AD-2.17>
  <e:AD-2.18 id="EGSU-AD-2.18" Number="AD 2.18">
    <GreenBorder id="ID_7203597" />
    <e:Title id="ID_7203598">AIR TRAFFIC SERVICES&nbsp;COMMUNICATION&nbsp;FACILITIES</e:Title>
    <x:table id="ID_7203600" class="">
      <x:thead id="ID_7203601">
        <x:tr id="ID_7203602">
          <x:th id="ID_7203603" HAlignment="Left" VAlignment="Top" align="left" valign="top">
            <x:p id="ID_7203604">Service designation</x:p>
          </x:th>
          <x:th id="ID_7203605" HAlignment="Left" VAlignment="Top" align="left" valign="top">
            <x:p id="ID_7203606">Callsign</x:p>
          </x:th>
          <x:th id="ID_7203607" HAlignment="Left" VAlignment="Top" align="left" valign="top">
            <x:p id="ID_7203608">Channel(s)</x:p>
          </x:th>
          <x:th id="ID_7203609" HAlignment="Left" VAlignment="Top" align="left" valign="top">
            <x:p id="ID_7203610">Hours of </x:p>
            <x:p id="ID_7203611">Operation</x:p>
          </x:th>
          <x:th id="ID_7203612" HAlignment="Left" VAlignment="Top" align="left" valign="top">
            <x:p id="ID_7203613">Remarks</x:p>
          </x:th>
        </x:tr>
        <x:tr id="ID_7203614">
          <x:th id="ID_7203615" HAlignment="Left" VAlignment="Top" align="left" valign="top">1</x:th>
          <x:th id="ID_7203616" HAlignment="Left" VAlignment="Top" align="left" valign="top">2</x:th>
          <x:th id="ID_7203617" HAlignment="Left" VAlignment="Top" align="left" valign="top">3</x:th>
          <x:th id="ID_7203618" HAlignment="Left" VAlignment="Top" align="left" valign="top">4</x:th>
          <x:th id="ID_7203619" HAlignment="Left" VAlignment="Top" align="left" valign="top">5</x:th>
        </x:tr>
      </x:thead>
      <x:tbody id="ID_7203620">
        <x:tr id="ID_7203621">
          <x:td id="ID_7203622" HAlignment="Left" VAlignment="Top" align="left" valign="top">&nbsp;</x:td>
          <x:td id="ID_7203623" HAlignment="Left" VAlignment="Top" align="left" valign="top">&nbsp;</x:td>
          <x:td id="ID_7203624" HAlignment="Left" VAlignment="Top" align="left" valign="top">&nbsp;</x:td>
          <x:td id="ID_7203625" HAlignment="Left" VAlignment="Top" align="left" valign="top">&nbsp;</x:td>
          <x:td id="ID_7203626" HAlignment="Left" VAlignment="Top" align="left" valign="top">&nbsp;</x:td>
        </x:tr>
        <x:tr id="ID_7203627">
          <x:td id="ID_7203628" HAlignment="Left" VAlignment="Top" align="left" valign="top">&nbsp;</x:td>
          <x:td id="ID_7203629" HAlignment="Left" VAlignment="Top" align="left" valign="top">&nbsp;</x:td>
          <x:td id="ID_7203630" HAlignment="Left" VAlignment="Top" align="left" valign="top">&nbsp;</x:td>
          <x:td id="ID_7203631" HAlignment="Left" VAlignment="Top" align="left" valign="top">&nbsp;</x:td>
          <x:td id="ID_7203632" HAlignment="Left" VAlignment="Top" align="left" valign="top">&nbsp;</x:td>
        </x:tr>
      </x:tbody>
    </x:table>
  </e:AD-2.18>
  <e:AD-2.19 id="EGSU-AD-2.19" Number="AD 2.19">
    <GreenBorder id="ID_7203634" />
    <e:Title id="ID_7203635">RADIO&nbsp;NAVIGATION&nbsp;AND&nbsp;LANDING&nbsp;AIDS</e:Title>
    <x:table id="ID_7203637" class="">
      <x:thead id="ID_7203638">
        <x:tr id="ID_7203639">
          <x:th id="ID_7203640" HAlignment="Left" VAlignment="Top" align="left" valign="top">
            <x:p id="ID_7203641">Type of Aid CAT&nbsp;of&nbsp;ILS/MLS</x:p>
            <x:p id="ID_7203642">(For VOR/ILS/MLS, give VAR)</x:p>
          </x:th>
          <x:th id="ID_7203643" HAlignment="Left" VAlignment="Top" align="left" valign="top">
            <x:p id="ID_7203644">Ident</x:p>
          </x:th>
          <x:th id="ID_7203645" HAlignment="Left" VAlignment="Top" align="left" valign="top">
            <x:p id="ID_7203646">Frequency</x:p>
            <x:p id="ID_7203647">channel number(s), service provider, and reference path identifier(s) (RPI)</x:p>
          </x:th>
          <x:th id="ID_7203648" HAlignment="Left" VAlignment="Top" align="left" valign="top">
            <x:p id="ID_7203649">Hours of Operation</x:p>
          </x:th>
          <x:th id="ID_7203650" HAlignment="Left" VAlignment="Top" align="left" valign="top">
            <x:p id="ID_7203651">Position of transmitting antenna co-ordinates</x:p>
          </x:th>
          <x:th id="ID_7203652" HAlignment="Left" VAlignment="Top" align="left" valign="top">
            <x:p id="ID_7203653">Elevation of DME transmitting antenna</x:p>
            <x:p id="ID_7203654">GBAS, SBAS, LTP, FTP values</x:p>
          </x:th>
          <x:th id="ID_7203655" HAlignment="Left" VAlignment="Top" align="left" valign="top">
            <x:p id="ID_7203656">Remarks</x:p>
          </x:th>
        </x:tr>
        <x:tr id="ID_7203657">
          <x:th id="ID_7203658" HAlignment="Left" VAlignment="Top" align="left" valign="top">1</x:th>
          <x:th id="ID_7203659" HAlignment="Left" VAlignment="Top" align="left" valign="top">2</x:th>
          <x:th id="ID_7203660" HAlignment="Left" VAlignment="Top" align="left" valign="top">3</x:th>
          <x:th id="ID_7203661" HAlignment="Left" VAlignment="Top" align="left" valign="top">4</x:th>
          <x:th id="ID_7203662" HAlignment="Left" VAlignment="Top" align="left" valign="top">5</x:th>
          <x:th id="ID_7203663" HAlignment="Left" VAlignment="Top" align="left" valign="top">6</x:th>
          <x:th id="ID_7203664" HAlignment="Left" VAlignment="Top" align="left" valign="top">7</x:th>
        </x:tr>
      </x:thead>
      <x:tbody id="ID_7203665">
        <x:tr id="ID_7203666">
          <x:td id="ID_7203667" HAlignment="Left" VAlignment="Top" align="left" valign="top">&nbsp;</x:td>
          <x:td id="ID_7203668" HAlignment="Left" VAlignment="Top" align="left" valign="top">&nbsp;</x:td>
          <x:td id="ID_7203669" HAlignment="Left" VAlignment="Top" align="left" valign="top">&nbsp;</x:td>
          <x:td id="ID_7203670" HAlignment="Left" VAlignment="Top" align="left" valign="top">&nbsp;</x:td>
          <x:td id="ID_7203671" HAlignment="Left" VAlignment="Top" align="left" valign="top">&nbsp;</x:td>
          <x:td id="ID_7203672" HAlignment="Left" VAlignment="Top" align="left" valign="top">&nbsp;</x:td>
          <x:td id="ID_7203673" HAlignment="Left" VAlignment="Top" align="left" valign="top">&nbsp;</x:td>
        </x:tr>
      </x:tbody>
    </x:table>
  </e:AD-2.19>
  <e:AD-2.20 id="EGSU-AD-2.20" Number="AD 2.20">
    <GreenBorder id="ID_7203675" />
    <e:Title id="ID_7203676">LOCAL&nbsp;AERODROME&nbsp;REGULATIONS</e:Title>
    <x:div class="RP">
      <x:span class="sdParams" style="display:none;">TRULES_PROC;RULES_PROC_ID;7461</x:span>
      <e:Sub-section Number="1" id="EGSU-AD-2.20.1">
        <e:Title id="ID_7203678">Airport Regulations</e:Title>
        <x:ol id="ID_7203679" class="Numbered">
          <x:li id="ID_7203680">
            <x:p id="ID_7203681">First 50 m of paved Runway 24 is sterile and is marked with yellow chevrons.</x:p>
          </x:li>
          <x:li id="ID_7203682">
            <x:p id="ID_7203683">Visiting aircraft must be insured in accordance with EU Regulation (EC) 785/2004. Art 7. Policies must include (where applicable) passenger legal liability insurance. Policies must also include the AV52E endorsement, proof of which may be requested on landing.</x:p>
          </x:li>
          <x:li id="ID_7203684">
            <x:p id="ID_7203685">Although Duxford has parallel runways they are not available for simultaneous use and are to be treated as one runway.</x:p>
          </x:li>
          <x:li id="ID_7203686">
            <x:p id="ID_7203687">Special rules are in force for special events. Relevant AICs give details.</x:p>
          </x:li>
          <x:li id="ID_7203688">
            <x:p id="ID_7203689">The aerodrome is only open to visitors during specified hours. Traffic operating outside the published opening times is private and Duxford based.</x:p>
          </x:li>
          <x:li id="ID_7203690">
            <x:p id="ID_7203691">Available for aircraft requiring to use a licensed aerodrome.</x:p>
          </x:li>
        </x:ol>
      </e:Sub-section>
      <e:Sub-section Number="2" id="EGSU-AD-2.20.2">
        <e:Title id="ID_7203693">Ground Movement</e:Title>
        <x:p id="ID_7203694">Not applicable.</x:p>
      </e:Sub-section>
      <e:Sub-section Number="3" id="EGSU-AD-2.20.3">
        <e:Title id="ID_7203696">CAT II/III Operations</e:Title>
        <x:p id="ID_7203697">Not applicable.</x:p>
      </e:Sub-section>
      <e:Sub-section Number="4" id="EGSU-AD-2.20.4">
        <e:Title id="ID_7203699">Warnings</e:Title>
        <x:ol id="ID_7203700" class="Numbered">
          <x:li id="ID_7203701">
            <x:p id="ID_7203702">Pilots of aircraft who are required to use a licensed aerodrome are cautioned that the taxiway strips are not suitable for use by aircraft whose wingspan exceeds 40 m. Other aircraft should use the taxiways with extreme caution due to the reduced obstacle clearance.</x:p>
          </x:li>
          <x:li id="ID_7203703">
            <x:p id="ID_7203704">Fighter and high performance aircraft regularly carry out non-standard manoeuvres and use NATO style joining procedures. Visiting pilots must call in plenty of time before entering ATZ.</x:p>
          </x:li>
          <x:li id="ID_7203705">
            <x:p id="ID_7203706">Pilots should not overfly the gas venting station southeast of the aerodrome below 3200 ft.</x:p>
          </x:li>
          <x:li id="ID_7203707">
            <x:p id="ID_7203708">Caution: Linton Zoo has birds of prey flying up to 2500 ft.</x:p>
          </x:li>
          <x:li id="ID_7203709">
            <x:p id="ID_7203710">Earth bank - mid-point *520537.00N 0000829.00E, 134 ft amsl.</x:p>
          </x:li>
        </x:ol>
      </e:Sub-section>
      <e:Sub-section Number="5" id="EGSU-AD-2.20.5">
        <e:Title id="ID_7203712">Helicopter Operations</e:Title>
        <x:p id="ID_7203713">Not applicable.</x:p>
      </e:Sub-section>
      <e:Sub-section Number="6" id="EGSU-AD-2.20.6">
        <e:Title id="ID_7203715">Use of Runways</e:Title>
        <x:p id="ID_7203716">Not applicable.</x:p>
      </e:Sub-section>
      <e:Sub-section Number="7" id="EGSU-AD-2.20.7">
        <e:Title id="ID_7203718">Training</e:Title>
        <x:ol id="ID_7203719" class="Numbered">
          <x:li id="ID_7203720">
            <x:p id="ID_7203721">All circuit training strictly PPR.</x:p>
          </x:li>
          <x:li id="ID_7203722">
            <x:p id="ID_7203723">Display practices must be booked in advance with Duxford ATC 01223-833376.</x:p>
          </x:li>
        </x:ol>
      </e:Sub-section>
    </x:div>
  </e:AD-2.20>
  <e:AD-2.21 id="EGSU-AD-2.21" Number="AD 2.21">
    <GreenBorder id="ID_7203725" />
    <e:Title id="ID_7203726">NOISE ABATEMENT PROCEDURES</e:Title>
    <x:div class="RP">
      <x:span class="sdParams" style="display:none;">TRULES_PROC;RULES_PROC_ID;7462</x:span>
      <x:ol id="ID_7203727" class="Numbered">
        <x:li id="ID_7203728">
          <x:p id="ID_7203729">Pilots should avoid overflying all local villages especially Duxford, Thriplow, Whittlesford and Fowlmere and the adjacent bird sanctuary.</x:p>
        </x:li>
      </x:ol>
    </x:div>
  </e:AD-2.21>
  <e:AD-2.22 id="EGSU-AD-2.22" Number="AD 2.22">
    <GreenBorder id="ID_7203731" />
    <e:Title id="ID_7203732">FLIGHT PROCEDURES</e:Title>
    <x:div class="RP">
      <x:span class="sdParams" style="display:none;">TRULES_PROC;RULES_PROC_ID;7463</x:span>
      <x:ol id="ID_7203733" class="Numbered">
        <x:li id="ID_7203734">
          <x:p id="ID_7203735">There are no overhead joins at Duxford to assist in deconfliction of circuit patterns.</x:p>
        </x:li>
        <x:li id="ID_7203736">
          <x:p id="ID_7203737">Circuit patterns are variable with no dead-side. It is therefore essential that pilots obtain a briefing from Duxford before departure whether inbound or outbound.</x:p>
        </x:li>
        <x:li id="ID_7203738">
          <x:p id="ID_7203739">Traffic departing Runway 06 continue straight ahead for 2 nm before turning (BP Roundabout). Traffic joining for Runway 24 LHC; join downwind and position for 2 nm final (BP Roundabout). Traffic joining for RWY 06 RHC join downwind. Traffic departing RWY 24 LHC<x:strong id="ID_7203741"> no right turn </x:strong>until passed Royston.</x:p>
        </x:li>
        <x:li id="ID_7203743">
          <x:p id="ID_7203744">The following inbound routes avoid infringements of Controlled Airspace around Stansted:</x:p>
          <x:ol id="ID_7203745" class="Numbered">
            <x:li id="ID_7203746">
              <x:p id="ID_7203747">inbounds from the south to pass west of Stansted: Route LAM VOR - BPK VOR - BKY VOR - Duxford AD;</x:p>
            </x:li>
            <x:li id="ID_7203748">
              <x:p id="ID_7203749">inbounds from the south to pass east of Stansted: Route Chelmsford VRP - Halstead - Haverhill VRP - Duxford AD;</x:p>
            </x:li>
            <x:li id="ID_7203750">
              <x:p id="ID_7203751">inbounds from the east: Route CLN VOR - Haverhill VRP - Duxford AD;</x:p>
            </x:li>
            <x:li id="ID_7203752">
              <x:p id="ID_7203753">inbounds from the north for Runway 06: Route via Sawston to join downwind;</x:p>
            </x:li>
            <x:li id="ID_7203754">
              <x:p id="ID_7203755">inbounds from the north for Runway 24: Route via Royston to join downwind.</x:p>
            </x:li>
          </x:ol>
          <x:div id="ID_7203756" class="Note">
            <x:p id="ID_7203757">Note: See AD 2-EGSS-4-1 for Stansted VRP depiction.</x:p>
          </x:div>
          <x:div id="ID_7203758" class="Note">
            <x:p id="ID_7203759">Note: Wethersfield glider site to be avoided (Opr Hgt 2000 ft agl).</x:p>
          </x:div>
        </x:li>
      </x:ol>
    </x:div>
  </e:AD-2.22>
  <e:AD-2.23 id="EGSU-AD-2.23" Number="AD 2.23">
    <GreenBorder id="ID_7203761" />
    <e:Title id="ID_7203762">ADDITIONAL INFORMATION</e:Title>
    <x:div class="RP">
      <x:span class="sdParams" style="display:none;">TRULES_PROC;RULES_PROC_ID;7464</x:span>
      <x:p id="ID_7203763">Not applicable.</x:p>
    </x:div>
  </e:AD-2.23>
  <e:AD-2.24 id="EGSU-AD-2.24" Number="AD 2.24">
    <GreenBorder id="ID_7203765" />
    <e:Title id="ID_7203766">CHARTS RELATED TO AN AERODROME</e:Title>
    <x:table id="ID_7203768" class="">
      <x:tbody id="ID_7203769">
        <x:tr id="ID_7203770">
          <x:td id="ID_7203771" HAlignment="Left" VAlignment="Top" align="left" valign="top">
            <x:p id="ID_7203772">
              <x:em id="ID_7203773" class="Italic">Figure: Aerodrome Chart - ICAO</x:em>
            </x:p>
          </x:td>
        </x:tr>
        <x:tr id="ID_7203774">
          <x:td id="ID_7203775" HAlignment="Left" VAlignment="Top" align="left" valign="top">
            <x:p id="ID_7203776">AD 2-EGAA-2-1</x:p>
          </x:td>
        </x:tr>
        <x:tr id="ID_7203777">
          <x:td id="ID_7203778" HAlignment="Left" VAlignment="Top" align="left" valign="top">&nbsp;</x:td>
        </x:tr>
        <x:tr id="ID_7203779">
          <x:td id="ID_7203780" HAlignment="Left" VAlignment="Top" align="left" valign="top">&nbsp;</x:td>
        </x:tr>
        <x:tr id="ID_7203781">
          <x:td id="ID_7203782" HAlignment="Left" VAlignment="Top" align="left" valign="top">&nbsp;</x:td>
        </x:tr>
        <x:tr id="ID_7203783">
          <x:td id="ID_7203784" HAlignment="Left" VAlignment="Top" align="left" valign="top">&nbsp;</x:td>
        </x:tr>
      </x:tbody>
    </x:table>
  </e:AD-2.24>
</e:Aerodrome>
