<?xml version="1.0" encoding="UTF-8"?>
<e:Aerodrome id="AD-2.EGTU" Ref="ICAO-EGTU" Title="DUNKESWELL" xmlns:e="http://www.eurocontrol.int/xmlns/AIM/eAIP" xmlns:x="http://www.w3.org/1999/xhtml" xmlns:xlink="http://www.w3.org/1999/xlink">
  <e:Title />
  <e:AD-2.1 id="EGTU-AD-2.1" Number="AD 2.1">
    <GreenBorder id="ID_7506101" />
    <e:Title id="ID_7506102">AERODROME LOCATION INDICATOR AND NAME</e:Title>
    <e:Generated />
  </e:AD-2.1>
  <e:AD-2.2 id="EGTU-AD-2.2" Number="AD 2.2">
    <GreenBorder id="ID_7506107" />
    <e:Title id="ID_7506108">AERODROME&nbsp;GEOGRAPHICAL&nbsp;AND&nbsp;ADMINISTRATIVE&nbsp;DATA</e:Title>
    <x:table id="ID_7506110" class="">
      <x:tbody id="ID_7506111">
        <x:tr id="ID_7506112">
          <x:td id="ID_7506113" HAlignment="Left" VAlignment="Top" align="left" valign="top">1</x:td>
          <x:td id="ID_7506114" HAlignment="Left" VAlignment="Top" align="left" valign="top">
            <x:p id="ID_7506115">ARP coordinates and site at AD</x:p>
          </x:td>
          <x:td id="ID_7506116" HAlignment="Left" VAlignment="Top" align="left" valign="top">&nbsp;</x:td>
        </x:tr>
        <x:tr id="ID_7506117">
          <x:td id="ID_7506118" HAlignment="Left" VAlignment="Top" align="left" valign="top">2</x:td>
          <x:td id="ID_7506119" HAlignment="Left" VAlignment="Top" align="left" valign="top">
            <x:p id="ID_7506120">Direction and distance from city</x:p>
          </x:td>
          <x:td id="ID_7506121" HAlignment="Left" VAlignment="Top" align="left" valign="top">&nbsp;</x:td>
        </x:tr>
        <x:tr id="ID_7506122">
          <x:td id="ID_7506123" HAlignment="Left" VAlignment="Top" align="left" valign="top">3</x:td>
          <x:td id="ID_7506124" HAlignment="Left" VAlignment="Top" align="left" valign="top">
            <x:p id="ID_7506125">Elevation / Reference temperature</x:p>
          </x:td>
          <x:td id="ID_7506126" HAlignment="Left" VAlignment="Top" align="left" valign="top">&nbsp;</x:td>
        </x:tr>
        <x:tr id="ID_7506127">
          <x:td id="ID_7506128" HAlignment="Left" VAlignment="Top" align="left" valign="top">4</x:td>
          <x:td id="ID_7506129" HAlignment="Left" VAlignment="Top" align="left" valign="top">
            <x:p id="ID_7506130">Geoid undulation at AD ELEV PSN</x:p>
          </x:td>
          <x:td id="ID_7506131" HAlignment="Left" VAlignment="Top" align="left" valign="top">&nbsp;</x:td>
        </x:tr>
        <x:tr id="ID_7506132">
          <x:td id="ID_7506133" HAlignment="Left" VAlignment="Top" align="left" valign="top">5</x:td>
          <x:td id="ID_7506134" HAlignment="Left" VAlignment="Top" align="left" valign="top">
            <x:p id="ID_7506135">Magnetic Variation / Annual Change</x:p>
          </x:td>
          <x:td id="ID_7506136" HAlignment="Left" VAlignment="Top" align="left" valign="top">&nbsp;</x:td>
        </x:tr>
        <x:tr id="ID_7506137">
          <x:td id="ID_7506138" HAlignment="Left" VAlignment="Top" align="left" valign="top">6</x:td>
          <x:td id="ID_7506139" HAlignment="Left" VAlignment="Top" align="left" valign="top">
            <x:p id="ID_7506140">AD Administration, address, telephone, telefax, AFS, e-mail address, website address</x:p>
          </x:td>
          <x:td id="ID_7506141" HAlignment="Left" VAlignment="Top" align="left" valign="top">&nbsp;</x:td>
        </x:tr>
        <x:tr id="ID_7506142">
          <x:td id="ID_7506143" HAlignment="Left" VAlignment="Top" align="left" valign="top">7</x:td>
          <x:td id="ID_7506144" HAlignment="Left" VAlignment="Top" align="left" valign="top">
            <x:p id="ID_7506145">Types of Traffic permitted (IFR/VFR)</x:p>
          </x:td>
          <x:td id="ID_7506146" HAlignment="Left" VAlignment="Top" align="left" valign="top">&nbsp;</x:td>
        </x:tr>
        <x:tr id="ID_7506147">
          <x:td id="ID_7506148" HAlignment="Left" VAlignment="Top" align="left" valign="top">8</x:td>
          <x:td id="ID_7506149" HAlignment="Left" VAlignment="Top" align="left" valign="top">
            <x:p id="ID_7506150">Remarks</x:p>
          </x:td>
          <x:td id="ID_7506151" HAlignment="Left" VAlignment="Top" align="left" valign="top">&nbsp;</x:td>
        </x:tr>
      </x:tbody>
    </x:table>
  </e:AD-2.2>
  <e:AD-2.3 id="EGTU-AD-2.3" Number="AD 2.3">
    <GreenBorder id="ID_7506153" />
    <e:Title id="ID_7506154">OPERATIONAL&nbsp;HOURS</e:Title>
    <x:table id="ID_7506156" class="">
      <x:tbody id="ID_7506157">
        <x:tr id="ID_7506158">
          <x:td id="ID_7506159" HAlignment="Left" VAlignment="Top" align="left" valign="top">1</x:td>
          <x:td id="ID_7506160" HAlignment="Left" VAlignment="Top" align="left" valign="top">
            <x:p id="ID_7506161">Aerodrome Operator</x:p>
          </x:td>
          <x:td id="ID_7506162" HAlignment="Left" VAlignment="Top" align="left" valign="top">&nbsp;</x:td>
        </x:tr>
        <x:tr id="ID_7506163">
          <x:td id="ID_7506164" HAlignment="Left" VAlignment="Top" align="left" valign="top">2</x:td>
          <x:td id="ID_7506165" HAlignment="Left" VAlignment="Top" align="left" valign="top">
            <x:p id="ID_7506166">Customs and Immigration</x:p>
          </x:td>
          <x:td id="ID_7506167" HAlignment="Left" VAlignment="Top" align="left" valign="top">
            <x:p id="ID_7506168" />
          </x:td>
        </x:tr>
        <x:tr id="ID_7506169">
          <x:td id="ID_7506170" HAlignment="Left" VAlignment="Top" align="left" valign="top">3</x:td>
          <x:td id="ID_7506171" HAlignment="Left" VAlignment="Top" align="left" valign="top">
            <x:p id="ID_7506172">Health and sanitation</x:p>
          </x:td>
          <x:td id="ID_7506173" HAlignment="Left" VAlignment="Top" align="left" valign="top">&nbsp;</x:td>
        </x:tr>
        <x:tr id="ID_7506174">
          <x:td id="ID_7506175" HAlignment="Left" VAlignment="Top" align="left" valign="top">4</x:td>
          <x:td id="ID_7506176" HAlignment="Left" VAlignment="Top" align="left" valign="top">
            <x:p id="ID_7506177">AIS Briefing Office</x:p>
          </x:td>
          <x:td id="ID_7506178" HAlignment="Left" VAlignment="Top" align="left" valign="top">&nbsp;</x:td>
        </x:tr>
        <x:tr id="ID_7506179">
          <x:td id="ID_7506180" HAlignment="Left" VAlignment="Top" align="left" valign="top">5</x:td>
          <x:td id="ID_7506181" HAlignment="Left" VAlignment="Top" align="left" valign="top">
            <x:p id="ID_7506182">ATS Reporting Office (ARO)</x:p>
          </x:td>
          <x:td id="ID_7506183" HAlignment="Left" VAlignment="Top" align="left" valign="top">&nbsp;</x:td>
        </x:tr>
        <x:tr id="ID_7506184">
          <x:td id="ID_7506185" HAlignment="Left" VAlignment="Top" align="left" valign="top">6</x:td>
          <x:td id="ID_7506186" HAlignment="Left" VAlignment="Top" align="left" valign="top">
            <x:p id="ID_7506187">MET Briefing Office</x:p>
          </x:td>
          <x:td id="ID_7506188" HAlignment="Left" VAlignment="Top" align="left" valign="top">&nbsp;</x:td>
        </x:tr>
        <x:tr id="ID_7506189">
          <x:td id="ID_7506190" HAlignment="Left" VAlignment="Top" align="left" valign="top">7</x:td>
          <x:td id="ID_7506191" HAlignment="Left" VAlignment="Top" align="left" valign="top">
            <x:p id="ID_7506192">Air Traffic Service</x:p>
          </x:td>
          <x:td id="ID_7506193" HAlignment="Left" VAlignment="Top" align="left" valign="top">&nbsp;</x:td>
        </x:tr>
        <x:tr id="ID_7506194">
          <x:td id="ID_7506195" HAlignment="Left" VAlignment="Top" align="left" valign="top">8</x:td>
          <x:td id="ID_7506196" HAlignment="Left" VAlignment="Top" align="left" valign="top">
            <x:p id="ID_7506197">Fuelling</x:p>
          </x:td>
          <x:td id="ID_7506198" HAlignment="Left" VAlignment="Top" align="left" valign="top">&nbsp;</x:td>
        </x:tr>
        <x:tr id="ID_7506199">
          <x:td id="ID_7506200" HAlignment="Left" VAlignment="Top" align="left" valign="top">9</x:td>
          <x:td id="ID_7506201" HAlignment="Left" VAlignment="Top" align="left" valign="top">
            <x:p id="ID_7506202">Handling</x:p>
          </x:td>
          <x:td id="ID_7506203" HAlignment="Left" VAlignment="Top" align="left" valign="top">&nbsp;</x:td>
        </x:tr>
        <x:tr id="ID_7506204">
          <x:td id="ID_7506205" HAlignment="Left" VAlignment="Top" align="left" valign="top">10</x:td>
          <x:td id="ID_7506206" HAlignment="Left" VAlignment="Top" align="left" valign="top">
            <x:p id="ID_7506207">Security</x:p>
          </x:td>
          <x:td id="ID_7506208" HAlignment="Left" VAlignment="Top" align="left" valign="top">&nbsp;</x:td>
        </x:tr>
        <x:tr id="ID_7506209">
          <x:td id="ID_7506210" HAlignment="Left" VAlignment="Top" align="left" valign="top">11</x:td>
          <x:td id="ID_7506211" HAlignment="Left" VAlignment="Top" align="left" valign="top">
            <x:p id="ID_7506212">De-icing</x:p>
          </x:td>
          <x:td id="ID_7506213" HAlignment="Left" VAlignment="Top" align="left" valign="top">&nbsp;</x:td>
        </x:tr>
        <x:tr id="ID_7506214">
          <x:td id="ID_7506215" HAlignment="Left" VAlignment="Top" align="left" valign="top">12</x:td>
          <x:td id="ID_7506216" HAlignment="Left" VAlignment="Top" align="left" valign="top">
            <x:p id="ID_7506217">Remarks</x:p>
          </x:td>
          <x:td id="ID_7506218" HAlignment="Left" VAlignment="Top" align="left" valign="top">&nbsp;</x:td>
        </x:tr>
      </x:tbody>
    </x:table>
  </e:AD-2.3>
  <e:AD-2.4 id="EGTU-AD-2.4" Number="AD 2.4">
    <GreenBorder id="ID_7506220" />
    <e:Title id="ID_7506221">HANDLING&nbsp;SERVICES&nbsp;AND&nbsp;FACILITIES</e:Title>
    <x:table id="ID_7506223" class="">
      <x:tbody id="ID_7506224">
        <x:tr id="ID_7506225">
          <x:td id="ID_7506226" HAlignment="Left" VAlignment="Top" align="left" valign="top">1</x:td>
          <x:td id="ID_7506227" HAlignment="Left" VAlignment="Top" align="left" valign="top">
            <x:p id="ID_7506228">Cargo handling facilities</x:p>
          </x:td>
          <x:td id="ID_7506229" HAlignment="Left" VAlignment="Top" align="left" valign="top">&nbsp;</x:td>
        </x:tr>
        <x:tr id="ID_7506230">
          <x:td id="ID_7506231" HAlignment="Left" VAlignment="Top" align="left" valign="top">2</x:td>
          <x:td id="ID_7506232" HAlignment="Left" VAlignment="Top" align="left" valign="top">
            <x:p id="ID_7506233">Fuel and oil types</x:p>
          </x:td>
          <x:td id="ID_7506234" HAlignment="Left" VAlignment="Top" align="left" valign="top">&nbsp;</x:td>
        </x:tr>
        <x:tr id="ID_7506235">
          <x:td id="ID_7506236" HAlignment="Left" VAlignment="Top" align="left" valign="top">3</x:td>
          <x:td id="ID_7506237" HAlignment="Left" VAlignment="Top" align="left" valign="top">
            <x:p id="ID_7506238">Fuelling facilities/capacity</x:p>
          </x:td>
          <x:td id="ID_7506239" HAlignment="Left" VAlignment="Top" align="left" valign="top">&nbsp;</x:td>
        </x:tr>
        <x:tr id="ID_7506240">
          <x:td id="ID_7506241" HAlignment="Left" VAlignment="Top" align="left" valign="top">4</x:td>
          <x:td id="ID_7506242" HAlignment="Left" VAlignment="Top" align="left" valign="top">
            <x:p id="ID_7506243">De-icing facilities</x:p>
          </x:td>
          <x:td id="ID_7506244" HAlignment="Left" VAlignment="Top" align="left" valign="top">&nbsp;</x:td>
        </x:tr>
        <x:tr id="ID_7506245">
          <x:td id="ID_7506246" HAlignment="Left" VAlignment="Top" align="left" valign="top">5</x:td>
          <x:td id="ID_7506247" HAlignment="Left" VAlignment="Top" align="left" valign="top">
            <x:p id="ID_7506248">Hangar space for visiting aircraft</x:p>
          </x:td>
          <x:td id="ID_7506249" HAlignment="Left" VAlignment="Top" align="left" valign="top">&nbsp;</x:td>
        </x:tr>
        <x:tr id="ID_7506250">
          <x:td id="ID_7506251" HAlignment="Left" VAlignment="Top" align="left" valign="top">6</x:td>
          <x:td id="ID_7506252" HAlignment="Left" VAlignment="Top" align="left" valign="top">
            <x:p id="ID_7506253">Repair facilities for visiting aircraft</x:p>
          </x:td>
          <x:td id="ID_7506254" HAlignment="Left" VAlignment="Top" align="left" valign="top">&nbsp;</x:td>
        </x:tr>
        <x:tr id="ID_7506255">
          <x:td id="ID_7506256" HAlignment="Left" VAlignment="Top" align="left" valign="top">7</x:td>
          <x:td id="ID_7506257" HAlignment="Left" VAlignment="Top" align="left" valign="top">
            <x:p id="ID_7506258">Remarks</x:p>
          </x:td>
          <x:td id="ID_7506259" HAlignment="Left" VAlignment="Top" align="left" valign="top">&nbsp;</x:td>
        </x:tr>
      </x:tbody>
    </x:table>
  </e:AD-2.4>
  <e:AD-2.5 id="EGTU-AD-2.5" Number="AD 2.5">
    <GreenBorder id="ID_7506261" />
    <e:Title id="ID_7506262">PASSENGER&nbsp;FACILITIES</e:Title>
    <x:table id="ID_7506264" class="">
      <x:tbody id="ID_7506265">
        <x:tr id="ID_7506266">
          <x:td id="ID_7506267" HAlignment="Left" VAlignment="Top" align="left" valign="top">1</x:td>
          <x:td id="ID_7506268" HAlignment="Left" VAlignment="Top" align="left" valign="top">
            <x:p id="ID_7506269">Hotels</x:p>
          </x:td>
          <x:td id="ID_7506270" HAlignment="Left" VAlignment="Top" align="left" valign="top">&nbsp;</x:td>
        </x:tr>
        <x:tr id="ID_7506271">
          <x:td id="ID_7506272" HAlignment="Left" VAlignment="Top" align="left" valign="top">2</x:td>
          <x:td id="ID_7506273" HAlignment="Left" VAlignment="Top" align="left" valign="top">
            <x:p id="ID_7506274">Restaurants</x:p>
          </x:td>
          <x:td id="ID_7506275" HAlignment="Left" VAlignment="Top" align="left" valign="top">&nbsp;</x:td>
        </x:tr>
        <x:tr id="ID_7506276">
          <x:td id="ID_7506277" HAlignment="Left" VAlignment="Top" align="left" valign="top">3</x:td>
          <x:td id="ID_7506278" HAlignment="Left" VAlignment="Top" align="left" valign="top">
            <x:p id="ID_7506279">Transportation</x:p>
          </x:td>
          <x:td id="ID_7506280" HAlignment="Left" VAlignment="Top" align="left" valign="top">&nbsp;</x:td>
        </x:tr>
        <x:tr id="ID_7506281">
          <x:td id="ID_7506282" HAlignment="Left" VAlignment="Top" align="left" valign="top">4</x:td>
          <x:td id="ID_7506283" HAlignment="Left" VAlignment="Top" align="left" valign="top">
            <x:p id="ID_7506284">Medical facilities</x:p>
          </x:td>
          <x:td id="ID_7506285" HAlignment="Left" VAlignment="Top" align="left" valign="top">&nbsp;</x:td>
        </x:tr>
        <x:tr id="ID_7506286">
          <x:td id="ID_7506287" HAlignment="Left" VAlignment="Top" align="left" valign="top">5</x:td>
          <x:td id="ID_7506288" HAlignment="Left" VAlignment="Top" align="left" valign="top">
            <x:p id="ID_7506289">Bank and Post Office</x:p>
          </x:td>
          <x:td id="ID_7506290" HAlignment="Left" VAlignment="Top" align="left" valign="top">&nbsp;</x:td>
        </x:tr>
        <x:tr id="ID_7506291">
          <x:td id="ID_7506292" HAlignment="Left" VAlignment="Top" align="left" valign="top">6</x:td>
          <x:td id="ID_7506293" HAlignment="Left" VAlignment="Top" align="left" valign="top">
            <x:p id="ID_7506294">Tourist Office</x:p>
          </x:td>
          <x:td id="ID_7506295" HAlignment="Left" VAlignment="Top" align="left" valign="top">&nbsp;</x:td>
        </x:tr>
        <x:tr id="ID_7506296">
          <x:td id="ID_7506297" HAlignment="Left" VAlignment="Top" align="left" valign="top">7</x:td>
          <x:td id="ID_7506298" HAlignment="Left" VAlignment="Top" align="left" valign="top">
            <x:p id="ID_7506299">Remarks</x:p>
          </x:td>
          <x:td id="ID_7506300" HAlignment="Left" VAlignment="Top" align="left" valign="top">&nbsp;</x:td>
        </x:tr>
      </x:tbody>
    </x:table>
  </e:AD-2.5>
  <e:AD-2.6 id="EGTU-AD-2.6" Number="AD 2.6">
    <GreenBorder id="ID_7506302" />
    <e:Title id="ID_7506303">RESCUE&nbsp;AND&nbsp;FIRE&nbsp;FIGHTING&nbsp;SERVICES</e:Title>
    <x:table id="ID_7506305" class="">
      <x:tbody id="ID_7506306">
        <x:tr id="ID_7506307">
          <x:td id="ID_7506308" HAlignment="Left" VAlignment="Top" align="left" valign="top">1</x:td>
          <x:td id="ID_7506309" HAlignment="Left" VAlignment="Top" align="left" valign="top">
            <x:p id="ID_7506310">AD category for fire fighting</x:p>
          </x:td>
          <x:td id="ID_7506311" HAlignment="Left" VAlignment="Top" align="left" valign="top">&nbsp;</x:td>
        </x:tr>
        <x:tr id="ID_7506312">
          <x:td id="ID_7506313" HAlignment="Left" VAlignment="Top" align="left" valign="top">2</x:td>
          <x:td id="ID_7506314" HAlignment="Left" VAlignment="Top" align="left" valign="top">
            <x:p id="ID_7506315">Rescue equipment</x:p>
          </x:td>
          <x:td id="ID_7506316" HAlignment="Left" VAlignment="Top" align="left" valign="top">&nbsp;</x:td>
        </x:tr>
        <x:tr id="ID_7506317">
          <x:td id="ID_7506318" HAlignment="Left" VAlignment="Top" align="left" valign="top">3</x:td>
          <x:td id="ID_7506319" HAlignment="Left" VAlignment="Top" align="left" valign="top">
            <x:p id="ID_7506320">Capability for removal of disabled aircraft</x:p>
          </x:td>
          <x:td id="ID_7506321" HAlignment="Left" VAlignment="Top" align="left" valign="top">&nbsp;</x:td>
        </x:tr>
        <x:tr id="ID_7506322">
          <x:td id="ID_7506323" HAlignment="Left" VAlignment="Top" align="left" valign="top">4</x:td>
          <x:td id="ID_7506324" HAlignment="Left" VAlignment="Top" align="left" valign="top">
            <x:p id="ID_7506325">Remarks</x:p>
          </x:td>
          <x:td id="ID_7506326" HAlignment="Left" VAlignment="Top" align="left" valign="top">&nbsp;</x:td>
        </x:tr>
      </x:tbody>
    </x:table>
  </e:AD-2.6>
  <e:AD-2.7 id="EGTU-AD-2.7" Number="AD 2.7">
    <GreenBorder id="ID_7506328" />
    <e:Title id="ID_7506329">SEASONAL&nbsp;AVAILABILITY&nbsp;-&nbsp;CLEARING</e:Title>
    <x:table id="ID_7506331" class="">
      <x:tbody id="ID_7506332">
        <x:tr id="ID_7506333">
          <x:td id="ID_7506334" HAlignment="Left" VAlignment="Top" align="left" valign="top">1</x:td>
          <x:td id="ID_7506335" HAlignment="Left" VAlignment="Top" align="left" valign="top">
            <x:p id="ID_7506336">Types of clearing equipment</x:p>
          </x:td>
          <x:td id="ID_7506337" HAlignment="Left" VAlignment="Top" align="left" valign="top">&nbsp;</x:td>
        </x:tr>
        <x:tr id="ID_7506338">
          <x:td id="ID_7506339" HAlignment="Left" VAlignment="Top" align="left" valign="top">2</x:td>
          <x:td id="ID_7506340" HAlignment="Left" VAlignment="Top" align="left" valign="top">
            <x:p id="ID_7506341">Clearance priorities</x:p>
          </x:td>
          <x:td id="ID_7506342" HAlignment="Left" VAlignment="Top" align="left" valign="top">&nbsp;</x:td>
        </x:tr>
        <x:tr id="ID_7506343">
          <x:td id="ID_7506344" HAlignment="Left" VAlignment="Top" align="left" valign="top">3</x:td>
          <x:td id="ID_7506345" HAlignment="Left" VAlignment="Top" align="left" valign="top">
            <x:p id="ID_7506346">Remarks</x:p>
          </x:td>
          <x:td id="ID_7506347" HAlignment="Left" VAlignment="Top" align="left" valign="top">&nbsp;</x:td>
        </x:tr>
      </x:tbody>
    </x:table>
  </e:AD-2.7>
  <e:AD-2.8 id="EGTU-AD-2.8" Number="AD 2.8">
    <GreenBorder id="ID_7506349" />
    <e:Title id="ID_7506350">APRONS,&nbsp;TAXIWAYS&nbsp;AND&nbsp;CHECK&nbsp;LOCATIONS/POSITIONS&nbsp;DATA</e:Title>
    <x:table id="ID_7506352" class="">
      <x:tbody id="ID_7506353">
        <x:tr id="ID_7506354">
          <x:td id="ID_7506355" HAlignment="Left" VAlignment="Top" align="left" valign="top">1</x:td>
          <x:td id="ID_7506356" HAlignment="Left" VAlignment="Top" align="left" valign="top">
            <x:p id="ID_7506357">Apron surface and strength</x:p>
          </x:td>
          <x:td id="ID_7506358" HAlignment="Left" VAlignment="Top" align="left" valign="top">&nbsp;</x:td>
        </x:tr>
        <x:tr id="ID_7506359">
          <x:td id="ID_7506360" HAlignment="Left" VAlignment="Top" align="left" valign="top">2</x:td>
          <x:td id="ID_7506361" HAlignment="Left" VAlignment="Top" align="left" valign="top">
            <x:p id="ID_7506362">Taxiway width, surface and strength</x:p>
          </x:td>
          <x:td id="ID_7506363" HAlignment="Left" VAlignment="Top" align="left" valign="top">&nbsp;</x:td>
        </x:tr>
        <x:tr id="ID_7506364">
          <x:td id="ID_7506365" HAlignment="Left" VAlignment="Top" align="left" valign="top">3</x:td>
          <x:td id="ID_7506366" HAlignment="Left" VAlignment="Top" align="left" valign="top">
            <x:p id="ID_7506367">Altimeter checkpoint location and elevation</x:p>
          </x:td>
          <x:td id="ID_7506368" HAlignment="Left" VAlignment="Top" align="left" valign="top">&nbsp;</x:td>
        </x:tr>
        <x:tr id="ID_7506369">
          <x:td id="ID_7506370" HAlignment="Left" VAlignment="Top" align="left" valign="top">4</x:td>
          <x:td id="ID_7506371" HAlignment="Left" VAlignment="Top" align="left" valign="top">
            <x:p id="ID_7506372">VOR checkpoints</x:p>
          </x:td>
          <x:td id="ID_7506373" HAlignment="Left" VAlignment="Top" align="left" valign="top">&nbsp;</x:td>
        </x:tr>
        <x:tr id="ID_7506374">
          <x:td id="ID_7506375" HAlignment="Left" VAlignment="Top" align="left" valign="top">5</x:td>
          <x:td id="ID_7506376" HAlignment="Left" VAlignment="Top" align="left" valign="top">
            <x:p id="ID_7506377">INS checkpoints</x:p>
          </x:td>
          <x:td id="ID_7506378" HAlignment="Left" VAlignment="Top" align="left" valign="top">&nbsp;</x:td>
        </x:tr>
        <x:tr id="ID_7506379">
          <x:td id="ID_7506380" HAlignment="Left" VAlignment="Top" align="left" valign="top">6</x:td>
          <x:td id="ID_7506381" HAlignment="Left" VAlignment="Top" align="left" valign="top">
            <x:p id="ID_7506382">Remarks</x:p>
          </x:td>
          <x:td id="ID_7506383" HAlignment="Left" VAlignment="Top" align="left" valign="top">&nbsp;</x:td>
        </x:tr>
      </x:tbody>
    </x:table>
  </e:AD-2.8>
  <e:AD-2.9 id="EGTU-AD-2.9" Number="AD 2.9">
    <GreenBorder id="ID_7506385" />
    <e:Title id="ID_7506386">SURFACE&nbsp;MOVEMENT&nbsp;GUIDANCE&nbsp;AND&nbsp;CONTROL&nbsp;SYSTEM&nbsp;AND&nbsp;MARKINGS</e:Title>
    <x:table id="ID_7506388" class="">
      <x:tbody id="ID_7506389">
        <x:tr id="ID_7506390">
          <x:td id="ID_7506391" HAlignment="Left" VAlignment="Top" align="left" valign="top">1</x:td>
          <x:td id="ID_7506392" HAlignment="Left" VAlignment="Top" align="left" valign="top">
            <x:p id="ID_7506393">Use of aircraft stand ID signs, TWY guide lines and visual docking/parking guidance system of aircraft stands</x:p>
          </x:td>
          <x:td id="ID_7506394" HAlignment="Left" VAlignment="Top" align="left" valign="top">&nbsp;</x:td>
        </x:tr>
        <x:tr id="ID_7506395">
          <x:td id="ID_7506396" HAlignment="Left" VAlignment="Top" align="left" valign="top">2</x:td>
          <x:td id="ID_7506397" HAlignment="Left" VAlignment="Top" align="left" valign="top">
            <x:p id="ID_7506398">Runway and taxiway markings and lighting</x:p>
          </x:td>
          <x:td id="ID_7506399" HAlignment="Left" VAlignment="Top" align="left" valign="top">&nbsp;</x:td>
        </x:tr>
        <x:tr id="ID_7506400">
          <x:td id="ID_7506401" HAlignment="Left" VAlignment="Top" align="left" valign="top">3</x:td>
          <x:td id="ID_7506402" HAlignment="Left" VAlignment="Top" align="left" valign="top">
            <x:p id="ID_7506403">Stop bars</x:p>
          </x:td>
          <x:td id="ID_7506404" HAlignment="Left" VAlignment="Top" align="left" valign="top">&nbsp;</x:td>
        </x:tr>
        <x:tr id="ID_7506405">
          <x:td id="ID_7506406" HAlignment="Left" VAlignment="Top" align="left" valign="top">4</x:td>
          <x:td id="ID_7506407" HAlignment="Left" VAlignment="Top" align="left" valign="top">
            <x:p id="ID_7506408">Remarks</x:p>
          </x:td>
          <x:td id="ID_7506409" HAlignment="Left" VAlignment="Top" align="left" valign="top">&nbsp;</x:td>
        </x:tr>
      </x:tbody>
    </x:table>
  </e:AD-2.9>
  <e:AD-2.10 id="EGTU-AD-2.10" Number="AD 2.10">
    <GreenBorder id="ID_7506411" />
    <e:Title id="ID_7506412">AERODROME&nbsp;OBSTACLES</e:Title>
    <x:table id="ID_7506414" class="">
      <x:thead id="ID_7506415">
        <x:tr id="ID_7506416">
          <x:th id="ID_7506417" HAlignment="Center" VAlignment="Top" colspan="6" align="center" valign="top">
            <x:p id="ID_7506418">In Approach/Take-off areas</x:p>
          </x:th>
        </x:tr>
        <x:tr id="ID_7506419">
          <x:th id="ID_7506420" HAlignment="Left" VAlignment="Top" align="left" valign="top">
            <x:p id="ID_7506421">Obstacle ID/Designation</x:p>
          </x:th>
          <x:th id="ID_7506422" HAlignment="Left" VAlignment="Top" align="left" valign="top">
            <x:p id="ID_7506423">Obstacle Type</x:p>
          </x:th>
          <x:th id="ID_7506424" HAlignment="Left" VAlignment="Top" align="left" valign="top">
            <x:p id="ID_7506425">Obstacle Position</x:p>
          </x:th>
          <x:th id="ID_7506426" HAlignment="Left" VAlignment="Top" align="left" valign="top">
            <x:p id="ID_7506427">Elevation/Height</x:p>
          </x:th>
          <x:th id="ID_7506428" HAlignment="Left" VAlignment="Top" align="left" valign="top">
            <x:p id="ID_7506429">Obstruction Lighting Type/Colour</x:p>
          </x:th>
          <x:th id="ID_7506430" HAlignment="Left" VAlignment="Top" align="left" valign="top">
            <x:p id="ID_7506431">Remarks</x:p>
          </x:th>
        </x:tr>
        <x:tr id="ID_7506432">
          <x:th id="ID_7506433" HAlignment="Left" VAlignment="Top" align="left" valign="top">1</x:th>
          <x:th id="ID_7506434" HAlignment="Left" VAlignment="Top" align="left" valign="top">2</x:th>
          <x:th id="ID_7506435" HAlignment="Left" VAlignment="Top" align="left" valign="top">3</x:th>
          <x:th id="ID_7506436" HAlignment="Left" VAlignment="Top" align="left" valign="top">4</x:th>
          <x:th id="ID_7506437" HAlignment="Left" VAlignment="Top" align="left" valign="top">5</x:th>
          <x:th id="ID_7506438" HAlignment="Left" VAlignment="Top" align="left" valign="top">6</x:th>
        </x:tr>
      </x:thead>
      <x:tbody id="ID_7506439">
        <x:tr id="ID_7506440">
          <x:td id="ID_7506441" HAlignment="Left" VAlignment="Top" align="left" valign="top">&nbsp;</x:td>
          <x:td id="ID_7506442" HAlignment="Left" VAlignment="Top" align="left" valign="top">&nbsp;</x:td>
          <x:td id="ID_7506443" HAlignment="Left" VAlignment="Top" align="left" valign="top">&nbsp;</x:td>
          <x:td id="ID_7506444" HAlignment="Left" VAlignment="Top" align="left" valign="top">&nbsp;</x:td>
          <x:td id="ID_7506445" HAlignment="Left" VAlignment="Top" align="left" valign="top">&nbsp;</x:td>
          <x:td id="ID_7506446" HAlignment="Left" VAlignment="Top" align="left" valign="top">&nbsp;</x:td>
        </x:tr>
      </x:tbody>
    </x:table>
    <x:table id="ID_7506448" class="">
      <x:thead id="ID_7506449">
        <x:tr id="ID_7506450">
          <x:th id="ID_7506451" HAlignment="Center" VAlignment="Top" colspan="6" align="center" valign="top">
            <x:p id="ID_7506452">In circling area and at aerodrome</x:p>
          </x:th>
        </x:tr>
        <x:tr id="ID_7506453">
          <x:th id="ID_7506454" HAlignment="Left" VAlignment="Top" align="left" valign="top">
            <x:p id="ID_7506455">Obstacle ID/Designation</x:p>
          </x:th>
          <x:th id="ID_7506456" HAlignment="Left" VAlignment="Top" align="left" valign="top">
            <x:p id="ID_7506457">Obstacle Type</x:p>
          </x:th>
          <x:th id="ID_7506458" HAlignment="Left" VAlignment="Top" align="left" valign="top">
            <x:p id="ID_7506459">Obstacle Position</x:p>
          </x:th>
          <x:th id="ID_7506460" HAlignment="Left" VAlignment="Top" align="left" valign="top">
            <x:p id="ID_7506461">Elevation/Height</x:p>
          </x:th>
          <x:th id="ID_7506462" HAlignment="Left" VAlignment="Top" align="left" valign="top">
            <x:p id="ID_7506463">Obstruction Lighting Type/Colour</x:p>
          </x:th>
          <x:th id="ID_7506464" HAlignment="Left" VAlignment="Top" align="left" valign="top">
            <x:p id="ID_7506465">Remarks</x:p>
          </x:th>
        </x:tr>
        <x:tr id="ID_7506466">
          <x:th id="ID_7506467" HAlignment="Left" VAlignment="Top" align="left" valign="top">1</x:th>
          <x:th id="ID_7506468" HAlignment="Left" VAlignment="Top" align="left" valign="top">2</x:th>
          <x:th id="ID_7506469" HAlignment="Left" VAlignment="Top" align="left" valign="top">3</x:th>
          <x:th id="ID_7506470" HAlignment="Left" VAlignment="Top" align="left" valign="top">4</x:th>
          <x:th id="ID_7506471" HAlignment="Left" VAlignment="Top" align="left" valign="top">5</x:th>
          <x:th id="ID_7506472" HAlignment="Left" VAlignment="Top" align="left" valign="top">6</x:th>
        </x:tr>
      </x:thead>
      <x:tbody id="ID_7506473">
        <x:tr id="ID_7506474">
          <x:td id="ID_7506475" HAlignment="Left" VAlignment="Top" align="left" valign="top">&nbsp;</x:td>
          <x:td id="ID_7506476" HAlignment="Left" VAlignment="Top" align="left" valign="top">&nbsp;</x:td>
          <x:td id="ID_7506477" HAlignment="Left" VAlignment="Top" align="left" valign="top">&nbsp;</x:td>
          <x:td id="ID_7506478" HAlignment="Left" VAlignment="Top" align="left" valign="top">&nbsp;</x:td>
          <x:td id="ID_7506479" HAlignment="Left" VAlignment="Top" align="left" valign="top">&nbsp;</x:td>
          <x:td id="ID_7506480" HAlignment="Left" VAlignment="Top" align="left" valign="top">&nbsp;</x:td>
        </x:tr>
      </x:tbody>
    </x:table>
  </e:AD-2.10>
  <e:AD-2.11 id="EGTU-AD-2.11" Number="AD 2.11">
    <GreenBorder id="ID_7506482" />
    <e:Title id="ID_7506483">METEOROLOGICAL&nbsp;INFORMATION&nbsp;PROVIDED</e:Title>
    <x:table id="ID_7506485" class="">
      <x:tbody id="ID_7506486">
        <x:tr id="ID_7506487">
          <x:td id="ID_7506488" HAlignment="Left" VAlignment="Top" align="left" valign="top">1</x:td>
          <x:td id="ID_7506489" HAlignment="Left" VAlignment="Top" align="left" valign="top">
            <x:p id="ID_7506490">Associated MET Office</x:p>
          </x:td>
          <x:td id="ID_7506491" HAlignment="Left" VAlignment="Top" align="left" valign="top">&nbsp;</x:td>
        </x:tr>
        <x:tr id="ID_7506492">
          <x:td id="ID_7506493" HAlignment="Left" VAlignment="Top" align="left" valign="top">2</x:td>
          <x:td id="ID_7506494" HAlignment="Left" VAlignment="Top" align="left" valign="top">
            <x:p id="ID_7506495">Hours of service</x:p>
            <x:p id="ID_7506496">MET Office outside hours</x:p>
          </x:td>
          <x:td id="ID_7506497" HAlignment="Left" VAlignment="Top" align="left" valign="top">&nbsp;</x:td>
        </x:tr>
        <x:tr id="ID_7506498">
          <x:td id="ID_7506499" HAlignment="Left" VAlignment="Top" align="left" valign="top">3</x:td>
          <x:td id="ID_7506500" HAlignment="Left" VAlignment="Top" align="left" valign="top">
            <x:p id="ID_7506501">Office responsible for TAF preparation</x:p>
            <x:p id="ID_7506502">Periods of validity</x:p>
          </x:td>
          <x:td id="ID_7506503" HAlignment="Left" VAlignment="Top" align="left" valign="top">&nbsp;</x:td>
        </x:tr>
        <x:tr id="ID_7506504">
          <x:td id="ID_7506505" HAlignment="Left" VAlignment="Top" align="left" valign="top">4</x:td>
          <x:td id="ID_7506506" HAlignment="Left" VAlignment="Top" align="left" valign="top">
            <x:p id="ID_7506507">Trend forecast</x:p>
            <x:p id="ID_7506508">Interval of issuance</x:p>
          </x:td>
          <x:td id="ID_7506509" HAlignment="Left" VAlignment="Top" align="left" valign="top">&nbsp;</x:td>
        </x:tr>
        <x:tr id="ID_7506510">
          <x:td id="ID_7506511" HAlignment="Left" VAlignment="Top" align="left" valign="top">5</x:td>
          <x:td id="ID_7506512" HAlignment="Left" VAlignment="Top" align="left" valign="top">
            <x:p id="ID_7506513">Briefing/consultation provided</x:p>
          </x:td>
          <x:td id="ID_7506514" HAlignment="Left" VAlignment="Top" align="left" valign="top">&nbsp;</x:td>
        </x:tr>
        <x:tr id="ID_7506515">
          <x:td id="ID_7506516" HAlignment="Left" VAlignment="Top" align="left" valign="top">6</x:td>
          <x:td id="ID_7506517" HAlignment="Left" VAlignment="Top" align="left" valign="top">
            <x:p id="ID_7506518">Flight documentation</x:p>
            <x:p id="ID_7506519">Language(s) used</x:p>
          </x:td>
          <x:td id="ID_7506520" HAlignment="Left" VAlignment="Top" align="left" valign="top">&nbsp;</x:td>
        </x:tr>
        <x:tr id="ID_7506521">
          <x:td id="ID_7506522" HAlignment="Left" VAlignment="Top" align="left" valign="top">7</x:td>
          <x:td id="ID_7506523" HAlignment="Left" VAlignment="Top" align="left" valign="top">
            <x:p id="ID_7506524">Charts and other information available for briefing or consultation</x:p>
          </x:td>
          <x:td id="ID_7506525" HAlignment="Left" VAlignment="Top" align="left" valign="top">&nbsp;</x:td>
        </x:tr>
        <x:tr id="ID_7506526">
          <x:td id="ID_7506527" HAlignment="Left" VAlignment="Top" align="left" valign="top">8</x:td>
          <x:td id="ID_7506528" HAlignment="Left" VAlignment="Top" align="left" valign="top">
            <x:p id="ID_7506529">Supplementary equipment available for providing information</x:p>
          </x:td>
          <x:td id="ID_7506530" HAlignment="Left" VAlignment="Top" align="left" valign="top">&nbsp;</x:td>
        </x:tr>
        <x:tr id="ID_7506531">
          <x:td id="ID_7506532" HAlignment="Left" VAlignment="Top" align="left" valign="top">9</x:td>
          <x:td id="ID_7506533" HAlignment="Left" VAlignment="Top" align="left" valign="top">
            <x:p id="ID_7506534">ATS units provided with information</x:p>
          </x:td>
          <x:td id="ID_7506535" HAlignment="Left" VAlignment="Top" align="left" valign="top">&nbsp;</x:td>
        </x:tr>
        <x:tr id="ID_7506536">
          <x:td id="ID_7506537" HAlignment="Left" VAlignment="Top" align="left" valign="top">10</x:td>
          <x:td id="ID_7506538" HAlignment="Left" VAlignment="Top" align="left" valign="top">
            <x:p id="ID_7506539">Additional information (limitation of service, etc.)</x:p>
          </x:td>
          <x:td id="ID_7506540" HAlignment="Left" VAlignment="Top" align="left" valign="top">&nbsp;</x:td>
        </x:tr>
      </x:tbody>
    </x:table>
  </e:AD-2.11>
  <e:AD-2.12 id="EGTU-AD-2.12" Number="AD 2.12">
    <GreenBorder id="ID_7506542" />
    <e:Title id="ID_7506543">RUNWAY&nbsp;PHYSICAL&nbsp;CHARACTERISTICS</e:Title>
    <x:table id="ID_7506545" class="">
      <x:thead id="ID_7506546">
        <x:tr id="ID_7506547">
          <x:th id="ID_7506548" HAlignment="Left" VAlignment="Top" align="left" valign="top">
            <x:p id="ID_7506549">Designations RWY Number</x:p>
          </x:th>
          <x:th id="ID_7506550" HAlignment="Left" VAlignment="Top" align="left" valign="top">
            <x:p id="ID_7506551">True bearing</x:p>
          </x:th>
          <x:th id="ID_7506552" HAlignment="Left" VAlignment="Top" align="left" valign="top">
            <x:p id="ID_7506553">Dimensions of RWY</x:p>
          </x:th>
          <x:th id="ID_7506554" HAlignment="Left" VAlignment="Top" align="left" valign="top">
            <x:p id="ID_7506555">Surface of RWY/ SWY/ </x:p>
            <x:p id="ID_7506556">Strength (PCN)</x:p>
          </x:th>
          <x:th id="ID_7506557" HAlignment="Left" VAlignment="Top" align="left" valign="top">
            <x:p id="ID_7506558">THR co-ordinates/</x:p>
            <x:p id="ID_7506559">THR Geoid undulation</x:p>
          </x:th>
          <x:th id="ID_7506560" HAlignment="Left" VAlignment="Top" align="left" valign="top">
            <x:p id="ID_7506561">THR elevation/ Highest elevation of TDZ of precision APP RWY</x:p>
          </x:th>
        </x:tr>
        <x:tr id="ID_7506562">
          <x:th id="ID_7506563" HAlignment="Left" VAlignment="Top" align="left" valign="top">1</x:th>
          <x:th id="ID_7506564" HAlignment="Left" VAlignment="Top" align="left" valign="top">2</x:th>
          <x:th id="ID_7506565" HAlignment="Left" VAlignment="Top" align="left" valign="top">3</x:th>
          <x:th id="ID_7506566" HAlignment="Left" VAlignment="Top" align="left" valign="top">4</x:th>
          <x:th id="ID_7506567" HAlignment="Left" VAlignment="Top" align="left" valign="top">5</x:th>
          <x:th id="ID_7506568" HAlignment="Left" VAlignment="Top" align="left" valign="top">6</x:th>
        </x:tr>
      </x:thead>
      <x:tbody id="ID_7506569">
        <x:tr id="ID_7506570">
          <x:td id="ID_7506571" HAlignment="Left" VAlignment="Top" align="left" valign="top">&nbsp;</x:td>
          <x:td id="ID_7506572" HAlignment="Left" VAlignment="Top" align="left" valign="top">&nbsp;</x:td>
          <x:td id="ID_7506573" HAlignment="Left" VAlignment="Top" align="left" valign="top">&nbsp;</x:td>
          <x:td id="ID_7506574" HAlignment="Left" VAlignment="Top" align="left" valign="top">&nbsp;</x:td>
          <x:td id="ID_7506575" HAlignment="Left" VAlignment="Top" align="left" valign="top">&nbsp;</x:td>
          <x:td id="ID_7506576" HAlignment="Left" VAlignment="Top" align="left" valign="top">&nbsp;</x:td>
        </x:tr>
        <x:tr id="ID_7506577">
          <x:td id="ID_7506578" HAlignment="Left" VAlignment="Top" align="left" valign="top">&nbsp;</x:td>
          <x:td id="ID_7506579" HAlignment="Left" VAlignment="Top" align="left" valign="top">&nbsp;</x:td>
          <x:td id="ID_7506580" HAlignment="Left" VAlignment="Top" align="left" valign="top">&nbsp;</x:td>
          <x:td id="ID_7506581" HAlignment="Left" VAlignment="Top" align="left" valign="top">&nbsp;</x:td>
          <x:td id="ID_7506582" HAlignment="Left" VAlignment="Top" align="left" valign="top">&nbsp;</x:td>
          <x:td id="ID_7506583" HAlignment="Left" VAlignment="Top" align="left" valign="top">&nbsp;</x:td>
        </x:tr>
      </x:tbody>
    </x:table>
    <x:table id="ID_7506585" class="">
      <x:thead id="ID_7506586">
        <x:tr id="ID_7506587">
          <x:th id="ID_7506588" HAlignment="Left" VAlignment="Top" colspan="3" align="left" valign="top">
            <x:p id="ID_7506589">Slope of RWY/</x:p>
            <x:p id="ID_7506590">SWY</x:p>
          </x:th>
          <x:th id="ID_7506591" HAlignment="Left" VAlignment="Top" align="left" valign="top">
            <x:p id="ID_7506592">SWY dimensions</x:p>
          </x:th>
          <x:th id="ID_7506593" HAlignment="Left" VAlignment="Top" align="left" valign="top">
            <x:p id="ID_7506594">Clearway dimensions</x:p>
          </x:th>
          <x:th id="ID_7506595" HAlignment="Left" VAlignment="Top" align="left" valign="top">
            <x:p id="ID_7506596">Strip dimensions</x:p>
          </x:th>
          <x:th id="ID_7506597" HAlignment="Left" VAlignment="Top" align="left" valign="top">
            <x:p id="ID_7506598">OFZ</x:p>
          </x:th>
          <x:th id="ID_7506599" HAlignment="Left" VAlignment="Top" align="left" valign="top">
            <x:p id="ID_7506600">Remarks</x:p>
          </x:th>
        </x:tr>
        <x:tr id="ID_7506601">
          <x:th id="ID_7506602" HAlignment="Left" VAlignment="Top" colspan="3" align="left" valign="top">7</x:th>
          <x:th id="ID_7506603" HAlignment="Left" VAlignment="Top" align="left" valign="top">8</x:th>
          <x:th id="ID_7506604" HAlignment="Left" VAlignment="Top" align="left" valign="top">9</x:th>
          <x:th id="ID_7506605" HAlignment="Left" VAlignment="Top" align="left" valign="top">10</x:th>
          <x:th id="ID_7506606" HAlignment="Left" VAlignment="Top" align="left" valign="top">11</x:th>
          <x:th id="ID_7506607" HAlignment="Left" VAlignment="Top" align="left" valign="top">12</x:th>
        </x:tr>
      </x:thead>
      <x:tbody id="ID_7506608">
        <x:tr id="ID_7506609">
          <x:td id="ID_7506610" HAlignment="Left" VAlignment="Top" colspan="3" align="left" valign="top">&nbsp;</x:td>
          <x:td id="ID_7506611" HAlignment="Left" VAlignment="Top" align="left" valign="top">&nbsp;</x:td>
          <x:td id="ID_7506612" HAlignment="Left" VAlignment="Top" align="left" valign="top">&nbsp;</x:td>
          <x:td id="ID_7506613" HAlignment="Left" VAlignment="Top" align="left" valign="top">&nbsp;</x:td>
          <x:td id="ID_7506614" HAlignment="Left" VAlignment="Top" align="left" valign="top">&nbsp;</x:td>
          <x:td id="ID_7506615" HAlignment="Left" VAlignment="Top" align="left" valign="top">&nbsp;</x:td>
        </x:tr>
        <x:tr id="ID_7506616">
          <x:td id="ID_7506617" HAlignment="Left" VAlignment="Top" colspan="3" align="left" valign="top">&nbsp;</x:td>
          <x:td id="ID_7506618" HAlignment="Left" VAlignment="Top" align="left" valign="top">&nbsp;</x:td>
          <x:td id="ID_7506619" HAlignment="Left" VAlignment="Top" align="left" valign="top">&nbsp;</x:td>
          <x:td id="ID_7506620" HAlignment="Left" VAlignment="Top" align="left" valign="top">&nbsp;</x:td>
          <x:td id="ID_7506621" HAlignment="Left" VAlignment="Top" align="left" valign="top">&nbsp;</x:td>
          <x:td id="ID_7506622" HAlignment="Left" VAlignment="Top" align="left" valign="top">&nbsp;</x:td>
        </x:tr>
      </x:tbody>
    </x:table>
  </e:AD-2.12>
  <e:AD-2.13 id="EGTU-AD-2.13" Number="AD 2.13">
    <GreenBorder id="ID_7506624" />
    <e:Title id="ID_7506625">DECLARED&nbsp;DISTANCES</e:Title>
    <x:table id="ID_7506627" class="">
      <x:thead id="ID_7506628">
        <x:tr id="ID_7506629">
          <x:th id="ID_7506630" HAlignment="Left" VAlignment="Top" align="left" valign="top">
            <x:p id="ID_7506631">Runway designator</x:p>
          </x:th>
          <x:th id="ID_7506632" HAlignment="Left" VAlignment="Top" align="left" valign="top">
            <x:p id="ID_7506633">TORA</x:p>
          </x:th>
          <x:th id="ID_7506634" HAlignment="Left" VAlignment="Top" align="left" valign="top">
            <x:p id="ID_7506635">TODA</x:p>
          </x:th>
          <x:th id="ID_7506636" HAlignment="Left" VAlignment="Top" align="left" valign="top">
            <x:p id="ID_7506637">ASDA</x:p>
          </x:th>
          <x:th id="ID_7506638" HAlignment="Left" VAlignment="Top" align="left" valign="top">
            <x:p id="ID_7506639">LDA</x:p>
          </x:th>
          <x:th id="ID_7506640" HAlignment="Left" VAlignment="Top" align="left" valign="top">
            <x:p id="ID_7506641">Remarks</x:p>
          </x:th>
        </x:tr>
        <x:tr id="ID_7506642">
          <x:th id="ID_7506643" HAlignment="Left" VAlignment="Top" align="left" valign="top">1</x:th>
          <x:th id="ID_7506644" HAlignment="Left" VAlignment="Top" align="left" valign="top">2</x:th>
          <x:th id="ID_7506645" HAlignment="Left" VAlignment="Top" align="left" valign="top">3</x:th>
          <x:th id="ID_7506646" HAlignment="Left" VAlignment="Top" align="left" valign="top">4</x:th>
          <x:th id="ID_7506647" HAlignment="Left" VAlignment="Top" align="left" valign="top">5</x:th>
          <x:th id="ID_7506648" HAlignment="Left" VAlignment="Top" align="left" valign="top">6</x:th>
        </x:tr>
      </x:thead>
      <x:tbody id="ID_7506649">
        <x:tr id="ID_7506650">
          <x:td id="ID_7506651" HAlignment="Left" VAlignment="Top" align="left" valign="top">&nbsp;</x:td>
          <x:td id="ID_7506652" HAlignment="Left" VAlignment="Top" align="left" valign="top">&nbsp;</x:td>
          <x:td id="ID_7506653" HAlignment="Left" VAlignment="Top" align="left" valign="top">&nbsp;</x:td>
          <x:td id="ID_7506654" HAlignment="Left" VAlignment="Top" align="left" valign="top">&nbsp;</x:td>
          <x:td id="ID_7506655" HAlignment="Left" VAlignment="Top" align="left" valign="top">&nbsp;</x:td>
          <x:td id="ID_7506656" HAlignment="Left" VAlignment="Top" align="left" valign="top">&nbsp;</x:td>
        </x:tr>
        <x:tr id="ID_7506657">
          <x:td id="ID_7506658" HAlignment="Left" VAlignment="Top" align="left" valign="top">&nbsp;</x:td>
          <x:td id="ID_7506659" HAlignment="Left" VAlignment="Top" align="left" valign="top">&nbsp;</x:td>
          <x:td id="ID_7506660" HAlignment="Left" VAlignment="Top" align="left" valign="top">&nbsp;</x:td>
          <x:td id="ID_7506661" HAlignment="Left" VAlignment="Top" align="left" valign="top">&nbsp;</x:td>
          <x:td id="ID_7506662" HAlignment="Left" VAlignment="Top" align="left" valign="top">&nbsp;</x:td>
          <x:td id="ID_7506663" HAlignment="Left" VAlignment="Top" align="left" valign="top">&nbsp;</x:td>
        </x:tr>
      </x:tbody>
    </x:table>
  </e:AD-2.13>
  <e:AD-2.14 id="EGTU-AD-2.14" Number="AD 2.14">
    <GreenBorder id="ID_7506665" />
    <e:Title id="ID_7506666">APPROACH&nbsp;AND&nbsp;RUNWAY&nbsp;LIGHTING</e:Title>
    <x:table id="ID_7506668" class="">
      <x:thead id="ID_7506669">
        <x:tr id="ID_7506670">
          <x:th id="ID_7506671" HAlignment="Left" VAlignment="Top" align="left" valign="top">
            <x:p id="ID_7506672">RWY</x:p>
          </x:th>
          <x:th id="ID_7506673" HAlignment="Left" VAlignment="Top" align="left" valign="top">
            <x:p id="ID_7506674">Approach Lighting Type/</x:p>
            <x:p id="ID_7506675">Length/</x:p>
            <x:p id="ID_7506676">Intensity</x:p>
          </x:th>
          <x:th id="ID_7506677" HAlignment="Left" VAlignment="Top" align="left" valign="top">
            <x:p id="ID_7506678">Threshold lighting</x:p>
            <x:p id="ID_7506679">Colour/ </x:p>
            <x:p id="ID_7506680">Wing bars</x:p>
          </x:th>
          <x:th id="ID_7506681" HAlignment="Left" VAlignment="Top" align="left" valign="top">
            <x:p id="ID_7506682">VASIS/</x:p>
            <x:p id="ID_7506683">MEHT/</x:p>
            <x:p id="ID_7506684">PAPI</x:p>
          </x:th>
          <x:th id="ID_7506685" HAlignment="Left" VAlignment="Top" align="left" valign="top">
            <x:p id="ID_7506686">TDZ lighting</x:p>
            <x:p id="ID_7506687">Length</x:p>
          </x:th>
          <x:th id="ID_7506688" HAlignment="Left" VAlignment="Top" align="left" valign="top">
            <x:p id="ID_7506689">Runway Centre Line lighting</x:p>
            <x:p id="ID_7506690">Length/</x:p>
            <x:p id="ID_7506691">Spacing/</x:p>
            <x:p id="ID_7506692">Colour/</x:p>
            <x:p id="ID_7506693">Intensity</x:p>
          </x:th>
          <x:th id="ID_7506694" HAlignment="Left" VAlignment="Top" align="left" valign="top">
            <x:p id="ID_7506695">Runway edge lighting</x:p>
            <x:p id="ID_7506696">Length/</x:p>
            <x:p id="ID_7506697">Spacing/</x:p>
            <x:p id="ID_7506698">Colour/</x:p>
            <x:p id="ID_7506699">Intensity</x:p>
          </x:th>
          <x:th id="ID_7506700" HAlignment="Left" VAlignment="Top" align="left" valign="top">
            <x:p id="ID_7506701">Runway end lighting</x:p>
            <x:p id="ID_7506702">Colour/</x:p>
            <x:p id="ID_7506703">Wing bars</x:p>
          </x:th>
          <x:th id="ID_7506704" HAlignment="Left" VAlignment="Top" align="left" valign="top">
            <x:p id="ID_7506705">Stopway lighting</x:p>
            <x:p id="ID_7506706">Length/</x:p>
            <x:p id="ID_7506707">Colour</x:p>
          </x:th>
          <x:th id="ID_7506708" HAlignment="Left" VAlignment="Top" align="left" valign="top">
            <x:p id="ID_7506709">Remarks</x:p>
          </x:th>
        </x:tr>
        <x:tr id="ID_7506710">
          <x:th id="ID_7506711" HAlignment="Left" VAlignment="Top" align="left" valign="top">1</x:th>
          <x:th id="ID_7506712" HAlignment="Left" VAlignment="Top" align="left" valign="top">2</x:th>
          <x:th id="ID_7506713" HAlignment="Left" VAlignment="Top" align="left" valign="top">3</x:th>
          <x:th id="ID_7506714" HAlignment="Left" VAlignment="Top" align="left" valign="top">4</x:th>
          <x:th id="ID_7506715" HAlignment="Left" VAlignment="Top" align="left" valign="top">5</x:th>
          <x:th id="ID_7506716" HAlignment="Left" VAlignment="Top" align="left" valign="top">6</x:th>
          <x:th id="ID_7506717" HAlignment="Left" VAlignment="Top" align="left" valign="top">7</x:th>
          <x:th id="ID_7506718" HAlignment="Left" VAlignment="Top" align="left" valign="top">8</x:th>
          <x:th id="ID_7506719" HAlignment="Left" VAlignment="Top" align="left" valign="top">9</x:th>
          <x:th id="ID_7506720" HAlignment="Left" VAlignment="Top" align="left" valign="top">10</x:th>
        </x:tr>
      </x:thead>
      <x:tbody id="ID_7506721">
        <x:tr id="ID_7506722">
          <x:td id="ID_7506723" HAlignment="Left" VAlignment="Top" align="left" valign="top">&nbsp;</x:td>
          <x:td id="ID_7506724" HAlignment="Left" VAlignment="Top" align="left" valign="top">&nbsp;</x:td>
          <x:td id="ID_7506725" HAlignment="Left" VAlignment="Top" align="left" valign="top">&nbsp;</x:td>
          <x:td id="ID_7506726" HAlignment="Left" VAlignment="Top" align="left" valign="top">&nbsp;</x:td>
          <x:td id="ID_7506727" HAlignment="Left" VAlignment="Top" align="left" valign="top">&nbsp;</x:td>
          <x:td id="ID_7506728" HAlignment="Left" VAlignment="Top" align="left" valign="top">&nbsp;</x:td>
          <x:td id="ID_7506729" HAlignment="Left" VAlignment="Top" align="left" valign="top">&nbsp;</x:td>
          <x:td id="ID_7506730" HAlignment="Left" VAlignment="Top" align="left" valign="top">&nbsp;</x:td>
          <x:td id="ID_7506731" HAlignment="Left" VAlignment="Top" align="left" valign="top">&nbsp;</x:td>
          <x:td id="ID_7506732" HAlignment="Left" VAlignment="Top" align="left" valign="top">&nbsp;</x:td>
        </x:tr>
        <x:tr id="ID_7506733">
          <x:td id="ID_7506734" HAlignment="Left" VAlignment="Top" align="left" valign="top">&nbsp;</x:td>
          <x:td id="ID_7506735" HAlignment="Left" VAlignment="Top" align="left" valign="top">&nbsp;</x:td>
          <x:td id="ID_7506736" HAlignment="Left" VAlignment="Top" align="left" valign="top">&nbsp;</x:td>
          <x:td id="ID_7506737" HAlignment="Left" VAlignment="Top" align="left" valign="top">&nbsp;</x:td>
          <x:td id="ID_7506738" HAlignment="Left" VAlignment="Top" align="left" valign="top">&nbsp;</x:td>
          <x:td id="ID_7506739" HAlignment="Left" VAlignment="Top" align="left" valign="top">&nbsp;</x:td>
          <x:td id="ID_7506740" HAlignment="Left" VAlignment="Top" align="left" valign="top">&nbsp;</x:td>
          <x:td id="ID_7506741" HAlignment="Left" VAlignment="Top" align="left" valign="top">&nbsp;</x:td>
          <x:td id="ID_7506742" HAlignment="Left" VAlignment="Top" align="left" valign="top">&nbsp;</x:td>
          <x:td id="ID_7506743" HAlignment="Left" VAlignment="Top" align="left" valign="top">&nbsp;</x:td>
        </x:tr>
      </x:tbody>
    </x:table>
  </e:AD-2.14>
  <e:AD-2.15 id="EGTU-AD-2.15" Number="AD 2.15">
    <GreenBorder id="ID_7506745" />
    <e:Title id="ID_7506746">OTHER&nbsp;LIGHTING,&nbsp;SECONDARY&nbsp;POWER&nbsp;SUPPLY</e:Title>
    <x:table id="ID_7506748" class="">
      <x:tbody id="ID_7506749">
        <x:tr id="ID_7506750">
          <x:td id="ID_7506751" HAlignment="Left" VAlignment="Top" align="left" valign="top">1</x:td>
          <x:td id="ID_7506752" HAlignment="Left" VAlignment="Top" align="left" valign="top">
            <x:p id="ID_7506753">ABN/IBN location, characteristics and hours of operation</x:p>
          </x:td>
          <x:td id="ID_7506754" HAlignment="Left" VAlignment="Top" align="left" valign="top">&nbsp;</x:td>
        </x:tr>
        <x:tr id="ID_7506755">
          <x:td id="ID_7506756" HAlignment="Left" VAlignment="Top" align="left" valign="top">2</x:td>
          <x:td id="ID_7506757" HAlignment="Left" VAlignment="Top" align="left" valign="top">
            <x:p id="ID_7506758">LDI location and lighting</x:p>
            <x:p id="ID_7506759">Anemometer location and lighting</x:p>
          </x:td>
          <x:td id="ID_7506760" HAlignment="Left" VAlignment="Top" align="left" valign="top">&nbsp;</x:td>
        </x:tr>
        <x:tr id="ID_7506761">
          <x:td id="ID_7506762" HAlignment="Left" VAlignment="Top" align="left" valign="top">3</x:td>
          <x:td id="ID_7506763" HAlignment="Left" VAlignment="Top" align="left" valign="top">
            <x:p id="ID_7506764">TWY edge and centre line lighting</x:p>
          </x:td>
          <x:td id="ID_7506765" HAlignment="Left" VAlignment="Top" align="left" valign="top">&nbsp;</x:td>
        </x:tr>
        <x:tr id="ID_7506766">
          <x:td id="ID_7506767" HAlignment="Left" VAlignment="Top" align="left" valign="top">4</x:td>
          <x:td id="ID_7506768" HAlignment="Left" VAlignment="Top" align="left" valign="top">
            <x:p id="ID_7506769">Secondary power supply/switch-over time</x:p>
          </x:td>
          <x:td id="ID_7506770" HAlignment="Left" VAlignment="Top" align="left" valign="top">&nbsp;</x:td>
        </x:tr>
        <x:tr id="ID_7506771">
          <x:td id="ID_7506772" HAlignment="Left" VAlignment="Top" align="left" valign="top">5</x:td>
          <x:td id="ID_7506773" HAlignment="Left" VAlignment="Top" align="left" valign="top">
            <x:p id="ID_7506774">Remarks</x:p>
          </x:td>
          <x:td id="ID_7506775" HAlignment="Left" VAlignment="Top" align="left" valign="top">&nbsp;</x:td>
        </x:tr>
      </x:tbody>
    </x:table>
  </e:AD-2.15>
  <e:AD-2.16 id="EGTU-AD-2.16" Number="AD 2.16">
    <GreenBorder id="ID_7506777" />
    <e:Title id="ID_7506778">HELICOPTER&nbsp;LANDING&nbsp;AREA</e:Title>
    <x:table id="ID_7506780" class="">
      <x:tbody id="ID_7506781">
        <x:tr id="ID_7506782">
          <x:td id="ID_7506783" HAlignment="Left" VAlignment="Top" align="left" valign="top">1</x:td>
          <x:td id="ID_7506784" HAlignment="Left" VAlignment="Top" align="left" valign="top">
            <x:p id="ID_7506785">Coordinates TLOF or THR of FATO</x:p>
            <x:p id="ID_7506786">Geoid undulation</x:p>
          </x:td>
          <x:td id="ID_7506787" HAlignment="Left" VAlignment="Top" align="left" valign="top">&nbsp;</x:td>
        </x:tr>
        <x:tr id="ID_7506788">
          <x:td id="ID_7506789" HAlignment="Left" VAlignment="Top" align="left" valign="top">2</x:td>
          <x:td id="ID_7506790" HAlignment="Left" VAlignment="Top" align="left" valign="top">
            <x:p id="ID_7506791">TLOF and/or FATO elevation M/FT</x:p>
          </x:td>
          <x:td id="ID_7506792" HAlignment="Left" VAlignment="Top" align="left" valign="top">&nbsp;</x:td>
        </x:tr>
        <x:tr id="ID_7506793">
          <x:td id="ID_7506794" HAlignment="Left" VAlignment="Top" align="left" valign="top">3</x:td>
          <x:td id="ID_7506795" HAlignment="Left" VAlignment="Top" align="left" valign="top">
            <x:p id="ID_7506796">TLOF and FATO area dimensions, surface, strength, marking</x:p>
          </x:td>
          <x:td id="ID_7506797" HAlignment="Left" VAlignment="Top" align="left" valign="top">&nbsp;</x:td>
        </x:tr>
        <x:tr id="ID_7506798">
          <x:td id="ID_7506799" HAlignment="Left" VAlignment="Top" align="left" valign="top">4</x:td>
          <x:td id="ID_7506800" HAlignment="Left" VAlignment="Top" align="left" valign="top">
            <x:p id="ID_7506801">True BRG of FATO</x:p>
          </x:td>
          <x:td id="ID_7506802" HAlignment="Left" VAlignment="Top" align="left" valign="top">&nbsp;</x:td>
        </x:tr>
        <x:tr id="ID_7506803">
          <x:td id="ID_7506804" HAlignment="Left" VAlignment="Top" align="left" valign="top">5</x:td>
          <x:td id="ID_7506805" HAlignment="Left" VAlignment="Top" align="left" valign="top">
            <x:p id="ID_7506806">Declared distance available</x:p>
          </x:td>
          <x:td id="ID_7506807" HAlignment="Left" VAlignment="Top" align="left" valign="top">&nbsp;</x:td>
        </x:tr>
        <x:tr id="ID_7506808">
          <x:td id="ID_7506809" HAlignment="Left" VAlignment="Top" align="left" valign="top">6</x:td>
          <x:td id="ID_7506810" HAlignment="Left" VAlignment="Top" align="left" valign="top">
            <x:p id="ID_7506811">APP and FATO lighting</x:p>
          </x:td>
          <x:td id="ID_7506812" HAlignment="Left" VAlignment="Top" align="left" valign="top">&nbsp;</x:td>
        </x:tr>
        <x:tr id="ID_7506813">
          <x:td id="ID_7506814" HAlignment="Left" VAlignment="Top" align="left" valign="top">7</x:td>
          <x:td id="ID_7506815" HAlignment="Left" VAlignment="Top" align="left" valign="top">
            <x:p id="ID_7506816">Remarks</x:p>
          </x:td>
          <x:td id="ID_7506817" HAlignment="Left" VAlignment="Top" align="left" valign="top">&nbsp;</x:td>
        </x:tr>
      </x:tbody>
    </x:table>
  </e:AD-2.16>
  <e:AD-2.17 id="EGTU-AD-2.17" Number="AD 2.17">
    <GreenBorder id="ID_7506819" />
    <e:Title id="ID_7506820">AIR TRAFFIC SERVICES&nbsp;AIRSPACE</e:Title>
    <x:table id="ID_7506822" class="">
      <x:thead id="ID_7506823">
        <x:tr id="ID_7506824">
          <x:th id="ID_7506825" HAlignment="Left" VAlignment="Top" align="left" valign="top">
            <x:p id="ID_7506826">Designation and</x:p>
            <x:p id="ID_7506827">lateral limits</x:p>
          </x:th>
          <x:th id="ID_7506828" HAlignment="Left" VAlignment="Top" align="left" valign="top">
            <x:p id="ID_7506829">Vertical Limits</x:p>
          </x:th>
          <x:th id="ID_7506830" HAlignment="Left" VAlignment="Top" align="left" valign="top">
            <x:p id="ID_7506831">Airspace Class</x:p>
          </x:th>
          <x:th id="ID_7506832" HAlignment="Left" VAlignment="Top" align="left" valign="top">
            <x:p id="ID_7506833">ATS unit callsign/ language</x:p>
          </x:th>
          <x:th id="ID_7506834" HAlignment="Left" VAlignment="Top" align="left" valign="top">
            <x:p id="ID_7506835">Transition Altitude</x:p>
          </x:th>
          <x:th id="ID_7506836" HAlignment="Left" VAlignment="Top" align="left" valign="top">
            <x:p id="ID_7506837">Hours of Applicability</x:p>
          </x:th>
          <x:th id="ID_7506838" HAlignment="Left" VAlignment="Top" align="left" valign="top">
            <x:p id="ID_7506839">Remarks</x:p>
          </x:th>
        </x:tr>
        <x:tr id="ID_7506840">
          <x:th id="ID_7506841" HAlignment="Left" VAlignment="Top" align="left" valign="top">1</x:th>
          <x:th id="ID_7506842" HAlignment="Left" VAlignment="Top" align="left" valign="top">2</x:th>
          <x:th id="ID_7506843" HAlignment="Left" VAlignment="Top" align="left" valign="top">3</x:th>
          <x:th id="ID_7506844" HAlignment="Left" VAlignment="Top" align="left" valign="top">4</x:th>
          <x:th id="ID_7506845" HAlignment="Left" VAlignment="Top" align="left" valign="top">5</x:th>
          <x:th id="ID_7506846" HAlignment="Left" VAlignment="Top" align="left" valign="top">6</x:th>
          <x:th id="ID_7506847" HAlignment="Left" VAlignment="Top" align="left" valign="top">7</x:th>
        </x:tr>
      </x:thead>
      <x:tbody id="ID_7506848">
        <x:tr id="ID_7506849">
          <x:td id="ID_7506850" HAlignment="Left" VAlignment="Top" align="left" valign="top">&nbsp;</x:td>
          <x:td id="ID_7506851" HAlignment="Left" VAlignment="Top" align="left" valign="top">&nbsp;</x:td>
          <x:td id="ID_7506852" HAlignment="Left" VAlignment="Top" align="left" valign="top">&nbsp;</x:td>
          <x:td id="ID_7506853" HAlignment="Left" VAlignment="Top" align="left" valign="top">&nbsp;</x:td>
          <x:td id="ID_7506854" HAlignment="Left" VAlignment="Top" align="left" valign="top">&nbsp;</x:td>
          <x:td id="ID_7506855" HAlignment="Left" VAlignment="Top" align="left" valign="top">&nbsp;</x:td>
          <x:td id="ID_7506856" HAlignment="Left" VAlignment="Top" align="left" valign="top">&nbsp;</x:td>
        </x:tr>
        <x:tr id="ID_7506857">
          <x:td id="ID_7506858" HAlignment="Left" VAlignment="Top" align="left" valign="top">&nbsp;</x:td>
          <x:td id="ID_7506859" HAlignment="Left" VAlignment="Top" align="left" valign="top">&nbsp;</x:td>
          <x:td id="ID_7506860" HAlignment="Left" VAlignment="Top" align="left" valign="top">&nbsp;</x:td>
          <x:td id="ID_7506861" HAlignment="Left" VAlignment="Top" align="left" valign="top">&nbsp;</x:td>
          <x:td id="ID_7506862" HAlignment="Left" VAlignment="Top" align="left" valign="top">&nbsp;</x:td>
          <x:td id="ID_7506863" HAlignment="Left" VAlignment="Top" align="left" valign="top">&nbsp;</x:td>
          <x:td id="ID_7506864" HAlignment="Left" VAlignment="Top" align="left" valign="top">&nbsp;</x:td>
        </x:tr>
      </x:tbody>
    </x:table>
  </e:AD-2.17>
  <e:AD-2.18 id="EGTU-AD-2.18" Number="AD 2.18">
    <GreenBorder id="ID_7506866" />
    <e:Title id="ID_7506867">AIR TRAFFIC SERVICES&nbsp;COMMUNICATION&nbsp;FACILITIES</e:Title>
    <x:table id="ID_7506869" class="">
      <x:thead id="ID_7506870">
        <x:tr id="ID_7506871">
          <x:th id="ID_7506872" HAlignment="Left" VAlignment="Top" align="left" valign="top">
            <x:p id="ID_7506873">Service designation</x:p>
          </x:th>
          <x:th id="ID_7506874" HAlignment="Left" VAlignment="Top" align="left" valign="top">
            <x:p id="ID_7506875">Callsign</x:p>
          </x:th>
          <x:th id="ID_7506876" HAlignment="Left" VAlignment="Top" align="left" valign="top">
            <x:p id="ID_7506877">Channel(s)</x:p>
          </x:th>
          <x:th id="ID_7506878" HAlignment="Left" VAlignment="Top" align="left" valign="top">
            <x:p id="ID_7506879">Hours of </x:p>
            <x:p id="ID_7506880">Operation</x:p>
          </x:th>
          <x:th id="ID_7506881" HAlignment="Left" VAlignment="Top" align="left" valign="top">
            <x:p id="ID_7506882">Remarks</x:p>
          </x:th>
        </x:tr>
        <x:tr id="ID_7506883">
          <x:th id="ID_7506884" HAlignment="Left" VAlignment="Top" align="left" valign="top">1</x:th>
          <x:th id="ID_7506885" HAlignment="Left" VAlignment="Top" align="left" valign="top">2</x:th>
          <x:th id="ID_7506886" HAlignment="Left" VAlignment="Top" align="left" valign="top">3</x:th>
          <x:th id="ID_7506887" HAlignment="Left" VAlignment="Top" align="left" valign="top">4</x:th>
          <x:th id="ID_7506888" HAlignment="Left" VAlignment="Top" align="left" valign="top">5</x:th>
        </x:tr>
      </x:thead>
      <x:tbody id="ID_7506889">
        <x:tr id="ID_7506890">
          <x:td id="ID_7506891" HAlignment="Left" VAlignment="Top" align="left" valign="top">&nbsp;</x:td>
          <x:td id="ID_7506892" HAlignment="Left" VAlignment="Top" align="left" valign="top">&nbsp;</x:td>
          <x:td id="ID_7506893" HAlignment="Left" VAlignment="Top" align="left" valign="top">&nbsp;</x:td>
          <x:td id="ID_7506894" HAlignment="Left" VAlignment="Top" align="left" valign="top">&nbsp;</x:td>
          <x:td id="ID_7506895" HAlignment="Left" VAlignment="Top" align="left" valign="top">&nbsp;</x:td>
        </x:tr>
        <x:tr id="ID_7506896">
          <x:td id="ID_7506897" HAlignment="Left" VAlignment="Top" align="left" valign="top">&nbsp;</x:td>
          <x:td id="ID_7506898" HAlignment="Left" VAlignment="Top" align="left" valign="top">&nbsp;</x:td>
          <x:td id="ID_7506899" HAlignment="Left" VAlignment="Top" align="left" valign="top">&nbsp;</x:td>
          <x:td id="ID_7506900" HAlignment="Left" VAlignment="Top" align="left" valign="top">&nbsp;</x:td>
          <x:td id="ID_7506901" HAlignment="Left" VAlignment="Top" align="left" valign="top">&nbsp;</x:td>
        </x:tr>
      </x:tbody>
    </x:table>
  </e:AD-2.18>
  <e:AD-2.19 id="EGTU-AD-2.19" Number="AD 2.19">
    <GreenBorder id="ID_7506903" />
    <e:Title id="ID_7506904">RADIO&nbsp;NAVIGATION&nbsp;AND&nbsp;LANDING&nbsp;AIDS</e:Title>
    <x:table id="ID_7506906" class="">
      <x:thead id="ID_7506907">
        <x:tr id="ID_7506908">
          <x:th id="ID_7506909" HAlignment="Left" VAlignment="Top" align="left" valign="top">
            <x:p id="ID_7506910">Type of Aid CAT&nbsp;of&nbsp;ILS/MLS</x:p>
            <x:p id="ID_7506911">(For VOR/ILS/MLS, give VAR)</x:p>
          </x:th>
          <x:th id="ID_7506912" HAlignment="Left" VAlignment="Top" align="left" valign="top">
            <x:p id="ID_7506913">Ident</x:p>
          </x:th>
          <x:th id="ID_7506914" HAlignment="Left" VAlignment="Top" align="left" valign="top">
            <x:p id="ID_7506915">Frequency</x:p>
            <x:p id="ID_7506916">channel number(s), service provider, and reference path identifier(s) (RPI)</x:p>
          </x:th>
          <x:th id="ID_7506917" HAlignment="Left" VAlignment="Top" align="left" valign="top">
            <x:p id="ID_7506918">Hours of Operation</x:p>
          </x:th>
          <x:th id="ID_7506919" HAlignment="Left" VAlignment="Top" align="left" valign="top">
            <x:p id="ID_7506920">Position of transmitting antenna co-ordinates</x:p>
          </x:th>
          <x:th id="ID_7506921" HAlignment="Left" VAlignment="Top" align="left" valign="top">
            <x:p id="ID_7506922">Elevation of DME transmitting antenna</x:p>
            <x:p id="ID_7506923">GBAS, SBAS, LTP, FTP values</x:p>
          </x:th>
          <x:th id="ID_7506924" HAlignment="Left" VAlignment="Top" align="left" valign="top">
            <x:p id="ID_7506925">Remarks</x:p>
          </x:th>
        </x:tr>
        <x:tr id="ID_7506926">
          <x:th id="ID_7506927" HAlignment="Left" VAlignment="Top" align="left" valign="top">1</x:th>
          <x:th id="ID_7506928" HAlignment="Left" VAlignment="Top" align="left" valign="top">2</x:th>
          <x:th id="ID_7506929" HAlignment="Left" VAlignment="Top" align="left" valign="top">3</x:th>
          <x:th id="ID_7506930" HAlignment="Left" VAlignment="Top" align="left" valign="top">4</x:th>
          <x:th id="ID_7506931" HAlignment="Left" VAlignment="Top" align="left" valign="top">5</x:th>
          <x:th id="ID_7506932" HAlignment="Left" VAlignment="Top" align="left" valign="top">6</x:th>
          <x:th id="ID_7506933" HAlignment="Left" VAlignment="Top" align="left" valign="top">7</x:th>
        </x:tr>
      </x:thead>
      <x:tbody id="ID_7506934">
        <x:tr id="ID_7506935">
          <x:td id="ID_7506936" HAlignment="Left" VAlignment="Top" align="left" valign="top">&nbsp;</x:td>
          <x:td id="ID_7506937" HAlignment="Left" VAlignment="Top" align="left" valign="top">&nbsp;</x:td>
          <x:td id="ID_7506938" HAlignment="Left" VAlignment="Top" align="left" valign="top">&nbsp;</x:td>
          <x:td id="ID_7506939" HAlignment="Left" VAlignment="Top" align="left" valign="top">&nbsp;</x:td>
          <x:td id="ID_7506940" HAlignment="Left" VAlignment="Top" align="left" valign="top">&nbsp;</x:td>
          <x:td id="ID_7506941" HAlignment="Left" VAlignment="Top" align="left" valign="top">&nbsp;</x:td>
          <x:td id="ID_7506942" HAlignment="Left" VAlignment="Top" align="left" valign="top">&nbsp;</x:td>
        </x:tr>
      </x:tbody>
    </x:table>
  </e:AD-2.19>
  <e:AD-2.20 id="EGTU-AD-2.20" Number="AD 2.20">
    <GreenBorder id="ID_7506944" />
    <e:Title id="ID_7506945">LOCAL&nbsp;AERODROME&nbsp;REGULATIONS</e:Title>
    <x:div class="RP">
      <x:span class="sdParams" style="display:none;">TRULES_PROC;RULES_PROC_ID;7733</x:span>
      <e:Sub-section Number="1" id="EGTU-AD-2.20.1">
        <e:Title id="ID_7506947">Airport Regulations</e:Title>
        <x:ol id="ID_7506948" class="Numbered">
          <x:li id="ID_7506949">
            <x:p id="ID_7506950">Aerodrome is not available at night for flights required to use a licensed aerodrome.</x:p>
          </x:li>
          <x:li id="ID_7506951">
            <x:p id="ID_7506952">Aerodrome is not available at weekends and PH for helicopter training other than normal arrival/departures, due to free-fall parachuting.</x:p>
          </x:li>
        </x:ol>
      </e:Sub-section>
      <e:Sub-section Number="2" id="EGTU-AD-2.20.2">
        <e:Title id="ID_7506954">Ground Movement</e:Title>
        <x:p id="ID_7506955">Not applicable.</x:p>
      </e:Sub-section>
      <e:Sub-section Number="3" id="EGTU-AD-2.20.3">
        <e:Title id="ID_7506957">CAT II/III Operations</e:Title>
        <x:p id="ID_7506958">Not applicable.</x:p>
      </e:Sub-section>
      <e:Sub-section Number="4" id="EGTU-AD-2.20.4">
        <e:Title id="ID_7506960">Warnings</e:Title>
        <x:ol id="ID_7506961" class="Numbered">
          <x:li id="ID_7506962">
            <x:p id="ID_7506963">Glider launching takes place at North Hill (505107N 0031639W) West-south-west of Dunkeswell.</x:p>
          </x:li>
          <x:li id="ID_7506964">
            <x:p id="ID_7506965">Free-fall parachuting from up to FL 150 normally during daylight hours (ENR 5-5-4-2 refers).</x:p>
          </x:li>
          <x:li id="ID_7506966">
            <x:p id="ID_7506967">Use is made of the grass areas outside the runway strips for sheep grazing.</x:p>
          </x:li>
          <x:li id="ID_7506968">
            <x:p id="ID_7506969">Outside the Northeast boundary of the aerodrome, and separated from it by a public road, is a large paved area. It is not part of the aerodrome. Pilots should positively identify the displaced landing threshold to Runway 22 before committing the aircraft to final approach.</x:p>
          </x:li>
          <x:li id="ID_7506970">
            <x:p id="ID_7506971">The old perimeter tracks are unsuitable for use as a taxiway. Pilots are cautioned to only use established taxiways/runways for taxiing.</x:p>
          </x:li>
          <x:li id="ID_7506972">
            <x:p id="ID_7506973">Pilots should note the existence of three radio masts erected by the MOD within the aerodrome circuit. They do not constitute a hazard but pilots should be aware of their presence.</x:p>
            <x:ol id="ID_7506974" class="Itemised">
              <x:li id="ID_7506975">
                <x:p id="ID_7506976">South side (Lgtd), 1007 ft amsl, 505105N 0031412W;</x:p>
              </x:li>
              <x:li id="ID_7506977">
                <x:p id="ID_7506978">North side, 79 ft agl, 505225N 0031349W;</x:p>
              </x:li>
              <x:li id="ID_7506979">
                <x:p id="ID_7506980">South of north side (Lgtd), 951 ft amsl, 505206N 0031359W.</x:p>
              </x:li>
            </x:ol>
          </x:li>
          <x:li id="ID_7506981">
            <x:p id="ID_7506982">High ground southwest and within 2500 m radius of ARP 896 ft amsl 505045N 0031438W.</x:p>
          </x:li>
        </x:ol>
      </e:Sub-section>
      <e:Sub-section Number="5" id="EGTU-AD-2.20.5">
        <e:Title id="ID_7506984">Helicopter Operations</e:Title>
        <x:ol id="ID_7506985" class="Numbered">
          <x:li id="ID_7506986">
            <x:p id="ID_7506987">Helicopter pilots wishing to land at Dunkeswell should be aware of the designated area on the grass triangle in line with Runway 22 numbers.</x:p>
          </x:li>
          <x:li id="ID_7506988">
            <x:p id="ID_7506989">Pilots to call on RTF before starting rotors.</x:p>
          </x:li>
          <x:li id="ID_7506990">
            <x:p id="ID_7506991">No rotors are to be turning in the ATZ when parachuting is in progress.</x:p>
          </x:li>
        </x:ol>
      </e:Sub-section>
      <e:Sub-section Number="6" id="EGTU-AD-2.20.6">
        <e:Title id="ID_7506993">Use of Runways</e:Title>
        <x:p id="ID_7506994">Runway 17/35 is not available to aircraft that require a licensed runway due to an obstacle within the Obstacle Limitation Surfaces.</x:p>
      </e:Sub-section>
      <e:Sub-section Number="7" id="EGTU-AD-2.20.7">
        <e:Title id="ID_7506996">Training</e:Title>
        <x:p id="ID_7506997">Not applicable.</x:p>
      </e:Sub-section>
    </x:div>
  </e:AD-2.20>
  <e:AD-2.21 id="EGTU-AD-2.21" Number="AD 2.21">
    <GreenBorder id="ID_7506999" />
    <e:Title id="ID_7507000">NOISE ABATEMENT PROCEDURES</e:Title>
    <x:div class="RP">
      <x:span class="sdParams" style="display:none;">TRULES_PROC;RULES_PROC_ID;7734</x:span>
      <x:ol id="ID_7507001" class="Numbered">
        <x:li id="ID_7507002">
          <x:p id="ID_7507003">Pilots are requested not to overfly Dunkeswell Village and local housing estate on eastern side of aerodrome below 500 ft agl.</x:p>
        </x:li>
      </x:ol>
    </x:div>
  </e:AD-2.21>
  <e:AD-2.22 id="EGTU-AD-2.22" Number="AD 2.22">
    <GreenBorder id="ID_7507005" />
    <e:Title id="ID_7507006">FLIGHT PROCEDURES</e:Title>
    <x:div class="RP">
      <x:span class="sdParams" style="display:none;">TRULES_PROC;RULES_PROC_ID;7735</x:span>
      <e:Sub-section Number="1" id="EGTU-AD-2.22.1">
        <e:Title id="ID_7507008">Circuits</e:Title>
        <x:ol id="ID_7507009" class="Numbered">
          <x:li id="ID_7507010">
            <x:p id="ID_7507011">Circuit directions: Runway 04 - RH; Runway 22 - LH. Circuit height: 800 ft.</x:p>
          </x:li>
          <x:li id="ID_7507012">
            <x:p id="ID_7507013">No overhead joins as parachuting is in operation seven days a week between daylight hours.</x:p>
          </x:li>
          <x:li id="ID_7507014">
            <x:p id="ID_7507015">Subject to parachuting, pilots may request an overhead join only when two way communication is established with the A/G radio station, otherwise the pilot is to join on the downwind or base leg for the runway in use.</x:p>
          </x:li>
          <x:li id="ID_7507016">
            <x:p id="ID_7507017">No straight in approaches, pilots may request subject to circuit traffic.</x:p>
          </x:li>
          <x:li id="ID_7507018">
            <x:p id="ID_7507019">No orbits in the circuit or on final approach, ie extend downwind or go around.</x:p>
          </x:li>
          <x:li id="ID_7507020">
            <x:ol id="ID_7507021" class="Numbered">
              <x:li id="ID_7507022">
                <x:p id="ID_7507023">Helicopters approach from the north not above 500 ft.</x:p>
              </x:li>
              <x:li id="ID_7507024">
                <x:p id="ID_7507025">Helicopters depart to the north not above 500 ft.</x:p>
              </x:li>
            </x:ol>
          </x:li>
        </x:ol>
      </e:Sub-section>
    </x:div>
  </e:AD-2.22>
  <e:AD-2.23 id="EGTU-AD-2.23" Number="AD 2.23">
    <GreenBorder id="ID_7507027" />
    <e:Title id="ID_7507028">ADDITIONAL INFORMATION</e:Title>
    <x:div class="RP">
      <x:span class="sdParams" style="display:none;">TRULES_PROC;RULES_PROC_ID;7736</x:span>
      <x:p id="ID_7507029">Not applicable</x:p>
    </x:div>
  </e:AD-2.23>
  <e:AD-2.24 id="EGTU-AD-2.24" Number="AD 2.24">
    <GreenBorder id="ID_7507031" />
    <e:Title id="ID_7507032">CHARTS RELATED TO AN AERODROME</e:Title>
    <x:table id="ID_7507034" class="">
      <x:tbody id="ID_7507035">
        <x:tr id="ID_7507036">
          <x:td id="ID_7507037" HAlignment="Left" VAlignment="Top" align="left" valign="top">
            <x:p id="ID_7507038">
              <x:em id="ID_7507039" class="Italic">Figure: Aerodrome Chart - ICAO</x:em>
            </x:p>
          </x:td>
        </x:tr>
        <x:tr id="ID_7507040">
          <x:td id="ID_7507041" HAlignment="Left" VAlignment="Top" align="left" valign="top">
            <x:p id="ID_7507042">AD 2-EGAA-2-1</x:p>
          </x:td>
        </x:tr>
        <x:tr id="ID_7507043">
          <x:td id="ID_7507044" HAlignment="Left" VAlignment="Top" align="left" valign="top">&nbsp;</x:td>
        </x:tr>
        <x:tr id="ID_7507045">
          <x:td id="ID_7507046" HAlignment="Left" VAlignment="Top" align="left" valign="top">&nbsp;</x:td>
        </x:tr>
        <x:tr id="ID_7507047">
          <x:td id="ID_7507048" HAlignment="Left" VAlignment="Top" align="left" valign="top">&nbsp;</x:td>
        </x:tr>
        <x:tr id="ID_7507049">
          <x:td id="ID_7507050" HAlignment="Left" VAlignment="Top" align="left" valign="top">&nbsp;</x:td>
        </x:tr>
      </x:tbody>
    </x:table>
  </e:AD-2.24>
</e:Aerodrome>
