<?xml version="1.0" encoding="UTF-8"?>
<e:Aerodrome id="AD-2.EGNL" Ref="ICAO-EGNL" xmlns:e="http://www.eurocontrol.int/xmlns/AIM/eAIP" xmlns:x="http://www.w3.org/1999/xhtml" xmlns:xlink="http://www.w3.org/1999/xlink">
  <e:Title />
  <e:AD-2.1 id="EGNL-AD-2.1" Number="AD 2.1">
    <e:Title id="ID_7459962">AERODROME LOCATION INDICATOR AND NAME</e:Title>
    <e:Generated />
  </e:AD-2.1>
  <e:AD-2.2 id="EGNL-AD-2.2" Number="AD 2.2">
    <e:Title id="ID_7459968">AERODROME GEOGRAPHICAL AND ADMINISTRATIVE DATA</e:Title>
    <x:table id="ID_7459970" class="">
      <x:tbody id="ID_7459971">
        <x:tr id="ID_7459972">
          <x:td id="ID_7459973" align="left" valign="top">1</x:td>
          <x:td id="ID_7459974" align="left" valign="top">
            <x:p id="ID_7459975">ARP coordinates and site at AD</x:p>
          </x:td>
          <x:td id="ID_7459976" align="left" valign="top">&nbsp;</x:td>
        </x:tr>
        <x:tr id="ID_7459977">
          <x:td id="ID_7459978" align="left" valign="top">2</x:td>
          <x:td id="ID_7459979" align="left" valign="top">
            <x:p id="ID_7459980">Direction and distance from city</x:p>
          </x:td>
          <x:td id="ID_7459981" align="left" valign="top">&nbsp;</x:td>
        </x:tr>
        <x:tr id="ID_7459982">
          <x:td id="ID_7459983" align="left" valign="top">3</x:td>
          <x:td id="ID_7459984" align="left" valign="top">
            <x:p id="ID_7459985">Elevation / Reference temperature</x:p>
          </x:td>
          <x:td id="ID_7459986" align="left" valign="top">&nbsp;</x:td>
        </x:tr>
        <x:tr id="ID_7459987">
          <x:td id="ID_7459988" align="left" valign="top">4</x:td>
          <x:td id="ID_7459989" align="left" valign="top">
            <x:p id="ID_7459990">Geoid undulation at AD ELEV PSN</x:p>
          </x:td>
          <x:td id="ID_7459991" align="left" valign="top">&nbsp;</x:td>
        </x:tr>
        <x:tr id="ID_7459992">
          <x:td id="ID_7459993" align="left" valign="top">5</x:td>
          <x:td id="ID_7459994" align="left" valign="top">
            <x:p id="ID_7459995">Magnetic Variation / Annual Change</x:p>
          </x:td>
          <x:td id="ID_7459996" align="left" valign="top">&nbsp;</x:td>
        </x:tr>
        <x:tr id="ID_7459997">
          <x:td id="ID_7459998" align="left" valign="top">6</x:td>
          <x:td id="ID_7459999" align="left" valign="top">
            <x:p id="ID_7460000">AD Administration, address, telephone, telefax, AFS, e-mail address, website address</x:p>
          </x:td>
          <x:td id="ID_7460001" align="left" valign="top">&nbsp;</x:td>
        </x:tr>
        <x:tr id="ID_7460002">
          <x:td id="ID_7460003" align="left" valign="top">7</x:td>
          <x:td id="ID_7460004" align="left" valign="top">
            <x:p id="ID_7460005">Types of Traffic permitted (IFR/VFR)</x:p>
          </x:td>
          <x:td id="ID_7460006" align="left" valign="top">&nbsp;</x:td>
        </x:tr>
        <x:tr id="ID_7460007">
          <x:td id="ID_7460008" align="left" valign="top">8</x:td>
          <x:td id="ID_7460009" align="left" valign="top">
            <x:p id="ID_7460010">Remarks</x:p>
          </x:td>
          <x:td id="ID_7460011" align="left" valign="top">&nbsp;</x:td>
        </x:tr>
      </x:tbody>
    </x:table>
  </e:AD-2.2>
  <e:AD-2.3 id="EGNL-AD-2.3" Number="AD 2.3">
    <e:Title id="ID_7460014">OPERATIONAL HOURS</e:Title>
    <x:table id="ID_7460016" class="">
      <x:tbody id="ID_7460017">
        <x:tr id="ID_7460018">
          <x:td id="ID_7460019" align="left" valign="top">1</x:td>
          <x:td id="ID_7460020" align="left" valign="top">
            <x:p id="ID_7460021">Aerodrome Operator</x:p>
          </x:td>
          <x:td id="ID_7460022" align="left" valign="top">&nbsp;</x:td>
        </x:tr>
        <x:tr id="ID_7460023">
          <x:td id="ID_7460024" align="left" valign="top">2</x:td>
          <x:td id="ID_7460025" align="left" valign="top">
            <x:p id="ID_7460026">Customs and Immigration</x:p>
          </x:td>
          <x:td id="ID_7460027" align="left" valign="top">
            <x:p id="ID_7460028" />
          </x:td>
        </x:tr>
        <x:tr id="ID_7460029">
          <x:td id="ID_7460030" align="left" valign="top">3</x:td>
          <x:td id="ID_7460031" align="left" valign="top">
            <x:p id="ID_7460032">Health and sanitation</x:p>
          </x:td>
          <x:td id="ID_7460033" align="left" valign="top">&nbsp;</x:td>
        </x:tr>
        <x:tr id="ID_7460034">
          <x:td id="ID_7460035" align="left" valign="top">4</x:td>
          <x:td id="ID_7460036" align="left" valign="top">
            <x:p id="ID_7460037">AIS Briefing Office</x:p>
          </x:td>
          <x:td id="ID_7460038" align="left" valign="top">&nbsp;</x:td>
        </x:tr>
        <x:tr id="ID_7460039">
          <x:td id="ID_7460040" align="left" valign="top">5</x:td>
          <x:td id="ID_7460041" align="left" valign="top">
            <x:p id="ID_7460042">ATS Reporting Office (ARO)</x:p>
          </x:td>
          <x:td id="ID_7460043" align="left" valign="top">&nbsp;</x:td>
        </x:tr>
        <x:tr id="ID_7460044">
          <x:td id="ID_7460045" align="left" valign="top">6</x:td>
          <x:td id="ID_7460046" align="left" valign="top">
            <x:p id="ID_7460047">MET Briefing Office</x:p>
          </x:td>
          <x:td id="ID_7460048" align="left" valign="top">&nbsp;</x:td>
        </x:tr>
        <x:tr id="ID_7460049">
          <x:td id="ID_7460050" align="left" valign="top">7</x:td>
          <x:td id="ID_7460051" align="left" valign="top">
            <x:p id="ID_7460052">Air Traffic Service</x:p>
          </x:td>
          <x:td id="ID_7460053" align="left" valign="top">&nbsp;</x:td>
        </x:tr>
        <x:tr id="ID_7460054">
          <x:td id="ID_7460055" align="left" valign="top">8</x:td>
          <x:td id="ID_7460056" align="left" valign="top">
            <x:p id="ID_7460057">Fuelling</x:p>
          </x:td>
          <x:td id="ID_7460058" align="left" valign="top">&nbsp;</x:td>
        </x:tr>
        <x:tr id="ID_7460059">
          <x:td id="ID_7460060" align="left" valign="top">9</x:td>
          <x:td id="ID_7460061" align="left" valign="top">
            <x:p id="ID_7460062">Handling</x:p>
          </x:td>
          <x:td id="ID_7460063" align="left" valign="top">&nbsp;</x:td>
        </x:tr>
        <x:tr id="ID_7460064">
          <x:td id="ID_7460065" align="left" valign="top">10</x:td>
          <x:td id="ID_7460066" align="left" valign="top">
            <x:p id="ID_7460067">Security</x:p>
          </x:td>
          <x:td id="ID_7460068" align="left" valign="top">&nbsp;</x:td>
        </x:tr>
        <x:tr id="ID_7460069">
          <x:td id="ID_7460070" align="left" valign="top">11</x:td>
          <x:td id="ID_7460071" align="left" valign="top">
            <x:p id="ID_7460072">De-icing</x:p>
          </x:td>
          <x:td id="ID_7460073" align="left" valign="top">&nbsp;</x:td>
        </x:tr>
        <x:tr id="ID_7460074">
          <x:td id="ID_7460075" align="left" valign="top">12</x:td>
          <x:td id="ID_7460076" align="left" valign="top">
            <x:p id="ID_7460077">Remarks</x:p>
          </x:td>
          <x:td id="ID_7460078" align="left" valign="top">&nbsp;</x:td>
        </x:tr>
      </x:tbody>
    </x:table>
  </e:AD-2.3>
  <e:AD-2.4 id="EGNL-AD-2.4" Number="AD 2.4">
    <e:Title id="ID_7460081">HANDLING SERVICES AND FACILITIES</e:Title>
    <x:table id="ID_7460083" class="">
      <x:tbody id="ID_7460084">
        <x:tr id="ID_7460085">
          <x:td id="ID_7460086" align="left" valign="top">1</x:td>
          <x:td id="ID_7460087" align="left" valign="top">
            <x:p id="ID_7460088">Cargo handling facilities</x:p>
          </x:td>
          <x:td id="ID_7460089" align="left" valign="top">&nbsp;</x:td>
        </x:tr>
        <x:tr id="ID_7460090">
          <x:td id="ID_7460091" align="left" valign="top">2</x:td>
          <x:td id="ID_7460092" align="left" valign="top">
            <x:p id="ID_7460093">Fuel and oil types</x:p>
          </x:td>
          <x:td id="ID_7460094" align="left" valign="top">&nbsp;</x:td>
        </x:tr>
        <x:tr id="ID_7460095">
          <x:td id="ID_7460096" align="left" valign="top">3</x:td>
          <x:td id="ID_7460097" align="left" valign="top">
            <x:p id="ID_7460098">Fuelling facilities/capacity</x:p>
          </x:td>
          <x:td id="ID_7460099" align="left" valign="top">&nbsp;</x:td>
        </x:tr>
        <x:tr id="ID_7460100">
          <x:td id="ID_7460101" align="left" valign="top">4</x:td>
          <x:td id="ID_7460102" align="left" valign="top">
            <x:p id="ID_7460103">De-icing facilities</x:p>
          </x:td>
          <x:td id="ID_7460104" align="left" valign="top">&nbsp;</x:td>
        </x:tr>
        <x:tr id="ID_7460105">
          <x:td id="ID_7460106" align="left" valign="top">5</x:td>
          <x:td id="ID_7460107" align="left" valign="top">
            <x:p id="ID_7460108">Hangar space for visiting aircraft</x:p>
          </x:td>
          <x:td id="ID_7460109" align="left" valign="top">&nbsp;</x:td>
        </x:tr>
        <x:tr id="ID_7460110">
          <x:td id="ID_7460111" align="left" valign="top">6</x:td>
          <x:td id="ID_7460112" align="left" valign="top">
            <x:p id="ID_7460113">Repair facilities for visiting aircraft</x:p>
          </x:td>
          <x:td id="ID_7460114" align="left" valign="top">&nbsp;</x:td>
        </x:tr>
        <x:tr id="ID_7460115">
          <x:td id="ID_7460116" align="left" valign="top">7</x:td>
          <x:td id="ID_7460117" align="left" valign="top">
            <x:p id="ID_7460118">Remarks</x:p>
          </x:td>
          <x:td id="ID_7460119" align="left" valign="top">&nbsp;</x:td>
        </x:tr>
      </x:tbody>
    </x:table>
  </e:AD-2.4>
  <e:AD-2.5 id="EGNL-AD-2.5" Number="AD 2.5">
    <e:Title id="ID_7460122">PASSENGER FACILITIES</e:Title>
    <x:table id="ID_7460124" class="">
      <x:tbody id="ID_7460125">
        <x:tr id="ID_7460126">
          <x:td id="ID_7460127" align="left" valign="top">1</x:td>
          <x:td id="ID_7460128" align="left" valign="top">
            <x:p id="ID_7460129">Hotels</x:p>
          </x:td>
          <x:td id="ID_7460130" align="left" valign="top">&nbsp;</x:td>
        </x:tr>
        <x:tr id="ID_7460131">
          <x:td id="ID_7460132" align="left" valign="top">2</x:td>
          <x:td id="ID_7460133" align="left" valign="top">
            <x:p id="ID_7460134">Restaurants</x:p>
          </x:td>
          <x:td id="ID_7460135" align="left" valign="top">&nbsp;</x:td>
        </x:tr>
        <x:tr id="ID_7460136">
          <x:td id="ID_7460137" align="left" valign="top">3</x:td>
          <x:td id="ID_7460138" align="left" valign="top">
            <x:p id="ID_7460139">Transportation</x:p>
          </x:td>
          <x:td id="ID_7460140" align="left" valign="top">&nbsp;</x:td>
        </x:tr>
        <x:tr id="ID_7460141">
          <x:td id="ID_7460142" align="left" valign="top">4</x:td>
          <x:td id="ID_7460143" align="left" valign="top">
            <x:p id="ID_7460144">Medical facilities</x:p>
          </x:td>
          <x:td id="ID_7460145" align="left" valign="top">&nbsp;</x:td>
        </x:tr>
        <x:tr id="ID_7460146">
          <x:td id="ID_7460147" align="left" valign="top">5</x:td>
          <x:td id="ID_7460148" align="left" valign="top">
            <x:p id="ID_7460149">Bank and Post Office</x:p>
          </x:td>
          <x:td id="ID_7460150" align="left" valign="top">&nbsp;</x:td>
        </x:tr>
        <x:tr id="ID_7460151">
          <x:td id="ID_7460152" align="left" valign="top">6</x:td>
          <x:td id="ID_7460153" align="left" valign="top">
            <x:p id="ID_7460154">Tourist Office</x:p>
          </x:td>
          <x:td id="ID_7460155" align="left" valign="top">&nbsp;</x:td>
        </x:tr>
        <x:tr id="ID_7460156">
          <x:td id="ID_7460157" align="left" valign="top">7</x:td>
          <x:td id="ID_7460158" align="left" valign="top">
            <x:p id="ID_7460159">Remarks</x:p>
          </x:td>
          <x:td id="ID_7460160" align="left" valign="top">&nbsp;</x:td>
        </x:tr>
      </x:tbody>
    </x:table>
  </e:AD-2.5>
  <e:AD-2.6 id="EGNL-AD-2.6" Number="AD 2.6">
    <e:Title id="ID_7460163">RESCUE AND FIRE FIGHTING SERVICES</e:Title>
    <x:table id="ID_7460165" class="">
      <x:tbody id="ID_7460166">
        <x:tr id="ID_7460167">
          <x:td id="ID_7460168" align="left" valign="top">1</x:td>
          <x:td id="ID_7460169" align="left" valign="top">
            <x:p id="ID_7460170">AD category for fire fighting</x:p>
          </x:td>
          <x:td id="ID_7460171" align="left" valign="top">&nbsp;</x:td>
        </x:tr>
        <x:tr id="ID_7460172">
          <x:td id="ID_7460173" align="left" valign="top">2</x:td>
          <x:td id="ID_7460174" align="left" valign="top">
            <x:p id="ID_7460175">Rescue equipment</x:p>
          </x:td>
          <x:td id="ID_7460176" align="left" valign="top">&nbsp;</x:td>
        </x:tr>
        <x:tr id="ID_7460177">
          <x:td id="ID_7460178" align="left" valign="top">3</x:td>
          <x:td id="ID_7460179" align="left" valign="top">
            <x:p id="ID_7460180">Capability for removal of disabled aircraft</x:p>
          </x:td>
          <x:td id="ID_7460181" align="left" valign="top">&nbsp;</x:td>
        </x:tr>
        <x:tr id="ID_7460182">
          <x:td id="ID_7460183" align="left" valign="top">4</x:td>
          <x:td id="ID_7460184" align="left" valign="top">
            <x:p id="ID_7460185">Remarks</x:p>
          </x:td>
          <x:td id="ID_7460186" align="left" valign="top">&nbsp;</x:td>
        </x:tr>
      </x:tbody>
    </x:table>
  </e:AD-2.6>
  <e:AD-2.7 id="EGNL-AD-2.7" Number="AD 2.7">
    <e:Title id="ID_7460189">SEASONAL AVAILABILITY - CLEARING</e:Title>
    <x:table id="ID_7460191" class="">
      <x:tbody id="ID_7460192">
        <x:tr id="ID_7460193">
          <x:td id="ID_7460194" align="left" valign="top">1</x:td>
          <x:td id="ID_7460195" align="left" valign="top">
            <x:p id="ID_7460196">Types of clearing equipment</x:p>
          </x:td>
          <x:td id="ID_7460197" align="left" valign="top">&nbsp;</x:td>
        </x:tr>
        <x:tr id="ID_7460198">
          <x:td id="ID_7460199" align="left" valign="top">2</x:td>
          <x:td id="ID_7460200" align="left" valign="top">
            <x:p id="ID_7460201">Clearance priorities</x:p>
          </x:td>
          <x:td id="ID_7460202" align="left" valign="top">&nbsp;</x:td>
        </x:tr>
        <x:tr id="ID_7460203">
          <x:td id="ID_7460204" align="left" valign="top">3</x:td>
          <x:td id="ID_7460205" align="left" valign="top">
            <x:p id="ID_7460206">Remarks</x:p>
          </x:td>
          <x:td id="ID_7460207" align="left" valign="top">&nbsp;</x:td>
        </x:tr>
      </x:tbody>
    </x:table>
  </e:AD-2.7>
  <e:AD-2.8 id="EGNL-AD-2.8" Number="AD 2.8">
    <e:Title id="ID_7460210">APRONS, TAXIWAYS AND CHECK LOCATIONS/POSITIONS DATA</e:Title>
    <x:table id="ID_7460212" class="">
      <x:tbody id="ID_7460213">
        <x:tr id="ID_7460214">
          <x:td id="ID_7460215" align="left" valign="top">1</x:td>
          <x:td id="ID_7460216" align="left" valign="top">
            <x:p id="ID_7460217">Apron surface and strength</x:p>
          </x:td>
          <x:td id="ID_7460218" align="left" valign="top">&nbsp;</x:td>
        </x:tr>
        <x:tr id="ID_7460219">
          <x:td id="ID_7460220" align="left" valign="top">2</x:td>
          <x:td id="ID_7460221" align="left" valign="top">
            <x:p id="ID_7460222">Taxiway width, surface and strength</x:p>
          </x:td>
          <x:td id="ID_7460223" align="left" valign="top">&nbsp;</x:td>
        </x:tr>
        <x:tr id="ID_7460224">
          <x:td id="ID_7460225" align="left" valign="top">3</x:td>
          <x:td id="ID_7460226" align="left" valign="top">
            <x:p id="ID_7460227">Altimeter checkpoint location and elevation</x:p>
          </x:td>
          <x:td id="ID_7460228" align="left" valign="top">&nbsp;</x:td>
        </x:tr>
        <x:tr id="ID_7460229">
          <x:td id="ID_7460230" align="left" valign="top">4</x:td>
          <x:td id="ID_7460231" align="left" valign="top">
            <x:p id="ID_7460232">VOR checkpoints</x:p>
          </x:td>
          <x:td id="ID_7460233" align="left" valign="top">&nbsp;</x:td>
        </x:tr>
        <x:tr id="ID_7460234">
          <x:td id="ID_7460235" align="left" valign="top">5</x:td>
          <x:td id="ID_7460236" align="left" valign="top">
            <x:p id="ID_7460237">INS checkpoints</x:p>
          </x:td>
          <x:td id="ID_7460238" align="left" valign="top">&nbsp;</x:td>
        </x:tr>
        <x:tr id="ID_7460239">
          <x:td id="ID_7460240" align="left" valign="top">6</x:td>
          <x:td id="ID_7460241" align="left" valign="top">
            <x:p id="ID_7460242">Remarks</x:p>
          </x:td>
          <x:td id="ID_7460243" align="left" valign="top">&nbsp;</x:td>
        </x:tr>
      </x:tbody>
    </x:table>
  </e:AD-2.8>
  <e:AD-2.9 id="EGNL-AD-2.9" Number="AD 2.9">
    <e:Title id="ID_7460246">SURFACE MOVEMENT GUIDANCE AND CONTROL SYSTEM AND MARKINGS</e:Title>
    <x:table id="ID_7460248" class="">
      <x:tbody id="ID_7460249">
        <x:tr id="ID_7460250">
          <x:td id="ID_7460251" align="left" valign="top">1</x:td>
          <x:td id="ID_7460252" align="left" valign="top">
            <x:p id="ID_7460253">Use of aircraft stand ID signs, TWY guide lines and visual docking/parking guidance system of aircraft stands</x:p>
          </x:td>
          <x:td id="ID_7460254" align="left" valign="top">&nbsp;</x:td>
        </x:tr>
        <x:tr id="ID_7460255">
          <x:td id="ID_7460256" align="left" valign="top">2</x:td>
          <x:td id="ID_7460257" align="left" valign="top">
            <x:p id="ID_7460258">Runway and taxiway markings and lighting</x:p>
          </x:td>
          <x:td id="ID_7460259" align="left" valign="top">&nbsp;</x:td>
        </x:tr>
        <x:tr id="ID_7460260">
          <x:td id="ID_7460261" align="left" valign="top">3</x:td>
          <x:td id="ID_7460262" align="left" valign="top">
            <x:p id="ID_7460263">Stop bars</x:p>
          </x:td>
          <x:td id="ID_7460264" align="left" valign="top">&nbsp;</x:td>
        </x:tr>
        <x:tr id="ID_7460265">
          <x:td id="ID_7460266" align="left" valign="top">4</x:td>
          <x:td id="ID_7460267" align="left" valign="top">
            <x:p id="ID_7460268">Remarks</x:p>
          </x:td>
          <x:td id="ID_7460269" align="left" valign="top">&nbsp;</x:td>
        </x:tr>
      </x:tbody>
    </x:table>
  </e:AD-2.9>
  <e:AD-2.10 id="EGNL-AD-2.10" Number="AD 2.10">
    <e:Title id="ID_7460272">AERODROME OBSTACLES</e:Title>
    <x:table id="ID_7460274" class="">
      <x:thead id="ID_7460275">
        <x:tr id="ID_7460276">
          <x:th id="ID_7460277" colspan="6" align="center" valign="top">
            <x:p id="ID_7460278">In Approach/Take-off areas</x:p>
          </x:th>
        </x:tr>
        <x:tr id="ID_7460279">
          <x:th id="ID_7460280" align="left" valign="top">
            <x:p id="ID_7460281">Obstacle ID/Designation</x:p>
          </x:th>
          <x:th id="ID_7460282" align="left" valign="top">
            <x:p id="ID_7460283">Obstacle Type</x:p>
          </x:th>
          <x:th id="ID_7460284" align="left" valign="top">
            <x:p id="ID_7460285">Obstacle Position</x:p>
          </x:th>
          <x:th id="ID_7460286" align="left" valign="top">
            <x:p id="ID_7460287">Elevation/Height</x:p>
          </x:th>
          <x:th id="ID_7460288" align="left" valign="top">
            <x:p id="ID_7460289">Obstruction Lighting Type/Colour</x:p>
          </x:th>
          <x:th id="ID_7460290" align="left" valign="top">
            <x:p id="ID_7460291">Remarks</x:p>
          </x:th>
        </x:tr>
        <x:tr id="ID_7460292">
          <x:th id="ID_7460293" align="left" valign="top">1</x:th>
          <x:th id="ID_7460294" align="left" valign="top">2</x:th>
          <x:th id="ID_7460295" align="left" valign="top">3</x:th>
          <x:th id="ID_7460296" align="left" valign="top">4</x:th>
          <x:th id="ID_7460297" align="left" valign="top">5</x:th>
          <x:th id="ID_7460298" align="left" valign="top">6</x:th>
        </x:tr>
      </x:thead>
      <x:tbody id="ID_7460299">
        <x:tr id="ID_7460300">
          <x:td id="ID_7460301" align="left" valign="top">&nbsp;</x:td>
          <x:td id="ID_7460302" align="left" valign="top">&nbsp;</x:td>
          <x:td id="ID_7460303" align="left" valign="top">&nbsp;</x:td>
          <x:td id="ID_7460304" align="left" valign="top">&nbsp;</x:td>
          <x:td id="ID_7460305" align="left" valign="top">&nbsp;</x:td>
          <x:td id="ID_7460306" align="left" valign="top">&nbsp;</x:td>
        </x:tr>
      </x:tbody>
    </x:table>
    <x:table id="ID_7460308" class="">
      <x:thead id="ID_7460309">
        <x:tr id="ID_7460310">
          <x:th id="ID_7460311" colspan="6" align="center" valign="top">
            <x:p id="ID_7460312">In circling area and at aerodrome</x:p>
          </x:th>
        </x:tr>
        <x:tr id="ID_7460313">
          <x:th id="ID_7460314" align="left" valign="top">
            <x:p id="ID_7460315">Obstacle ID/Designation</x:p>
          </x:th>
          <x:th id="ID_7460316" align="left" valign="top">
            <x:p id="ID_7460317">Obstacle Type</x:p>
          </x:th>
          <x:th id="ID_7460318" align="left" valign="top">
            <x:p id="ID_7460319">Obstacle Position</x:p>
          </x:th>
          <x:th id="ID_7460320" align="left" valign="top">
            <x:p id="ID_7460321">Elevation/Height</x:p>
          </x:th>
          <x:th id="ID_7460322" align="left" valign="top">
            <x:p id="ID_7460323">Obstruction Lighting Type/Colour</x:p>
          </x:th>
          <x:th id="ID_7460324" align="left" valign="top">
            <x:p id="ID_7460325">Remarks</x:p>
          </x:th>
        </x:tr>
        <x:tr id="ID_7460326">
          <x:th id="ID_7460327" align="left" valign="top">1</x:th>
          <x:th id="ID_7460328" align="left" valign="top">2</x:th>
          <x:th id="ID_7460329" align="left" valign="top">3</x:th>
          <x:th id="ID_7460330" align="left" valign="top">4</x:th>
          <x:th id="ID_7460331" align="left" valign="top">5</x:th>
          <x:th id="ID_7460332" align="left" valign="top">6</x:th>
        </x:tr>
      </x:thead>
      <x:tbody id="ID_7460333">
        <x:tr id="ID_7460334">
          <x:td id="ID_7460335" align="left" valign="top">&nbsp;</x:td>
          <x:td id="ID_7460336" align="left" valign="top">&nbsp;</x:td>
          <x:td id="ID_7460337" align="left" valign="top">&nbsp;</x:td>
          <x:td id="ID_7460338" align="left" valign="top">&nbsp;</x:td>
          <x:td id="ID_7460339" align="left" valign="top">&nbsp;</x:td>
          <x:td id="ID_7460340" align="left" valign="top">&nbsp;</x:td>
        </x:tr>
      </x:tbody>
    </x:table>
  </e:AD-2.10>
  <e:AD-2.11 id="EGNL-AD-2.11" Number="AD 2.11">
    <e:Title id="ID_7460343">METEOROLOGICAL INFORMATION PROVIDED</e:Title>
    <x:table id="ID_7460345" class="">
      <x:tbody id="ID_7460346">
        <x:tr id="ID_7460347">
          <x:td id="ID_7460348" align="left" valign="top">1</x:td>
          <x:td id="ID_7460349" align="left" valign="top">
            <x:p id="ID_7460350">Associated MET Office</x:p>
          </x:td>
          <x:td id="ID_7460351" align="left" valign="top">&nbsp;</x:td>
        </x:tr>
        <x:tr id="ID_7460352">
          <x:td id="ID_7460353" align="left" valign="top">2</x:td>
          <x:td id="ID_7460354" align="left" valign="top">
            <x:p id="ID_7460355">Hours of service</x:p>
            <x:p id="ID_7460356">MET Office outside hours</x:p>
          </x:td>
          <x:td id="ID_7460357" align="left" valign="top">&nbsp;</x:td>
        </x:tr>
        <x:tr id="ID_7460358">
          <x:td id="ID_7460359" align="left" valign="top">3</x:td>
          <x:td id="ID_7460360" align="left" valign="top">
            <x:p id="ID_7460361">Office responsible for TAF preparation</x:p>
            <x:p id="ID_7460362">Periods of validity</x:p>
          </x:td>
          <x:td id="ID_7460363" align="left" valign="top">&nbsp;</x:td>
        </x:tr>
        <x:tr id="ID_7460364">
          <x:td id="ID_7460365" align="left" valign="top">4</x:td>
          <x:td id="ID_7460366" align="left" valign="top">
            <x:p id="ID_7460367">Trend forecast</x:p>
            <x:p id="ID_7460368">Interval of issuance</x:p>
          </x:td>
          <x:td id="ID_7460369" align="left" valign="top">&nbsp;</x:td>
        </x:tr>
        <x:tr id="ID_7460370">
          <x:td id="ID_7460371" align="left" valign="top">5</x:td>
          <x:td id="ID_7460372" align="left" valign="top">
            <x:p id="ID_7460373">Briefing/consultation provided</x:p>
          </x:td>
          <x:td id="ID_7460374" align="left" valign="top">&nbsp;</x:td>
        </x:tr>
        <x:tr id="ID_7460375">
          <x:td id="ID_7460376" align="left" valign="top">6</x:td>
          <x:td id="ID_7460377" align="left" valign="top">
            <x:p id="ID_7460378">Flight documentation</x:p>
            <x:p id="ID_7460379">Language(s) used</x:p>
          </x:td>
          <x:td id="ID_7460380" align="left" valign="top">&nbsp;</x:td>
        </x:tr>
        <x:tr id="ID_7460381">
          <x:td id="ID_7460382" align="left" valign="top">7</x:td>
          <x:td id="ID_7460383" align="left" valign="top">
            <x:p id="ID_7460384">Charts and other information available for briefing or consultation</x:p>
          </x:td>
          <x:td id="ID_7460385" align="left" valign="top">&nbsp;</x:td>
        </x:tr>
        <x:tr id="ID_7460386">
          <x:td id="ID_7460387" align="left" valign="top">8</x:td>
          <x:td id="ID_7460388" align="left" valign="top">
            <x:p id="ID_7460389">Supplementary equipment available for providing information</x:p>
          </x:td>
          <x:td id="ID_7460390" align="left" valign="top">&nbsp;</x:td>
        </x:tr>
        <x:tr id="ID_7460391">
          <x:td id="ID_7460392" align="left" valign="top">9</x:td>
          <x:td id="ID_7460393" align="left" valign="top">
            <x:p id="ID_7460394">ATS units provided with information</x:p>
          </x:td>
          <x:td id="ID_7460395" align="left" valign="top">&nbsp;</x:td>
        </x:tr>
        <x:tr id="ID_7460396">
          <x:td id="ID_7460397" align="left" valign="top">10</x:td>
          <x:td id="ID_7460398" align="left" valign="top">
            <x:p id="ID_7460399">Additional information (limitation of service, etc.)</x:p>
          </x:td>
          <x:td id="ID_7460400" align="left" valign="top">&nbsp;</x:td>
        </x:tr>
      </x:tbody>
    </x:table>
  </e:AD-2.11>
  <e:AD-2.12 id="EGNL-AD-2.12" Number="AD 2.12">
    <e:Title id="ID_7460403">RUNWAY PHYSICAL CHARACTERISTICS</e:Title>
    <x:table id="ID_7460405" class="">
      <x:thead id="ID_7460406">
        <x:tr id="ID_7460407">
          <x:th id="ID_7460408" align="left" valign="top">
            <x:p id="ID_7460409">Designations RWY Number</x:p>
          </x:th>
          <x:th id="ID_7460410" align="left" valign="top">
            <x:p id="ID_7460411">True bearing</x:p>
          </x:th>
          <x:th id="ID_7460412" align="left" valign="top">
            <x:p id="ID_7460413">Dimensions of RWY</x:p>
          </x:th>
          <x:th id="ID_7460414" align="left" valign="top">
            <x:p id="ID_7460415">Surface of RWY/ SWY/ </x:p>
            <x:p id="ID_7460416">Strength (PCN)</x:p>
          </x:th>
          <x:th id="ID_7460417" align="left" valign="top">
            <x:p id="ID_7460418">THR co-ordinates/</x:p>
            <x:p id="ID_7460419">THR Geoid undulation</x:p>
          </x:th>
          <x:th id="ID_7460420" align="left" valign="top">
            <x:p id="ID_7460421">THR elevation/ Highest elevation of TDZ of precision APP RWY</x:p>
          </x:th>
        </x:tr>
        <x:tr id="ID_7460422">
          <x:th id="ID_7460423" align="left" valign="top">1</x:th>
          <x:th id="ID_7460424" align="left" valign="top">2</x:th>
          <x:th id="ID_7460425" align="left" valign="top">3</x:th>
          <x:th id="ID_7460426" align="left" valign="top">4</x:th>
          <x:th id="ID_7460427" align="left" valign="top">5</x:th>
          <x:th id="ID_7460428" align="left" valign="top">6</x:th>
        </x:tr>
      </x:thead>
      <x:tbody id="ID_7460429">
        <x:tr id="ID_7460430">
          <x:td id="ID_7460431" align="left" valign="top">&nbsp;</x:td>
          <x:td id="ID_7460432" align="left" valign="top">&nbsp;</x:td>
          <x:td id="ID_7460433" align="left" valign="top">&nbsp;</x:td>
          <x:td id="ID_7460434" align="left" valign="top">&nbsp;</x:td>
          <x:td id="ID_7460435" align="left" valign="top">&nbsp;</x:td>
          <x:td id="ID_7460436" align="left" valign="top">&nbsp;</x:td>
        </x:tr>
        <x:tr id="ID_7460437">
          <x:td id="ID_7460438" align="left" valign="top">&nbsp;</x:td>
          <x:td id="ID_7460439" align="left" valign="top">&nbsp;</x:td>
          <x:td id="ID_7460440" align="left" valign="top">&nbsp;</x:td>
          <x:td id="ID_7460441" align="left" valign="top">&nbsp;</x:td>
          <x:td id="ID_7460442" align="left" valign="top">&nbsp;</x:td>
          <x:td id="ID_7460443" align="left" valign="top">&nbsp;</x:td>
        </x:tr>
      </x:tbody>
    </x:table>
    <x:table id="ID_7460445" class="">
      <x:thead id="ID_7460446">
        <x:tr id="ID_7460447">
          <x:th id="ID_7460448" colspan="3" align="left" valign="top">
            <x:p id="ID_7460449">Slope of RWY/</x:p>
            <x:p id="ID_7460450">SWY</x:p>
          </x:th>
          <x:th id="ID_7460451" align="left" valign="top">
            <x:p id="ID_7460452">SWY dimensions</x:p>
          </x:th>
          <x:th id="ID_7460453" align="left" valign="top">
            <x:p id="ID_7460454">Clearway dimensions</x:p>
          </x:th>
          <x:th id="ID_7460455" align="left" valign="top">
            <x:p id="ID_7460456">Strip dimensions</x:p>
          </x:th>
          <x:th id="ID_7460457" align="left" valign="top">
            <x:p id="ID_7460458">OFZ</x:p>
          </x:th>
          <x:th id="ID_7460459" align="left" valign="top">
            <x:p id="ID_7460460">Remarks</x:p>
          </x:th>
        </x:tr>
        <x:tr id="ID_7460461">
          <x:th id="ID_7460462" colspan="3" align="left" valign="top">7</x:th>
          <x:th id="ID_7460463" align="left" valign="top">8</x:th>
          <x:th id="ID_7460464" align="left" valign="top">9</x:th>
          <x:th id="ID_7460465" align="left" valign="top">10</x:th>
          <x:th id="ID_7460466" align="left" valign="top">11</x:th>
          <x:th id="ID_7460467" align="left" valign="top">12</x:th>
        </x:tr>
      </x:thead>
      <x:tbody id="ID_7460468">
        <x:tr id="ID_7460469">
          <x:td id="ID_7460470" colspan="3" align="left" valign="top">&nbsp;</x:td>
          <x:td id="ID_7460471" align="left" valign="top">&nbsp;</x:td>
          <x:td id="ID_7460472" align="left" valign="top">&nbsp;</x:td>
          <x:td id="ID_7460473" align="left" valign="top">&nbsp;</x:td>
          <x:td id="ID_7460474" align="left" valign="top">&nbsp;</x:td>
          <x:td id="ID_7460475" align="left" valign="top">&nbsp;</x:td>
        </x:tr>
        <x:tr id="ID_7460476">
          <x:td id="ID_7460477" colspan="3" align="left" valign="top">&nbsp;</x:td>
          <x:td id="ID_7460478" align="left" valign="top">&nbsp;</x:td>
          <x:td id="ID_7460479" align="left" valign="top">&nbsp;</x:td>
          <x:td id="ID_7460480" align="left" valign="top">&nbsp;</x:td>
          <x:td id="ID_7460481" align="left" valign="top">&nbsp;</x:td>
          <x:td id="ID_7460482" align="left" valign="top">&nbsp;</x:td>
        </x:tr>
      </x:tbody>
    </x:table>
  </e:AD-2.12>
  <e:AD-2.13 id="EGNL-AD-2.13" Number="AD 2.13">
    <e:Title id="ID_7460485">DECLARED DISTANCES</e:Title>
    <x:table id="ID_7460487" class="">
      <x:thead id="ID_7460488">
        <x:tr id="ID_7460489">
          <x:th id="ID_7460490" align="left" valign="top">
            <x:p id="ID_7460491">Runway designator</x:p>
          </x:th>
          <x:th id="ID_7460492" align="left" valign="top">
            <x:p id="ID_7460493">TORA</x:p>
          </x:th>
          <x:th id="ID_7460494" align="left" valign="top">
            <x:p id="ID_7460495">TODA</x:p>
          </x:th>
          <x:th id="ID_7460496" align="left" valign="top">
            <x:p id="ID_7460497">ASDA</x:p>
          </x:th>
          <x:th id="ID_7460498" align="left" valign="top">
            <x:p id="ID_7460499">LDA</x:p>
          </x:th>
          <x:th id="ID_7460500" align="left" valign="top">
            <x:p id="ID_7460501">Remarks</x:p>
          </x:th>
        </x:tr>
        <x:tr id="ID_7460502">
          <x:th id="ID_7460503" align="left" valign="top">1</x:th>
          <x:th id="ID_7460504" align="left" valign="top">2</x:th>
          <x:th id="ID_7460505" align="left" valign="top">3</x:th>
          <x:th id="ID_7460506" align="left" valign="top">4</x:th>
          <x:th id="ID_7460507" align="left" valign="top">5</x:th>
          <x:th id="ID_7460508" align="left" valign="top">6</x:th>
        </x:tr>
      </x:thead>
      <x:tbody id="ID_7460509">
        <x:tr id="ID_7460510">
          <x:td id="ID_7460511" align="left" valign="top">&nbsp;</x:td>
          <x:td id="ID_7460512" align="left" valign="top">&nbsp;</x:td>
          <x:td id="ID_7460513" align="left" valign="top">&nbsp;</x:td>
          <x:td id="ID_7460514" align="left" valign="top">&nbsp;</x:td>
          <x:td id="ID_7460515" align="left" valign="top">&nbsp;</x:td>
          <x:td id="ID_7460516" align="left" valign="top">&nbsp;</x:td>
        </x:tr>
        <x:tr id="ID_7460517">
          <x:td id="ID_7460518" align="left" valign="top">&nbsp;</x:td>
          <x:td id="ID_7460519" align="left" valign="top">&nbsp;</x:td>
          <x:td id="ID_7460520" align="left" valign="top">&nbsp;</x:td>
          <x:td id="ID_7460521" align="left" valign="top">&nbsp;</x:td>
          <x:td id="ID_7460522" align="left" valign="top">&nbsp;</x:td>
          <x:td id="ID_7460523" align="left" valign="top">&nbsp;</x:td>
        </x:tr>
      </x:tbody>
    </x:table>
  </e:AD-2.13>
  <e:AD-2.14 id="EGNL-AD-2.14" Number="AD 2.14">
    <e:Title id="ID_7460526">APPROACH AND RUNWAY LIGHTING</e:Title>
    <x:table id="ID_7460528" class="">
      <x:thead id="ID_7460529">
        <x:tr id="ID_7460530">
          <x:th id="ID_7460531" align="left" valign="top">
            <x:p id="ID_7460532">RWY</x:p>
          </x:th>
          <x:th id="ID_7460533" align="left" valign="top">
            <x:p id="ID_7460534">Approach Lighting Type/</x:p>
            <x:p id="ID_7460535">Length/</x:p>
            <x:p id="ID_7460536">Intensity</x:p>
          </x:th>
          <x:th id="ID_7460537" align="left" valign="top">
            <x:p id="ID_7460538">Threshold lighting</x:p>
            <x:p id="ID_7460539">Colour/ </x:p>
            <x:p id="ID_7460540">Wing bars</x:p>
          </x:th>
          <x:th id="ID_7460541" align="left" valign="top">
            <x:p id="ID_7460542">VASIS/</x:p>
            <x:p id="ID_7460543">MEHT/</x:p>
            <x:p id="ID_7460544">PAPI</x:p>
          </x:th>
          <x:th id="ID_7460545" align="left" valign="top">
            <x:p id="ID_7460546">TDZ lighting</x:p>
            <x:p id="ID_7460547">Length</x:p>
          </x:th>
          <x:th id="ID_7460548" align="left" valign="top">
            <x:p id="ID_7460549">Runway Centre Line lighting</x:p>
            <x:p id="ID_7460550">Length/</x:p>
            <x:p id="ID_7460551">Spacing/</x:p>
            <x:p id="ID_7460552">Colour/</x:p>
            <x:p id="ID_7460553">Intensity</x:p>
          </x:th>
          <x:th id="ID_7460554" align="left" valign="top">
            <x:p id="ID_7460555">Runway edge lighting</x:p>
            <x:p id="ID_7460556">Length/</x:p>
            <x:p id="ID_7460557">Spacing/</x:p>
            <x:p id="ID_7460558">Colour/</x:p>
            <x:p id="ID_7460559">Intensity</x:p>
          </x:th>
          <x:th id="ID_7460560" align="left" valign="top">
            <x:p id="ID_7460561">Runway end lighting</x:p>
            <x:p id="ID_7460562">Colour/</x:p>
            <x:p id="ID_7460563">Wing bars</x:p>
          </x:th>
          <x:th id="ID_7460564" align="left" valign="top">
            <x:p id="ID_7460565">Stopway lighting</x:p>
            <x:p id="ID_7460566">Length/</x:p>
            <x:p id="ID_7460567">Colour</x:p>
          </x:th>
          <x:th id="ID_7460568" align="left" valign="top">
            <x:p id="ID_7460569">Remarks</x:p>
          </x:th>
        </x:tr>
        <x:tr id="ID_7460570">
          <x:th id="ID_7460571" align="left" valign="top">1</x:th>
          <x:th id="ID_7460572" align="left" valign="top">2</x:th>
          <x:th id="ID_7460573" align="left" valign="top">3</x:th>
          <x:th id="ID_7460574" align="left" valign="top">4</x:th>
          <x:th id="ID_7460575" align="left" valign="top">5</x:th>
          <x:th id="ID_7460576" align="left" valign="top">6</x:th>
          <x:th id="ID_7460577" align="left" valign="top">7</x:th>
          <x:th id="ID_7460578" align="left" valign="top">8</x:th>
          <x:th id="ID_7460579" align="left" valign="top">9</x:th>
          <x:th id="ID_7460580" align="left" valign="top">10</x:th>
        </x:tr>
      </x:thead>
      <x:tbody id="ID_7460581">
        <x:tr id="ID_7460582">
          <x:td id="ID_7460583" align="left" valign="top">&nbsp;</x:td>
          <x:td id="ID_7460584" align="left" valign="top">&nbsp;</x:td>
          <x:td id="ID_7460585" align="left" valign="top">&nbsp;</x:td>
          <x:td id="ID_7460586" align="left" valign="top">&nbsp;</x:td>
          <x:td id="ID_7460587" align="left" valign="top">&nbsp;</x:td>
          <x:td id="ID_7460588" align="left" valign="top">&nbsp;</x:td>
          <x:td id="ID_7460589" align="left" valign="top">&nbsp;</x:td>
          <x:td id="ID_7460590" align="left" valign="top">&nbsp;</x:td>
          <x:td id="ID_7460591" align="left" valign="top">&nbsp;</x:td>
          <x:td id="ID_7460592" align="left" valign="top">&nbsp;</x:td>
        </x:tr>
        <x:tr id="ID_7460593">
          <x:td id="ID_7460594" align="left" valign="top">&nbsp;</x:td>
          <x:td id="ID_7460595" align="left" valign="top">&nbsp;</x:td>
          <x:td id="ID_7460596" align="left" valign="top">&nbsp;</x:td>
          <x:td id="ID_7460597" align="left" valign="top">&nbsp;</x:td>
          <x:td id="ID_7460598" align="left" valign="top">&nbsp;</x:td>
          <x:td id="ID_7460599" align="left" valign="top">&nbsp;</x:td>
          <x:td id="ID_7460600" align="left" valign="top">&nbsp;</x:td>
          <x:td id="ID_7460601" align="left" valign="top">&nbsp;</x:td>
          <x:td id="ID_7460602" align="left" valign="top">&nbsp;</x:td>
          <x:td id="ID_7460603" align="left" valign="top">&nbsp;</x:td>
        </x:tr>
      </x:tbody>
    </x:table>
  </e:AD-2.14>
  <e:AD-2.15 id="EGNL-AD-2.15" Number="AD 2.15">
    <e:Title id="ID_7460606">OTHER LIGHTING, SECONDARY POWER SUPPLY</e:Title>
    <x:table id="ID_7460608" class="">
      <x:tbody id="ID_7460609">
        <x:tr id="ID_7460610">
          <x:td id="ID_7460611" align="left" valign="top">1</x:td>
          <x:td id="ID_7460612" align="left" valign="top">
            <x:p id="ID_7460613">ABN/IBN location, characteristics and hours of operation</x:p>
          </x:td>
          <x:td id="ID_7460614" align="left" valign="top">&nbsp;</x:td>
        </x:tr>
        <x:tr id="ID_7460615">
          <x:td id="ID_7460616" align="left" valign="top">2</x:td>
          <x:td id="ID_7460617" align="left" valign="top">
            <x:p id="ID_7460618">LDI location and lighting</x:p>
            <x:p id="ID_7460619">Anemometer location and lighting</x:p>
          </x:td>
          <x:td id="ID_7460620" align="left" valign="top">&nbsp;</x:td>
        </x:tr>
        <x:tr id="ID_7460621">
          <x:td id="ID_7460622" align="left" valign="top">3</x:td>
          <x:td id="ID_7460623" align="left" valign="top">
            <x:p id="ID_7460624">TWY edge and centre line lighting</x:p>
          </x:td>
          <x:td id="ID_7460625" align="left" valign="top">&nbsp;</x:td>
        </x:tr>
        <x:tr id="ID_7460626">
          <x:td id="ID_7460627" align="left" valign="top">4</x:td>
          <x:td id="ID_7460628" align="left" valign="top">
            <x:p id="ID_7460629">Secondary power supply/switch-over time</x:p>
          </x:td>
          <x:td id="ID_7460630" align="left" valign="top">&nbsp;</x:td>
        </x:tr>
        <x:tr id="ID_7460631">
          <x:td id="ID_7460632" align="left" valign="top">5</x:td>
          <x:td id="ID_7460633" align="left" valign="top">
            <x:p id="ID_7460634">Remarks</x:p>
          </x:td>
          <x:td id="ID_7460635" align="left" valign="top">&nbsp;</x:td>
        </x:tr>
      </x:tbody>
    </x:table>
  </e:AD-2.15>
  <e:AD-2.16 id="EGNL-AD-2.16" Number="AD 2.16">
    <e:Title id="ID_7460638">HELICOPTER LANDING AREA</e:Title>
    <x:table id="ID_7460640" class="">
      <x:tbody id="ID_7460641">
        <x:tr id="ID_7460642">
          <x:td id="ID_7460643" align="left" valign="top">1</x:td>
          <x:td id="ID_7460644" align="left" valign="top">
            <x:p id="ID_7460645">Coordinates TLOF or THR of FATO</x:p>
            <x:p id="ID_7460646">Geoid undulation</x:p>
          </x:td>
          <x:td id="ID_7460647" align="left" valign="top">&nbsp;</x:td>
        </x:tr>
        <x:tr id="ID_7460648">
          <x:td id="ID_7460649" align="left" valign="top">2</x:td>
          <x:td id="ID_7460650" align="left" valign="top">
            <x:p id="ID_7460651">TLOF and/or FATO elevation M/FT</x:p>
          </x:td>
          <x:td id="ID_7460652" align="left" valign="top">&nbsp;</x:td>
        </x:tr>
        <x:tr id="ID_7460653">
          <x:td id="ID_7460654" align="left" valign="top">3</x:td>
          <x:td id="ID_7460655" align="left" valign="top">
            <x:p id="ID_7460656">TLOF and FATO area dimensions, surface, strength, marking</x:p>
          </x:td>
          <x:td id="ID_7460657" align="left" valign="top">&nbsp;</x:td>
        </x:tr>
        <x:tr id="ID_7460658">
          <x:td id="ID_7460659" align="left" valign="top">4</x:td>
          <x:td id="ID_7460660" align="left" valign="top">
            <x:p id="ID_7460661">True BRG of FATO</x:p>
          </x:td>
          <x:td id="ID_7460662" align="left" valign="top">&nbsp;</x:td>
        </x:tr>
        <x:tr id="ID_7460663">
          <x:td id="ID_7460664" align="left" valign="top">5</x:td>
          <x:td id="ID_7460665" align="left" valign="top">
            <x:p id="ID_7460666">Declared distance available</x:p>
          </x:td>
          <x:td id="ID_7460667" align="left" valign="top">&nbsp;</x:td>
        </x:tr>
        <x:tr id="ID_7460668">
          <x:td id="ID_7460669" align="left" valign="top">6</x:td>
          <x:td id="ID_7460670" align="left" valign="top">
            <x:p id="ID_7460671">APP and FATO lighting</x:p>
          </x:td>
          <x:td id="ID_7460672" align="left" valign="top">&nbsp;</x:td>
        </x:tr>
        <x:tr id="ID_7460673">
          <x:td id="ID_7460674" align="left" valign="top">7</x:td>
          <x:td id="ID_7460675" align="left" valign="top">
            <x:p id="ID_7460676">Remarks</x:p>
          </x:td>
          <x:td id="ID_7460677" align="left" valign="top">&nbsp;</x:td>
        </x:tr>
      </x:tbody>
    </x:table>
  </e:AD-2.16>
  <e:AD-2.17 id="EGNL-AD-2.17" Number="AD 2.17">
    <e:Title id="ID_7460680">AIR TRAFFIC SERVICES AIRSPACE</e:Title>
    <x:table id="ID_7460682" class="">
      <x:thead id="ID_7460683">
        <x:tr id="ID_7460684">
          <x:th id="ID_7460685" align="left" valign="top">
            <x:p id="ID_7460686">Designation and</x:p>
            <x:p id="ID_7460687">lateral limits</x:p>
          </x:th>
          <x:th id="ID_7460688" align="left" valign="top">
            <x:p id="ID_7460689">Vertical Limits</x:p>
          </x:th>
          <x:th id="ID_7460690" align="left" valign="top">
            <x:p id="ID_7460691">Airspace Class</x:p>
          </x:th>
          <x:th id="ID_7460692" align="left" valign="top">
            <x:p id="ID_7460693">ATS unit callsign/ language</x:p>
          </x:th>
          <x:th id="ID_7460694" align="left" valign="top">
            <x:p id="ID_7460695">Transition Altitude</x:p>
          </x:th>
          <x:th id="ID_7460696" align="left" valign="top">
            <x:p id="ID_7460697">Hours of Applicability</x:p>
          </x:th>
          <x:th id="ID_7460698" align="left" valign="top">
            <x:p id="ID_7460699">Remarks</x:p>
          </x:th>
        </x:tr>
        <x:tr id="ID_7460700">
          <x:th id="ID_7460701" align="left" valign="top">1</x:th>
          <x:th id="ID_7460702" align="left" valign="top">2</x:th>
          <x:th id="ID_7460703" align="left" valign="top">3</x:th>
          <x:th id="ID_7460704" align="left" valign="top">4</x:th>
          <x:th id="ID_7460705" align="left" valign="top">5</x:th>
          <x:th id="ID_7460706" align="left" valign="top">6</x:th>
          <x:th id="ID_7460707" align="left" valign="top">7</x:th>
        </x:tr>
      </x:thead>
      <x:tbody id="ID_7460708">
        <x:tr id="ID_7460709">
          <x:td id="ID_7460710" align="left" valign="top">&nbsp;</x:td>
          <x:td id="ID_7460711" align="left" valign="top">&nbsp;</x:td>
          <x:td id="ID_7460712" align="left" valign="top">&nbsp;</x:td>
          <x:td id="ID_7460713" align="left" valign="top">&nbsp;</x:td>
          <x:td id="ID_7460714" align="left" valign="top">&nbsp;</x:td>
          <x:td id="ID_7460715" align="left" valign="top">&nbsp;</x:td>
          <x:td id="ID_7460716" align="left" valign="top">&nbsp;</x:td>
        </x:tr>
        <x:tr id="ID_7460717">
          <x:td id="ID_7460718" align="left" valign="top">&nbsp;</x:td>
          <x:td id="ID_7460719" align="left" valign="top">&nbsp;</x:td>
          <x:td id="ID_7460720" align="left" valign="top">&nbsp;</x:td>
          <x:td id="ID_7460721" align="left" valign="top">&nbsp;</x:td>
          <x:td id="ID_7460722" align="left" valign="top">&nbsp;</x:td>
          <x:td id="ID_7460723" align="left" valign="top">&nbsp;</x:td>
          <x:td id="ID_7460724" align="left" valign="top">&nbsp;</x:td>
        </x:tr>
      </x:tbody>
    </x:table>
  </e:AD-2.17>
  <e:AD-2.18 id="EGNL-AD-2.18" Number="AD 2.18">
    <e:Title id="ID_7460727">AIR TRAFFIC SERVICES COMMUNICATION FACILITIES</e:Title>
    <x:table id="ID_7460729" class="">
      <x:thead id="ID_7460730">
        <x:tr id="ID_7460731">
          <x:th id="ID_7460732" align="left" valign="top">
            <x:p id="ID_7460733">Service designation</x:p>
          </x:th>
          <x:th id="ID_7460734" align="left" valign="top">
            <x:p id="ID_7460735">Callsign</x:p>
          </x:th>
          <x:th id="ID_7460736" align="left" valign="top">
            <x:p id="ID_7460737">Channel(s)</x:p>
          </x:th>
          <x:th id="ID_7460738" align="left" valign="top">
            <x:p id="ID_7460739">Hours of </x:p>
            <x:p id="ID_7460740">Operation</x:p>
          </x:th>
          <x:th id="ID_7460741" align="left" valign="top">
            <x:p id="ID_7460742">Remarks</x:p>
          </x:th>
        </x:tr>
        <x:tr id="ID_7460743">
          <x:th id="ID_7460744" align="left" valign="top">1</x:th>
          <x:th id="ID_7460745" align="left" valign="top">2</x:th>
          <x:th id="ID_7460746" align="left" valign="top">3</x:th>
          <x:th id="ID_7460747" align="left" valign="top">4</x:th>
          <x:th id="ID_7460748" align="left" valign="top">5</x:th>
        </x:tr>
      </x:thead>
      <x:tbody id="ID_7460749">
        <x:tr id="ID_7460750">
          <x:td id="ID_7460751" align="left" valign="top">&nbsp;</x:td>
          <x:td id="ID_7460752" align="left" valign="top">&nbsp;</x:td>
          <x:td id="ID_7460753" align="left" valign="top">&nbsp;</x:td>
          <x:td id="ID_7460754" align="left" valign="top">&nbsp;</x:td>
          <x:td id="ID_7460755" align="left" valign="top">&nbsp;</x:td>
        </x:tr>
        <x:tr id="ID_7460756">
          <x:td id="ID_7460757" align="left" valign="top">&nbsp;</x:td>
          <x:td id="ID_7460758" align="left" valign="top">&nbsp;</x:td>
          <x:td id="ID_7460759" align="left" valign="top">&nbsp;</x:td>
          <x:td id="ID_7460760" align="left" valign="top">&nbsp;</x:td>
          <x:td id="ID_7460761" align="left" valign="top">&nbsp;</x:td>
        </x:tr>
      </x:tbody>
    </x:table>
  </e:AD-2.18>
  <e:AD-2.19 id="EGNL-AD-2.19" Number="AD 2.19">
    <e:Title id="ID_7460764">RADIO NAVIGATION AND LANDING AIDS</e:Title>
    <x:table id="ID_7460766" class="">
      <x:thead id="ID_7460767">
        <x:tr id="ID_7460768">
          <x:th id="ID_7460769" align="left" valign="top">
            <x:p id="ID_7460770">Type of Aid CAT of ILS/MLS</x:p>
            <x:p id="ID_7460771">(For VOR/ILS/MLS, give VAR)</x:p>
          </x:th>
          <x:th id="ID_7460772" align="left" valign="top">
            <x:p id="ID_7460773">Ident</x:p>
          </x:th>
          <x:th id="ID_7460774" align="left" valign="top">
            <x:p id="ID_7460775">Frequency</x:p>
            <x:p id="ID_7460776">channel number(s), service provider, and reference path identifier(s) (RPI)</x:p>
          </x:th>
          <x:th id="ID_7460777" align="left" valign="top">
            <x:p id="ID_7460778">Hours of Operation</x:p>
          </x:th>
          <x:th id="ID_7460779" align="left" valign="top">
            <x:p id="ID_7460780">Position of transmitting antenna co-ordinates</x:p>
          </x:th>
          <x:th id="ID_7460781" align="left" valign="top">
            <x:p id="ID_7460782">Elevation of DME transmitting antenna</x:p>
            <x:p id="ID_7460783">GBAS, SBAS, LTP, FTP values</x:p>
          </x:th>
          <x:th id="ID_7460784" align="left" valign="top">
            <x:p id="ID_7460785">Remarks</x:p>
          </x:th>
        </x:tr>
        <x:tr id="ID_7460786">
          <x:th id="ID_7460787" align="left" valign="top">1</x:th>
          <x:th id="ID_7460788" align="left" valign="top">2</x:th>
          <x:th id="ID_7460789" align="left" valign="top">3</x:th>
          <x:th id="ID_7460790" align="left" valign="top">4</x:th>
          <x:th id="ID_7460791" align="left" valign="top">5</x:th>
          <x:th id="ID_7460792" align="left" valign="top">6</x:th>
          <x:th id="ID_7460793" align="left" valign="top">7</x:th>
        </x:tr>
      </x:thead>
      <x:tbody id="ID_7460794">
        <x:tr id="ID_7460795">
          <x:td id="ID_7460796" align="left" valign="top">&nbsp;</x:td>
          <x:td id="ID_7460797" align="left" valign="top">&nbsp;</x:td>
          <x:td id="ID_7460798" align="left" valign="top">&nbsp;</x:td>
          <x:td id="ID_7460799" align="left" valign="top">&nbsp;</x:td>
          <x:td id="ID_7460800" align="left" valign="top">&nbsp;</x:td>
          <x:td id="ID_7460801" align="left" valign="top">&nbsp;</x:td>
          <x:td id="ID_7460802" align="left" valign="top">&nbsp;</x:td>
        </x:tr>
      </x:tbody>
    </x:table>
  </e:AD-2.19>
  <e:AD-2.20 id="EGNL-AD-2.20" Number="AD 2.20">
    <e:Title id="ID_7460805">LOCAL AERODROME REGULATIONS</e:Title>
    <x:div class="RP">
      <x:span class="sdParams" style="display:none;">TRULES_PROC;RULES_PROC_ID;7693</x:span>
      <e:Sub-section Number="1" id="EGNL-AD-2.20.1">
        <e:Title id="ID_7460807">Airport Regulations</e:Title>
        <x:ol id="ID_7460808" class="Numbered">
          <x:li id="ID_7460809">
            <x:p id="ID_7460810">Aircraft wanting to land at Walney must request permission at least 24 hours in advance.</x:p>
          </x:li>
          <x:li id="ID_7460811">
            <x:p id="ID_7460812">No aircraft is permitted to land at Walney, except in an emergency, when ATS is not available.</x:p>
          </x:li>
          <x:li id="ID_7460813">
            <x:p id="ID_7460814">Use of ILS/NDB/RNAV (GNSS) (including training) is strictly PPR.</x:p>
          </x:li>
          <x:li id="ID_7460815">
            <x:p id="ID_7460816">Aircraft that use the ILS Glidepath element for descent must comply with a local ILS RDH requirement that the glidepath receiver antennas on the aircraft and the distance to the lowest part of a fully extended undercarriage must not exceed two metres.</x:p>
          </x:li>
        </x:ol>
      </e:Sub-section>
      <e:Sub-section Number="2" id="EGNL-AD-2.20.2">
        <e:Title id="ID_7460818">Ground Movement</e:Title>
        <x:p id="ID_7460819">Not applicable</x:p>
      </e:Sub-section>
      <e:Sub-section Number="3" id="EGNL-AD-2.20.3">
        <e:Title id="ID_7460821">CAT II/III Operations</e:Title>
        <x:p id="ID_7460822">Not applicable</x:p>
      </e:Sub-section>
      <e:Sub-section Number="4" id="EGNL-AD-2.20.4">
        <e:Title id="ID_7460824">Warnings</e:Title>
        <x:ol id="ID_7460825" class="Numbered">
          <x:li id="ID_7460826">
            <x:p id="ID_7460827">Glider flying takes place when aerodrome is closed. Both winch and aero-tow.</x:p>
          </x:li>
          <x:li id="ID_7460828">
            <x:p id="ID_7460829">Pilots must avoid the EG R445 Barrow-in-Furness. A circle radius 0.5 nm centred on 540635N 0031410W SFC to 2000 ft ALT.</x:p>
          </x:li>
          <x:li id="ID_7460830">
            <x:p id="ID_7460831">Runway 23 Night-time approaches: Aircraft are warned not to descend below the indicated APAPI "on-slope" indication due to an obstruction-chimney (219 ft - Lit) on approach. As described in EGNL AD 2.10, Obstructions - in circling area and at aerodrome.</x:p>
          </x:li>
          <x:li id="ID_7460832">
            <x:p id="ID_7460833">Windshear warning - pilots are warned that windshear can occur on final approach over Walney Channel to the threshold Runway 23, especially when the tide is out and the surface wind is down Runway 23 at a speed of 15-20 kt.</x:p>
          </x:li>
        </x:ol>
      </e:Sub-section>
      <e:Sub-section Number="5" id="EGNL-AD-2.20.5">
        <e:Title id="ID_7460835">Helicopter Operations</e:Title>
        <x:p id="ID_7460836">Not applicable</x:p>
      </e:Sub-section>
      <e:Sub-section Number="6" id="EGNL-AD-2.20.6">
        <e:Title id="ID_7460838">Use of Runways</e:Title>
        <x:p id="ID_7460839">Runway 05/23 is an unlicensed runway.</x:p>
      </e:Sub-section>
      <e:Sub-section Number="7" id="EGNL-AD-2.20.7">
        <e:Title id="ID_7460841">Training</e:Title>
        <x:p id="ID_7460842">Not applicable</x:p>
      </e:Sub-section>
    </x:div>
  </e:AD-2.20>
  <e:AD-2.21 id="EGNL-AD-2.21" Number="AD 2.21">
    <e:Title id="ID_7460845">NOISE ABATEMENT PROCEDURES</e:Title>
    <x:div class="RP">
      <x:span class="sdParams" style="display:none;">TRULES_PROC;RULES_PROC_ID;7694</x:span>
      <x:p id="ID_7460846">Not applicable</x:p>
    </x:div>
  </e:AD-2.21>
  <e:AD-2.22 id="EGNL-AD-2.22" Number="AD 2.22">
    <e:Title id="ID_7460849">FLIGHT PROCEDURES</e:Title>
    <x:div class="RP">
      <x:span class="sdParams" style="display:none;">TRULES_PROC;RULES_PROC_ID;7695</x:span>
      <e:Sub-section Number="1" id="EGNL-AD-2.22.1">
        <e:Title id="ID_7460851">Procedures for Inbound Aircraft</e:Title>
        <x:ol id="ID_7460852" class="Numbered">
          <x:li id="ID_7460853">
            <x:p id="ID_7460854">Aircraft arriving from the south for a straight-in approach to the instrument approach procedures to Runway 35 should route via:</x:p>
            <x:table id="ID_7460856" class="">
              <x:thead id="ID_7460857">
                <x:tr id="ID_7460858">
                  <x:th id="ID_7460859" align="left" valign="top">
                    <x:p id="ID_7460860">Name</x:p>
                  </x:th>
                  <x:th id="ID_7460861" align="left" valign="top">
                    <x:p id="ID_7460862">Co-ordinates</x:p>
                  </x:th>
                  <x:th id="ID_7460863" align="left" valign="top">
                    <x:p id="ID_7460864">Terminal Area</x:p>
                  </x:th>
                </x:tr>
              </x:thead>
              <x:tbody id="ID_7460865">
                <x:tr id="ID_7460866">
                  <x:td id="ID_7460867" align="left" valign="top">
                    <x:p id="ID_7460868">TUNUP</x:p>
                  </x:td>
                  <x:td id="ID_7460869" align="left" valign="top">
                    <x:p id="ID_7460870">535548N 0031103W</x:p>
                  </x:td>
                  <x:td id="ID_7460871" align="left" valign="top">
                    <x:p id="ID_7460872">EGNL RWY 35 IAF ILS/DME/NDB(L), LOC/DME/NDB(L) and NDB(L)/DME</x:p>
                  </x:td>
                </x:tr>
              </x:tbody>
            </x:table>
          </x:li>
        </x:ol>
      </e:Sub-section>
    </x:div>
  </e:AD-2.22>
  <e:AD-2.23 id="EGNL-AD-2.23" Number="AD 2.23">
    <e:Title id="ID_7460875">ADDITIONAL INFORMATION</e:Title>
    <x:div class="RP">
      <x:span class="sdParams" style="display:none;">TRULES_PROC;RULES_PROC_ID;7696</x:span>
      <x:p id="ID_7460876">Not applicable</x:p>
    </x:div>
  </e:AD-2.23>
  <e:AD-2.24 id="EGNL-AD-2.24" Number="AD 2.24">
    <e:Title id="ID_7460879">CHARTS RELATED TO AN AERODROME</e:Title>
    <x:table id="ID_7460881" class="">
      <x:tbody id="ID_7460882">
        <x:tr id="ID_7460883">
          <x:td id="ID_7460884" align="left" valign="top">
            <x:p id="ID_7460885">
              <x:em id="ID_7460886" class="Italic">Figure: Aerodrome Chart - ICAO</x:em>
            </x:p>
          </x:td>
        </x:tr>
        <x:tr id="ID_7460887">
          <x:td id="ID_7460888" align="left" valign="top">
            <x:p id="ID_7460889">AD 2-EGAA-2-1</x:p>
          </x:td>
        </x:tr>
        <x:tr id="ID_7460890">
          <x:td id="ID_7460891" align="left" valign="top">&nbsp;</x:td>
        </x:tr>
        <x:tr id="ID_7460892">
          <x:td id="ID_7460893" align="left" valign="top">&nbsp;</x:td>
        </x:tr>
        <x:tr id="ID_7460894">
          <x:td id="ID_7460895" align="left" valign="top">&nbsp;</x:td>
        </x:tr>
        <x:tr id="ID_7460896">
          <x:td id="ID_7460897" align="left" valign="top">&nbsp;</x:td>
        </x:tr>
      </x:tbody>
    </x:table>
  </e:AD-2.24>
</e:Aerodrome>
