<?xml version="1.0" encoding="UTF-8"?>
<e:Aerodrome id="AD-2.EGSV" Ref="ICAO-EGSV" Title="OLD BUCKENHAM" xmlns:e="http://www.eurocontrol.int/xmlns/AIM/eAIP" xmlns:x="http://www.w3.org/1999/xhtml" xmlns:xlink="http://www.w3.org/1999/xlink">
  <e:Title />
  <e:AD-2.1 id="EGSV-AD-2.1" Number="AD 2.1">
    <GreenBorder id="ID_7206654" />
    <e:Title id="ID_7206655">AERODROME LOCATION INDICATOR AND NAME</e:Title>
    <e:Generated />
  </e:AD-2.1>
  <e:AD-2.2 id="EGSV-AD-2.2" Number="AD 2.2">
    <GreenBorder id="ID_7206660" />
    <e:Title id="ID_7206661">AERODROME&nbsp;GEOGRAPHICAL&nbsp;AND&nbsp;ADMINISTRATIVE&nbsp;DATA</e:Title>
    <x:table id="ID_7206663" class="">
      <x:tbody id="ID_7206664">
        <x:tr id="ID_7206665">
          <x:td id="ID_7206666" HAlignment="Left" VAlignment="Top" align="left" valign="top">1</x:td>
          <x:td id="ID_7206667" HAlignment="Left" VAlignment="Top" align="left" valign="top">
            <x:p id="ID_7206668">ARP coordinates and site at AD</x:p>
          </x:td>
          <x:td id="ID_7206669" HAlignment="Left" VAlignment="Top" align="left" valign="top">&nbsp;</x:td>
        </x:tr>
        <x:tr id="ID_7206670">
          <x:td id="ID_7206671" HAlignment="Left" VAlignment="Top" align="left" valign="top">2</x:td>
          <x:td id="ID_7206672" HAlignment="Left" VAlignment="Top" align="left" valign="top">
            <x:p id="ID_7206673">Direction and distance from city</x:p>
          </x:td>
          <x:td id="ID_7206674" HAlignment="Left" VAlignment="Top" align="left" valign="top">&nbsp;</x:td>
        </x:tr>
        <x:tr id="ID_7206675">
          <x:td id="ID_7206676" HAlignment="Left" VAlignment="Top" align="left" valign="top">3</x:td>
          <x:td id="ID_7206677" HAlignment="Left" VAlignment="Top" align="left" valign="top">
            <x:p id="ID_7206678">Elevation / Reference temperature</x:p>
          </x:td>
          <x:td id="ID_7206679" HAlignment="Left" VAlignment="Top" align="left" valign="top">&nbsp;</x:td>
        </x:tr>
        <x:tr id="ID_7206680">
          <x:td id="ID_7206681" HAlignment="Left" VAlignment="Top" align="left" valign="top">4</x:td>
          <x:td id="ID_7206682" HAlignment="Left" VAlignment="Top" align="left" valign="top">
            <x:p id="ID_7206683">Geoid undulation at AD ELEV PSN</x:p>
          </x:td>
          <x:td id="ID_7206684" HAlignment="Left" VAlignment="Top" align="left" valign="top">&nbsp;</x:td>
        </x:tr>
        <x:tr id="ID_7206685">
          <x:td id="ID_7206686" HAlignment="Left" VAlignment="Top" align="left" valign="top">5</x:td>
          <x:td id="ID_7206687" HAlignment="Left" VAlignment="Top" align="left" valign="top">
            <x:p id="ID_7206688">Magnetic Variation / Annual Change</x:p>
          </x:td>
          <x:td id="ID_7206689" HAlignment="Left" VAlignment="Top" align="left" valign="top">&nbsp;</x:td>
        </x:tr>
        <x:tr id="ID_7206690">
          <x:td id="ID_7206691" HAlignment="Left" VAlignment="Top" align="left" valign="top">6</x:td>
          <x:td id="ID_7206692" HAlignment="Left" VAlignment="Top" align="left" valign="top">
            <x:p id="ID_7206693">AD Administration, address, telephone, telefax, AFS, e-mail address, website address</x:p>
          </x:td>
          <x:td id="ID_7206694" HAlignment="Left" VAlignment="Top" align="left" valign="top">&nbsp;</x:td>
        </x:tr>
        <x:tr id="ID_7206695">
          <x:td id="ID_7206696" HAlignment="Left" VAlignment="Top" align="left" valign="top">7</x:td>
          <x:td id="ID_7206697" HAlignment="Left" VAlignment="Top" align="left" valign="top">
            <x:p id="ID_7206698">Types of Traffic permitted (IFR/VFR)</x:p>
          </x:td>
          <x:td id="ID_7206699" HAlignment="Left" VAlignment="Top" align="left" valign="top">&nbsp;</x:td>
        </x:tr>
        <x:tr id="ID_7206700">
          <x:td id="ID_7206701" HAlignment="Left" VAlignment="Top" align="left" valign="top">8</x:td>
          <x:td id="ID_7206702" HAlignment="Left" VAlignment="Top" align="left" valign="top">
            <x:p id="ID_7206703">Remarks</x:p>
          </x:td>
          <x:td id="ID_7206704" HAlignment="Left" VAlignment="Top" align="left" valign="top">&nbsp;</x:td>
        </x:tr>
      </x:tbody>
    </x:table>
  </e:AD-2.2>
  <e:AD-2.3 id="EGSV-AD-2.3" Number="AD 2.3">
    <GreenBorder id="ID_7206706" />
    <e:Title id="ID_7206707">OPERATIONAL&nbsp;HOURS</e:Title>
    <x:table id="ID_7206709" class="">
      <x:tbody id="ID_7206710">
        <x:tr id="ID_7206711">
          <x:td id="ID_7206712" HAlignment="Left" VAlignment="Top" align="left" valign="top">1</x:td>
          <x:td id="ID_7206713" HAlignment="Left" VAlignment="Top" align="left" valign="top">
            <x:p id="ID_7206714">Aerodrome Operator</x:p>
          </x:td>
          <x:td id="ID_7206715" HAlignment="Left" VAlignment="Top" align="left" valign="top">&nbsp;</x:td>
        </x:tr>
        <x:tr id="ID_7206716">
          <x:td id="ID_7206717" HAlignment="Left" VAlignment="Top" align="left" valign="top">2</x:td>
          <x:td id="ID_7206718" HAlignment="Left" VAlignment="Top" align="left" valign="top">
            <x:p id="ID_7206719">Customs and Immigration</x:p>
          </x:td>
          <x:td id="ID_7206720" HAlignment="Left" VAlignment="Top" align="left" valign="top">
            <x:p id="ID_7206721" />
          </x:td>
        </x:tr>
        <x:tr id="ID_7206722">
          <x:td id="ID_7206723" HAlignment="Left" VAlignment="Top" align="left" valign="top">3</x:td>
          <x:td id="ID_7206724" HAlignment="Left" VAlignment="Top" align="left" valign="top">
            <x:p id="ID_7206725">Health and sanitation</x:p>
          </x:td>
          <x:td id="ID_7206726" HAlignment="Left" VAlignment="Top" align="left" valign="top">&nbsp;</x:td>
        </x:tr>
        <x:tr id="ID_7206727">
          <x:td id="ID_7206728" HAlignment="Left" VAlignment="Top" align="left" valign="top">4</x:td>
          <x:td id="ID_7206729" HAlignment="Left" VAlignment="Top" align="left" valign="top">
            <x:p id="ID_7206730">AIS Briefing Office</x:p>
          </x:td>
          <x:td id="ID_7206731" HAlignment="Left" VAlignment="Top" align="left" valign="top">&nbsp;</x:td>
        </x:tr>
        <x:tr id="ID_7206732">
          <x:td id="ID_7206733" HAlignment="Left" VAlignment="Top" align="left" valign="top">5</x:td>
          <x:td id="ID_7206734" HAlignment="Left" VAlignment="Top" align="left" valign="top">
            <x:p id="ID_7206735">ATS Reporting Office (ARO)</x:p>
          </x:td>
          <x:td id="ID_7206736" HAlignment="Left" VAlignment="Top" align="left" valign="top">&nbsp;</x:td>
        </x:tr>
        <x:tr id="ID_7206737">
          <x:td id="ID_7206738" HAlignment="Left" VAlignment="Top" align="left" valign="top">6</x:td>
          <x:td id="ID_7206739" HAlignment="Left" VAlignment="Top" align="left" valign="top">
            <x:p id="ID_7206740">MET Briefing Office</x:p>
          </x:td>
          <x:td id="ID_7206741" HAlignment="Left" VAlignment="Top" align="left" valign="top">&nbsp;</x:td>
        </x:tr>
        <x:tr id="ID_7206742">
          <x:td id="ID_7206743" HAlignment="Left" VAlignment="Top" align="left" valign="top">7</x:td>
          <x:td id="ID_7206744" HAlignment="Left" VAlignment="Top" align="left" valign="top">
            <x:p id="ID_7206745">Air Traffic Service</x:p>
          </x:td>
          <x:td id="ID_7206746" HAlignment="Left" VAlignment="Top" align="left" valign="top">&nbsp;</x:td>
        </x:tr>
        <x:tr id="ID_7206747">
          <x:td id="ID_7206748" HAlignment="Left" VAlignment="Top" align="left" valign="top">8</x:td>
          <x:td id="ID_7206749" HAlignment="Left" VAlignment="Top" align="left" valign="top">
            <x:p id="ID_7206750">Fuelling</x:p>
          </x:td>
          <x:td id="ID_7206751" HAlignment="Left" VAlignment="Top" align="left" valign="top">&nbsp;</x:td>
        </x:tr>
        <x:tr id="ID_7206752">
          <x:td id="ID_7206753" HAlignment="Left" VAlignment="Top" align="left" valign="top">9</x:td>
          <x:td id="ID_7206754" HAlignment="Left" VAlignment="Top" align="left" valign="top">
            <x:p id="ID_7206755">Handling</x:p>
          </x:td>
          <x:td id="ID_7206756" HAlignment="Left" VAlignment="Top" align="left" valign="top">&nbsp;</x:td>
        </x:tr>
        <x:tr id="ID_7206757">
          <x:td id="ID_7206758" HAlignment="Left" VAlignment="Top" align="left" valign="top">10</x:td>
          <x:td id="ID_7206759" HAlignment="Left" VAlignment="Top" align="left" valign="top">
            <x:p id="ID_7206760">Security</x:p>
          </x:td>
          <x:td id="ID_7206761" HAlignment="Left" VAlignment="Top" align="left" valign="top">&nbsp;</x:td>
        </x:tr>
        <x:tr id="ID_7206762">
          <x:td id="ID_7206763" HAlignment="Left" VAlignment="Top" align="left" valign="top">11</x:td>
          <x:td id="ID_7206764" HAlignment="Left" VAlignment="Top" align="left" valign="top">
            <x:p id="ID_7206765">De-icing</x:p>
          </x:td>
          <x:td id="ID_7206766" HAlignment="Left" VAlignment="Top" align="left" valign="top">&nbsp;</x:td>
        </x:tr>
        <x:tr id="ID_7206767">
          <x:td id="ID_7206768" HAlignment="Left" VAlignment="Top" align="left" valign="top">12</x:td>
          <x:td id="ID_7206769" HAlignment="Left" VAlignment="Top" align="left" valign="top">
            <x:p id="ID_7206770">Remarks</x:p>
          </x:td>
          <x:td id="ID_7206771" HAlignment="Left" VAlignment="Top" align="left" valign="top">&nbsp;</x:td>
        </x:tr>
      </x:tbody>
    </x:table>
  </e:AD-2.3>
  <e:AD-2.4 id="EGSV-AD-2.4" Number="AD 2.4">
    <GreenBorder id="ID_7206773" />
    <e:Title id="ID_7206774">HANDLING&nbsp;SERVICES&nbsp;AND&nbsp;FACILITIES</e:Title>
    <x:table id="ID_7206776" class="">
      <x:tbody id="ID_7206777">
        <x:tr id="ID_7206778">
          <x:td id="ID_7206779" HAlignment="Left" VAlignment="Top" align="left" valign="top">1</x:td>
          <x:td id="ID_7206780" HAlignment="Left" VAlignment="Top" align="left" valign="top">
            <x:p id="ID_7206781">Cargo handling facilities</x:p>
          </x:td>
          <x:td id="ID_7206782" HAlignment="Left" VAlignment="Top" align="left" valign="top">&nbsp;</x:td>
        </x:tr>
        <x:tr id="ID_7206783">
          <x:td id="ID_7206784" HAlignment="Left" VAlignment="Top" align="left" valign="top">2</x:td>
          <x:td id="ID_7206785" HAlignment="Left" VAlignment="Top" align="left" valign="top">
            <x:p id="ID_7206786">Fuel and oil types</x:p>
          </x:td>
          <x:td id="ID_7206787" HAlignment="Left" VAlignment="Top" align="left" valign="top">&nbsp;</x:td>
        </x:tr>
        <x:tr id="ID_7206788">
          <x:td id="ID_7206789" HAlignment="Left" VAlignment="Top" align="left" valign="top">3</x:td>
          <x:td id="ID_7206790" HAlignment="Left" VAlignment="Top" align="left" valign="top">
            <x:p id="ID_7206791">Fuelling facilities/capacity</x:p>
          </x:td>
          <x:td id="ID_7206792" HAlignment="Left" VAlignment="Top" align="left" valign="top">&nbsp;</x:td>
        </x:tr>
        <x:tr id="ID_7206793">
          <x:td id="ID_7206794" HAlignment="Left" VAlignment="Top" align="left" valign="top">4</x:td>
          <x:td id="ID_7206795" HAlignment="Left" VAlignment="Top" align="left" valign="top">
            <x:p id="ID_7206796">De-icing facilities</x:p>
          </x:td>
          <x:td id="ID_7206797" HAlignment="Left" VAlignment="Top" align="left" valign="top">&nbsp;</x:td>
        </x:tr>
        <x:tr id="ID_7206798">
          <x:td id="ID_7206799" HAlignment="Left" VAlignment="Top" align="left" valign="top">5</x:td>
          <x:td id="ID_7206800" HAlignment="Left" VAlignment="Top" align="left" valign="top">
            <x:p id="ID_7206801">Hangar space for visiting aircraft</x:p>
          </x:td>
          <x:td id="ID_7206802" HAlignment="Left" VAlignment="Top" align="left" valign="top">&nbsp;</x:td>
        </x:tr>
        <x:tr id="ID_7206803">
          <x:td id="ID_7206804" HAlignment="Left" VAlignment="Top" align="left" valign="top">6</x:td>
          <x:td id="ID_7206805" HAlignment="Left" VAlignment="Top" align="left" valign="top">
            <x:p id="ID_7206806">Repair facilities for visiting aircraft</x:p>
          </x:td>
          <x:td id="ID_7206807" HAlignment="Left" VAlignment="Top" align="left" valign="top">&nbsp;</x:td>
        </x:tr>
        <x:tr id="ID_7206808">
          <x:td id="ID_7206809" HAlignment="Left" VAlignment="Top" align="left" valign="top">7</x:td>
          <x:td id="ID_7206810" HAlignment="Left" VAlignment="Top" align="left" valign="top">
            <x:p id="ID_7206811">Remarks</x:p>
          </x:td>
          <x:td id="ID_7206812" HAlignment="Left" VAlignment="Top" align="left" valign="top">&nbsp;</x:td>
        </x:tr>
      </x:tbody>
    </x:table>
  </e:AD-2.4>
  <e:AD-2.5 id="EGSV-AD-2.5" Number="AD 2.5">
    <GreenBorder id="ID_7206814" />
    <e:Title id="ID_7206815">PASSENGER&nbsp;FACILITIES</e:Title>
    <x:table id="ID_7206817" class="">
      <x:tbody id="ID_7206818">
        <x:tr id="ID_7206819">
          <x:td id="ID_7206820" HAlignment="Left" VAlignment="Top" align="left" valign="top">1</x:td>
          <x:td id="ID_7206821" HAlignment="Left" VAlignment="Top" align="left" valign="top">
            <x:p id="ID_7206822">Hotels</x:p>
          </x:td>
          <x:td id="ID_7206823" HAlignment="Left" VAlignment="Top" align="left" valign="top">&nbsp;</x:td>
        </x:tr>
        <x:tr id="ID_7206824">
          <x:td id="ID_7206825" HAlignment="Left" VAlignment="Top" align="left" valign="top">2</x:td>
          <x:td id="ID_7206826" HAlignment="Left" VAlignment="Top" align="left" valign="top">
            <x:p id="ID_7206827">Restaurants</x:p>
          </x:td>
          <x:td id="ID_7206828" HAlignment="Left" VAlignment="Top" align="left" valign="top">&nbsp;</x:td>
        </x:tr>
        <x:tr id="ID_7206829">
          <x:td id="ID_7206830" HAlignment="Left" VAlignment="Top" align="left" valign="top">3</x:td>
          <x:td id="ID_7206831" HAlignment="Left" VAlignment="Top" align="left" valign="top">
            <x:p id="ID_7206832">Transportation</x:p>
          </x:td>
          <x:td id="ID_7206833" HAlignment="Left" VAlignment="Top" align="left" valign="top">&nbsp;</x:td>
        </x:tr>
        <x:tr id="ID_7206834">
          <x:td id="ID_7206835" HAlignment="Left" VAlignment="Top" align="left" valign="top">4</x:td>
          <x:td id="ID_7206836" HAlignment="Left" VAlignment="Top" align="left" valign="top">
            <x:p id="ID_7206837">Medical facilities</x:p>
          </x:td>
          <x:td id="ID_7206838" HAlignment="Left" VAlignment="Top" align="left" valign="top">&nbsp;</x:td>
        </x:tr>
        <x:tr id="ID_7206839">
          <x:td id="ID_7206840" HAlignment="Left" VAlignment="Top" align="left" valign="top">5</x:td>
          <x:td id="ID_7206841" HAlignment="Left" VAlignment="Top" align="left" valign="top">
            <x:p id="ID_7206842">Bank and Post Office</x:p>
          </x:td>
          <x:td id="ID_7206843" HAlignment="Left" VAlignment="Top" align="left" valign="top">&nbsp;</x:td>
        </x:tr>
        <x:tr id="ID_7206844">
          <x:td id="ID_7206845" HAlignment="Left" VAlignment="Top" align="left" valign="top">6</x:td>
          <x:td id="ID_7206846" HAlignment="Left" VAlignment="Top" align="left" valign="top">
            <x:p id="ID_7206847">Tourist Office</x:p>
          </x:td>
          <x:td id="ID_7206848" HAlignment="Left" VAlignment="Top" align="left" valign="top">&nbsp;</x:td>
        </x:tr>
        <x:tr id="ID_7206849">
          <x:td id="ID_7206850" HAlignment="Left" VAlignment="Top" align="left" valign="top">7</x:td>
          <x:td id="ID_7206851" HAlignment="Left" VAlignment="Top" align="left" valign="top">
            <x:p id="ID_7206852">Remarks</x:p>
          </x:td>
          <x:td id="ID_7206853" HAlignment="Left" VAlignment="Top" align="left" valign="top">&nbsp;</x:td>
        </x:tr>
      </x:tbody>
    </x:table>
  </e:AD-2.5>
  <e:AD-2.6 id="EGSV-AD-2.6" Number="AD 2.6">
    <GreenBorder id="ID_7206855" />
    <e:Title id="ID_7206856">RESCUE&nbsp;AND&nbsp;FIRE&nbsp;FIGHTING&nbsp;SERVICES</e:Title>
    <x:table id="ID_7206858" class="">
      <x:tbody id="ID_7206859">
        <x:tr id="ID_7206860">
          <x:td id="ID_7206861" HAlignment="Left" VAlignment="Top" align="left" valign="top">1</x:td>
          <x:td id="ID_7206862" HAlignment="Left" VAlignment="Top" align="left" valign="top">
            <x:p id="ID_7206863">AD category for fire fighting</x:p>
          </x:td>
          <x:td id="ID_7206864" HAlignment="Left" VAlignment="Top" align="left" valign="top">&nbsp;</x:td>
        </x:tr>
        <x:tr id="ID_7206865">
          <x:td id="ID_7206866" HAlignment="Left" VAlignment="Top" align="left" valign="top">2</x:td>
          <x:td id="ID_7206867" HAlignment="Left" VAlignment="Top" align="left" valign="top">
            <x:p id="ID_7206868">Rescue equipment</x:p>
          </x:td>
          <x:td id="ID_7206869" HAlignment="Left" VAlignment="Top" align="left" valign="top">&nbsp;</x:td>
        </x:tr>
        <x:tr id="ID_7206870">
          <x:td id="ID_7206871" HAlignment="Left" VAlignment="Top" align="left" valign="top">3</x:td>
          <x:td id="ID_7206872" HAlignment="Left" VAlignment="Top" align="left" valign="top">
            <x:p id="ID_7206873">Capability for removal of disabled aircraft</x:p>
          </x:td>
          <x:td id="ID_7206874" HAlignment="Left" VAlignment="Top" align="left" valign="top">&nbsp;</x:td>
        </x:tr>
        <x:tr id="ID_7206875">
          <x:td id="ID_7206876" HAlignment="Left" VAlignment="Top" align="left" valign="top">4</x:td>
          <x:td id="ID_7206877" HAlignment="Left" VAlignment="Top" align="left" valign="top">
            <x:p id="ID_7206878">Remarks</x:p>
          </x:td>
          <x:td id="ID_7206879" HAlignment="Left" VAlignment="Top" align="left" valign="top">&nbsp;</x:td>
        </x:tr>
      </x:tbody>
    </x:table>
  </e:AD-2.6>
  <e:AD-2.7 id="EGSV-AD-2.7" Number="AD 2.7">
    <GreenBorder id="ID_7206881" />
    <e:Title id="ID_7206882">SEASONAL&nbsp;AVAILABILITY&nbsp;-&nbsp;CLEARING</e:Title>
    <x:table id="ID_7206884" class="">
      <x:tbody id="ID_7206885">
        <x:tr id="ID_7206886">
          <x:td id="ID_7206887" HAlignment="Left" VAlignment="Top" align="left" valign="top">1</x:td>
          <x:td id="ID_7206888" HAlignment="Left" VAlignment="Top" align="left" valign="top">
            <x:p id="ID_7206889">Types of clearing equipment</x:p>
          </x:td>
          <x:td id="ID_7206890" HAlignment="Left" VAlignment="Top" align="left" valign="top">&nbsp;</x:td>
        </x:tr>
        <x:tr id="ID_7206891">
          <x:td id="ID_7206892" HAlignment="Left" VAlignment="Top" align="left" valign="top">2</x:td>
          <x:td id="ID_7206893" HAlignment="Left" VAlignment="Top" align="left" valign="top">
            <x:p id="ID_7206894">Clearance priorities</x:p>
          </x:td>
          <x:td id="ID_7206895" HAlignment="Left" VAlignment="Top" align="left" valign="top">&nbsp;</x:td>
        </x:tr>
        <x:tr id="ID_7206896">
          <x:td id="ID_7206897" HAlignment="Left" VAlignment="Top" align="left" valign="top">3</x:td>
          <x:td id="ID_7206898" HAlignment="Left" VAlignment="Top" align="left" valign="top">
            <x:p id="ID_7206899">Remarks</x:p>
          </x:td>
          <x:td id="ID_7206900" HAlignment="Left" VAlignment="Top" align="left" valign="top">&nbsp;</x:td>
        </x:tr>
      </x:tbody>
    </x:table>
  </e:AD-2.7>
  <e:AD-2.8 id="EGSV-AD-2.8" Number="AD 2.8">
    <GreenBorder id="ID_7206902" />
    <e:Title id="ID_7206903">APRONS,&nbsp;TAXIWAYS&nbsp;AND&nbsp;CHECK&nbsp;LOCATIONS/POSITIONS&nbsp;DATA</e:Title>
    <x:table id="ID_7206905" class="">
      <x:tbody id="ID_7206906">
        <x:tr id="ID_7206907">
          <x:td id="ID_7206908" HAlignment="Left" VAlignment="Top" align="left" valign="top">1</x:td>
          <x:td id="ID_7206909" HAlignment="Left" VAlignment="Top" align="left" valign="top">
            <x:p id="ID_7206910">Apron surface and strength</x:p>
          </x:td>
          <x:td id="ID_7206911" HAlignment="Left" VAlignment="Top" align="left" valign="top">&nbsp;</x:td>
        </x:tr>
        <x:tr id="ID_7206912">
          <x:td id="ID_7206913" HAlignment="Left" VAlignment="Top" align="left" valign="top">2</x:td>
          <x:td id="ID_7206914" HAlignment="Left" VAlignment="Top" align="left" valign="top">
            <x:p id="ID_7206915">Taxiway width, surface and strength</x:p>
          </x:td>
          <x:td id="ID_7206916" HAlignment="Left" VAlignment="Top" align="left" valign="top">&nbsp;</x:td>
        </x:tr>
        <x:tr id="ID_7206917">
          <x:td id="ID_7206918" HAlignment="Left" VAlignment="Top" align="left" valign="top">3</x:td>
          <x:td id="ID_7206919" HAlignment="Left" VAlignment="Top" align="left" valign="top">
            <x:p id="ID_7206920">Altimeter checkpoint location and elevation</x:p>
          </x:td>
          <x:td id="ID_7206921" HAlignment="Left" VAlignment="Top" align="left" valign="top">&nbsp;</x:td>
        </x:tr>
        <x:tr id="ID_7206922">
          <x:td id="ID_7206923" HAlignment="Left" VAlignment="Top" align="left" valign="top">4</x:td>
          <x:td id="ID_7206924" HAlignment="Left" VAlignment="Top" align="left" valign="top">
            <x:p id="ID_7206925">VOR checkpoints</x:p>
          </x:td>
          <x:td id="ID_7206926" HAlignment="Left" VAlignment="Top" align="left" valign="top">&nbsp;</x:td>
        </x:tr>
        <x:tr id="ID_7206927">
          <x:td id="ID_7206928" HAlignment="Left" VAlignment="Top" align="left" valign="top">5</x:td>
          <x:td id="ID_7206929" HAlignment="Left" VAlignment="Top" align="left" valign="top">
            <x:p id="ID_7206930">INS checkpoints</x:p>
          </x:td>
          <x:td id="ID_7206931" HAlignment="Left" VAlignment="Top" align="left" valign="top">&nbsp;</x:td>
        </x:tr>
        <x:tr id="ID_7206932">
          <x:td id="ID_7206933" HAlignment="Left" VAlignment="Top" align="left" valign="top">6</x:td>
          <x:td id="ID_7206934" HAlignment="Left" VAlignment="Top" align="left" valign="top">
            <x:p id="ID_7206935">Remarks</x:p>
          </x:td>
          <x:td id="ID_7206936" HAlignment="Left" VAlignment="Top" align="left" valign="top">&nbsp;</x:td>
        </x:tr>
      </x:tbody>
    </x:table>
  </e:AD-2.8>
  <e:AD-2.9 id="EGSV-AD-2.9" Number="AD 2.9">
    <GreenBorder id="ID_7206938" />
    <e:Title id="ID_7206939">SURFACE&nbsp;MOVEMENT&nbsp;GUIDANCE&nbsp;AND&nbsp;CONTROL&nbsp;SYSTEM&nbsp;AND&nbsp;MARKINGS</e:Title>
    <x:table id="ID_7206941" class="">
      <x:tbody id="ID_7206942">
        <x:tr id="ID_7206943">
          <x:td id="ID_7206944" HAlignment="Left" VAlignment="Top" align="left" valign="top">1</x:td>
          <x:td id="ID_7206945" HAlignment="Left" VAlignment="Top" align="left" valign="top">
            <x:p id="ID_7206946">Use of aircraft stand ID signs, TWY guide lines and visual docking/parking guidance system of aircraft stands</x:p>
          </x:td>
          <x:td id="ID_7206947" HAlignment="Left" VAlignment="Top" align="left" valign="top">&nbsp;</x:td>
        </x:tr>
        <x:tr id="ID_7206948">
          <x:td id="ID_7206949" HAlignment="Left" VAlignment="Top" align="left" valign="top">2</x:td>
          <x:td id="ID_7206950" HAlignment="Left" VAlignment="Top" align="left" valign="top">
            <x:p id="ID_7206951">Runway and taxiway markings and lighting</x:p>
          </x:td>
          <x:td id="ID_7206952" HAlignment="Left" VAlignment="Top" align="left" valign="top">&nbsp;</x:td>
        </x:tr>
        <x:tr id="ID_7206953">
          <x:td id="ID_7206954" HAlignment="Left" VAlignment="Top" align="left" valign="top">3</x:td>
          <x:td id="ID_7206955" HAlignment="Left" VAlignment="Top" align="left" valign="top">
            <x:p id="ID_7206956">Stop bars</x:p>
          </x:td>
          <x:td id="ID_7206957" HAlignment="Left" VAlignment="Top" align="left" valign="top">&nbsp;</x:td>
        </x:tr>
        <x:tr id="ID_7206958">
          <x:td id="ID_7206959" HAlignment="Left" VAlignment="Top" align="left" valign="top">4</x:td>
          <x:td id="ID_7206960" HAlignment="Left" VAlignment="Top" align="left" valign="top">
            <x:p id="ID_7206961">Remarks</x:p>
          </x:td>
          <x:td id="ID_7206962" HAlignment="Left" VAlignment="Top" align="left" valign="top">&nbsp;</x:td>
        </x:tr>
      </x:tbody>
    </x:table>
  </e:AD-2.9>
  <e:AD-2.10 id="EGSV-AD-2.10" Number="AD 2.10">
    <GreenBorder id="ID_7206964" />
    <e:Title id="ID_7206965">AERODROME&nbsp;OBSTACLES</e:Title>
    <x:table id="ID_7206967" class="">
      <x:thead id="ID_7206968">
        <x:tr id="ID_7206969">
          <x:th id="ID_7206970" HAlignment="Center" VAlignment="Top" colspan="6" align="center" valign="top">
            <x:p id="ID_7206971">In Approach/Take-off areas</x:p>
          </x:th>
        </x:tr>
        <x:tr id="ID_7206972">
          <x:th id="ID_7206973" HAlignment="Left" VAlignment="Top" align="left" valign="top">
            <x:p id="ID_7206974">Obstacle ID/Designation</x:p>
          </x:th>
          <x:th id="ID_7206975" HAlignment="Left" VAlignment="Top" align="left" valign="top">
            <x:p id="ID_7206976">Obstacle Type</x:p>
          </x:th>
          <x:th id="ID_7206977" HAlignment="Left" VAlignment="Top" align="left" valign="top">
            <x:p id="ID_7206978">Obstacle Position</x:p>
          </x:th>
          <x:th id="ID_7206979" HAlignment="Left" VAlignment="Top" align="left" valign="top">
            <x:p id="ID_7206980">Elevation/Height</x:p>
          </x:th>
          <x:th id="ID_7206981" HAlignment="Left" VAlignment="Top" align="left" valign="top">
            <x:p id="ID_7206982">Obstruction Lighting Type/Colour</x:p>
          </x:th>
          <x:th id="ID_7206983" HAlignment="Left" VAlignment="Top" align="left" valign="top">
            <x:p id="ID_7206984">Remarks</x:p>
          </x:th>
        </x:tr>
        <x:tr id="ID_7206985">
          <x:th id="ID_7206986" HAlignment="Left" VAlignment="Top" align="left" valign="top">1</x:th>
          <x:th id="ID_7206987" HAlignment="Left" VAlignment="Top" align="left" valign="top">2</x:th>
          <x:th id="ID_7206988" HAlignment="Left" VAlignment="Top" align="left" valign="top">3</x:th>
          <x:th id="ID_7206989" HAlignment="Left" VAlignment="Top" align="left" valign="top">4</x:th>
          <x:th id="ID_7206990" HAlignment="Left" VAlignment="Top" align="left" valign="top">5</x:th>
          <x:th id="ID_7206991" HAlignment="Left" VAlignment="Top" align="left" valign="top">6</x:th>
        </x:tr>
      </x:thead>
      <x:tbody id="ID_7206992">
        <x:tr id="ID_7206993">
          <x:td id="ID_7206994" HAlignment="Left" VAlignment="Top" align="left" valign="top">&nbsp;</x:td>
          <x:td id="ID_7206995" HAlignment="Left" VAlignment="Top" align="left" valign="top">&nbsp;</x:td>
          <x:td id="ID_7206996" HAlignment="Left" VAlignment="Top" align="left" valign="top">&nbsp;</x:td>
          <x:td id="ID_7206997" HAlignment="Left" VAlignment="Top" align="left" valign="top">&nbsp;</x:td>
          <x:td id="ID_7206998" HAlignment="Left" VAlignment="Top" align="left" valign="top">&nbsp;</x:td>
          <x:td id="ID_7206999" HAlignment="Left" VAlignment="Top" align="left" valign="top">&nbsp;</x:td>
        </x:tr>
      </x:tbody>
    </x:table>
    <x:table id="ID_7207001" class="">
      <x:thead id="ID_7207002">
        <x:tr id="ID_7207003">
          <x:th id="ID_7207004" HAlignment="Center" VAlignment="Top" colspan="6" align="center" valign="top">
            <x:p id="ID_7207005">In circling area and at aerodrome</x:p>
          </x:th>
        </x:tr>
        <x:tr id="ID_7207006">
          <x:th id="ID_7207007" HAlignment="Left" VAlignment="Top" align="left" valign="top">
            <x:p id="ID_7207008">Obstacle ID/Designation</x:p>
          </x:th>
          <x:th id="ID_7207009" HAlignment="Left" VAlignment="Top" align="left" valign="top">
            <x:p id="ID_7207010">Obstacle Type</x:p>
          </x:th>
          <x:th id="ID_7207011" HAlignment="Left" VAlignment="Top" align="left" valign="top">
            <x:p id="ID_7207012">Obstacle Position</x:p>
          </x:th>
          <x:th id="ID_7207013" HAlignment="Left" VAlignment="Top" align="left" valign="top">
            <x:p id="ID_7207014">Elevation/Height</x:p>
          </x:th>
          <x:th id="ID_7207015" HAlignment="Left" VAlignment="Top" align="left" valign="top">
            <x:p id="ID_7207016">Obstruction Lighting Type/Colour</x:p>
          </x:th>
          <x:th id="ID_7207017" HAlignment="Left" VAlignment="Top" align="left" valign="top">
            <x:p id="ID_7207018">Remarks</x:p>
          </x:th>
        </x:tr>
        <x:tr id="ID_7207019">
          <x:th id="ID_7207020" HAlignment="Left" VAlignment="Top" align="left" valign="top">1</x:th>
          <x:th id="ID_7207021" HAlignment="Left" VAlignment="Top" align="left" valign="top">2</x:th>
          <x:th id="ID_7207022" HAlignment="Left" VAlignment="Top" align="left" valign="top">3</x:th>
          <x:th id="ID_7207023" HAlignment="Left" VAlignment="Top" align="left" valign="top">4</x:th>
          <x:th id="ID_7207024" HAlignment="Left" VAlignment="Top" align="left" valign="top">5</x:th>
          <x:th id="ID_7207025" HAlignment="Left" VAlignment="Top" align="left" valign="top">6</x:th>
        </x:tr>
      </x:thead>
      <x:tbody id="ID_7207026">
        <x:tr id="ID_7207027">
          <x:td id="ID_7207028" HAlignment="Left" VAlignment="Top" align="left" valign="top">&nbsp;</x:td>
          <x:td id="ID_7207029" HAlignment="Left" VAlignment="Top" align="left" valign="top">&nbsp;</x:td>
          <x:td id="ID_7207030" HAlignment="Left" VAlignment="Top" align="left" valign="top">&nbsp;</x:td>
          <x:td id="ID_7207031" HAlignment="Left" VAlignment="Top" align="left" valign="top">&nbsp;</x:td>
          <x:td id="ID_7207032" HAlignment="Left" VAlignment="Top" align="left" valign="top">&nbsp;</x:td>
          <x:td id="ID_7207033" HAlignment="Left" VAlignment="Top" align="left" valign="top">&nbsp;</x:td>
        </x:tr>
      </x:tbody>
    </x:table>
  </e:AD-2.10>
  <e:AD-2.11 id="EGSV-AD-2.11" Number="AD 2.11">
    <GreenBorder id="ID_7207035" />
    <e:Title id="ID_7207036">METEOROLOGICAL&nbsp;INFORMATION&nbsp;PROVIDED</e:Title>
    <x:table id="ID_7207038" class="">
      <x:tbody id="ID_7207039">
        <x:tr id="ID_7207040">
          <x:td id="ID_7207041" HAlignment="Left" VAlignment="Top" align="left" valign="top">1</x:td>
          <x:td id="ID_7207042" HAlignment="Left" VAlignment="Top" align="left" valign="top">
            <x:p id="ID_7207043">Associated MET Office</x:p>
          </x:td>
          <x:td id="ID_7207044" HAlignment="Left" VAlignment="Top" align="left" valign="top">&nbsp;</x:td>
        </x:tr>
        <x:tr id="ID_7207045">
          <x:td id="ID_7207046" HAlignment="Left" VAlignment="Top" align="left" valign="top">2</x:td>
          <x:td id="ID_7207047" HAlignment="Left" VAlignment="Top" align="left" valign="top">
            <x:p id="ID_7207048">Hours of service</x:p>
            <x:p id="ID_7207049">MET Office outside hours</x:p>
          </x:td>
          <x:td id="ID_7207050" HAlignment="Left" VAlignment="Top" align="left" valign="top">&nbsp;</x:td>
        </x:tr>
        <x:tr id="ID_7207051">
          <x:td id="ID_7207052" HAlignment="Left" VAlignment="Top" align="left" valign="top">3</x:td>
          <x:td id="ID_7207053" HAlignment="Left" VAlignment="Top" align="left" valign="top">
            <x:p id="ID_7207054">Office responsible for TAF preparation</x:p>
            <x:p id="ID_7207055">Periods of validity</x:p>
          </x:td>
          <x:td id="ID_7207056" HAlignment="Left" VAlignment="Top" align="left" valign="top">&nbsp;</x:td>
        </x:tr>
        <x:tr id="ID_7207057">
          <x:td id="ID_7207058" HAlignment="Left" VAlignment="Top" align="left" valign="top">4</x:td>
          <x:td id="ID_7207059" HAlignment="Left" VAlignment="Top" align="left" valign="top">
            <x:p id="ID_7207060">Trend forecast</x:p>
            <x:p id="ID_7207061">Interval of issuance</x:p>
          </x:td>
          <x:td id="ID_7207062" HAlignment="Left" VAlignment="Top" align="left" valign="top">&nbsp;</x:td>
        </x:tr>
        <x:tr id="ID_7207063">
          <x:td id="ID_7207064" HAlignment="Left" VAlignment="Top" align="left" valign="top">5</x:td>
          <x:td id="ID_7207065" HAlignment="Left" VAlignment="Top" align="left" valign="top">
            <x:p id="ID_7207066">Briefing/consultation provided</x:p>
          </x:td>
          <x:td id="ID_7207067" HAlignment="Left" VAlignment="Top" align="left" valign="top">&nbsp;</x:td>
        </x:tr>
        <x:tr id="ID_7207068">
          <x:td id="ID_7207069" HAlignment="Left" VAlignment="Top" align="left" valign="top">6</x:td>
          <x:td id="ID_7207070" HAlignment="Left" VAlignment="Top" align="left" valign="top">
            <x:p id="ID_7207071">Flight documentation</x:p>
            <x:p id="ID_7207072">Language(s) used</x:p>
          </x:td>
          <x:td id="ID_7207073" HAlignment="Left" VAlignment="Top" align="left" valign="top">&nbsp;</x:td>
        </x:tr>
        <x:tr id="ID_7207074">
          <x:td id="ID_7207075" HAlignment="Left" VAlignment="Top" align="left" valign="top">7</x:td>
          <x:td id="ID_7207076" HAlignment="Left" VAlignment="Top" align="left" valign="top">
            <x:p id="ID_7207077">Charts and other information available for briefing or consultation</x:p>
          </x:td>
          <x:td id="ID_7207078" HAlignment="Left" VAlignment="Top" align="left" valign="top">&nbsp;</x:td>
        </x:tr>
        <x:tr id="ID_7207079">
          <x:td id="ID_7207080" HAlignment="Left" VAlignment="Top" align="left" valign="top">8</x:td>
          <x:td id="ID_7207081" HAlignment="Left" VAlignment="Top" align="left" valign="top">
            <x:p id="ID_7207082">Supplementary equipment available for providing information</x:p>
          </x:td>
          <x:td id="ID_7207083" HAlignment="Left" VAlignment="Top" align="left" valign="top">&nbsp;</x:td>
        </x:tr>
        <x:tr id="ID_7207084">
          <x:td id="ID_7207085" HAlignment="Left" VAlignment="Top" align="left" valign="top">9</x:td>
          <x:td id="ID_7207086" HAlignment="Left" VAlignment="Top" align="left" valign="top">
            <x:p id="ID_7207087">ATS units provided with information</x:p>
          </x:td>
          <x:td id="ID_7207088" HAlignment="Left" VAlignment="Top" align="left" valign="top">&nbsp;</x:td>
        </x:tr>
        <x:tr id="ID_7207089">
          <x:td id="ID_7207090" HAlignment="Left" VAlignment="Top" align="left" valign="top">10</x:td>
          <x:td id="ID_7207091" HAlignment="Left" VAlignment="Top" align="left" valign="top">
            <x:p id="ID_7207092">Additional information (limitation of service, etc.)</x:p>
          </x:td>
          <x:td id="ID_7207093" HAlignment="Left" VAlignment="Top" align="left" valign="top">&nbsp;</x:td>
        </x:tr>
      </x:tbody>
    </x:table>
  </e:AD-2.11>
  <e:AD-2.12 id="EGSV-AD-2.12" Number="AD 2.12">
    <GreenBorder id="ID_7207095" />
    <e:Title id="ID_7207096">RUNWAY&nbsp;PHYSICAL&nbsp;CHARACTERISTICS</e:Title>
    <x:table id="ID_7207098" class="">
      <x:thead id="ID_7207099">
        <x:tr id="ID_7207100">
          <x:th id="ID_7207101" HAlignment="Left" VAlignment="Top" align="left" valign="top">
            <x:p id="ID_7207102">Designations RWY Number</x:p>
          </x:th>
          <x:th id="ID_7207103" HAlignment="Left" VAlignment="Top" align="left" valign="top">
            <x:p id="ID_7207104">True bearing</x:p>
          </x:th>
          <x:th id="ID_7207105" HAlignment="Left" VAlignment="Top" align="left" valign="top">
            <x:p id="ID_7207106">Dimensions of RWY</x:p>
          </x:th>
          <x:th id="ID_7207107" HAlignment="Left" VAlignment="Top" align="left" valign="top">
            <x:p id="ID_7207108">Surface of RWY/ SWY/ </x:p>
            <x:p id="ID_7207109">Strength (PCN)</x:p>
          </x:th>
          <x:th id="ID_7207110" HAlignment="Left" VAlignment="Top" align="left" valign="top">
            <x:p id="ID_7207111">THR co-ordinates/</x:p>
            <x:p id="ID_7207112">THR Geoid undulation</x:p>
          </x:th>
          <x:th id="ID_7207113" HAlignment="Left" VAlignment="Top" align="left" valign="top">
            <x:p id="ID_7207114">THR elevation/ Highest elevation of TDZ of precision APP RWY</x:p>
          </x:th>
        </x:tr>
        <x:tr id="ID_7207115">
          <x:th id="ID_7207116" HAlignment="Left" VAlignment="Top" align="left" valign="top">1</x:th>
          <x:th id="ID_7207117" HAlignment="Left" VAlignment="Top" align="left" valign="top">2</x:th>
          <x:th id="ID_7207118" HAlignment="Left" VAlignment="Top" align="left" valign="top">3</x:th>
          <x:th id="ID_7207119" HAlignment="Left" VAlignment="Top" align="left" valign="top">4</x:th>
          <x:th id="ID_7207120" HAlignment="Left" VAlignment="Top" align="left" valign="top">5</x:th>
          <x:th id="ID_7207121" HAlignment="Left" VAlignment="Top" align="left" valign="top">6</x:th>
        </x:tr>
      </x:thead>
      <x:tbody id="ID_7207122">
        <x:tr id="ID_7207123">
          <x:td id="ID_7207124" HAlignment="Left" VAlignment="Top" align="left" valign="top">&nbsp;</x:td>
          <x:td id="ID_7207125" HAlignment="Left" VAlignment="Top" align="left" valign="top">&nbsp;</x:td>
          <x:td id="ID_7207126" HAlignment="Left" VAlignment="Top" align="left" valign="top">&nbsp;</x:td>
          <x:td id="ID_7207127" HAlignment="Left" VAlignment="Top" align="left" valign="top">&nbsp;</x:td>
          <x:td id="ID_7207128" HAlignment="Left" VAlignment="Top" align="left" valign="top">&nbsp;</x:td>
          <x:td id="ID_7207129" HAlignment="Left" VAlignment="Top" align="left" valign="top">&nbsp;</x:td>
        </x:tr>
        <x:tr id="ID_7207130">
          <x:td id="ID_7207131" HAlignment="Left" VAlignment="Top" align="left" valign="top">&nbsp;</x:td>
          <x:td id="ID_7207132" HAlignment="Left" VAlignment="Top" align="left" valign="top">&nbsp;</x:td>
          <x:td id="ID_7207133" HAlignment="Left" VAlignment="Top" align="left" valign="top">&nbsp;</x:td>
          <x:td id="ID_7207134" HAlignment="Left" VAlignment="Top" align="left" valign="top">&nbsp;</x:td>
          <x:td id="ID_7207135" HAlignment="Left" VAlignment="Top" align="left" valign="top">&nbsp;</x:td>
          <x:td id="ID_7207136" HAlignment="Left" VAlignment="Top" align="left" valign="top">&nbsp;</x:td>
        </x:tr>
      </x:tbody>
    </x:table>
    <x:table id="ID_7207138" class="">
      <x:thead id="ID_7207139">
        <x:tr id="ID_7207140">
          <x:th id="ID_7207141" HAlignment="Left" VAlignment="Top" colspan="3" align="left" valign="top">
            <x:p id="ID_7207142">Slope of RWY/</x:p>
            <x:p id="ID_7207143">SWY</x:p>
          </x:th>
          <x:th id="ID_7207144" HAlignment="Left" VAlignment="Top" align="left" valign="top">
            <x:p id="ID_7207145">SWY dimensions</x:p>
          </x:th>
          <x:th id="ID_7207146" HAlignment="Left" VAlignment="Top" align="left" valign="top">
            <x:p id="ID_7207147">Clearway dimensions</x:p>
          </x:th>
          <x:th id="ID_7207148" HAlignment="Left" VAlignment="Top" align="left" valign="top">
            <x:p id="ID_7207149">Strip dimensions</x:p>
          </x:th>
          <x:th id="ID_7207150" HAlignment="Left" VAlignment="Top" align="left" valign="top">
            <x:p id="ID_7207151">OFZ</x:p>
          </x:th>
          <x:th id="ID_7207152" HAlignment="Left" VAlignment="Top" align="left" valign="top">
            <x:p id="ID_7207153">Remarks</x:p>
          </x:th>
        </x:tr>
        <x:tr id="ID_7207154">
          <x:th id="ID_7207155" HAlignment="Left" VAlignment="Top" colspan="3" align="left" valign="top">7</x:th>
          <x:th id="ID_7207156" HAlignment="Left" VAlignment="Top" align="left" valign="top">8</x:th>
          <x:th id="ID_7207157" HAlignment="Left" VAlignment="Top" align="left" valign="top">9</x:th>
          <x:th id="ID_7207158" HAlignment="Left" VAlignment="Top" align="left" valign="top">10</x:th>
          <x:th id="ID_7207159" HAlignment="Left" VAlignment="Top" align="left" valign="top">11</x:th>
          <x:th id="ID_7207160" HAlignment="Left" VAlignment="Top" align="left" valign="top">12</x:th>
        </x:tr>
      </x:thead>
      <x:tbody id="ID_7207161">
        <x:tr id="ID_7207162">
          <x:td id="ID_7207163" HAlignment="Left" VAlignment="Top" colspan="3" align="left" valign="top">&nbsp;</x:td>
          <x:td id="ID_7207164" HAlignment="Left" VAlignment="Top" align="left" valign="top">&nbsp;</x:td>
          <x:td id="ID_7207165" HAlignment="Left" VAlignment="Top" align="left" valign="top">&nbsp;</x:td>
          <x:td id="ID_7207166" HAlignment="Left" VAlignment="Top" align="left" valign="top">&nbsp;</x:td>
          <x:td id="ID_7207167" HAlignment="Left" VAlignment="Top" align="left" valign="top">&nbsp;</x:td>
          <x:td id="ID_7207168" HAlignment="Left" VAlignment="Top" align="left" valign="top">&nbsp;</x:td>
        </x:tr>
        <x:tr id="ID_7207169">
          <x:td id="ID_7207170" HAlignment="Left" VAlignment="Top" colspan="3" align="left" valign="top">&nbsp;</x:td>
          <x:td id="ID_7207171" HAlignment="Left" VAlignment="Top" align="left" valign="top">&nbsp;</x:td>
          <x:td id="ID_7207172" HAlignment="Left" VAlignment="Top" align="left" valign="top">&nbsp;</x:td>
          <x:td id="ID_7207173" HAlignment="Left" VAlignment="Top" align="left" valign="top">&nbsp;</x:td>
          <x:td id="ID_7207174" HAlignment="Left" VAlignment="Top" align="left" valign="top">&nbsp;</x:td>
          <x:td id="ID_7207175" HAlignment="Left" VAlignment="Top" align="left" valign="top">&nbsp;</x:td>
        </x:tr>
      </x:tbody>
    </x:table>
  </e:AD-2.12>
  <e:AD-2.13 id="EGSV-AD-2.13" Number="AD 2.13">
    <GreenBorder id="ID_7207177" />
    <e:Title id="ID_7207178">DECLARED&nbsp;DISTANCES</e:Title>
    <x:table id="ID_7207180" class="">
      <x:thead id="ID_7207181">
        <x:tr id="ID_7207182">
          <x:th id="ID_7207183" HAlignment="Left" VAlignment="Top" align="left" valign="top">
            <x:p id="ID_7207184">Runway designator</x:p>
          </x:th>
          <x:th id="ID_7207185" HAlignment="Left" VAlignment="Top" align="left" valign="top">
            <x:p id="ID_7207186">TORA</x:p>
          </x:th>
          <x:th id="ID_7207187" HAlignment="Left" VAlignment="Top" align="left" valign="top">
            <x:p id="ID_7207188">TODA</x:p>
          </x:th>
          <x:th id="ID_7207189" HAlignment="Left" VAlignment="Top" align="left" valign="top">
            <x:p id="ID_7207190">ASDA</x:p>
          </x:th>
          <x:th id="ID_7207191" HAlignment="Left" VAlignment="Top" align="left" valign="top">
            <x:p id="ID_7207192">LDA</x:p>
          </x:th>
          <x:th id="ID_7207193" HAlignment="Left" VAlignment="Top" align="left" valign="top">
            <x:p id="ID_7207194">Remarks</x:p>
          </x:th>
        </x:tr>
        <x:tr id="ID_7207195">
          <x:th id="ID_7207196" HAlignment="Left" VAlignment="Top" align="left" valign="top">1</x:th>
          <x:th id="ID_7207197" HAlignment="Left" VAlignment="Top" align="left" valign="top">2</x:th>
          <x:th id="ID_7207198" HAlignment="Left" VAlignment="Top" align="left" valign="top">3</x:th>
          <x:th id="ID_7207199" HAlignment="Left" VAlignment="Top" align="left" valign="top">4</x:th>
          <x:th id="ID_7207200" HAlignment="Left" VAlignment="Top" align="left" valign="top">5</x:th>
          <x:th id="ID_7207201" HAlignment="Left" VAlignment="Top" align="left" valign="top">6</x:th>
        </x:tr>
      </x:thead>
      <x:tbody id="ID_7207202">
        <x:tr id="ID_7207203">
          <x:td id="ID_7207204" HAlignment="Left" VAlignment="Top" align="left" valign="top">&nbsp;</x:td>
          <x:td id="ID_7207205" HAlignment="Left" VAlignment="Top" align="left" valign="top">&nbsp;</x:td>
          <x:td id="ID_7207206" HAlignment="Left" VAlignment="Top" align="left" valign="top">&nbsp;</x:td>
          <x:td id="ID_7207207" HAlignment="Left" VAlignment="Top" align="left" valign="top">&nbsp;</x:td>
          <x:td id="ID_7207208" HAlignment="Left" VAlignment="Top" align="left" valign="top">&nbsp;</x:td>
          <x:td id="ID_7207209" HAlignment="Left" VAlignment="Top" align="left" valign="top">&nbsp;</x:td>
        </x:tr>
        <x:tr id="ID_7207210">
          <x:td id="ID_7207211" HAlignment="Left" VAlignment="Top" align="left" valign="top">&nbsp;</x:td>
          <x:td id="ID_7207212" HAlignment="Left" VAlignment="Top" align="left" valign="top">&nbsp;</x:td>
          <x:td id="ID_7207213" HAlignment="Left" VAlignment="Top" align="left" valign="top">&nbsp;</x:td>
          <x:td id="ID_7207214" HAlignment="Left" VAlignment="Top" align="left" valign="top">&nbsp;</x:td>
          <x:td id="ID_7207215" HAlignment="Left" VAlignment="Top" align="left" valign="top">&nbsp;</x:td>
          <x:td id="ID_7207216" HAlignment="Left" VAlignment="Top" align="left" valign="top">&nbsp;</x:td>
        </x:tr>
      </x:tbody>
    </x:table>
  </e:AD-2.13>
  <e:AD-2.14 id="EGSV-AD-2.14" Number="AD 2.14">
    <GreenBorder id="ID_7207218" />
    <e:Title id="ID_7207219">APPROACH&nbsp;AND&nbsp;RUNWAY&nbsp;LIGHTING</e:Title>
    <x:table id="ID_7207221" class="">
      <x:thead id="ID_7207222">
        <x:tr id="ID_7207223">
          <x:th id="ID_7207224" HAlignment="Left" VAlignment="Top" align="left" valign="top">
            <x:p id="ID_7207225">RWY</x:p>
          </x:th>
          <x:th id="ID_7207226" HAlignment="Left" VAlignment="Top" align="left" valign="top">
            <x:p id="ID_7207227">Approach Lighting Type/</x:p>
            <x:p id="ID_7207228">Length/</x:p>
            <x:p id="ID_7207229">Intensity</x:p>
          </x:th>
          <x:th id="ID_7207230" HAlignment="Left" VAlignment="Top" align="left" valign="top">
            <x:p id="ID_7207231">Threshold lighting</x:p>
            <x:p id="ID_7207232">Colour/ </x:p>
            <x:p id="ID_7207233">Wing bars</x:p>
          </x:th>
          <x:th id="ID_7207234" HAlignment="Left" VAlignment="Top" align="left" valign="top">
            <x:p id="ID_7207235">VASIS/</x:p>
            <x:p id="ID_7207236">MEHT/</x:p>
            <x:p id="ID_7207237">PAPI</x:p>
          </x:th>
          <x:th id="ID_7207238" HAlignment="Left" VAlignment="Top" align="left" valign="top">
            <x:p id="ID_7207239">TDZ lighting</x:p>
            <x:p id="ID_7207240">Length</x:p>
          </x:th>
          <x:th id="ID_7207241" HAlignment="Left" VAlignment="Top" align="left" valign="top">
            <x:p id="ID_7207242">Runway Centre Line lighting</x:p>
            <x:p id="ID_7207243">Length/</x:p>
            <x:p id="ID_7207244">Spacing/</x:p>
            <x:p id="ID_7207245">Colour/</x:p>
            <x:p id="ID_7207246">Intensity</x:p>
          </x:th>
          <x:th id="ID_7207247" HAlignment="Left" VAlignment="Top" align="left" valign="top">
            <x:p id="ID_7207248">Runway edge lighting</x:p>
            <x:p id="ID_7207249">Length/</x:p>
            <x:p id="ID_7207250">Spacing/</x:p>
            <x:p id="ID_7207251">Colour/</x:p>
            <x:p id="ID_7207252">Intensity</x:p>
          </x:th>
          <x:th id="ID_7207253" HAlignment="Left" VAlignment="Top" align="left" valign="top">
            <x:p id="ID_7207254">Runway end lighting</x:p>
            <x:p id="ID_7207255">Colour/</x:p>
            <x:p id="ID_7207256">Wing bars</x:p>
          </x:th>
          <x:th id="ID_7207257" HAlignment="Left" VAlignment="Top" align="left" valign="top">
            <x:p id="ID_7207258">Stopway lighting</x:p>
            <x:p id="ID_7207259">Length/</x:p>
            <x:p id="ID_7207260">Colour</x:p>
          </x:th>
          <x:th id="ID_7207261" HAlignment="Left" VAlignment="Top" align="left" valign="top">
            <x:p id="ID_7207262">Remarks</x:p>
          </x:th>
        </x:tr>
        <x:tr id="ID_7207263">
          <x:th id="ID_7207264" HAlignment="Left" VAlignment="Top" align="left" valign="top">1</x:th>
          <x:th id="ID_7207265" HAlignment="Left" VAlignment="Top" align="left" valign="top">2</x:th>
          <x:th id="ID_7207266" HAlignment="Left" VAlignment="Top" align="left" valign="top">3</x:th>
          <x:th id="ID_7207267" HAlignment="Left" VAlignment="Top" align="left" valign="top">4</x:th>
          <x:th id="ID_7207268" HAlignment="Left" VAlignment="Top" align="left" valign="top">5</x:th>
          <x:th id="ID_7207269" HAlignment="Left" VAlignment="Top" align="left" valign="top">6</x:th>
          <x:th id="ID_7207270" HAlignment="Left" VAlignment="Top" align="left" valign="top">7</x:th>
          <x:th id="ID_7207271" HAlignment="Left" VAlignment="Top" align="left" valign="top">8</x:th>
          <x:th id="ID_7207272" HAlignment="Left" VAlignment="Top" align="left" valign="top">9</x:th>
          <x:th id="ID_7207273" HAlignment="Left" VAlignment="Top" align="left" valign="top">10</x:th>
        </x:tr>
      </x:thead>
      <x:tbody id="ID_7207274">
        <x:tr id="ID_7207275">
          <x:td id="ID_7207276" HAlignment="Left" VAlignment="Top" align="left" valign="top">&nbsp;</x:td>
          <x:td id="ID_7207277" HAlignment="Left" VAlignment="Top" align="left" valign="top">&nbsp;</x:td>
          <x:td id="ID_7207278" HAlignment="Left" VAlignment="Top" align="left" valign="top">&nbsp;</x:td>
          <x:td id="ID_7207279" HAlignment="Left" VAlignment="Top" align="left" valign="top">&nbsp;</x:td>
          <x:td id="ID_7207280" HAlignment="Left" VAlignment="Top" align="left" valign="top">&nbsp;</x:td>
          <x:td id="ID_7207281" HAlignment="Left" VAlignment="Top" align="left" valign="top">&nbsp;</x:td>
          <x:td id="ID_7207282" HAlignment="Left" VAlignment="Top" align="left" valign="top">&nbsp;</x:td>
          <x:td id="ID_7207283" HAlignment="Left" VAlignment="Top" align="left" valign="top">&nbsp;</x:td>
          <x:td id="ID_7207284" HAlignment="Left" VAlignment="Top" align="left" valign="top">&nbsp;</x:td>
          <x:td id="ID_7207285" HAlignment="Left" VAlignment="Top" align="left" valign="top">&nbsp;</x:td>
        </x:tr>
        <x:tr id="ID_7207286">
          <x:td id="ID_7207287" HAlignment="Left" VAlignment="Top" align="left" valign="top">&nbsp;</x:td>
          <x:td id="ID_7207288" HAlignment="Left" VAlignment="Top" align="left" valign="top">&nbsp;</x:td>
          <x:td id="ID_7207289" HAlignment="Left" VAlignment="Top" align="left" valign="top">&nbsp;</x:td>
          <x:td id="ID_7207290" HAlignment="Left" VAlignment="Top" align="left" valign="top">&nbsp;</x:td>
          <x:td id="ID_7207291" HAlignment="Left" VAlignment="Top" align="left" valign="top">&nbsp;</x:td>
          <x:td id="ID_7207292" HAlignment="Left" VAlignment="Top" align="left" valign="top">&nbsp;</x:td>
          <x:td id="ID_7207293" HAlignment="Left" VAlignment="Top" align="left" valign="top">&nbsp;</x:td>
          <x:td id="ID_7207294" HAlignment="Left" VAlignment="Top" align="left" valign="top">&nbsp;</x:td>
          <x:td id="ID_7207295" HAlignment="Left" VAlignment="Top" align="left" valign="top">&nbsp;</x:td>
          <x:td id="ID_7207296" HAlignment="Left" VAlignment="Top" align="left" valign="top">&nbsp;</x:td>
        </x:tr>
      </x:tbody>
    </x:table>
  </e:AD-2.14>
  <e:AD-2.15 id="EGSV-AD-2.15" Number="AD 2.15">
    <GreenBorder id="ID_7207298" />
    <e:Title id="ID_7207299">OTHER&nbsp;LIGHTING,&nbsp;SECONDARY&nbsp;POWER&nbsp;SUPPLY</e:Title>
    <x:table id="ID_7207301" class="">
      <x:tbody id="ID_7207302">
        <x:tr id="ID_7207303">
          <x:td id="ID_7207304" HAlignment="Left" VAlignment="Top" align="left" valign="top">1</x:td>
          <x:td id="ID_7207305" HAlignment="Left" VAlignment="Top" align="left" valign="top">
            <x:p id="ID_7207306">ABN/IBN location, characteristics and hours of operation</x:p>
          </x:td>
          <x:td id="ID_7207307" HAlignment="Left" VAlignment="Top" align="left" valign="top">&nbsp;</x:td>
        </x:tr>
        <x:tr id="ID_7207308">
          <x:td id="ID_7207309" HAlignment="Left" VAlignment="Top" align="left" valign="top">2</x:td>
          <x:td id="ID_7207310" HAlignment="Left" VAlignment="Top" align="left" valign="top">
            <x:p id="ID_7207311">LDI location and lighting</x:p>
            <x:p id="ID_7207312">Anemometer location and lighting</x:p>
          </x:td>
          <x:td id="ID_7207313" HAlignment="Left" VAlignment="Top" align="left" valign="top">&nbsp;</x:td>
        </x:tr>
        <x:tr id="ID_7207314">
          <x:td id="ID_7207315" HAlignment="Left" VAlignment="Top" align="left" valign="top">3</x:td>
          <x:td id="ID_7207316" HAlignment="Left" VAlignment="Top" align="left" valign="top">
            <x:p id="ID_7207317">TWY edge and centre line lighting</x:p>
          </x:td>
          <x:td id="ID_7207318" HAlignment="Left" VAlignment="Top" align="left" valign="top">&nbsp;</x:td>
        </x:tr>
        <x:tr id="ID_7207319">
          <x:td id="ID_7207320" HAlignment="Left" VAlignment="Top" align="left" valign="top">4</x:td>
          <x:td id="ID_7207321" HAlignment="Left" VAlignment="Top" align="left" valign="top">
            <x:p id="ID_7207322">Secondary power supply/switch-over time</x:p>
          </x:td>
          <x:td id="ID_7207323" HAlignment="Left" VAlignment="Top" align="left" valign="top">&nbsp;</x:td>
        </x:tr>
        <x:tr id="ID_7207324">
          <x:td id="ID_7207325" HAlignment="Left" VAlignment="Top" align="left" valign="top">5</x:td>
          <x:td id="ID_7207326" HAlignment="Left" VAlignment="Top" align="left" valign="top">
            <x:p id="ID_7207327">Remarks</x:p>
          </x:td>
          <x:td id="ID_7207328" HAlignment="Left" VAlignment="Top" align="left" valign="top">&nbsp;</x:td>
        </x:tr>
      </x:tbody>
    </x:table>
  </e:AD-2.15>
  <e:AD-2.16 id="EGSV-AD-2.16" Number="AD 2.16">
    <GreenBorder id="ID_7207330" />
    <e:Title id="ID_7207331">HELICOPTER&nbsp;LANDING&nbsp;AREA</e:Title>
    <x:table id="ID_7207333" class="">
      <x:tbody id="ID_7207334">
        <x:tr id="ID_7207335">
          <x:td id="ID_7207336" HAlignment="Left" VAlignment="Top" align="left" valign="top">1</x:td>
          <x:td id="ID_7207337" HAlignment="Left" VAlignment="Top" align="left" valign="top">
            <x:p id="ID_7207338">Coordinates TLOF or THR of FATO</x:p>
            <x:p id="ID_7207339">Geoid undulation</x:p>
          </x:td>
          <x:td id="ID_7207340" HAlignment="Left" VAlignment="Top" align="left" valign="top">&nbsp;</x:td>
        </x:tr>
        <x:tr id="ID_7207341">
          <x:td id="ID_7207342" HAlignment="Left" VAlignment="Top" align="left" valign="top">2</x:td>
          <x:td id="ID_7207343" HAlignment="Left" VAlignment="Top" align="left" valign="top">
            <x:p id="ID_7207344">TLOF and/or FATO elevation M/FT</x:p>
          </x:td>
          <x:td id="ID_7207345" HAlignment="Left" VAlignment="Top" align="left" valign="top">&nbsp;</x:td>
        </x:tr>
        <x:tr id="ID_7207346">
          <x:td id="ID_7207347" HAlignment="Left" VAlignment="Top" align="left" valign="top">3</x:td>
          <x:td id="ID_7207348" HAlignment="Left" VAlignment="Top" align="left" valign="top">
            <x:p id="ID_7207349">TLOF and FATO area dimensions, surface, strength, marking</x:p>
          </x:td>
          <x:td id="ID_7207350" HAlignment="Left" VAlignment="Top" align="left" valign="top">&nbsp;</x:td>
        </x:tr>
        <x:tr id="ID_7207351">
          <x:td id="ID_7207352" HAlignment="Left" VAlignment="Top" align="left" valign="top">4</x:td>
          <x:td id="ID_7207353" HAlignment="Left" VAlignment="Top" align="left" valign="top">
            <x:p id="ID_7207354">True BRG of FATO</x:p>
          </x:td>
          <x:td id="ID_7207355" HAlignment="Left" VAlignment="Top" align="left" valign="top">&nbsp;</x:td>
        </x:tr>
        <x:tr id="ID_7207356">
          <x:td id="ID_7207357" HAlignment="Left" VAlignment="Top" align="left" valign="top">5</x:td>
          <x:td id="ID_7207358" HAlignment="Left" VAlignment="Top" align="left" valign="top">
            <x:p id="ID_7207359">Declared distance available</x:p>
          </x:td>
          <x:td id="ID_7207360" HAlignment="Left" VAlignment="Top" align="left" valign="top">&nbsp;</x:td>
        </x:tr>
        <x:tr id="ID_7207361">
          <x:td id="ID_7207362" HAlignment="Left" VAlignment="Top" align="left" valign="top">6</x:td>
          <x:td id="ID_7207363" HAlignment="Left" VAlignment="Top" align="left" valign="top">
            <x:p id="ID_7207364">APP and FATO lighting</x:p>
          </x:td>
          <x:td id="ID_7207365" HAlignment="Left" VAlignment="Top" align="left" valign="top">&nbsp;</x:td>
        </x:tr>
        <x:tr id="ID_7207366">
          <x:td id="ID_7207367" HAlignment="Left" VAlignment="Top" align="left" valign="top">7</x:td>
          <x:td id="ID_7207368" HAlignment="Left" VAlignment="Top" align="left" valign="top">
            <x:p id="ID_7207369">Remarks</x:p>
          </x:td>
          <x:td id="ID_7207370" HAlignment="Left" VAlignment="Top" align="left" valign="top">&nbsp;</x:td>
        </x:tr>
      </x:tbody>
    </x:table>
  </e:AD-2.16>
  <e:AD-2.17 id="EGSV-AD-2.17" Number="AD 2.17">
    <GreenBorder id="ID_7207372" />
    <e:Title id="ID_7207373">AIR TRAFFIC SERVICES&nbsp;AIRSPACE</e:Title>
    <x:table id="ID_7207375" class="">
      <x:thead id="ID_7207376">
        <x:tr id="ID_7207377">
          <x:th id="ID_7207378" HAlignment="Left" VAlignment="Top" align="left" valign="top">
            <x:p id="ID_7207379">Designation and</x:p>
            <x:p id="ID_7207380">lateral limits</x:p>
          </x:th>
          <x:th id="ID_7207381" HAlignment="Left" VAlignment="Top" align="left" valign="top">
            <x:p id="ID_7207382">Vertical Limits</x:p>
          </x:th>
          <x:th id="ID_7207383" HAlignment="Left" VAlignment="Top" align="left" valign="top">
            <x:p id="ID_7207384">Airspace Class</x:p>
          </x:th>
          <x:th id="ID_7207385" HAlignment="Left" VAlignment="Top" align="left" valign="top">
            <x:p id="ID_7207386">ATS unit callsign/ language</x:p>
          </x:th>
          <x:th id="ID_7207387" HAlignment="Left" VAlignment="Top" align="left" valign="top">
            <x:p id="ID_7207388">Transition Altitude</x:p>
          </x:th>
          <x:th id="ID_7207389" HAlignment="Left" VAlignment="Top" align="left" valign="top">
            <x:p id="ID_7207390">Hours of Applicability</x:p>
          </x:th>
          <x:th id="ID_7207391" HAlignment="Left" VAlignment="Top" align="left" valign="top">
            <x:p id="ID_7207392">Remarks</x:p>
          </x:th>
        </x:tr>
        <x:tr id="ID_7207393">
          <x:th id="ID_7207394" HAlignment="Left" VAlignment="Top" align="left" valign="top">1</x:th>
          <x:th id="ID_7207395" HAlignment="Left" VAlignment="Top" align="left" valign="top">2</x:th>
          <x:th id="ID_7207396" HAlignment="Left" VAlignment="Top" align="left" valign="top">3</x:th>
          <x:th id="ID_7207397" HAlignment="Left" VAlignment="Top" align="left" valign="top">4</x:th>
          <x:th id="ID_7207398" HAlignment="Left" VAlignment="Top" align="left" valign="top">5</x:th>
          <x:th id="ID_7207399" HAlignment="Left" VAlignment="Top" align="left" valign="top">6</x:th>
          <x:th id="ID_7207400" HAlignment="Left" VAlignment="Top" align="left" valign="top">7</x:th>
        </x:tr>
      </x:thead>
      <x:tbody id="ID_7207401">
        <x:tr id="ID_7207402">
          <x:td id="ID_7207403" HAlignment="Left" VAlignment="Top" align="left" valign="top">&nbsp;</x:td>
          <x:td id="ID_7207404" HAlignment="Left" VAlignment="Top" align="left" valign="top">&nbsp;</x:td>
          <x:td id="ID_7207405" HAlignment="Left" VAlignment="Top" align="left" valign="top">&nbsp;</x:td>
          <x:td id="ID_7207406" HAlignment="Left" VAlignment="Top" align="left" valign="top">&nbsp;</x:td>
          <x:td id="ID_7207407" HAlignment="Left" VAlignment="Top" align="left" valign="top">&nbsp;</x:td>
          <x:td id="ID_7207408" HAlignment="Left" VAlignment="Top" align="left" valign="top">&nbsp;</x:td>
          <x:td id="ID_7207409" HAlignment="Left" VAlignment="Top" align="left" valign="top">&nbsp;</x:td>
        </x:tr>
        <x:tr id="ID_7207410">
          <x:td id="ID_7207411" HAlignment="Left" VAlignment="Top" align="left" valign="top">&nbsp;</x:td>
          <x:td id="ID_7207412" HAlignment="Left" VAlignment="Top" align="left" valign="top">&nbsp;</x:td>
          <x:td id="ID_7207413" HAlignment="Left" VAlignment="Top" align="left" valign="top">&nbsp;</x:td>
          <x:td id="ID_7207414" HAlignment="Left" VAlignment="Top" align="left" valign="top">&nbsp;</x:td>
          <x:td id="ID_7207415" HAlignment="Left" VAlignment="Top" align="left" valign="top">&nbsp;</x:td>
          <x:td id="ID_7207416" HAlignment="Left" VAlignment="Top" align="left" valign="top">&nbsp;</x:td>
          <x:td id="ID_7207417" HAlignment="Left" VAlignment="Top" align="left" valign="top">&nbsp;</x:td>
        </x:tr>
      </x:tbody>
    </x:table>
  </e:AD-2.17>
  <e:AD-2.18 id="EGSV-AD-2.18" Number="AD 2.18">
    <GreenBorder id="ID_7207419" />
    <e:Title id="ID_7207420">AIR TRAFFIC SERVICES&nbsp;COMMUNICATION&nbsp;FACILITIES</e:Title>
    <x:table id="ID_7207422" class="">
      <x:thead id="ID_7207423">
        <x:tr id="ID_7207424">
          <x:th id="ID_7207425" HAlignment="Left" VAlignment="Top" align="left" valign="top">
            <x:p id="ID_7207426">Service designation</x:p>
          </x:th>
          <x:th id="ID_7207427" HAlignment="Left" VAlignment="Top" align="left" valign="top">
            <x:p id="ID_7207428">Callsign</x:p>
          </x:th>
          <x:th id="ID_7207429" HAlignment="Left" VAlignment="Top" align="left" valign="top">
            <x:p id="ID_7207430">Channel(s)</x:p>
          </x:th>
          <x:th id="ID_7207431" HAlignment="Left" VAlignment="Top" align="left" valign="top">
            <x:p id="ID_7207432">Hours of </x:p>
            <x:p id="ID_7207433">Operation</x:p>
          </x:th>
          <x:th id="ID_7207434" HAlignment="Left" VAlignment="Top" align="left" valign="top">
            <x:p id="ID_7207435">Remarks</x:p>
          </x:th>
        </x:tr>
        <x:tr id="ID_7207436">
          <x:th id="ID_7207437" HAlignment="Left" VAlignment="Top" align="left" valign="top">1</x:th>
          <x:th id="ID_7207438" HAlignment="Left" VAlignment="Top" align="left" valign="top">2</x:th>
          <x:th id="ID_7207439" HAlignment="Left" VAlignment="Top" align="left" valign="top">3</x:th>
          <x:th id="ID_7207440" HAlignment="Left" VAlignment="Top" align="left" valign="top">4</x:th>
          <x:th id="ID_7207441" HAlignment="Left" VAlignment="Top" align="left" valign="top">5</x:th>
        </x:tr>
      </x:thead>
      <x:tbody id="ID_7207442">
        <x:tr id="ID_7207443">
          <x:td id="ID_7207444" HAlignment="Left" VAlignment="Top" align="left" valign="top">&nbsp;</x:td>
          <x:td id="ID_7207445" HAlignment="Left" VAlignment="Top" align="left" valign="top">&nbsp;</x:td>
          <x:td id="ID_7207446" HAlignment="Left" VAlignment="Top" align="left" valign="top">&nbsp;</x:td>
          <x:td id="ID_7207447" HAlignment="Left" VAlignment="Top" align="left" valign="top">&nbsp;</x:td>
          <x:td id="ID_7207448" HAlignment="Left" VAlignment="Top" align="left" valign="top">&nbsp;</x:td>
        </x:tr>
        <x:tr id="ID_7207449">
          <x:td id="ID_7207450" HAlignment="Left" VAlignment="Top" align="left" valign="top">&nbsp;</x:td>
          <x:td id="ID_7207451" HAlignment="Left" VAlignment="Top" align="left" valign="top">&nbsp;</x:td>
          <x:td id="ID_7207452" HAlignment="Left" VAlignment="Top" align="left" valign="top">&nbsp;</x:td>
          <x:td id="ID_7207453" HAlignment="Left" VAlignment="Top" align="left" valign="top">&nbsp;</x:td>
          <x:td id="ID_7207454" HAlignment="Left" VAlignment="Top" align="left" valign="top">&nbsp;</x:td>
        </x:tr>
      </x:tbody>
    </x:table>
  </e:AD-2.18>
  <e:AD-2.19 id="EGSV-AD-2.19" Number="AD 2.19">
    <GreenBorder id="ID_7207456" />
    <e:Title id="ID_7207457">RADIO&nbsp;NAVIGATION&nbsp;AND&nbsp;LANDING&nbsp;AIDS</e:Title>
    <x:table id="ID_7207459" class="">
      <x:thead id="ID_7207460">
        <x:tr id="ID_7207461">
          <x:th id="ID_7207462" HAlignment="Left" VAlignment="Top" align="left" valign="top">
            <x:p id="ID_7207463">Type of Aid CAT&nbsp;of&nbsp;ILS/MLS</x:p>
            <x:p id="ID_7207464">(For VOR/ILS/MLS, give VAR)</x:p>
          </x:th>
          <x:th id="ID_7207465" HAlignment="Left" VAlignment="Top" align="left" valign="top">
            <x:p id="ID_7207466">Ident</x:p>
          </x:th>
          <x:th id="ID_7207467" HAlignment="Left" VAlignment="Top" align="left" valign="top">
            <x:p id="ID_7207468">Frequency</x:p>
            <x:p id="ID_7207469">channel number(s), service provider, and reference path identifier(s) (RPI)</x:p>
          </x:th>
          <x:th id="ID_7207470" HAlignment="Left" VAlignment="Top" align="left" valign="top">
            <x:p id="ID_7207471">Hours of Operation</x:p>
          </x:th>
          <x:th id="ID_7207472" HAlignment="Left" VAlignment="Top" align="left" valign="top">
            <x:p id="ID_7207473">Position of transmitting antenna co-ordinates</x:p>
          </x:th>
          <x:th id="ID_7207474" HAlignment="Left" VAlignment="Top" align="left" valign="top">
            <x:p id="ID_7207475">Elevation of DME transmitting antenna</x:p>
            <x:p id="ID_7207476">GBAS, SBAS, LTP, FTP values</x:p>
          </x:th>
          <x:th id="ID_7207477" HAlignment="Left" VAlignment="Top" align="left" valign="top">
            <x:p id="ID_7207478">Remarks</x:p>
          </x:th>
        </x:tr>
        <x:tr id="ID_7207479">
          <x:th id="ID_7207480" HAlignment="Left" VAlignment="Top" align="left" valign="top">1</x:th>
          <x:th id="ID_7207481" HAlignment="Left" VAlignment="Top" align="left" valign="top">2</x:th>
          <x:th id="ID_7207482" HAlignment="Left" VAlignment="Top" align="left" valign="top">3</x:th>
          <x:th id="ID_7207483" HAlignment="Left" VAlignment="Top" align="left" valign="top">4</x:th>
          <x:th id="ID_7207484" HAlignment="Left" VAlignment="Top" align="left" valign="top">5</x:th>
          <x:th id="ID_7207485" HAlignment="Left" VAlignment="Top" align="left" valign="top">6</x:th>
          <x:th id="ID_7207486" HAlignment="Left" VAlignment="Top" align="left" valign="top">7</x:th>
        </x:tr>
      </x:thead>
      <x:tbody id="ID_7207487">
        <x:tr id="ID_7207488">
          <x:td id="ID_7207489" HAlignment="Left" VAlignment="Top" align="left" valign="top">&nbsp;</x:td>
          <x:td id="ID_7207490" HAlignment="Left" VAlignment="Top" align="left" valign="top">&nbsp;</x:td>
          <x:td id="ID_7207491" HAlignment="Left" VAlignment="Top" align="left" valign="top">&nbsp;</x:td>
          <x:td id="ID_7207492" HAlignment="Left" VAlignment="Top" align="left" valign="top">&nbsp;</x:td>
          <x:td id="ID_7207493" HAlignment="Left" VAlignment="Top" align="left" valign="top">&nbsp;</x:td>
          <x:td id="ID_7207494" HAlignment="Left" VAlignment="Top" align="left" valign="top">&nbsp;</x:td>
          <x:td id="ID_7207495" HAlignment="Left" VAlignment="Top" align="left" valign="top">&nbsp;</x:td>
        </x:tr>
      </x:tbody>
    </x:table>
  </e:AD-2.19>
  <e:AD-2.20 id="EGSV-AD-2.20" Number="AD 2.20">
    <GreenBorder id="ID_7207497" />
    <e:Title id="ID_7207498">LOCAL&nbsp;AERODROME&nbsp;REGULATIONS</e:Title>
    <x:div class="RP">
      <x:span class="sdParams" style="display:none;">TRULES_PROC;RULES_PROC_ID;7465</x:span>
      <e:Sub-section Number="1" id="EGSV-AD-2.20.1">
        <e:Title id="ID_7207500">Airport Regulations</e:Title>
        <x:ol id="ID_7207501" class="Numbered">
          <x:li id="ID_7207502">
            <x:p id="ID_7207503">No microlights permitted at the aerodrome. For the avoidance of doubt this includes Autogyros.</x:p>
          </x:li>
          <x:li id="ID_7207504">
            <x:p id="ID_7207505">No helicopters permitted at the aerodrome unless for maintenance.</x:p>
          </x:li>
          <x:li id="ID_7207506">
            <x:p id="ID_7207507">Aerodrome is not licensed for night flying.</x:p>
          </x:li>
          <x:li id="ID_7207508">
            <x:p id="ID_7207509">Aerodrome is not available to non-radio equipped aircraft.</x:p>
          </x:li>
        </x:ol>
      </e:Sub-section>
      <e:Sub-section Number="2" id="EGSV-AD-2.20.2">
        <e:Title id="ID_7207511">Ground Movement</e:Title>
        <x:p id="ID_7207512">Not applicable</x:p>
      </e:Sub-section>
      <e:Sub-section Number="3" id="EGSV-AD-2.20.3">
        <e:Title id="ID_7207514">CAT II/III Operations</e:Title>
        <x:p id="ID_7207515">Not applicable</x:p>
      </e:Sub-section>
      <e:Sub-section Number="4" id="EGSV-AD-2.20.4">
        <e:Title id="ID_7207517">Warnings</e:Title>
        <x:ol id="ID_7207518" class="Numbered">
          <x:li id="ID_7207519">
            <x:p id="ID_7207520">Gliding takes place at Tibenham aerodrome 5 nm to the southeast.</x:p>
          </x:li>
          <x:li id="ID_7207521">
            <x:p id="ID_7207522">Radio mast (Tacolneston) 735 ft amsl, 3 nm bearing 070°T from AD.</x:p>
          </x:li>
          <x:li id="ID_7207523">
            <x:p id="ID_7207524">Occasional straw stack maximum 40 ft aal, 400 metres from Runway 25 threshold</x:p>
          </x:li>
          <x:li id="ID_7207525">
            <x:p id="ID_7207526">Vehicles may cross the runway at the intersection of runway and perimeter road.</x:p>
          </x:li>
          <x:li id="ID_7207527">
            <x:p id="ID_7207528">Caution Class D airspace at Norwich Airport has been established approximately 5 nm north of Old Buckenham Airfield up to FL 50</x:p>
          </x:li>
        </x:ol>
      </e:Sub-section>
      <e:Sub-section Number="5" id="EGSV-AD-2.20.5">
        <e:Title id="ID_7207530">Helicopter Operations</e:Title>
        <x:p id="ID_7207531">Not applicable</x:p>
      </e:Sub-section>
      <e:Sub-section Number="6" id="EGSV-AD-2.20.6">
        <e:Title id="ID_7207533">Use of Runways</e:Title>
        <x:p id="ID_7207534">Not applicable</x:p>
      </e:Sub-section>
      <e:Sub-section Number="7" id="EGSV-AD-2.20.7">
        <e:Title id="ID_7207536">Training</e:Title>
        <x:p id="ID_7207537">Not applicable</x:p>
      </e:Sub-section>
    </x:div>
  </e:AD-2.20>
  <e:AD-2.21 id="EGSV-AD-2.21" Number="AD 2.21">
    <GreenBorder id="ID_7207539" />
    <e:Title id="ID_7207540">NOISE ABATEMENT PROCEDURES</e:Title>
    <x:div class="RP">
      <x:span class="sdParams" style="display:none;">TRULES_PROC;RULES_PROC_ID;7466</x:span>
      <x:ol id="ID_7207541" class="Numbered">
        <x:li id="ID_7207542">
          <x:p id="ID_7207543">Avoid overflying the village of Old Buckenham (1 nm SSW of the AD) and the town of Attleborough (2 nm NW of the aerodrome).</x:p>
        </x:li>
        <x:li id="ID_7207544">
          <x:p id="ID_7207545">Overhead Joins are prohibited except for training approved by the aerodrome management.</x:p>
        </x:li>
        <x:li id="ID_7207546">
          <x:p id="ID_7207547">Ensure familiarity with local circuit diagram at aerodrome website.</x:p>
        </x:li>
      </x:ol>
    </x:div>
  </e:AD-2.21>
  <e:AD-2.22 id="EGSV-AD-2.22" Number="AD 2.22">
    <GreenBorder id="ID_7207549" />
    <e:Title id="ID_7207550">FLIGHT PROCEDURES</e:Title>
    <x:div class="RP">
      <x:span class="sdParams" style="display:none;">TRULES_PROC;RULES_PROC_ID;7467</x:span>
      <e:Sub-section Number="1" id="EGSV-AD-2.22.1">
        <e:Title id="ID_7207552">Circuits</e:Title>
        <x:ol id="ID_7207553" class="Numbered">
          <x:li id="ID_7207554">
            <x:p id="ID_7207555">Circuit directions: Runway 07 - LH; Runway 25 - RH. Circuit height: 1000 ft aal.</x:p>
          </x:li>
          <x:li id="ID_7207556">
            <x:p id="ID_7207557">
              <x:strong id="ID_7207558">Arrivals:</x:strong>
            </x:p>
            <x:ol id="ID_7207559" class="Numbered">
              <x:li id="ID_7207560">
                <x:p id="ID_7207561">When joining Runway 07 from the west, report at Snetterton Heath;</x:p>
              </x:li>
              <x:li id="ID_7207562">
                <x:p id="ID_7207563">When joining Runway 25 from the east, report at Tacolneston Mast.</x:p>
              </x:li>
            </x:ol>
          </x:li>
          <x:li id="ID_7207564">
            <x:p id="ID_7207565">
              <x:strong id="ID_7207566">Departures:</x:strong>
            </x:p>
            <x:ol id="ID_7207567" class="Numbered">
              <x:li id="ID_7207568">
                <x:p id="ID_7207569">When departing from Runway 25, turn onto track 270° until reaching the railway line south of Attleborough;</x:p>
              </x:li>
              <x:li id="ID_7207570">
                <x:p id="ID_7207571">When departing from Runway 07, maintain runway heading until reaching 1500 ft aal prior to setting course.</x:p>
              </x:li>
            </x:ol>
          </x:li>
        </x:ol>
      </e:Sub-section>
    </x:div>
  </e:AD-2.22>
  <e:AD-2.23 id="EGSV-AD-2.23" Number="AD 2.23">
    <GreenBorder id="ID_7207573" />
    <e:Title id="ID_7207574">ADDITIONAL INFORMATION</e:Title>
    <x:div class="RP">
      <x:span class="sdParams" style="display:none;">TRULES_PROC;RULES_PROC_ID;7468</x:span>
      <x:p id="ID_7207575">Not applicable</x:p>
    </x:div>
  </e:AD-2.23>
  <e:AD-2.24 id="EGSV-AD-2.24" Number="AD 2.24">
    <GreenBorder id="ID_7207577" />
    <e:Title id="ID_7207578">CHARTS RELATED TO AN AERODROME</e:Title>
    <x:table id="ID_7207580" class="">
      <x:tbody id="ID_7207581">
        <x:tr id="ID_7207582">
          <x:td id="ID_7207583" HAlignment="Left" VAlignment="Top" align="left" valign="top">
            <x:p id="ID_7207584">
              <x:em id="ID_7207585" class="Italic">Figure: Aerodrome Chart - ICAO</x:em>
            </x:p>
          </x:td>
        </x:tr>
        <x:tr id="ID_7207586">
          <x:td id="ID_7207587" HAlignment="Left" VAlignment="Top" align="left" valign="top">
            <x:p id="ID_7207588">AD 2-EGAA-2-1</x:p>
          </x:td>
        </x:tr>
        <x:tr id="ID_7207589">
          <x:td id="ID_7207590" HAlignment="Left" VAlignment="Top" align="left" valign="top">&nbsp;</x:td>
        </x:tr>
        <x:tr id="ID_7207591">
          <x:td id="ID_7207592" HAlignment="Left" VAlignment="Top" align="left" valign="top">&nbsp;</x:td>
        </x:tr>
        <x:tr id="ID_7207593">
          <x:td id="ID_7207594" HAlignment="Left" VAlignment="Top" align="left" valign="top">&nbsp;</x:td>
        </x:tr>
        <x:tr id="ID_7207595">
          <x:td id="ID_7207596" HAlignment="Left" VAlignment="Top" align="left" valign="top">&nbsp;</x:td>
        </x:tr>
      </x:tbody>
    </x:table>
  </e:AD-2.24>
</e:Aerodrome>
