<?xml version="1.0" encoding="UTF-8"?>
<e:Aerodrome id="AD-2.EGBN" Ref="ICAO-EGBN" Title="NOTTINGHAM" xmlns:e="http://www.eurocontrol.int/xmlns/AIM/eAIP" xmlns:x="http://www.w3.org/1999/xhtml" xmlns:xlink="http://www.w3.org/1999/xlink">
  <e:Title />
  <e:AD-2.1 id="EGBN-AD-2.1" Number="AD 2.1">
    <GreenBorder id="ID_6971193" />
    <e:Title id="ID_6971194">AERODROME LOCATION INDICATOR AND NAME</e:Title>
    <e:Generated />
  </e:AD-2.1>
  <e:AD-2.2 id="EGBN-AD-2.2" Number="AD 2.2">
    <GreenBorder id="ID_6971199" />
    <e:Title id="ID_6971200">AERODROME&nbsp;GEOGRAPHICAL&nbsp;AND&nbsp;ADMINISTRATIVE&nbsp;DATA</e:Title>
    <x:table id="ID_6971202" class="">
      <x:tbody id="ID_6971203">
        <x:tr id="ID_6971204">
          <x:td id="ID_6971205" HAlignment="Left" VAlignment="Top" align="left" valign="top">1</x:td>
          <x:td id="ID_6971206" HAlignment="Left" VAlignment="Top" align="left" valign="top">
            <x:p id="ID_6971207">ARP coordinates and site at AD</x:p>
          </x:td>
          <x:td id="ID_6971208" HAlignment="Left" VAlignment="Top" align="left" valign="top">&nbsp;</x:td>
        </x:tr>
        <x:tr id="ID_6971209">
          <x:td id="ID_6971210" HAlignment="Left" VAlignment="Top" align="left" valign="top">2</x:td>
          <x:td id="ID_6971211" HAlignment="Left" VAlignment="Top" align="left" valign="top">
            <x:p id="ID_6971212">Direction and distance from city</x:p>
          </x:td>
          <x:td id="ID_6971213" HAlignment="Left" VAlignment="Top" align="left" valign="top">&nbsp;</x:td>
        </x:tr>
        <x:tr id="ID_6971214">
          <x:td id="ID_6971215" HAlignment="Left" VAlignment="Top" align="left" valign="top">3</x:td>
          <x:td id="ID_6971216" HAlignment="Left" VAlignment="Top" align="left" valign="top">
            <x:p id="ID_6971217">Elevation / Reference temperature</x:p>
          </x:td>
          <x:td id="ID_6971218" HAlignment="Left" VAlignment="Top" align="left" valign="top">&nbsp;</x:td>
        </x:tr>
        <x:tr id="ID_6971219">
          <x:td id="ID_6971220" HAlignment="Left" VAlignment="Top" align="left" valign="top">4</x:td>
          <x:td id="ID_6971221" HAlignment="Left" VAlignment="Top" align="left" valign="top">
            <x:p id="ID_6971222">Geoid undulation at AD ELEV PSN</x:p>
          </x:td>
          <x:td id="ID_6971223" HAlignment="Left" VAlignment="Top" align="left" valign="top">&nbsp;</x:td>
        </x:tr>
        <x:tr id="ID_6971224">
          <x:td id="ID_6971225" HAlignment="Left" VAlignment="Top" align="left" valign="top">5</x:td>
          <x:td id="ID_6971226" HAlignment="Left" VAlignment="Top" align="left" valign="top">
            <x:p id="ID_6971227">Magnetic Variation / Annual Change</x:p>
          </x:td>
          <x:td id="ID_6971228" HAlignment="Left" VAlignment="Top" align="left" valign="top">&nbsp;</x:td>
        </x:tr>
        <x:tr id="ID_6971229">
          <x:td id="ID_6971230" HAlignment="Left" VAlignment="Top" align="left" valign="top">6</x:td>
          <x:td id="ID_6971231" HAlignment="Left" VAlignment="Top" align="left" valign="top">
            <x:p id="ID_6971232">AD Administration, address, telephone, telefax, AFS, e-mail address, website address</x:p>
          </x:td>
          <x:td id="ID_6971233" HAlignment="Left" VAlignment="Top" align="left" valign="top">&nbsp;</x:td>
        </x:tr>
        <x:tr id="ID_6971234">
          <x:td id="ID_6971235" HAlignment="Left" VAlignment="Top" align="left" valign="top">7</x:td>
          <x:td id="ID_6971236" HAlignment="Left" VAlignment="Top" align="left" valign="top">
            <x:p id="ID_6971237">Types of Traffic permitted (IFR/VFR)</x:p>
          </x:td>
          <x:td id="ID_6971238" HAlignment="Left" VAlignment="Top" align="left" valign="top">&nbsp;</x:td>
        </x:tr>
        <x:tr id="ID_6971239">
          <x:td id="ID_6971240" HAlignment="Left" VAlignment="Top" align="left" valign="top">8</x:td>
          <x:td id="ID_6971241" HAlignment="Left" VAlignment="Top" align="left" valign="top">
            <x:p id="ID_6971242">Remarks</x:p>
          </x:td>
          <x:td id="ID_6971243" HAlignment="Left" VAlignment="Top" align="left" valign="top">&nbsp;</x:td>
        </x:tr>
      </x:tbody>
    </x:table>
  </e:AD-2.2>
  <e:AD-2.3 id="EGBN-AD-2.3" Number="AD 2.3">
    <GreenBorder id="ID_6971245" />
    <e:Title id="ID_6971246">OPERATIONAL&nbsp;HOURS</e:Title>
    <x:table id="ID_6971248" class="">
      <x:tbody id="ID_6971249">
        <x:tr id="ID_6971250">
          <x:td id="ID_6971251" HAlignment="Left" VAlignment="Top" align="left" valign="top">1</x:td>
          <x:td id="ID_6971252" HAlignment="Left" VAlignment="Top" align="left" valign="top">
            <x:p id="ID_6971253">Aerodrome Operator</x:p>
          </x:td>
          <x:td id="ID_6971254" HAlignment="Left" VAlignment="Top" align="left" valign="top">&nbsp;</x:td>
        </x:tr>
        <x:tr id="ID_6971255">
          <x:td id="ID_6971256" HAlignment="Left" VAlignment="Top" align="left" valign="top">2</x:td>
          <x:td id="ID_6971257" HAlignment="Left" VAlignment="Top" align="left" valign="top">
            <x:p id="ID_6971258">Customs and Immigration</x:p>
          </x:td>
          <x:td id="ID_6971259" HAlignment="Left" VAlignment="Top" align="left" valign="top">
            <x:p id="ID_6971260" />
          </x:td>
        </x:tr>
        <x:tr id="ID_6971261">
          <x:td id="ID_6971262" HAlignment="Left" VAlignment="Top" align="left" valign="top">3</x:td>
          <x:td id="ID_6971263" HAlignment="Left" VAlignment="Top" align="left" valign="top">
            <x:p id="ID_6971264">Health and sanitation</x:p>
          </x:td>
          <x:td id="ID_6971265" HAlignment="Left" VAlignment="Top" align="left" valign="top">&nbsp;</x:td>
        </x:tr>
        <x:tr id="ID_6971266">
          <x:td id="ID_6971267" HAlignment="Left" VAlignment="Top" align="left" valign="top">4</x:td>
          <x:td id="ID_6971268" HAlignment="Left" VAlignment="Top" align="left" valign="top">
            <x:p id="ID_6971269">AIS Briefing Office</x:p>
          </x:td>
          <x:td id="ID_6971270" HAlignment="Left" VAlignment="Top" align="left" valign="top">&nbsp;</x:td>
        </x:tr>
        <x:tr id="ID_6971271">
          <x:td id="ID_6971272" HAlignment="Left" VAlignment="Top" align="left" valign="top">5</x:td>
          <x:td id="ID_6971273" HAlignment="Left" VAlignment="Top" align="left" valign="top">
            <x:p id="ID_6971274">ATS Reporting Office (ARO)</x:p>
          </x:td>
          <x:td id="ID_6971275" HAlignment="Left" VAlignment="Top" align="left" valign="top">&nbsp;</x:td>
        </x:tr>
        <x:tr id="ID_6971276">
          <x:td id="ID_6971277" HAlignment="Left" VAlignment="Top" align="left" valign="top">6</x:td>
          <x:td id="ID_6971278" HAlignment="Left" VAlignment="Top" align="left" valign="top">
            <x:p id="ID_6971279">MET Briefing Office</x:p>
          </x:td>
          <x:td id="ID_6971280" HAlignment="Left" VAlignment="Top" align="left" valign="top">&nbsp;</x:td>
        </x:tr>
        <x:tr id="ID_6971281">
          <x:td id="ID_6971282" HAlignment="Left" VAlignment="Top" align="left" valign="top">7</x:td>
          <x:td id="ID_6971283" HAlignment="Left" VAlignment="Top" align="left" valign="top">
            <x:p id="ID_6971284">Air Traffic Service</x:p>
          </x:td>
          <x:td id="ID_6971285" HAlignment="Left" VAlignment="Top" align="left" valign="top">&nbsp;</x:td>
        </x:tr>
        <x:tr id="ID_6971286">
          <x:td id="ID_6971287" HAlignment="Left" VAlignment="Top" align="left" valign="top">8</x:td>
          <x:td id="ID_6971288" HAlignment="Left" VAlignment="Top" align="left" valign="top">
            <x:p id="ID_6971289">Fuelling</x:p>
          </x:td>
          <x:td id="ID_6971290" HAlignment="Left" VAlignment="Top" align="left" valign="top">&nbsp;</x:td>
        </x:tr>
        <x:tr id="ID_6971291">
          <x:td id="ID_6971292" HAlignment="Left" VAlignment="Top" align="left" valign="top">9</x:td>
          <x:td id="ID_6971293" HAlignment="Left" VAlignment="Top" align="left" valign="top">
            <x:p id="ID_6971294">Handling</x:p>
          </x:td>
          <x:td id="ID_6971295" HAlignment="Left" VAlignment="Top" align="left" valign="top">&nbsp;</x:td>
        </x:tr>
        <x:tr id="ID_6971296">
          <x:td id="ID_6971297" HAlignment="Left" VAlignment="Top" align="left" valign="top">10</x:td>
          <x:td id="ID_6971298" HAlignment="Left" VAlignment="Top" align="left" valign="top">
            <x:p id="ID_6971299">Security</x:p>
          </x:td>
          <x:td id="ID_6971300" HAlignment="Left" VAlignment="Top" align="left" valign="top">&nbsp;</x:td>
        </x:tr>
        <x:tr id="ID_6971301">
          <x:td id="ID_6971302" HAlignment="Left" VAlignment="Top" align="left" valign="top">11</x:td>
          <x:td id="ID_6971303" HAlignment="Left" VAlignment="Top" align="left" valign="top">
            <x:p id="ID_6971304">De-icing</x:p>
          </x:td>
          <x:td id="ID_6971305" HAlignment="Left" VAlignment="Top" align="left" valign="top">&nbsp;</x:td>
        </x:tr>
        <x:tr id="ID_6971306">
          <x:td id="ID_6971307" HAlignment="Left" VAlignment="Top" align="left" valign="top">12</x:td>
          <x:td id="ID_6971308" HAlignment="Left" VAlignment="Top" align="left" valign="top">
            <x:p id="ID_6971309">Remarks</x:p>
          </x:td>
          <x:td id="ID_6971310" HAlignment="Left" VAlignment="Top" align="left" valign="top">&nbsp;</x:td>
        </x:tr>
      </x:tbody>
    </x:table>
  </e:AD-2.3>
  <e:AD-2.4 id="EGBN-AD-2.4" Number="AD 2.4">
    <GreenBorder id="ID_6971312" />
    <e:Title id="ID_6971313">HANDLING&nbsp;SERVICES&nbsp;AND&nbsp;FACILITIES</e:Title>
    <x:table id="ID_6971315" class="">
      <x:tbody id="ID_6971316">
        <x:tr id="ID_6971317">
          <x:td id="ID_6971318" HAlignment="Left" VAlignment="Top" align="left" valign="top">1</x:td>
          <x:td id="ID_6971319" HAlignment="Left" VAlignment="Top" align="left" valign="top">
            <x:p id="ID_6971320">Cargo handling facilities</x:p>
          </x:td>
          <x:td id="ID_6971321" HAlignment="Left" VAlignment="Top" align="left" valign="top">&nbsp;</x:td>
        </x:tr>
        <x:tr id="ID_6971322">
          <x:td id="ID_6971323" HAlignment="Left" VAlignment="Top" align="left" valign="top">2</x:td>
          <x:td id="ID_6971324" HAlignment="Left" VAlignment="Top" align="left" valign="top">
            <x:p id="ID_6971325">Fuel and oil types</x:p>
          </x:td>
          <x:td id="ID_6971326" HAlignment="Left" VAlignment="Top" align="left" valign="top">&nbsp;</x:td>
        </x:tr>
        <x:tr id="ID_6971327">
          <x:td id="ID_6971328" HAlignment="Left" VAlignment="Top" align="left" valign="top">3</x:td>
          <x:td id="ID_6971329" HAlignment="Left" VAlignment="Top" align="left" valign="top">
            <x:p id="ID_6971330">Fuelling facilities/capacity</x:p>
          </x:td>
          <x:td id="ID_6971331" HAlignment="Left" VAlignment="Top" align="left" valign="top">&nbsp;</x:td>
        </x:tr>
        <x:tr id="ID_6971332">
          <x:td id="ID_6971333" HAlignment="Left" VAlignment="Top" align="left" valign="top">4</x:td>
          <x:td id="ID_6971334" HAlignment="Left" VAlignment="Top" align="left" valign="top">
            <x:p id="ID_6971335">De-icing facilities</x:p>
          </x:td>
          <x:td id="ID_6971336" HAlignment="Left" VAlignment="Top" align="left" valign="top">&nbsp;</x:td>
        </x:tr>
        <x:tr id="ID_6971337">
          <x:td id="ID_6971338" HAlignment="Left" VAlignment="Top" align="left" valign="top">5</x:td>
          <x:td id="ID_6971339" HAlignment="Left" VAlignment="Top" align="left" valign="top">
            <x:p id="ID_6971340">Hangar space for visiting aircraft</x:p>
          </x:td>
          <x:td id="ID_6971341" HAlignment="Left" VAlignment="Top" align="left" valign="top">&nbsp;</x:td>
        </x:tr>
        <x:tr id="ID_6971342">
          <x:td id="ID_6971343" HAlignment="Left" VAlignment="Top" align="left" valign="top">6</x:td>
          <x:td id="ID_6971344" HAlignment="Left" VAlignment="Top" align="left" valign="top">
            <x:p id="ID_6971345">Repair facilities for visiting aircraft</x:p>
          </x:td>
          <x:td id="ID_6971346" HAlignment="Left" VAlignment="Top" align="left" valign="top">&nbsp;</x:td>
        </x:tr>
        <x:tr id="ID_6971347">
          <x:td id="ID_6971348" HAlignment="Left" VAlignment="Top" align="left" valign="top">7</x:td>
          <x:td id="ID_6971349" HAlignment="Left" VAlignment="Top" align="left" valign="top">
            <x:p id="ID_6971350">Remarks</x:p>
          </x:td>
          <x:td id="ID_6971351" HAlignment="Left" VAlignment="Top" align="left" valign="top">&nbsp;</x:td>
        </x:tr>
      </x:tbody>
    </x:table>
  </e:AD-2.4>
  <e:AD-2.5 id="EGBN-AD-2.5" Number="AD 2.5">
    <GreenBorder id="ID_6971353" />
    <e:Title id="ID_6971354">PASSENGER&nbsp;FACILITIES</e:Title>
    <x:table id="ID_6971356" class="">
      <x:tbody id="ID_6971357">
        <x:tr id="ID_6971358">
          <x:td id="ID_6971359" HAlignment="Left" VAlignment="Top" align="left" valign="top">1</x:td>
          <x:td id="ID_6971360" HAlignment="Left" VAlignment="Top" align="left" valign="top">
            <x:p id="ID_6971361">Hotels</x:p>
          </x:td>
          <x:td id="ID_6971362" HAlignment="Left" VAlignment="Top" align="left" valign="top">&nbsp;</x:td>
        </x:tr>
        <x:tr id="ID_6971363">
          <x:td id="ID_6971364" HAlignment="Left" VAlignment="Top" align="left" valign="top">2</x:td>
          <x:td id="ID_6971365" HAlignment="Left" VAlignment="Top" align="left" valign="top">
            <x:p id="ID_6971366">Restaurants</x:p>
          </x:td>
          <x:td id="ID_6971367" HAlignment="Left" VAlignment="Top" align="left" valign="top">&nbsp;</x:td>
        </x:tr>
        <x:tr id="ID_6971368">
          <x:td id="ID_6971369" HAlignment="Left" VAlignment="Top" align="left" valign="top">3</x:td>
          <x:td id="ID_6971370" HAlignment="Left" VAlignment="Top" align="left" valign="top">
            <x:p id="ID_6971371">Transportation</x:p>
          </x:td>
          <x:td id="ID_6971372" HAlignment="Left" VAlignment="Top" align="left" valign="top">&nbsp;</x:td>
        </x:tr>
        <x:tr id="ID_6971373">
          <x:td id="ID_6971374" HAlignment="Left" VAlignment="Top" align="left" valign="top">4</x:td>
          <x:td id="ID_6971375" HAlignment="Left" VAlignment="Top" align="left" valign="top">
            <x:p id="ID_6971376">Medical facilities</x:p>
          </x:td>
          <x:td id="ID_6971377" HAlignment="Left" VAlignment="Top" align="left" valign="top">&nbsp;</x:td>
        </x:tr>
        <x:tr id="ID_6971378">
          <x:td id="ID_6971379" HAlignment="Left" VAlignment="Top" align="left" valign="top">5</x:td>
          <x:td id="ID_6971380" HAlignment="Left" VAlignment="Top" align="left" valign="top">
            <x:p id="ID_6971381">Bank and Post Office</x:p>
          </x:td>
          <x:td id="ID_6971382" HAlignment="Left" VAlignment="Top" align="left" valign="top">&nbsp;</x:td>
        </x:tr>
        <x:tr id="ID_6971383">
          <x:td id="ID_6971384" HAlignment="Left" VAlignment="Top" align="left" valign="top">6</x:td>
          <x:td id="ID_6971385" HAlignment="Left" VAlignment="Top" align="left" valign="top">
            <x:p id="ID_6971386">Tourist Office</x:p>
          </x:td>
          <x:td id="ID_6971387" HAlignment="Left" VAlignment="Top" align="left" valign="top">&nbsp;</x:td>
        </x:tr>
        <x:tr id="ID_6971388">
          <x:td id="ID_6971389" HAlignment="Left" VAlignment="Top" align="left" valign="top">7</x:td>
          <x:td id="ID_6971390" HAlignment="Left" VAlignment="Top" align="left" valign="top">
            <x:p id="ID_6971391">Remarks</x:p>
          </x:td>
          <x:td id="ID_6971392" HAlignment="Left" VAlignment="Top" align="left" valign="top">&nbsp;</x:td>
        </x:tr>
      </x:tbody>
    </x:table>
  </e:AD-2.5>
  <e:AD-2.6 id="EGBN-AD-2.6" Number="AD 2.6">
    <GreenBorder id="ID_6971394" />
    <e:Title id="ID_6971395">RESCUE&nbsp;AND&nbsp;FIRE&nbsp;FIGHTING&nbsp;SERVICES</e:Title>
    <x:table id="ID_6971397" class="">
      <x:tbody id="ID_6971398">
        <x:tr id="ID_6971399">
          <x:td id="ID_6971400" HAlignment="Left" VAlignment="Top" align="left" valign="top">1</x:td>
          <x:td id="ID_6971401" HAlignment="Left" VAlignment="Top" align="left" valign="top">
            <x:p id="ID_6971402">AD category for fire fighting</x:p>
          </x:td>
          <x:td id="ID_6971403" HAlignment="Left" VAlignment="Top" align="left" valign="top">&nbsp;</x:td>
        </x:tr>
        <x:tr id="ID_6971404">
          <x:td id="ID_6971405" HAlignment="Left" VAlignment="Top" align="left" valign="top">2</x:td>
          <x:td id="ID_6971406" HAlignment="Left" VAlignment="Top" align="left" valign="top">
            <x:p id="ID_6971407">Rescue equipment</x:p>
          </x:td>
          <x:td id="ID_6971408" HAlignment="Left" VAlignment="Top" align="left" valign="top">&nbsp;</x:td>
        </x:tr>
        <x:tr id="ID_6971409">
          <x:td id="ID_6971410" HAlignment="Left" VAlignment="Top" align="left" valign="top">3</x:td>
          <x:td id="ID_6971411" HAlignment="Left" VAlignment="Top" align="left" valign="top">
            <x:p id="ID_6971412">Capability for removal of disabled aircraft</x:p>
          </x:td>
          <x:td id="ID_6971413" HAlignment="Left" VAlignment="Top" align="left" valign="top">&nbsp;</x:td>
        </x:tr>
        <x:tr id="ID_6971414">
          <x:td id="ID_6971415" HAlignment="Left" VAlignment="Top" align="left" valign="top">4</x:td>
          <x:td id="ID_6971416" HAlignment="Left" VAlignment="Top" align="left" valign="top">
            <x:p id="ID_6971417">Remarks</x:p>
          </x:td>
          <x:td id="ID_6971418" HAlignment="Left" VAlignment="Top" align="left" valign="top">&nbsp;</x:td>
        </x:tr>
      </x:tbody>
    </x:table>
  </e:AD-2.6>
  <e:AD-2.7 id="EGBN-AD-2.7" Number="AD 2.7">
    <GreenBorder id="ID_6971420" />
    <e:Title id="ID_6971421">SEASONAL&nbsp;AVAILABILITY&nbsp;-&nbsp;CLEARING</e:Title>
    <x:table id="ID_6971423" class="">
      <x:tbody id="ID_6971424">
        <x:tr id="ID_6971425">
          <x:td id="ID_6971426" HAlignment="Left" VAlignment="Top" align="left" valign="top">1</x:td>
          <x:td id="ID_6971427" HAlignment="Left" VAlignment="Top" align="left" valign="top">
            <x:p id="ID_6971428">Types of clearing equipment</x:p>
          </x:td>
          <x:td id="ID_6971429" HAlignment="Left" VAlignment="Top" align="left" valign="top">&nbsp;</x:td>
        </x:tr>
        <x:tr id="ID_6971430">
          <x:td id="ID_6971431" HAlignment="Left" VAlignment="Top" align="left" valign="top">2</x:td>
          <x:td id="ID_6971432" HAlignment="Left" VAlignment="Top" align="left" valign="top">
            <x:p id="ID_6971433">Clearance priorities</x:p>
          </x:td>
          <x:td id="ID_6971434" HAlignment="Left" VAlignment="Top" align="left" valign="top">&nbsp;</x:td>
        </x:tr>
        <x:tr id="ID_6971435">
          <x:td id="ID_6971436" HAlignment="Left" VAlignment="Top" align="left" valign="top">3</x:td>
          <x:td id="ID_6971437" HAlignment="Left" VAlignment="Top" align="left" valign="top">
            <x:p id="ID_6971438">Remarks</x:p>
          </x:td>
          <x:td id="ID_6971439" HAlignment="Left" VAlignment="Top" align="left" valign="top">&nbsp;</x:td>
        </x:tr>
      </x:tbody>
    </x:table>
  </e:AD-2.7>
  <e:AD-2.8 id="EGBN-AD-2.8" Number="AD 2.8">
    <GreenBorder id="ID_6971441" />
    <e:Title id="ID_6971442">APRONS,&nbsp;TAXIWAYS&nbsp;AND&nbsp;CHECK&nbsp;LOCATIONS/POSITIONS&nbsp;DATA</e:Title>
    <x:table id="ID_6971444" class="">
      <x:tbody id="ID_6971445">
        <x:tr id="ID_6971446">
          <x:td id="ID_6971447" HAlignment="Left" VAlignment="Top" align="left" valign="top">1</x:td>
          <x:td id="ID_6971448" HAlignment="Left" VAlignment="Top" align="left" valign="top">
            <x:p id="ID_6971449">Apron surface and strength</x:p>
          </x:td>
          <x:td id="ID_6971450" HAlignment="Left" VAlignment="Top" align="left" valign="top">&nbsp;</x:td>
        </x:tr>
        <x:tr id="ID_6971451">
          <x:td id="ID_6971452" HAlignment="Left" VAlignment="Top" align="left" valign="top">2</x:td>
          <x:td id="ID_6971453" HAlignment="Left" VAlignment="Top" align="left" valign="top">
            <x:p id="ID_6971454">Taxiway width, surface and strength</x:p>
          </x:td>
          <x:td id="ID_6971455" HAlignment="Left" VAlignment="Top" align="left" valign="top">&nbsp;</x:td>
        </x:tr>
        <x:tr id="ID_6971456">
          <x:td id="ID_6971457" HAlignment="Left" VAlignment="Top" align="left" valign="top">3</x:td>
          <x:td id="ID_6971458" HAlignment="Left" VAlignment="Top" align="left" valign="top">
            <x:p id="ID_6971459">Altimeter checkpoint location and elevation</x:p>
          </x:td>
          <x:td id="ID_6971460" HAlignment="Left" VAlignment="Top" align="left" valign="top">&nbsp;</x:td>
        </x:tr>
        <x:tr id="ID_6971461">
          <x:td id="ID_6971462" HAlignment="Left" VAlignment="Top" align="left" valign="top">4</x:td>
          <x:td id="ID_6971463" HAlignment="Left" VAlignment="Top" align="left" valign="top">
            <x:p id="ID_6971464">VOR checkpoints</x:p>
          </x:td>
          <x:td id="ID_6971465" HAlignment="Left" VAlignment="Top" align="left" valign="top">&nbsp;</x:td>
        </x:tr>
        <x:tr id="ID_6971466">
          <x:td id="ID_6971467" HAlignment="Left" VAlignment="Top" align="left" valign="top">5</x:td>
          <x:td id="ID_6971468" HAlignment="Left" VAlignment="Top" align="left" valign="top">
            <x:p id="ID_6971469">INS checkpoints</x:p>
          </x:td>
          <x:td id="ID_6971470" HAlignment="Left" VAlignment="Top" align="left" valign="top">&nbsp;</x:td>
        </x:tr>
        <x:tr id="ID_6971471">
          <x:td id="ID_6971472" HAlignment="Left" VAlignment="Top" align="left" valign="top">6</x:td>
          <x:td id="ID_6971473" HAlignment="Left" VAlignment="Top" align="left" valign="top">
            <x:p id="ID_6971474">Remarks</x:p>
          </x:td>
          <x:td id="ID_6971475" HAlignment="Left" VAlignment="Top" align="left" valign="top">&nbsp;</x:td>
        </x:tr>
      </x:tbody>
    </x:table>
  </e:AD-2.8>
  <e:AD-2.9 id="EGBN-AD-2.9" Number="AD 2.9">
    <GreenBorder id="ID_6971477" />
    <e:Title id="ID_6971478">SURFACE&nbsp;MOVEMENT&nbsp;GUIDANCE&nbsp;AND&nbsp;CONTROL&nbsp;SYSTEM&nbsp;AND&nbsp;MARKINGS</e:Title>
    <x:table id="ID_6971480" class="">
      <x:tbody id="ID_6971481">
        <x:tr id="ID_6971482">
          <x:td id="ID_6971483" HAlignment="Left" VAlignment="Top" align="left" valign="top">1</x:td>
          <x:td id="ID_6971484" HAlignment="Left" VAlignment="Top" align="left" valign="top">
            <x:p id="ID_6971485">Use of aircraft stand ID signs, TWY guide lines and visual docking/parking guidance system of aircraft stands</x:p>
          </x:td>
          <x:td id="ID_6971486" HAlignment="Left" VAlignment="Top" align="left" valign="top">&nbsp;</x:td>
        </x:tr>
        <x:tr id="ID_6971487">
          <x:td id="ID_6971488" HAlignment="Left" VAlignment="Top" align="left" valign="top">2</x:td>
          <x:td id="ID_6971489" HAlignment="Left" VAlignment="Top" align="left" valign="top">
            <x:p id="ID_6971490">Runway and taxiway markings and lighting</x:p>
          </x:td>
          <x:td id="ID_6971491" HAlignment="Left" VAlignment="Top" align="left" valign="top">&nbsp;</x:td>
        </x:tr>
        <x:tr id="ID_6971492">
          <x:td id="ID_6971493" HAlignment="Left" VAlignment="Top" align="left" valign="top">3</x:td>
          <x:td id="ID_6971494" HAlignment="Left" VAlignment="Top" align="left" valign="top">
            <x:p id="ID_6971495">Stop bars</x:p>
          </x:td>
          <x:td id="ID_6971496" HAlignment="Left" VAlignment="Top" align="left" valign="top">&nbsp;</x:td>
        </x:tr>
        <x:tr id="ID_6971497">
          <x:td id="ID_6971498" HAlignment="Left" VAlignment="Top" align="left" valign="top">4</x:td>
          <x:td id="ID_6971499" HAlignment="Left" VAlignment="Top" align="left" valign="top">
            <x:p id="ID_6971500">Remarks</x:p>
          </x:td>
          <x:td id="ID_6971501" HAlignment="Left" VAlignment="Top" align="left" valign="top">&nbsp;</x:td>
        </x:tr>
      </x:tbody>
    </x:table>
  </e:AD-2.9>
  <e:AD-2.10 id="EGBN-AD-2.10" Number="AD 2.10">
    <GreenBorder id="ID_6971503" />
    <e:Title id="ID_6971504">AERODROME&nbsp;OBSTACLES</e:Title>
    <x:table id="ID_6971506" class="">
      <x:thead id="ID_6971507">
        <x:tr id="ID_6971508">
          <x:th id="ID_6971509" HAlignment="Center" VAlignment="Top" colspan="6" align="center" valign="top">
            <x:p id="ID_6971510">In Approach/Take-off areas</x:p>
          </x:th>
        </x:tr>
        <x:tr id="ID_6971511">
          <x:th id="ID_6971512" HAlignment="Left" VAlignment="Top" align="left" valign="top">
            <x:p id="ID_6971513">Obstacle ID/Designation</x:p>
          </x:th>
          <x:th id="ID_6971514" HAlignment="Left" VAlignment="Top" align="left" valign="top">
            <x:p id="ID_6971515">Obstacle Type</x:p>
          </x:th>
          <x:th id="ID_6971516" HAlignment="Left" VAlignment="Top" align="left" valign="top">
            <x:p id="ID_6971517">Obstacle Position</x:p>
          </x:th>
          <x:th id="ID_6971518" HAlignment="Left" VAlignment="Top" align="left" valign="top">
            <x:p id="ID_6971519">Elevation/Height</x:p>
          </x:th>
          <x:th id="ID_6971520" HAlignment="Left" VAlignment="Top" align="left" valign="top">
            <x:p id="ID_6971521">Obstruction Lighting Type/Colour</x:p>
          </x:th>
          <x:th id="ID_6971522" HAlignment="Left" VAlignment="Top" align="left" valign="top">
            <x:p id="ID_6971523">Remarks</x:p>
          </x:th>
        </x:tr>
        <x:tr id="ID_6971524">
          <x:th id="ID_6971525" HAlignment="Left" VAlignment="Top" align="left" valign="top">1</x:th>
          <x:th id="ID_6971526" HAlignment="Left" VAlignment="Top" align="left" valign="top">2</x:th>
          <x:th id="ID_6971527" HAlignment="Left" VAlignment="Top" align="left" valign="top">3</x:th>
          <x:th id="ID_6971528" HAlignment="Left" VAlignment="Top" align="left" valign="top">4</x:th>
          <x:th id="ID_6971529" HAlignment="Left" VAlignment="Top" align="left" valign="top">5</x:th>
          <x:th id="ID_6971530" HAlignment="Left" VAlignment="Top" align="left" valign="top">6</x:th>
        </x:tr>
      </x:thead>
      <x:tbody id="ID_6971531">
        <x:tr id="ID_6971532">
          <x:td id="ID_6971533" HAlignment="Left" VAlignment="Top" align="left" valign="top">&nbsp;</x:td>
          <x:td id="ID_6971534" HAlignment="Left" VAlignment="Top" align="left" valign="top">&nbsp;</x:td>
          <x:td id="ID_6971535" HAlignment="Left" VAlignment="Top" align="left" valign="top">&nbsp;</x:td>
          <x:td id="ID_6971536" HAlignment="Left" VAlignment="Top" align="left" valign="top">&nbsp;</x:td>
          <x:td id="ID_6971537" HAlignment="Left" VAlignment="Top" align="left" valign="top">&nbsp;</x:td>
          <x:td id="ID_6971538" HAlignment="Left" VAlignment="Top" align="left" valign="top">&nbsp;</x:td>
        </x:tr>
      </x:tbody>
    </x:table>
    <x:table id="ID_6971540" class="">
      <x:thead id="ID_6971541">
        <x:tr id="ID_6971542">
          <x:th id="ID_6971543" HAlignment="Center" VAlignment="Top" colspan="6" align="center" valign="top">
            <x:p id="ID_6971544">In circling area and at aerodrome</x:p>
          </x:th>
        </x:tr>
        <x:tr id="ID_6971545">
          <x:th id="ID_6971546" HAlignment="Left" VAlignment="Top" align="left" valign="top">
            <x:p id="ID_6971547">Obstacle ID/Designation</x:p>
          </x:th>
          <x:th id="ID_6971548" HAlignment="Left" VAlignment="Top" align="left" valign="top">
            <x:p id="ID_6971549">Obstacle Type</x:p>
          </x:th>
          <x:th id="ID_6971550" HAlignment="Left" VAlignment="Top" align="left" valign="top">
            <x:p id="ID_6971551">Obstacle Position</x:p>
          </x:th>
          <x:th id="ID_6971552" HAlignment="Left" VAlignment="Top" align="left" valign="top">
            <x:p id="ID_6971553">Elevation/Height</x:p>
          </x:th>
          <x:th id="ID_6971554" HAlignment="Left" VAlignment="Top" align="left" valign="top">
            <x:p id="ID_6971555">Obstruction Lighting Type/Colour</x:p>
          </x:th>
          <x:th id="ID_6971556" HAlignment="Left" VAlignment="Top" align="left" valign="top">
            <x:p id="ID_6971557">Remarks</x:p>
          </x:th>
        </x:tr>
        <x:tr id="ID_6971558">
          <x:th id="ID_6971559" HAlignment="Left" VAlignment="Top" align="left" valign="top">1</x:th>
          <x:th id="ID_6971560" HAlignment="Left" VAlignment="Top" align="left" valign="top">2</x:th>
          <x:th id="ID_6971561" HAlignment="Left" VAlignment="Top" align="left" valign="top">3</x:th>
          <x:th id="ID_6971562" HAlignment="Left" VAlignment="Top" align="left" valign="top">4</x:th>
          <x:th id="ID_6971563" HAlignment="Left" VAlignment="Top" align="left" valign="top">5</x:th>
          <x:th id="ID_6971564" HAlignment="Left" VAlignment="Top" align="left" valign="top">6</x:th>
        </x:tr>
      </x:thead>
      <x:tbody id="ID_6971565">
        <x:tr id="ID_6971566">
          <x:td id="ID_6971567" HAlignment="Left" VAlignment="Top" align="left" valign="top">&nbsp;</x:td>
          <x:td id="ID_6971568" HAlignment="Left" VAlignment="Top" align="left" valign="top">&nbsp;</x:td>
          <x:td id="ID_6971569" HAlignment="Left" VAlignment="Top" align="left" valign="top">&nbsp;</x:td>
          <x:td id="ID_6971570" HAlignment="Left" VAlignment="Top" align="left" valign="top">&nbsp;</x:td>
          <x:td id="ID_6971571" HAlignment="Left" VAlignment="Top" align="left" valign="top">&nbsp;</x:td>
          <x:td id="ID_6971572" HAlignment="Left" VAlignment="Top" align="left" valign="top">&nbsp;</x:td>
        </x:tr>
      </x:tbody>
    </x:table>
  </e:AD-2.10>
  <e:AD-2.11 id="EGBN-AD-2.11" Number="AD 2.11">
    <GreenBorder id="ID_6971574" />
    <e:Title id="ID_6971575">METEOROLOGICAL&nbsp;INFORMATION&nbsp;PROVIDED</e:Title>
    <x:table id="ID_6971577" class="">
      <x:tbody id="ID_6971578">
        <x:tr id="ID_6971579">
          <x:td id="ID_6971580" HAlignment="Left" VAlignment="Top" align="left" valign="top">1</x:td>
          <x:td id="ID_6971581" HAlignment="Left" VAlignment="Top" align="left" valign="top">
            <x:p id="ID_6971582">Associated MET Office</x:p>
          </x:td>
          <x:td id="ID_6971583" HAlignment="Left" VAlignment="Top" align="left" valign="top">&nbsp;</x:td>
        </x:tr>
        <x:tr id="ID_6971584">
          <x:td id="ID_6971585" HAlignment="Left" VAlignment="Top" align="left" valign="top">2</x:td>
          <x:td id="ID_6971586" HAlignment="Left" VAlignment="Top" align="left" valign="top">
            <x:p id="ID_6971587">Hours of service</x:p>
            <x:p id="ID_6971588">MET Office outside hours</x:p>
          </x:td>
          <x:td id="ID_6971589" HAlignment="Left" VAlignment="Top" align="left" valign="top">&nbsp;</x:td>
        </x:tr>
        <x:tr id="ID_6971590">
          <x:td id="ID_6971591" HAlignment="Left" VAlignment="Top" align="left" valign="top">3</x:td>
          <x:td id="ID_6971592" HAlignment="Left" VAlignment="Top" align="left" valign="top">
            <x:p id="ID_6971593">Office responsible for TAF preparation</x:p>
            <x:p id="ID_6971594">Periods of validity</x:p>
          </x:td>
          <x:td id="ID_6971595" HAlignment="Left" VAlignment="Top" align="left" valign="top">&nbsp;</x:td>
        </x:tr>
        <x:tr id="ID_6971596">
          <x:td id="ID_6971597" HAlignment="Left" VAlignment="Top" align="left" valign="top">4</x:td>
          <x:td id="ID_6971598" HAlignment="Left" VAlignment="Top" align="left" valign="top">
            <x:p id="ID_6971599">Trend forecast</x:p>
            <x:p id="ID_6971600">Interval of issuance</x:p>
          </x:td>
          <x:td id="ID_6971601" HAlignment="Left" VAlignment="Top" align="left" valign="top">&nbsp;</x:td>
        </x:tr>
        <x:tr id="ID_6971602">
          <x:td id="ID_6971603" HAlignment="Left" VAlignment="Top" align="left" valign="top">5</x:td>
          <x:td id="ID_6971604" HAlignment="Left" VAlignment="Top" align="left" valign="top">
            <x:p id="ID_6971605">Briefing/consultation provided</x:p>
          </x:td>
          <x:td id="ID_6971606" HAlignment="Left" VAlignment="Top" align="left" valign="top">&nbsp;</x:td>
        </x:tr>
        <x:tr id="ID_6971607">
          <x:td id="ID_6971608" HAlignment="Left" VAlignment="Top" align="left" valign="top">6</x:td>
          <x:td id="ID_6971609" HAlignment="Left" VAlignment="Top" align="left" valign="top">
            <x:p id="ID_6971610">Flight documentation</x:p>
            <x:p id="ID_6971611">Language(s) used</x:p>
          </x:td>
          <x:td id="ID_6971612" HAlignment="Left" VAlignment="Top" align="left" valign="top">&nbsp;</x:td>
        </x:tr>
        <x:tr id="ID_6971613">
          <x:td id="ID_6971614" HAlignment="Left" VAlignment="Top" align="left" valign="top">7</x:td>
          <x:td id="ID_6971615" HAlignment="Left" VAlignment="Top" align="left" valign="top">
            <x:p id="ID_6971616">Charts and other information available for briefing or consultation</x:p>
          </x:td>
          <x:td id="ID_6971617" HAlignment="Left" VAlignment="Top" align="left" valign="top">&nbsp;</x:td>
        </x:tr>
        <x:tr id="ID_6971618">
          <x:td id="ID_6971619" HAlignment="Left" VAlignment="Top" align="left" valign="top">8</x:td>
          <x:td id="ID_6971620" HAlignment="Left" VAlignment="Top" align="left" valign="top">
            <x:p id="ID_6971621">Supplementary equipment available for providing information</x:p>
          </x:td>
          <x:td id="ID_6971622" HAlignment="Left" VAlignment="Top" align="left" valign="top">&nbsp;</x:td>
        </x:tr>
        <x:tr id="ID_6971623">
          <x:td id="ID_6971624" HAlignment="Left" VAlignment="Top" align="left" valign="top">9</x:td>
          <x:td id="ID_6971625" HAlignment="Left" VAlignment="Top" align="left" valign="top">
            <x:p id="ID_6971626">ATS units provided with information</x:p>
          </x:td>
          <x:td id="ID_6971627" HAlignment="Left" VAlignment="Top" align="left" valign="top">&nbsp;</x:td>
        </x:tr>
        <x:tr id="ID_6971628">
          <x:td id="ID_6971629" HAlignment="Left" VAlignment="Top" align="left" valign="top">10</x:td>
          <x:td id="ID_6971630" HAlignment="Left" VAlignment="Top" align="left" valign="top">
            <x:p id="ID_6971631">Additional information (limitation of service, etc.)</x:p>
          </x:td>
          <x:td id="ID_6971632" HAlignment="Left" VAlignment="Top" align="left" valign="top">&nbsp;</x:td>
        </x:tr>
      </x:tbody>
    </x:table>
  </e:AD-2.11>
  <e:AD-2.12 id="EGBN-AD-2.12" Number="AD 2.12">
    <GreenBorder id="ID_6971634" />
    <e:Title id="ID_6971635">RUNWAY&nbsp;PHYSICAL&nbsp;CHARACTERISTICS</e:Title>
    <x:table id="ID_6971637" class="">
      <x:thead id="ID_6971638">
        <x:tr id="ID_6971639">
          <x:th id="ID_6971640" HAlignment="Left" VAlignment="Top" align="left" valign="top">
            <x:p id="ID_6971641">Designations RWY Number</x:p>
          </x:th>
          <x:th id="ID_6971642" HAlignment="Left" VAlignment="Top" align="left" valign="top">
            <x:p id="ID_6971643">True bearing</x:p>
          </x:th>
          <x:th id="ID_6971644" HAlignment="Left" VAlignment="Top" align="left" valign="top">
            <x:p id="ID_6971645">Dimensions of RWY</x:p>
          </x:th>
          <x:th id="ID_6971646" HAlignment="Left" VAlignment="Top" align="left" valign="top">
            <x:p id="ID_6971647">Surface of RWY/ SWY/ </x:p>
            <x:p id="ID_6971648">Strength (PCN)</x:p>
          </x:th>
          <x:th id="ID_6971649" HAlignment="Left" VAlignment="Top" align="left" valign="top">
            <x:p id="ID_6971650">THR co-ordinates/</x:p>
            <x:p id="ID_6971651">THR Geoid undulation</x:p>
          </x:th>
          <x:th id="ID_6971652" HAlignment="Left" VAlignment="Top" align="left" valign="top">
            <x:p id="ID_6971653">THR elevation/ Highest elevation of TDZ of precision APP RWY</x:p>
          </x:th>
        </x:tr>
        <x:tr id="ID_6971654">
          <x:th id="ID_6971655" HAlignment="Left" VAlignment="Top" align="left" valign="top">1</x:th>
          <x:th id="ID_6971656" HAlignment="Left" VAlignment="Top" align="left" valign="top">2</x:th>
          <x:th id="ID_6971657" HAlignment="Left" VAlignment="Top" align="left" valign="top">3</x:th>
          <x:th id="ID_6971658" HAlignment="Left" VAlignment="Top" align="left" valign="top">4</x:th>
          <x:th id="ID_6971659" HAlignment="Left" VAlignment="Top" align="left" valign="top">5</x:th>
          <x:th id="ID_6971660" HAlignment="Left" VAlignment="Top" align="left" valign="top">6</x:th>
        </x:tr>
      </x:thead>
      <x:tbody id="ID_6971661">
        <x:tr id="ID_6971662">
          <x:td id="ID_6971663" HAlignment="Left" VAlignment="Top" align="left" valign="top">&nbsp;</x:td>
          <x:td id="ID_6971664" HAlignment="Left" VAlignment="Top" align="left" valign="top">&nbsp;</x:td>
          <x:td id="ID_6971665" HAlignment="Left" VAlignment="Top" align="left" valign="top">&nbsp;</x:td>
          <x:td id="ID_6971666" HAlignment="Left" VAlignment="Top" align="left" valign="top">&nbsp;</x:td>
          <x:td id="ID_6971667" HAlignment="Left" VAlignment="Top" align="left" valign="top">&nbsp;</x:td>
          <x:td id="ID_6971668" HAlignment="Left" VAlignment="Top" align="left" valign="top">&nbsp;</x:td>
        </x:tr>
        <x:tr id="ID_6971669">
          <x:td id="ID_6971670" HAlignment="Left" VAlignment="Top" align="left" valign="top">&nbsp;</x:td>
          <x:td id="ID_6971671" HAlignment="Left" VAlignment="Top" align="left" valign="top">&nbsp;</x:td>
          <x:td id="ID_6971672" HAlignment="Left" VAlignment="Top" align="left" valign="top">&nbsp;</x:td>
          <x:td id="ID_6971673" HAlignment="Left" VAlignment="Top" align="left" valign="top">&nbsp;</x:td>
          <x:td id="ID_6971674" HAlignment="Left" VAlignment="Top" align="left" valign="top">&nbsp;</x:td>
          <x:td id="ID_6971675" HAlignment="Left" VAlignment="Top" align="left" valign="top">&nbsp;</x:td>
        </x:tr>
      </x:tbody>
    </x:table>
    <x:table id="ID_6971677" class="">
      <x:thead id="ID_6971678">
        <x:tr id="ID_6971679">
          <x:th id="ID_6971680" HAlignment="Left" VAlignment="Top" colspan="3" align="left" valign="top">
            <x:p id="ID_6971681">Slope of RWY/</x:p>
            <x:p id="ID_6971682">SWY</x:p>
          </x:th>
          <x:th id="ID_6971683" HAlignment="Left" VAlignment="Top" align="left" valign="top">
            <x:p id="ID_6971684">SWY dimensions</x:p>
          </x:th>
          <x:th id="ID_6971685" HAlignment="Left" VAlignment="Top" align="left" valign="top">
            <x:p id="ID_6971686">Clearway dimensions</x:p>
          </x:th>
          <x:th id="ID_6971687" HAlignment="Left" VAlignment="Top" align="left" valign="top">
            <x:p id="ID_6971688">Strip dimensions</x:p>
          </x:th>
          <x:th id="ID_6971689" HAlignment="Left" VAlignment="Top" align="left" valign="top">
            <x:p id="ID_6971690">OFZ</x:p>
          </x:th>
          <x:th id="ID_6971691" HAlignment="Left" VAlignment="Top" align="left" valign="top">
            <x:p id="ID_6971692">Remarks</x:p>
          </x:th>
        </x:tr>
        <x:tr id="ID_6971693">
          <x:th id="ID_6971694" HAlignment="Left" VAlignment="Top" colspan="3" align="left" valign="top">7</x:th>
          <x:th id="ID_6971695" HAlignment="Left" VAlignment="Top" align="left" valign="top">8</x:th>
          <x:th id="ID_6971696" HAlignment="Left" VAlignment="Top" align="left" valign="top">9</x:th>
          <x:th id="ID_6971697" HAlignment="Left" VAlignment="Top" align="left" valign="top">10</x:th>
          <x:th id="ID_6971698" HAlignment="Left" VAlignment="Top" align="left" valign="top">11</x:th>
          <x:th id="ID_6971699" HAlignment="Left" VAlignment="Top" align="left" valign="top">12</x:th>
        </x:tr>
      </x:thead>
      <x:tbody id="ID_6971700">
        <x:tr id="ID_6971701">
          <x:td id="ID_6971702" HAlignment="Left" VAlignment="Top" colspan="3" align="left" valign="top">&nbsp;</x:td>
          <x:td id="ID_6971703" HAlignment="Left" VAlignment="Top" align="left" valign="top">&nbsp;</x:td>
          <x:td id="ID_6971704" HAlignment="Left" VAlignment="Top" align="left" valign="top">&nbsp;</x:td>
          <x:td id="ID_6971705" HAlignment="Left" VAlignment="Top" align="left" valign="top">&nbsp;</x:td>
          <x:td id="ID_6971706" HAlignment="Left" VAlignment="Top" align="left" valign="top">&nbsp;</x:td>
          <x:td id="ID_6971707" HAlignment="Left" VAlignment="Top" align="left" valign="top">&nbsp;</x:td>
        </x:tr>
        <x:tr id="ID_6971708">
          <x:td id="ID_6971709" HAlignment="Left" VAlignment="Top" colspan="3" align="left" valign="top">&nbsp;</x:td>
          <x:td id="ID_6971710" HAlignment="Left" VAlignment="Top" align="left" valign="top">&nbsp;</x:td>
          <x:td id="ID_6971711" HAlignment="Left" VAlignment="Top" align="left" valign="top">&nbsp;</x:td>
          <x:td id="ID_6971712" HAlignment="Left" VAlignment="Top" align="left" valign="top">&nbsp;</x:td>
          <x:td id="ID_6971713" HAlignment="Left" VAlignment="Top" align="left" valign="top">&nbsp;</x:td>
          <x:td id="ID_6971714" HAlignment="Left" VAlignment="Top" align="left" valign="top">&nbsp;</x:td>
        </x:tr>
      </x:tbody>
    </x:table>
  </e:AD-2.12>
  <e:AD-2.13 id="EGBN-AD-2.13" Number="AD 2.13">
    <GreenBorder id="ID_6971716" />
    <e:Title id="ID_6971717">DECLARED&nbsp;DISTANCES</e:Title>
    <x:table id="ID_6971719" class="">
      <x:thead id="ID_6971720">
        <x:tr id="ID_6971721">
          <x:th id="ID_6971722" HAlignment="Left" VAlignment="Top" align="left" valign="top">
            <x:p id="ID_6971723">Runway designator</x:p>
          </x:th>
          <x:th id="ID_6971724" HAlignment="Left" VAlignment="Top" align="left" valign="top">
            <x:p id="ID_6971725">TORA</x:p>
          </x:th>
          <x:th id="ID_6971726" HAlignment="Left" VAlignment="Top" align="left" valign="top">
            <x:p id="ID_6971727">TODA</x:p>
          </x:th>
          <x:th id="ID_6971728" HAlignment="Left" VAlignment="Top" align="left" valign="top">
            <x:p id="ID_6971729">ASDA</x:p>
          </x:th>
          <x:th id="ID_6971730" HAlignment="Left" VAlignment="Top" align="left" valign="top">
            <x:p id="ID_6971731">LDA</x:p>
          </x:th>
          <x:th id="ID_6971732" HAlignment="Left" VAlignment="Top" align="left" valign="top">
            <x:p id="ID_6971733">Remarks</x:p>
          </x:th>
        </x:tr>
        <x:tr id="ID_6971734">
          <x:th id="ID_6971735" HAlignment="Left" VAlignment="Top" align="left" valign="top">1</x:th>
          <x:th id="ID_6971736" HAlignment="Left" VAlignment="Top" align="left" valign="top">2</x:th>
          <x:th id="ID_6971737" HAlignment="Left" VAlignment="Top" align="left" valign="top">3</x:th>
          <x:th id="ID_6971738" HAlignment="Left" VAlignment="Top" align="left" valign="top">4</x:th>
          <x:th id="ID_6971739" HAlignment="Left" VAlignment="Top" align="left" valign="top">5</x:th>
          <x:th id="ID_6971740" HAlignment="Left" VAlignment="Top" align="left" valign="top">6</x:th>
        </x:tr>
      </x:thead>
      <x:tbody id="ID_6971741">
        <x:tr id="ID_6971742">
          <x:td id="ID_6971743" HAlignment="Left" VAlignment="Top" align="left" valign="top">&nbsp;</x:td>
          <x:td id="ID_6971744" HAlignment="Left" VAlignment="Top" align="left" valign="top">&nbsp;</x:td>
          <x:td id="ID_6971745" HAlignment="Left" VAlignment="Top" align="left" valign="top">&nbsp;</x:td>
          <x:td id="ID_6971746" HAlignment="Left" VAlignment="Top" align="left" valign="top">&nbsp;</x:td>
          <x:td id="ID_6971747" HAlignment="Left" VAlignment="Top" align="left" valign="top">&nbsp;</x:td>
          <x:td id="ID_6971748" HAlignment="Left" VAlignment="Top" align="left" valign="top">&nbsp;</x:td>
        </x:tr>
        <x:tr id="ID_6971749">
          <x:td id="ID_6971750" HAlignment="Left" VAlignment="Top" align="left" valign="top">&nbsp;</x:td>
          <x:td id="ID_6971751" HAlignment="Left" VAlignment="Top" align="left" valign="top">&nbsp;</x:td>
          <x:td id="ID_6971752" HAlignment="Left" VAlignment="Top" align="left" valign="top">&nbsp;</x:td>
          <x:td id="ID_6971753" HAlignment="Left" VAlignment="Top" align="left" valign="top">&nbsp;</x:td>
          <x:td id="ID_6971754" HAlignment="Left" VAlignment="Top" align="left" valign="top">&nbsp;</x:td>
          <x:td id="ID_6971755" HAlignment="Left" VAlignment="Top" align="left" valign="top">&nbsp;</x:td>
        </x:tr>
      </x:tbody>
    </x:table>
  </e:AD-2.13>
  <e:AD-2.14 id="EGBN-AD-2.14" Number="AD 2.14">
    <GreenBorder id="ID_6971757" />
    <e:Title id="ID_6971758">APPROACH&nbsp;AND&nbsp;RUNWAY&nbsp;LIGHTING</e:Title>
    <x:table id="ID_6971760" class="">
      <x:thead id="ID_6971761">
        <x:tr id="ID_6971762">
          <x:th id="ID_6971763" HAlignment="Left" VAlignment="Top" align="left" valign="top">
            <x:p id="ID_6971764">RWY</x:p>
          </x:th>
          <x:th id="ID_6971765" HAlignment="Left" VAlignment="Top" align="left" valign="top">
            <x:p id="ID_6971766">Approach Lighting Type/</x:p>
            <x:p id="ID_6971767">Length/</x:p>
            <x:p id="ID_6971768">Intensity</x:p>
          </x:th>
          <x:th id="ID_6971769" HAlignment="Left" VAlignment="Top" align="left" valign="top">
            <x:p id="ID_6971770">Threshold lighting</x:p>
            <x:p id="ID_6971771">Colour/ </x:p>
            <x:p id="ID_6971772">Wing bars</x:p>
          </x:th>
          <x:th id="ID_6971773" HAlignment="Left" VAlignment="Top" align="left" valign="top">
            <x:p id="ID_6971774">VASIS/</x:p>
            <x:p id="ID_6971775">MEHT/</x:p>
            <x:p id="ID_6971776">PAPI</x:p>
          </x:th>
          <x:th id="ID_6971777" HAlignment="Left" VAlignment="Top" align="left" valign="top">
            <x:p id="ID_6971778">TDZ lighting</x:p>
            <x:p id="ID_6971779">Length</x:p>
          </x:th>
          <x:th id="ID_6971780" HAlignment="Left" VAlignment="Top" align="left" valign="top">
            <x:p id="ID_6971781">Runway Centre Line lighting</x:p>
            <x:p id="ID_6971782">Length/</x:p>
            <x:p id="ID_6971783">Spacing/</x:p>
            <x:p id="ID_6971784">Colour/</x:p>
            <x:p id="ID_6971785">Intensity</x:p>
          </x:th>
          <x:th id="ID_6971786" HAlignment="Left" VAlignment="Top" align="left" valign="top">
            <x:p id="ID_6971787">Runway edge lighting</x:p>
            <x:p id="ID_6971788">Length/</x:p>
            <x:p id="ID_6971789">Spacing/</x:p>
            <x:p id="ID_6971790">Colour/</x:p>
            <x:p id="ID_6971791">Intensity</x:p>
          </x:th>
          <x:th id="ID_6971792" HAlignment="Left" VAlignment="Top" align="left" valign="top">
            <x:p id="ID_6971793">Runway end lighting</x:p>
            <x:p id="ID_6971794">Colour/</x:p>
            <x:p id="ID_6971795">Wing bars</x:p>
          </x:th>
          <x:th id="ID_6971796" HAlignment="Left" VAlignment="Top" align="left" valign="top">
            <x:p id="ID_6971797">Stopway lighting</x:p>
            <x:p id="ID_6971798">Length/</x:p>
            <x:p id="ID_6971799">Colour</x:p>
          </x:th>
          <x:th id="ID_6971800" HAlignment="Left" VAlignment="Top" align="left" valign="top">
            <x:p id="ID_6971801">Remarks</x:p>
          </x:th>
        </x:tr>
        <x:tr id="ID_6971802">
          <x:th id="ID_6971803" HAlignment="Left" VAlignment="Top" align="left" valign="top">1</x:th>
          <x:th id="ID_6971804" HAlignment="Left" VAlignment="Top" align="left" valign="top">2</x:th>
          <x:th id="ID_6971805" HAlignment="Left" VAlignment="Top" align="left" valign="top">3</x:th>
          <x:th id="ID_6971806" HAlignment="Left" VAlignment="Top" align="left" valign="top">4</x:th>
          <x:th id="ID_6971807" HAlignment="Left" VAlignment="Top" align="left" valign="top">5</x:th>
          <x:th id="ID_6971808" HAlignment="Left" VAlignment="Top" align="left" valign="top">6</x:th>
          <x:th id="ID_6971809" HAlignment="Left" VAlignment="Top" align="left" valign="top">7</x:th>
          <x:th id="ID_6971810" HAlignment="Left" VAlignment="Top" align="left" valign="top">8</x:th>
          <x:th id="ID_6971811" HAlignment="Left" VAlignment="Top" align="left" valign="top">9</x:th>
          <x:th id="ID_6971812" HAlignment="Left" VAlignment="Top" align="left" valign="top">10</x:th>
        </x:tr>
      </x:thead>
      <x:tbody id="ID_6971813">
        <x:tr id="ID_6971814">
          <x:td id="ID_6971815" HAlignment="Left" VAlignment="Top" align="left" valign="top">&nbsp;</x:td>
          <x:td id="ID_6971816" HAlignment="Left" VAlignment="Top" align="left" valign="top">&nbsp;</x:td>
          <x:td id="ID_6971817" HAlignment="Left" VAlignment="Top" align="left" valign="top">&nbsp;</x:td>
          <x:td id="ID_6971818" HAlignment="Left" VAlignment="Top" align="left" valign="top">&nbsp;</x:td>
          <x:td id="ID_6971819" HAlignment="Left" VAlignment="Top" align="left" valign="top">&nbsp;</x:td>
          <x:td id="ID_6971820" HAlignment="Left" VAlignment="Top" align="left" valign="top">&nbsp;</x:td>
          <x:td id="ID_6971821" HAlignment="Left" VAlignment="Top" align="left" valign="top">&nbsp;</x:td>
          <x:td id="ID_6971822" HAlignment="Left" VAlignment="Top" align="left" valign="top">&nbsp;</x:td>
          <x:td id="ID_6971823" HAlignment="Left" VAlignment="Top" align="left" valign="top">&nbsp;</x:td>
          <x:td id="ID_6971824" HAlignment="Left" VAlignment="Top" align="left" valign="top">&nbsp;</x:td>
        </x:tr>
        <x:tr id="ID_6971825">
          <x:td id="ID_6971826" HAlignment="Left" VAlignment="Top" align="left" valign="top">&nbsp;</x:td>
          <x:td id="ID_6971827" HAlignment="Left" VAlignment="Top" align="left" valign="top">&nbsp;</x:td>
          <x:td id="ID_6971828" HAlignment="Left" VAlignment="Top" align="left" valign="top">&nbsp;</x:td>
          <x:td id="ID_6971829" HAlignment="Left" VAlignment="Top" align="left" valign="top">&nbsp;</x:td>
          <x:td id="ID_6971830" HAlignment="Left" VAlignment="Top" align="left" valign="top">&nbsp;</x:td>
          <x:td id="ID_6971831" HAlignment="Left" VAlignment="Top" align="left" valign="top">&nbsp;</x:td>
          <x:td id="ID_6971832" HAlignment="Left" VAlignment="Top" align="left" valign="top">&nbsp;</x:td>
          <x:td id="ID_6971833" HAlignment="Left" VAlignment="Top" align="left" valign="top">&nbsp;</x:td>
          <x:td id="ID_6971834" HAlignment="Left" VAlignment="Top" align="left" valign="top">&nbsp;</x:td>
          <x:td id="ID_6971835" HAlignment="Left" VAlignment="Top" align="left" valign="top">&nbsp;</x:td>
        </x:tr>
      </x:tbody>
    </x:table>
  </e:AD-2.14>
  <e:AD-2.15 id="EGBN-AD-2.15" Number="AD 2.15">
    <GreenBorder id="ID_6971837" />
    <e:Title id="ID_6971838">OTHER&nbsp;LIGHTING,&nbsp;SECONDARY&nbsp;POWER&nbsp;SUPPLY</e:Title>
    <x:table id="ID_6971840" class="">
      <x:tbody id="ID_6971841">
        <x:tr id="ID_6971842">
          <x:td id="ID_6971843" HAlignment="Left" VAlignment="Top" align="left" valign="top">1</x:td>
          <x:td id="ID_6971844" HAlignment="Left" VAlignment="Top" align="left" valign="top">
            <x:p id="ID_6971845">ABN/IBN location, characteristics and hours of operation</x:p>
          </x:td>
          <x:td id="ID_6971846" HAlignment="Left" VAlignment="Top" align="left" valign="top">&nbsp;</x:td>
        </x:tr>
        <x:tr id="ID_6971847">
          <x:td id="ID_6971848" HAlignment="Left" VAlignment="Top" align="left" valign="top">2</x:td>
          <x:td id="ID_6971849" HAlignment="Left" VAlignment="Top" align="left" valign="top">
            <x:p id="ID_6971850">LDI location and lighting</x:p>
            <x:p id="ID_6971851">Anemometer location and lighting</x:p>
          </x:td>
          <x:td id="ID_6971852" HAlignment="Left" VAlignment="Top" align="left" valign="top">&nbsp;</x:td>
        </x:tr>
        <x:tr id="ID_6971853">
          <x:td id="ID_6971854" HAlignment="Left" VAlignment="Top" align="left" valign="top">3</x:td>
          <x:td id="ID_6971855" HAlignment="Left" VAlignment="Top" align="left" valign="top">
            <x:p id="ID_6971856">TWY edge and centre line lighting</x:p>
          </x:td>
          <x:td id="ID_6971857" HAlignment="Left" VAlignment="Top" align="left" valign="top">&nbsp;</x:td>
        </x:tr>
        <x:tr id="ID_6971858">
          <x:td id="ID_6971859" HAlignment="Left" VAlignment="Top" align="left" valign="top">4</x:td>
          <x:td id="ID_6971860" HAlignment="Left" VAlignment="Top" align="left" valign="top">
            <x:p id="ID_6971861">Secondary power supply/switch-over time</x:p>
          </x:td>
          <x:td id="ID_6971862" HAlignment="Left" VAlignment="Top" align="left" valign="top">&nbsp;</x:td>
        </x:tr>
        <x:tr id="ID_6971863">
          <x:td id="ID_6971864" HAlignment="Left" VAlignment="Top" align="left" valign="top">5</x:td>
          <x:td id="ID_6971865" HAlignment="Left" VAlignment="Top" align="left" valign="top">
            <x:p id="ID_6971866">Remarks</x:p>
          </x:td>
          <x:td id="ID_6971867" HAlignment="Left" VAlignment="Top" align="left" valign="top">&nbsp;</x:td>
        </x:tr>
      </x:tbody>
    </x:table>
  </e:AD-2.15>
  <e:AD-2.16 id="EGBN-AD-2.16" Number="AD 2.16">
    <GreenBorder id="ID_6971869" />
    <e:Title id="ID_6971870">HELICOPTER&nbsp;LANDING&nbsp;AREA</e:Title>
    <x:table id="ID_6971872" class="">
      <x:tbody id="ID_6971873">
        <x:tr id="ID_6971874">
          <x:td id="ID_6971875" HAlignment="Left" VAlignment="Top" align="left" valign="top">1</x:td>
          <x:td id="ID_6971876" HAlignment="Left" VAlignment="Top" align="left" valign="top">
            <x:p id="ID_6971877">Coordinates TLOF or THR of FATO</x:p>
            <x:p id="ID_6971878">Geoid undulation</x:p>
          </x:td>
          <x:td id="ID_6971879" HAlignment="Left" VAlignment="Top" align="left" valign="top">&nbsp;</x:td>
        </x:tr>
        <x:tr id="ID_6971880">
          <x:td id="ID_6971881" HAlignment="Left" VAlignment="Top" align="left" valign="top">2</x:td>
          <x:td id="ID_6971882" HAlignment="Left" VAlignment="Top" align="left" valign="top">
            <x:p id="ID_6971883">TLOF and/or FATO elevation M/FT</x:p>
          </x:td>
          <x:td id="ID_6971884" HAlignment="Left" VAlignment="Top" align="left" valign="top">&nbsp;</x:td>
        </x:tr>
        <x:tr id="ID_6971885">
          <x:td id="ID_6971886" HAlignment="Left" VAlignment="Top" align="left" valign="top">3</x:td>
          <x:td id="ID_6971887" HAlignment="Left" VAlignment="Top" align="left" valign="top">
            <x:p id="ID_6971888">TLOF and FATO area dimensions, surface, strength, marking</x:p>
          </x:td>
          <x:td id="ID_6971889" HAlignment="Left" VAlignment="Top" align="left" valign="top">&nbsp;</x:td>
        </x:tr>
        <x:tr id="ID_6971890">
          <x:td id="ID_6971891" HAlignment="Left" VAlignment="Top" align="left" valign="top">4</x:td>
          <x:td id="ID_6971892" HAlignment="Left" VAlignment="Top" align="left" valign="top">
            <x:p id="ID_6971893">True BRG of FATO</x:p>
          </x:td>
          <x:td id="ID_6971894" HAlignment="Left" VAlignment="Top" align="left" valign="top">&nbsp;</x:td>
        </x:tr>
        <x:tr id="ID_6971895">
          <x:td id="ID_6971896" HAlignment="Left" VAlignment="Top" align="left" valign="top">5</x:td>
          <x:td id="ID_6971897" HAlignment="Left" VAlignment="Top" align="left" valign="top">
            <x:p id="ID_6971898">Declared distance available</x:p>
          </x:td>
          <x:td id="ID_6971899" HAlignment="Left" VAlignment="Top" align="left" valign="top">&nbsp;</x:td>
        </x:tr>
        <x:tr id="ID_6971900">
          <x:td id="ID_6971901" HAlignment="Left" VAlignment="Top" align="left" valign="top">6</x:td>
          <x:td id="ID_6971902" HAlignment="Left" VAlignment="Top" align="left" valign="top">
            <x:p id="ID_6971903">APP and FATO lighting</x:p>
          </x:td>
          <x:td id="ID_6971904" HAlignment="Left" VAlignment="Top" align="left" valign="top">&nbsp;</x:td>
        </x:tr>
        <x:tr id="ID_6971905">
          <x:td id="ID_6971906" HAlignment="Left" VAlignment="Top" align="left" valign="top">7</x:td>
          <x:td id="ID_6971907" HAlignment="Left" VAlignment="Top" align="left" valign="top">
            <x:p id="ID_6971908">Remarks</x:p>
          </x:td>
          <x:td id="ID_6971909" HAlignment="Left" VAlignment="Top" align="left" valign="top">&nbsp;</x:td>
        </x:tr>
      </x:tbody>
    </x:table>
  </e:AD-2.16>
  <e:AD-2.17 id="EGBN-AD-2.17" Number="AD 2.17">
    <GreenBorder id="ID_6971911" />
    <e:Title id="ID_6971912">AIR TRAFFIC SERVICES&nbsp;AIRSPACE</e:Title>
    <x:table id="ID_6971914" class="">
      <x:thead id="ID_6971915">
        <x:tr id="ID_6971916">
          <x:th id="ID_6971917" HAlignment="Left" VAlignment="Top" align="left" valign="top">
            <x:p id="ID_6971918">Designation and</x:p>
            <x:p id="ID_6971919">lateral limits</x:p>
          </x:th>
          <x:th id="ID_6971920" HAlignment="Left" VAlignment="Top" align="left" valign="top">
            <x:p id="ID_6971921">Vertical Limits</x:p>
          </x:th>
          <x:th id="ID_6971922" HAlignment="Left" VAlignment="Top" align="left" valign="top">
            <x:p id="ID_6971923">Airspace Class</x:p>
          </x:th>
          <x:th id="ID_6971924" HAlignment="Left" VAlignment="Top" align="left" valign="top">
            <x:p id="ID_6971925">ATS unit callsign/ language</x:p>
          </x:th>
          <x:th id="ID_6971926" HAlignment="Left" VAlignment="Top" align="left" valign="top">
            <x:p id="ID_6971927">Transition Altitude</x:p>
          </x:th>
          <x:th id="ID_6971928" HAlignment="Left" VAlignment="Top" align="left" valign="top">
            <x:p id="ID_6971929">Hours of Applicability</x:p>
          </x:th>
          <x:th id="ID_6971930" HAlignment="Left" VAlignment="Top" align="left" valign="top">
            <x:p id="ID_6971931">Remarks</x:p>
          </x:th>
        </x:tr>
        <x:tr id="ID_6971932">
          <x:th id="ID_6971933" HAlignment="Left" VAlignment="Top" align="left" valign="top">1</x:th>
          <x:th id="ID_6971934" HAlignment="Left" VAlignment="Top" align="left" valign="top">2</x:th>
          <x:th id="ID_6971935" HAlignment="Left" VAlignment="Top" align="left" valign="top">3</x:th>
          <x:th id="ID_6971936" HAlignment="Left" VAlignment="Top" align="left" valign="top">4</x:th>
          <x:th id="ID_6971937" HAlignment="Left" VAlignment="Top" align="left" valign="top">5</x:th>
          <x:th id="ID_6971938" HAlignment="Left" VAlignment="Top" align="left" valign="top">6</x:th>
          <x:th id="ID_6971939" HAlignment="Left" VAlignment="Top" align="left" valign="top">7</x:th>
        </x:tr>
      </x:thead>
      <x:tbody id="ID_6971940">
        <x:tr id="ID_6971941">
          <x:td id="ID_6971942" HAlignment="Left" VAlignment="Top" align="left" valign="top">&nbsp;</x:td>
          <x:td id="ID_6971943" HAlignment="Left" VAlignment="Top" align="left" valign="top">&nbsp;</x:td>
          <x:td id="ID_6971944" HAlignment="Left" VAlignment="Top" align="left" valign="top">&nbsp;</x:td>
          <x:td id="ID_6971945" HAlignment="Left" VAlignment="Top" align="left" valign="top">&nbsp;</x:td>
          <x:td id="ID_6971946" HAlignment="Left" VAlignment="Top" align="left" valign="top">&nbsp;</x:td>
          <x:td id="ID_6971947" HAlignment="Left" VAlignment="Top" align="left" valign="top">&nbsp;</x:td>
          <x:td id="ID_6971948" HAlignment="Left" VAlignment="Top" align="left" valign="top">&nbsp;</x:td>
        </x:tr>
        <x:tr id="ID_6971949">
          <x:td id="ID_6971950" HAlignment="Left" VAlignment="Top" align="left" valign="top">&nbsp;</x:td>
          <x:td id="ID_6971951" HAlignment="Left" VAlignment="Top" align="left" valign="top">&nbsp;</x:td>
          <x:td id="ID_6971952" HAlignment="Left" VAlignment="Top" align="left" valign="top">&nbsp;</x:td>
          <x:td id="ID_6971953" HAlignment="Left" VAlignment="Top" align="left" valign="top">&nbsp;</x:td>
          <x:td id="ID_6971954" HAlignment="Left" VAlignment="Top" align="left" valign="top">&nbsp;</x:td>
          <x:td id="ID_6971955" HAlignment="Left" VAlignment="Top" align="left" valign="top">&nbsp;</x:td>
          <x:td id="ID_6971956" HAlignment="Left" VAlignment="Top" align="left" valign="top">&nbsp;</x:td>
        </x:tr>
      </x:tbody>
    </x:table>
  </e:AD-2.17>
  <e:AD-2.18 id="EGBN-AD-2.18" Number="AD 2.18">
    <GreenBorder id="ID_6971958" />
    <e:Title id="ID_6971959">AIR TRAFFIC SERVICES&nbsp;COMMUNICATION&nbsp;FACILITIES</e:Title>
    <x:table id="ID_6971961" class="">
      <x:thead id="ID_6971962">
        <x:tr id="ID_6971963">
          <x:th id="ID_6971964" HAlignment="Left" VAlignment="Top" align="left" valign="top">
            <x:p id="ID_6971965">Service designation</x:p>
          </x:th>
          <x:th id="ID_6971966" HAlignment="Left" VAlignment="Top" align="left" valign="top">
            <x:p id="ID_6971967">Callsign</x:p>
          </x:th>
          <x:th id="ID_6971968" HAlignment="Left" VAlignment="Top" align="left" valign="top">
            <x:p id="ID_6971969">Channel(s)</x:p>
          </x:th>
          <x:th id="ID_6971970" HAlignment="Left" VAlignment="Top" align="left" valign="top">
            <x:p id="ID_6971971">Hours of </x:p>
            <x:p id="ID_6971972">Operation</x:p>
          </x:th>
          <x:th id="ID_6971973" HAlignment="Left" VAlignment="Top" align="left" valign="top">
            <x:p id="ID_6971974">Remarks</x:p>
          </x:th>
        </x:tr>
        <x:tr id="ID_6971975">
          <x:th id="ID_6971976" HAlignment="Left" VAlignment="Top" align="left" valign="top">1</x:th>
          <x:th id="ID_6971977" HAlignment="Left" VAlignment="Top" align="left" valign="top">2</x:th>
          <x:th id="ID_6971978" HAlignment="Left" VAlignment="Top" align="left" valign="top">3</x:th>
          <x:th id="ID_6971979" HAlignment="Left" VAlignment="Top" align="left" valign="top">4</x:th>
          <x:th id="ID_6971980" HAlignment="Left" VAlignment="Top" align="left" valign="top">5</x:th>
        </x:tr>
      </x:thead>
      <x:tbody id="ID_6971981">
        <x:tr id="ID_6971982">
          <x:td id="ID_6971983" HAlignment="Left" VAlignment="Top" align="left" valign="top">&nbsp;</x:td>
          <x:td id="ID_6971984" HAlignment="Left" VAlignment="Top" align="left" valign="top">&nbsp;</x:td>
          <x:td id="ID_6971985" HAlignment="Left" VAlignment="Top" align="left" valign="top">&nbsp;</x:td>
          <x:td id="ID_6971986" HAlignment="Left" VAlignment="Top" align="left" valign="top">&nbsp;</x:td>
          <x:td id="ID_6971987" HAlignment="Left" VAlignment="Top" align="left" valign="top">&nbsp;</x:td>
        </x:tr>
        <x:tr id="ID_6971988">
          <x:td id="ID_6971989" HAlignment="Left" VAlignment="Top" align="left" valign="top">&nbsp;</x:td>
          <x:td id="ID_6971990" HAlignment="Left" VAlignment="Top" align="left" valign="top">&nbsp;</x:td>
          <x:td id="ID_6971991" HAlignment="Left" VAlignment="Top" align="left" valign="top">&nbsp;</x:td>
          <x:td id="ID_6971992" HAlignment="Left" VAlignment="Top" align="left" valign="top">&nbsp;</x:td>
          <x:td id="ID_6971993" HAlignment="Left" VAlignment="Top" align="left" valign="top">&nbsp;</x:td>
        </x:tr>
      </x:tbody>
    </x:table>
  </e:AD-2.18>
  <e:AD-2.19 id="EGBN-AD-2.19" Number="AD 2.19">
    <GreenBorder id="ID_6971995" />
    <e:Title id="ID_6971996">RADIO&nbsp;NAVIGATION&nbsp;AND&nbsp;LANDING&nbsp;AIDS</e:Title>
    <x:table id="ID_6971998" class="">
      <x:thead id="ID_6971999">
        <x:tr id="ID_6972000">
          <x:th id="ID_6972001" HAlignment="Left" VAlignment="Top" align="left" valign="top">
            <x:p id="ID_6972002">Type of Aid CAT&nbsp;of&nbsp;ILS/MLS</x:p>
            <x:p id="ID_6972003">(For VOR/ILS/MLS, give VAR)</x:p>
          </x:th>
          <x:th id="ID_6972004" HAlignment="Left" VAlignment="Top" align="left" valign="top">
            <x:p id="ID_6972005">Ident</x:p>
          </x:th>
          <x:th id="ID_6972006" HAlignment="Left" VAlignment="Top" align="left" valign="top">
            <x:p id="ID_6972007">Frequency</x:p>
            <x:p id="ID_6972008">channel number(s), service provider, and reference path identifier(s) (RPI)</x:p>
          </x:th>
          <x:th id="ID_6972009" HAlignment="Left" VAlignment="Top" align="left" valign="top">
            <x:p id="ID_6972010">Hours of Operation</x:p>
          </x:th>
          <x:th id="ID_6972011" HAlignment="Left" VAlignment="Top" align="left" valign="top">
            <x:p id="ID_6972012">Position of transmitting antenna co-ordinates</x:p>
          </x:th>
          <x:th id="ID_6972013" HAlignment="Left" VAlignment="Top" align="left" valign="top">
            <x:p id="ID_6972014">Elevation of DME transmitting antenna</x:p>
            <x:p id="ID_6972015">GBAS, SBAS, LTP, FTP values</x:p>
          </x:th>
          <x:th id="ID_6972016" HAlignment="Left" VAlignment="Top" align="left" valign="top">
            <x:p id="ID_6972017">Remarks</x:p>
          </x:th>
        </x:tr>
        <x:tr id="ID_6972018">
          <x:th id="ID_6972019" HAlignment="Left" VAlignment="Top" align="left" valign="top">1</x:th>
          <x:th id="ID_6972020" HAlignment="Left" VAlignment="Top" align="left" valign="top">2</x:th>
          <x:th id="ID_6972021" HAlignment="Left" VAlignment="Top" align="left" valign="top">3</x:th>
          <x:th id="ID_6972022" HAlignment="Left" VAlignment="Top" align="left" valign="top">4</x:th>
          <x:th id="ID_6972023" HAlignment="Left" VAlignment="Top" align="left" valign="top">5</x:th>
          <x:th id="ID_6972024" HAlignment="Left" VAlignment="Top" align="left" valign="top">6</x:th>
          <x:th id="ID_6972025" HAlignment="Left" VAlignment="Top" align="left" valign="top">7</x:th>
        </x:tr>
      </x:thead>
      <x:tbody id="ID_6972026">
        <x:tr id="ID_6972027">
          <x:td id="ID_6972028" HAlignment="Left" VAlignment="Top" align="left" valign="top">&nbsp;</x:td>
          <x:td id="ID_6972029" HAlignment="Left" VAlignment="Top" align="left" valign="top">&nbsp;</x:td>
          <x:td id="ID_6972030" HAlignment="Left" VAlignment="Top" align="left" valign="top">&nbsp;</x:td>
          <x:td id="ID_6972031" HAlignment="Left" VAlignment="Top" align="left" valign="top">&nbsp;</x:td>
          <x:td id="ID_6972032" HAlignment="Left" VAlignment="Top" align="left" valign="top">&nbsp;</x:td>
          <x:td id="ID_6972033" HAlignment="Left" VAlignment="Top" align="left" valign="top">&nbsp;</x:td>
          <x:td id="ID_6972034" HAlignment="Left" VAlignment="Top" align="left" valign="top">&nbsp;</x:td>
        </x:tr>
      </x:tbody>
    </x:table>
  </e:AD-2.19>
  <e:AD-2.20 id="EGBN-AD-2.20" Number="AD 2.20">
    <GreenBorder id="ID_6972036" />
    <e:Title id="ID_6972037">LOCAL&nbsp;AERODROME&nbsp;REGULATIONS</e:Title>
    <x:div class="RP">
      <x:span class="sdParams" style="display:none;">TRULES_PROC;RULES_PROC_ID;7245</x:span>
      <e:Sub-section Number="1" id="EGBN-AD-2.20.1">
        <e:Title id="ID_6972039">Airport Regulations</e:Title>
        <x:ol id="ID_6972040" class="Numbered">
          <x:li id="ID_6972041">
            <x:p id="ID_6972042">Aircrew are to wear hi-visibility clothing whilst on aircraft manouvering areas.</x:p>
          </x:li>
          <x:li id="ID_6972043">
            <x:p id="ID_6972044">Public Transport or Instructional flights exceeding 2730 kg are not accepted at this aerodrome.</x:p>
          </x:li>
        </x:ol>
      </e:Sub-section>
      <e:Sub-section Number="2" id="EGBN-AD-2.20.2">
        <e:Title id="ID_6972046">Ground Movement</e:Title>
        <x:p id="ID_6972047">Not applicable</x:p>
      </e:Sub-section>
      <e:Sub-section Number="3" id="EGBN-AD-2.20.3">
        <e:Title id="ID_6972049">CAT II/III Operations</e:Title>
        <x:p id="ID_6972050">Cat II Mon-Fri, Cat I SS. Cat III 48 hr PPR on remission.</x:p>
      </e:Sub-section>
      <e:Sub-section Number="4" id="EGBN-AD-2.20.4">
        <e:Title id="ID_6972052">Warnings</e:Title>
        <x:p id="ID_6972053">Power cables outside the Southern and Eastern boundary of ATZ, max elevation 445 ft amsl. Power cables running Northeast/Southwest inside Northeast sector of ATZ, max elevation 328 ft amsl</x:p>
      </e:Sub-section>
      <e:Sub-section Number="5" id="EGBN-AD-2.20.5">
        <e:Title id="ID_6972055">Helicopter Operations</e:Title>
        <x:ol id="ID_6972056" class="Numbered">
          <x:li id="ID_6972057">
            <x:p id="ID_6972058">Helicopters are to park to the north of the tower on the designated helicopter parking pads, the first pad is marked with an 'H'.</x:p>
          </x:li>
        </x:ol>
      </e:Sub-section>
      <e:Sub-section Number="6" id="EGBN-AD-2.20.6">
        <e:Title id="ID_6972060">Use of Runways</e:Title>
        <x:p id="ID_6972061">Not applicable</x:p>
      </e:Sub-section>
      <e:Sub-section Number="7" id="EGBN-AD-2.20.7">
        <e:Title id="ID_6972063">Training</e:Title>
        <x:p id="ID_6972064">Helicopter Training permitted in grass center triangle.</x:p>
      </e:Sub-section>
    </x:div>
  </e:AD-2.20>
  <e:AD-2.21 id="EGBN-AD-2.21" Number="AD 2.21">
    <GreenBorder id="ID_6972066" />
    <e:Title id="ID_6972067">NOISE ABATEMENT PROCEDURES</e:Title>
    <x:div class="RP">
      <x:span class="sdParams" style="display:none;">TRULES_PROC;RULES_PROC_ID;7246</x:span>
      <x:ol id="ID_6972068" class="Numbered">
        <x:li id="ID_6972069">
          <x:p id="ID_6972070">For noise abatement, join overhead or dead-side only.</x:p>
        </x:li>
      </x:ol>
    </x:div>
  </e:AD-2.21>
  <e:AD-2.22 id="EGBN-AD-2.22" Number="AD 2.22">
    <GreenBorder id="ID_6972072" />
    <e:Title id="ID_6972073">FLIGHT PROCEDURES</e:Title>
    <x:div class="RP">
      <x:span class="sdParams" style="display:none;">TRULES_PROC;RULES_PROC_ID;7247</x:span>
      <e:Sub-section Number="1" id="EGBN-AD-2.22.1">
        <e:Title id="ID_6972075">Circuits</e:Title>
        <x:ol id="ID_6972076" class="Numbered">
          <x:li id="ID_6972077">
            <x:p id="ID_6972078">Circuit height: 800 ft QFE.</x:p>
          </x:li>
        </x:ol>
      </e:Sub-section>
    </x:div>
  </e:AD-2.22>
  <e:AD-2.23 id="EGBN-AD-2.23" Number="AD 2.23">
    <GreenBorder id="ID_6972080" />
    <e:Title id="ID_6972081">ADDITIONAL INFORMATION</e:Title>
    <x:div class="RP">
      <x:span class="sdParams" style="display:none;">TRULES_PROC;RULES_PROC_ID;7248</x:span>
      <x:p id="ID_6972082">Not applicable</x:p>
    </x:div>
  </e:AD-2.23>
  <e:AD-2.24 id="EGBN-AD-2.24" Number="AD 2.24">
    <GreenBorder id="ID_6972084" />
    <e:Title id="ID_6972085">CHARTS RELATED TO AN AERODROME</e:Title>
    <x:table id="ID_6972087" class="">
      <x:tbody id="ID_6972088">
        <x:tr id="ID_6972089">
          <x:td id="ID_6972090" HAlignment="Left" VAlignment="Top" align="left" valign="top">
            <x:p id="ID_6972091">
              <x:em id="ID_6972092" class="Italic">Figure: Aerodrome Chart - ICAO</x:em>
            </x:p>
          </x:td>
        </x:tr>
        <x:tr id="ID_6972093">
          <x:td id="ID_6972094" HAlignment="Left" VAlignment="Top" align="left" valign="top">
            <x:p id="ID_6972095">AD 2-EGAA-2-1</x:p>
          </x:td>
        </x:tr>
        <x:tr id="ID_6972096">
          <x:td id="ID_6972097" HAlignment="Left" VAlignment="Top" align="left" valign="top">&nbsp;</x:td>
        </x:tr>
        <x:tr id="ID_6972098">
          <x:td id="ID_6972099" HAlignment="Left" VAlignment="Top" align="left" valign="top">&nbsp;</x:td>
        </x:tr>
        <x:tr id="ID_6972100">
          <x:td id="ID_6972101" HAlignment="Left" VAlignment="Top" align="left" valign="top">&nbsp;</x:td>
        </x:tr>
        <x:tr id="ID_6972102">
          <x:td id="ID_6972103" HAlignment="Left" VAlignment="Top" align="left" valign="top">&nbsp;</x:td>
        </x:tr>
      </x:tbody>
    </x:table>
  </e:AD-2.24>
</e:Aerodrome>
