<?xml version="1.0" encoding="UTF-8"?>
<e:Aerodrome id="AD-2.EGKA" Ref="ICAO-EGKA" Title="SHOREHAM" xmlns:e="http://www.eurocontrol.int/xmlns/AIM/eAIP" xmlns:x="http://www.w3.org/1999/xhtml" xmlns:xlink="http://www.w3.org/1999/xlink">
  <e:Title />
  <e:AD-2.1 id="EGKA-AD-2.1" Number="AD 2.1">
    <GreenBorder id="ID_7001082" />
    <e:Title id="ID_7001083">AERODROME LOCATION INDICATOR AND NAME</e:Title>
    <e:Generated />
  </e:AD-2.1>
  <e:AD-2.2 id="EGKA-AD-2.2" Number="AD 2.2">
    <GreenBorder id="ID_7001088" />
    <e:Title id="ID_7001089">AERODROME&nbsp;GEOGRAPHICAL&nbsp;AND&nbsp;ADMINISTRATIVE&nbsp;DATA</e:Title>
    <x:table id="ID_7001091" class="">
      <x:tbody id="ID_7001092">
        <x:tr id="ID_7001093">
          <x:td id="ID_7001094" HAlignment="Left" VAlignment="Top" align="left" valign="top">1</x:td>
          <x:td id="ID_7001095" HAlignment="Left" VAlignment="Top" align="left" valign="top">
            <x:p id="ID_7001096">ARP coordinates and site at AD</x:p>
          </x:td>
          <x:td id="ID_7001097" HAlignment="Left" VAlignment="Top" align="left" valign="top">&nbsp;</x:td>
        </x:tr>
        <x:tr id="ID_7001098">
          <x:td id="ID_7001099" HAlignment="Left" VAlignment="Top" align="left" valign="top">2</x:td>
          <x:td id="ID_7001100" HAlignment="Left" VAlignment="Top" align="left" valign="top">
            <x:p id="ID_7001101">Direction and distance from city</x:p>
          </x:td>
          <x:td id="ID_7001102" HAlignment="Left" VAlignment="Top" align="left" valign="top">&nbsp;</x:td>
        </x:tr>
        <x:tr id="ID_7001103">
          <x:td id="ID_7001104" HAlignment="Left" VAlignment="Top" align="left" valign="top">3</x:td>
          <x:td id="ID_7001105" HAlignment="Left" VAlignment="Top" align="left" valign="top">
            <x:p id="ID_7001106">Elevation / Reference temperature</x:p>
          </x:td>
          <x:td id="ID_7001107" HAlignment="Left" VAlignment="Top" align="left" valign="top">&nbsp;</x:td>
        </x:tr>
        <x:tr id="ID_7001108">
          <x:td id="ID_7001109" HAlignment="Left" VAlignment="Top" align="left" valign="top">4</x:td>
          <x:td id="ID_7001110" HAlignment="Left" VAlignment="Top" align="left" valign="top">
            <x:p id="ID_7001111">Geoid undulation at AD ELEV PSN</x:p>
          </x:td>
          <x:td id="ID_7001112" HAlignment="Left" VAlignment="Top" align="left" valign="top">&nbsp;</x:td>
        </x:tr>
        <x:tr id="ID_7001113">
          <x:td id="ID_7001114" HAlignment="Left" VAlignment="Top" align="left" valign="top">5</x:td>
          <x:td id="ID_7001115" HAlignment="Left" VAlignment="Top" align="left" valign="top">
            <x:p id="ID_7001116">Magnetic Variation / Annual Change</x:p>
          </x:td>
          <x:td id="ID_7001117" HAlignment="Left" VAlignment="Top" align="left" valign="top">&nbsp;</x:td>
        </x:tr>
        <x:tr id="ID_7001118">
          <x:td id="ID_7001119" HAlignment="Left" VAlignment="Top" align="left" valign="top">6</x:td>
          <x:td id="ID_7001120" HAlignment="Left" VAlignment="Top" align="left" valign="top">
            <x:p id="ID_7001121">AD Administration, address, telephone, telefax, AFS, e-mail address, website address</x:p>
          </x:td>
          <x:td id="ID_7001122" HAlignment="Left" VAlignment="Top" align="left" valign="top">&nbsp;</x:td>
        </x:tr>
        <x:tr id="ID_7001123">
          <x:td id="ID_7001124" HAlignment="Left" VAlignment="Top" align="left" valign="top">7</x:td>
          <x:td id="ID_7001125" HAlignment="Left" VAlignment="Top" align="left" valign="top">
            <x:p id="ID_7001126">Types of Traffic permitted (IFR/VFR)</x:p>
          </x:td>
          <x:td id="ID_7001127" HAlignment="Left" VAlignment="Top" align="left" valign="top">&nbsp;</x:td>
        </x:tr>
        <x:tr id="ID_7001128">
          <x:td id="ID_7001129" HAlignment="Left" VAlignment="Top" align="left" valign="top">8</x:td>
          <x:td id="ID_7001130" HAlignment="Left" VAlignment="Top" align="left" valign="top">
            <x:p id="ID_7001131">Remarks</x:p>
          </x:td>
          <x:td id="ID_7001132" HAlignment="Left" VAlignment="Top" align="left" valign="top">&nbsp;</x:td>
        </x:tr>
      </x:tbody>
    </x:table>
  </e:AD-2.2>
  <e:AD-2.3 id="EGKA-AD-2.3" Number="AD 2.3">
    <GreenBorder id="ID_7001134" />
    <e:Title id="ID_7001135">OPERATIONAL&nbsp;HOURS</e:Title>
    <x:table id="ID_7001137" class="">
      <x:tbody id="ID_7001138">
        <x:tr id="ID_7001139">
          <x:td id="ID_7001140" HAlignment="Left" VAlignment="Top" align="left" valign="top">1</x:td>
          <x:td id="ID_7001141" HAlignment="Left" VAlignment="Top" align="left" valign="top">
            <x:p id="ID_7001142">Aerodrome Operator</x:p>
          </x:td>
          <x:td id="ID_7001143" HAlignment="Left" VAlignment="Top" align="left" valign="top">&nbsp;</x:td>
        </x:tr>
        <x:tr id="ID_7001144">
          <x:td id="ID_7001145" HAlignment="Left" VAlignment="Top" align="left" valign="top">2</x:td>
          <x:td id="ID_7001146" HAlignment="Left" VAlignment="Top" align="left" valign="top">
            <x:p id="ID_7001147">Customs and Immigration</x:p>
          </x:td>
          <x:td id="ID_7001148" HAlignment="Left" VAlignment="Top" align="left" valign="top">
            <x:p id="ID_7001149" />
          </x:td>
        </x:tr>
        <x:tr id="ID_7001150">
          <x:td id="ID_7001151" HAlignment="Left" VAlignment="Top" align="left" valign="top">3</x:td>
          <x:td id="ID_7001152" HAlignment="Left" VAlignment="Top" align="left" valign="top">
            <x:p id="ID_7001153">Health and sanitation</x:p>
          </x:td>
          <x:td id="ID_7001154" HAlignment="Left" VAlignment="Top" align="left" valign="top">&nbsp;</x:td>
        </x:tr>
        <x:tr id="ID_7001155">
          <x:td id="ID_7001156" HAlignment="Left" VAlignment="Top" align="left" valign="top">4</x:td>
          <x:td id="ID_7001157" HAlignment="Left" VAlignment="Top" align="left" valign="top">
            <x:p id="ID_7001158">AIS Briefing Office</x:p>
          </x:td>
          <x:td id="ID_7001159" HAlignment="Left" VAlignment="Top" align="left" valign="top">&nbsp;</x:td>
        </x:tr>
        <x:tr id="ID_7001160">
          <x:td id="ID_7001161" HAlignment="Left" VAlignment="Top" align="left" valign="top">5</x:td>
          <x:td id="ID_7001162" HAlignment="Left" VAlignment="Top" align="left" valign="top">
            <x:p id="ID_7001163">ATS Reporting Office (ARO)</x:p>
          </x:td>
          <x:td id="ID_7001164" HAlignment="Left" VAlignment="Top" align="left" valign="top">&nbsp;</x:td>
        </x:tr>
        <x:tr id="ID_7001165">
          <x:td id="ID_7001166" HAlignment="Left" VAlignment="Top" align="left" valign="top">6</x:td>
          <x:td id="ID_7001167" HAlignment="Left" VAlignment="Top" align="left" valign="top">
            <x:p id="ID_7001168">MET Briefing Office</x:p>
          </x:td>
          <x:td id="ID_7001169" HAlignment="Left" VAlignment="Top" align="left" valign="top">&nbsp;</x:td>
        </x:tr>
        <x:tr id="ID_7001170">
          <x:td id="ID_7001171" HAlignment="Left" VAlignment="Top" align="left" valign="top">7</x:td>
          <x:td id="ID_7001172" HAlignment="Left" VAlignment="Top" align="left" valign="top">
            <x:p id="ID_7001173">Air Traffic Service</x:p>
          </x:td>
          <x:td id="ID_7001174" HAlignment="Left" VAlignment="Top" align="left" valign="top">&nbsp;</x:td>
        </x:tr>
        <x:tr id="ID_7001175">
          <x:td id="ID_7001176" HAlignment="Left" VAlignment="Top" align="left" valign="top">8</x:td>
          <x:td id="ID_7001177" HAlignment="Left" VAlignment="Top" align="left" valign="top">
            <x:p id="ID_7001178">Fuelling</x:p>
          </x:td>
          <x:td id="ID_7001179" HAlignment="Left" VAlignment="Top" align="left" valign="top">&nbsp;</x:td>
        </x:tr>
        <x:tr id="ID_7001180">
          <x:td id="ID_7001181" HAlignment="Left" VAlignment="Top" align="left" valign="top">9</x:td>
          <x:td id="ID_7001182" HAlignment="Left" VAlignment="Top" align="left" valign="top">
            <x:p id="ID_7001183">Handling</x:p>
          </x:td>
          <x:td id="ID_7001184" HAlignment="Left" VAlignment="Top" align="left" valign="top">&nbsp;</x:td>
        </x:tr>
        <x:tr id="ID_7001185">
          <x:td id="ID_7001186" HAlignment="Left" VAlignment="Top" align="left" valign="top">10</x:td>
          <x:td id="ID_7001187" HAlignment="Left" VAlignment="Top" align="left" valign="top">
            <x:p id="ID_7001188">Security</x:p>
          </x:td>
          <x:td id="ID_7001189" HAlignment="Left" VAlignment="Top" align="left" valign="top">&nbsp;</x:td>
        </x:tr>
        <x:tr id="ID_7001190">
          <x:td id="ID_7001191" HAlignment="Left" VAlignment="Top" align="left" valign="top">11</x:td>
          <x:td id="ID_7001192" HAlignment="Left" VAlignment="Top" align="left" valign="top">
            <x:p id="ID_7001193">De-icing</x:p>
          </x:td>
          <x:td id="ID_7001194" HAlignment="Left" VAlignment="Top" align="left" valign="top">&nbsp;</x:td>
        </x:tr>
        <x:tr id="ID_7001195">
          <x:td id="ID_7001196" HAlignment="Left" VAlignment="Top" align="left" valign="top">12</x:td>
          <x:td id="ID_7001197" HAlignment="Left" VAlignment="Top" align="left" valign="top">
            <x:p id="ID_7001198">Remarks</x:p>
          </x:td>
          <x:td id="ID_7001199" HAlignment="Left" VAlignment="Top" align="left" valign="top">&nbsp;</x:td>
        </x:tr>
      </x:tbody>
    </x:table>
  </e:AD-2.3>
  <e:AD-2.4 id="EGKA-AD-2.4" Number="AD 2.4">
    <GreenBorder id="ID_7001201" />
    <e:Title id="ID_7001202">HANDLING&nbsp;SERVICES&nbsp;AND&nbsp;FACILITIES</e:Title>
    <x:table id="ID_7001204" class="">
      <x:tbody id="ID_7001205">
        <x:tr id="ID_7001206">
          <x:td id="ID_7001207" HAlignment="Left" VAlignment="Top" align="left" valign="top">1</x:td>
          <x:td id="ID_7001208" HAlignment="Left" VAlignment="Top" align="left" valign="top">
            <x:p id="ID_7001209">Cargo handling facilities</x:p>
          </x:td>
          <x:td id="ID_7001210" HAlignment="Left" VAlignment="Top" align="left" valign="top">&nbsp;</x:td>
        </x:tr>
        <x:tr id="ID_7001211">
          <x:td id="ID_7001212" HAlignment="Left" VAlignment="Top" align="left" valign="top">2</x:td>
          <x:td id="ID_7001213" HAlignment="Left" VAlignment="Top" align="left" valign="top">
            <x:p id="ID_7001214">Fuel and oil types</x:p>
          </x:td>
          <x:td id="ID_7001215" HAlignment="Left" VAlignment="Top" align="left" valign="top">&nbsp;</x:td>
        </x:tr>
        <x:tr id="ID_7001216">
          <x:td id="ID_7001217" HAlignment="Left" VAlignment="Top" align="left" valign="top">3</x:td>
          <x:td id="ID_7001218" HAlignment="Left" VAlignment="Top" align="left" valign="top">
            <x:p id="ID_7001219">Fuelling facilities/capacity</x:p>
          </x:td>
          <x:td id="ID_7001220" HAlignment="Left" VAlignment="Top" align="left" valign="top">&nbsp;</x:td>
        </x:tr>
        <x:tr id="ID_7001221">
          <x:td id="ID_7001222" HAlignment="Left" VAlignment="Top" align="left" valign="top">4</x:td>
          <x:td id="ID_7001223" HAlignment="Left" VAlignment="Top" align="left" valign="top">
            <x:p id="ID_7001224">De-icing facilities</x:p>
          </x:td>
          <x:td id="ID_7001225" HAlignment="Left" VAlignment="Top" align="left" valign="top">&nbsp;</x:td>
        </x:tr>
        <x:tr id="ID_7001226">
          <x:td id="ID_7001227" HAlignment="Left" VAlignment="Top" align="left" valign="top">5</x:td>
          <x:td id="ID_7001228" HAlignment="Left" VAlignment="Top" align="left" valign="top">
            <x:p id="ID_7001229">Hangar space for visiting aircraft</x:p>
          </x:td>
          <x:td id="ID_7001230" HAlignment="Left" VAlignment="Top" align="left" valign="top">&nbsp;</x:td>
        </x:tr>
        <x:tr id="ID_7001231">
          <x:td id="ID_7001232" HAlignment="Left" VAlignment="Top" align="left" valign="top">6</x:td>
          <x:td id="ID_7001233" HAlignment="Left" VAlignment="Top" align="left" valign="top">
            <x:p id="ID_7001234">Repair facilities for visiting aircraft</x:p>
          </x:td>
          <x:td id="ID_7001235" HAlignment="Left" VAlignment="Top" align="left" valign="top">&nbsp;</x:td>
        </x:tr>
        <x:tr id="ID_7001236">
          <x:td id="ID_7001237" HAlignment="Left" VAlignment="Top" align="left" valign="top">7</x:td>
          <x:td id="ID_7001238" HAlignment="Left" VAlignment="Top" align="left" valign="top">
            <x:p id="ID_7001239">Remarks</x:p>
          </x:td>
          <x:td id="ID_7001240" HAlignment="Left" VAlignment="Top" align="left" valign="top">&nbsp;</x:td>
        </x:tr>
      </x:tbody>
    </x:table>
  </e:AD-2.4>
  <e:AD-2.5 id="EGKA-AD-2.5" Number="AD 2.5">
    <GreenBorder id="ID_7001242" />
    <e:Title id="ID_7001243">PASSENGER&nbsp;FACILITIES</e:Title>
    <x:table id="ID_7001245" class="">
      <x:tbody id="ID_7001246">
        <x:tr id="ID_7001247">
          <x:td id="ID_7001248" HAlignment="Left" VAlignment="Top" align="left" valign="top">1</x:td>
          <x:td id="ID_7001249" HAlignment="Left" VAlignment="Top" align="left" valign="top">
            <x:p id="ID_7001250">Hotels</x:p>
          </x:td>
          <x:td id="ID_7001251" HAlignment="Left" VAlignment="Top" align="left" valign="top">&nbsp;</x:td>
        </x:tr>
        <x:tr id="ID_7001252">
          <x:td id="ID_7001253" HAlignment="Left" VAlignment="Top" align="left" valign="top">2</x:td>
          <x:td id="ID_7001254" HAlignment="Left" VAlignment="Top" align="left" valign="top">
            <x:p id="ID_7001255">Restaurants</x:p>
          </x:td>
          <x:td id="ID_7001256" HAlignment="Left" VAlignment="Top" align="left" valign="top">&nbsp;</x:td>
        </x:tr>
        <x:tr id="ID_7001257">
          <x:td id="ID_7001258" HAlignment="Left" VAlignment="Top" align="left" valign="top">3</x:td>
          <x:td id="ID_7001259" HAlignment="Left" VAlignment="Top" align="left" valign="top">
            <x:p id="ID_7001260">Transportation</x:p>
          </x:td>
          <x:td id="ID_7001261" HAlignment="Left" VAlignment="Top" align="left" valign="top">&nbsp;</x:td>
        </x:tr>
        <x:tr id="ID_7001262">
          <x:td id="ID_7001263" HAlignment="Left" VAlignment="Top" align="left" valign="top">4</x:td>
          <x:td id="ID_7001264" HAlignment="Left" VAlignment="Top" align="left" valign="top">
            <x:p id="ID_7001265">Medical facilities</x:p>
          </x:td>
          <x:td id="ID_7001266" HAlignment="Left" VAlignment="Top" align="left" valign="top">&nbsp;</x:td>
        </x:tr>
        <x:tr id="ID_7001267">
          <x:td id="ID_7001268" HAlignment="Left" VAlignment="Top" align="left" valign="top">5</x:td>
          <x:td id="ID_7001269" HAlignment="Left" VAlignment="Top" align="left" valign="top">
            <x:p id="ID_7001270">Bank and Post Office</x:p>
          </x:td>
          <x:td id="ID_7001271" HAlignment="Left" VAlignment="Top" align="left" valign="top">&nbsp;</x:td>
        </x:tr>
        <x:tr id="ID_7001272">
          <x:td id="ID_7001273" HAlignment="Left" VAlignment="Top" align="left" valign="top">6</x:td>
          <x:td id="ID_7001274" HAlignment="Left" VAlignment="Top" align="left" valign="top">
            <x:p id="ID_7001275">Tourist Office</x:p>
          </x:td>
          <x:td id="ID_7001276" HAlignment="Left" VAlignment="Top" align="left" valign="top">&nbsp;</x:td>
        </x:tr>
        <x:tr id="ID_7001277">
          <x:td id="ID_7001278" HAlignment="Left" VAlignment="Top" align="left" valign="top">7</x:td>
          <x:td id="ID_7001279" HAlignment="Left" VAlignment="Top" align="left" valign="top">
            <x:p id="ID_7001280">Remarks</x:p>
          </x:td>
          <x:td id="ID_7001281" HAlignment="Left" VAlignment="Top" align="left" valign="top">&nbsp;</x:td>
        </x:tr>
      </x:tbody>
    </x:table>
  </e:AD-2.5>
  <e:AD-2.6 id="EGKA-AD-2.6" Number="AD 2.6">
    <GreenBorder id="ID_7001283" />
    <e:Title id="ID_7001284">RESCUE&nbsp;AND&nbsp;FIRE&nbsp;FIGHTING&nbsp;SERVICES</e:Title>
    <x:table id="ID_7001286" class="">
      <x:tbody id="ID_7001287">
        <x:tr id="ID_7001288">
          <x:td id="ID_7001289" HAlignment="Left" VAlignment="Top" align="left" valign="top">1</x:td>
          <x:td id="ID_7001290" HAlignment="Left" VAlignment="Top" align="left" valign="top">
            <x:p id="ID_7001291">AD category for fire fighting</x:p>
          </x:td>
          <x:td id="ID_7001292" HAlignment="Left" VAlignment="Top" align="left" valign="top">&nbsp;</x:td>
        </x:tr>
        <x:tr id="ID_7001293">
          <x:td id="ID_7001294" HAlignment="Left" VAlignment="Top" align="left" valign="top">2</x:td>
          <x:td id="ID_7001295" HAlignment="Left" VAlignment="Top" align="left" valign="top">
            <x:p id="ID_7001296">Rescue equipment</x:p>
          </x:td>
          <x:td id="ID_7001297" HAlignment="Left" VAlignment="Top" align="left" valign="top">&nbsp;</x:td>
        </x:tr>
        <x:tr id="ID_7001298">
          <x:td id="ID_7001299" HAlignment="Left" VAlignment="Top" align="left" valign="top">3</x:td>
          <x:td id="ID_7001300" HAlignment="Left" VAlignment="Top" align="left" valign="top">
            <x:p id="ID_7001301">Capability for removal of disabled aircraft</x:p>
          </x:td>
          <x:td id="ID_7001302" HAlignment="Left" VAlignment="Top" align="left" valign="top">&nbsp;</x:td>
        </x:tr>
        <x:tr id="ID_7001303">
          <x:td id="ID_7001304" HAlignment="Left" VAlignment="Top" align="left" valign="top">4</x:td>
          <x:td id="ID_7001305" HAlignment="Left" VAlignment="Top" align="left" valign="top">
            <x:p id="ID_7001306">Remarks</x:p>
          </x:td>
          <x:td id="ID_7001307" HAlignment="Left" VAlignment="Top" align="left" valign="top">&nbsp;</x:td>
        </x:tr>
      </x:tbody>
    </x:table>
  </e:AD-2.6>
  <e:AD-2.7 id="EGKA-AD-2.7" Number="AD 2.7">
    <GreenBorder id="ID_7001309" />
    <e:Title id="ID_7001310">SEASONAL&nbsp;AVAILABILITY&nbsp;-&nbsp;CLEARING</e:Title>
    <x:table id="ID_7001312" class="">
      <x:tbody id="ID_7001313">
        <x:tr id="ID_7001314">
          <x:td id="ID_7001315" HAlignment="Left" VAlignment="Top" align="left" valign="top">1</x:td>
          <x:td id="ID_7001316" HAlignment="Left" VAlignment="Top" align="left" valign="top">
            <x:p id="ID_7001317">Types of clearing equipment</x:p>
          </x:td>
          <x:td id="ID_7001318" HAlignment="Left" VAlignment="Top" align="left" valign="top">&nbsp;</x:td>
        </x:tr>
        <x:tr id="ID_7001319">
          <x:td id="ID_7001320" HAlignment="Left" VAlignment="Top" align="left" valign="top">2</x:td>
          <x:td id="ID_7001321" HAlignment="Left" VAlignment="Top" align="left" valign="top">
            <x:p id="ID_7001322">Clearance priorities</x:p>
          </x:td>
          <x:td id="ID_7001323" HAlignment="Left" VAlignment="Top" align="left" valign="top">&nbsp;</x:td>
        </x:tr>
        <x:tr id="ID_7001324">
          <x:td id="ID_7001325" HAlignment="Left" VAlignment="Top" align="left" valign="top">3</x:td>
          <x:td id="ID_7001326" HAlignment="Left" VAlignment="Top" align="left" valign="top">
            <x:p id="ID_7001327">Remarks</x:p>
          </x:td>
          <x:td id="ID_7001328" HAlignment="Left" VAlignment="Top" align="left" valign="top">&nbsp;</x:td>
        </x:tr>
      </x:tbody>
    </x:table>
  </e:AD-2.7>
  <e:AD-2.8 id="EGKA-AD-2.8" Number="AD 2.8">
    <GreenBorder id="ID_7001330" />
    <e:Title id="ID_7001331">APRONS,&nbsp;TAXIWAYS&nbsp;AND&nbsp;CHECK&nbsp;LOCATIONS/POSITIONS&nbsp;DATA</e:Title>
    <x:table id="ID_7001333" class="">
      <x:tbody id="ID_7001334">
        <x:tr id="ID_7001335">
          <x:td id="ID_7001336" HAlignment="Left" VAlignment="Top" align="left" valign="top">1</x:td>
          <x:td id="ID_7001337" HAlignment="Left" VAlignment="Top" align="left" valign="top">
            <x:p id="ID_7001338">Apron surface and strength</x:p>
          </x:td>
          <x:td id="ID_7001339" HAlignment="Left" VAlignment="Top" align="left" valign="top">&nbsp;</x:td>
        </x:tr>
        <x:tr id="ID_7001340">
          <x:td id="ID_7001341" HAlignment="Left" VAlignment="Top" align="left" valign="top">2</x:td>
          <x:td id="ID_7001342" HAlignment="Left" VAlignment="Top" align="left" valign="top">
            <x:p id="ID_7001343">Taxiway width, surface and strength</x:p>
          </x:td>
          <x:td id="ID_7001344" HAlignment="Left" VAlignment="Top" align="left" valign="top">&nbsp;</x:td>
        </x:tr>
        <x:tr id="ID_7001345">
          <x:td id="ID_7001346" HAlignment="Left" VAlignment="Top" align="left" valign="top">3</x:td>
          <x:td id="ID_7001347" HAlignment="Left" VAlignment="Top" align="left" valign="top">
            <x:p id="ID_7001348">Altimeter checkpoint location and elevation</x:p>
          </x:td>
          <x:td id="ID_7001349" HAlignment="Left" VAlignment="Top" align="left" valign="top">&nbsp;</x:td>
        </x:tr>
        <x:tr id="ID_7001350">
          <x:td id="ID_7001351" HAlignment="Left" VAlignment="Top" align="left" valign="top">4</x:td>
          <x:td id="ID_7001352" HAlignment="Left" VAlignment="Top" align="left" valign="top">
            <x:p id="ID_7001353">VOR checkpoints</x:p>
          </x:td>
          <x:td id="ID_7001354" HAlignment="Left" VAlignment="Top" align="left" valign="top">&nbsp;</x:td>
        </x:tr>
        <x:tr id="ID_7001355">
          <x:td id="ID_7001356" HAlignment="Left" VAlignment="Top" align="left" valign="top">5</x:td>
          <x:td id="ID_7001357" HAlignment="Left" VAlignment="Top" align="left" valign="top">
            <x:p id="ID_7001358">INS checkpoints</x:p>
          </x:td>
          <x:td id="ID_7001359" HAlignment="Left" VAlignment="Top" align="left" valign="top">&nbsp;</x:td>
        </x:tr>
        <x:tr id="ID_7001360">
          <x:td id="ID_7001361" HAlignment="Left" VAlignment="Top" align="left" valign="top">6</x:td>
          <x:td id="ID_7001362" HAlignment="Left" VAlignment="Top" align="left" valign="top">
            <x:p id="ID_7001363">Remarks</x:p>
          </x:td>
          <x:td id="ID_7001364" HAlignment="Left" VAlignment="Top" align="left" valign="top">&nbsp;</x:td>
        </x:tr>
      </x:tbody>
    </x:table>
  </e:AD-2.8>
  <e:AD-2.9 id="EGKA-AD-2.9" Number="AD 2.9">
    <GreenBorder id="ID_7001366" />
    <e:Title id="ID_7001367">SURFACE&nbsp;MOVEMENT&nbsp;GUIDANCE&nbsp;AND&nbsp;CONTROL&nbsp;SYSTEM&nbsp;AND&nbsp;MARKINGS</e:Title>
    <x:table id="ID_7001369" class="">
      <x:tbody id="ID_7001370">
        <x:tr id="ID_7001371">
          <x:td id="ID_7001372" HAlignment="Left" VAlignment="Top" align="left" valign="top">1</x:td>
          <x:td id="ID_7001373" HAlignment="Left" VAlignment="Top" align="left" valign="top">
            <x:p id="ID_7001374">Use of aircraft stand ID signs, TWY guide lines and visual docking/parking guidance system of aircraft stands</x:p>
          </x:td>
          <x:td id="ID_7001375" HAlignment="Left" VAlignment="Top" align="left" valign="top">&nbsp;</x:td>
        </x:tr>
        <x:tr id="ID_7001376">
          <x:td id="ID_7001377" HAlignment="Left" VAlignment="Top" align="left" valign="top">2</x:td>
          <x:td id="ID_7001378" HAlignment="Left" VAlignment="Top" align="left" valign="top">
            <x:p id="ID_7001379">Runway and taxiway markings and lighting</x:p>
          </x:td>
          <x:td id="ID_7001380" HAlignment="Left" VAlignment="Top" align="left" valign="top">&nbsp;</x:td>
        </x:tr>
        <x:tr id="ID_7001381">
          <x:td id="ID_7001382" HAlignment="Left" VAlignment="Top" align="left" valign="top">3</x:td>
          <x:td id="ID_7001383" HAlignment="Left" VAlignment="Top" align="left" valign="top">
            <x:p id="ID_7001384">Stop bars</x:p>
          </x:td>
          <x:td id="ID_7001385" HAlignment="Left" VAlignment="Top" align="left" valign="top">&nbsp;</x:td>
        </x:tr>
        <x:tr id="ID_7001386">
          <x:td id="ID_7001387" HAlignment="Left" VAlignment="Top" align="left" valign="top">4</x:td>
          <x:td id="ID_7001388" HAlignment="Left" VAlignment="Top" align="left" valign="top">
            <x:p id="ID_7001389">Remarks</x:p>
          </x:td>
          <x:td id="ID_7001390" HAlignment="Left" VAlignment="Top" align="left" valign="top">&nbsp;</x:td>
        </x:tr>
      </x:tbody>
    </x:table>
  </e:AD-2.9>
  <e:AD-2.10 id="EGKA-AD-2.10" Number="AD 2.10">
    <GreenBorder id="ID_7001392" />
    <e:Title id="ID_7001393">AERODROME&nbsp;OBSTACLES</e:Title>
    <x:table id="ID_7001395" class="">
      <x:thead id="ID_7001396">
        <x:tr id="ID_7001397">
          <x:th id="ID_7001398" HAlignment="Center" VAlignment="Top" colspan="6" align="center" valign="top">
            <x:p id="ID_7001399">In Approach/Take-off areas</x:p>
          </x:th>
        </x:tr>
        <x:tr id="ID_7001400">
          <x:th id="ID_7001401" HAlignment="Left" VAlignment="Top" align="left" valign="top">
            <x:p id="ID_7001402">Obstacle ID/Designation</x:p>
          </x:th>
          <x:th id="ID_7001403" HAlignment="Left" VAlignment="Top" align="left" valign="top">
            <x:p id="ID_7001404">Obstacle Type</x:p>
          </x:th>
          <x:th id="ID_7001405" HAlignment="Left" VAlignment="Top" align="left" valign="top">
            <x:p id="ID_7001406">Obstacle Position</x:p>
          </x:th>
          <x:th id="ID_7001407" HAlignment="Left" VAlignment="Top" align="left" valign="top">
            <x:p id="ID_7001408">Elevation/Height</x:p>
          </x:th>
          <x:th id="ID_7001409" HAlignment="Left" VAlignment="Top" align="left" valign="top">
            <x:p id="ID_7001410">Obstruction Lighting Type/Colour</x:p>
          </x:th>
          <x:th id="ID_7001411" HAlignment="Left" VAlignment="Top" align="left" valign="top">
            <x:p id="ID_7001412">Remarks</x:p>
          </x:th>
        </x:tr>
        <x:tr id="ID_7001413">
          <x:th id="ID_7001414" HAlignment="Left" VAlignment="Top" align="left" valign="top">1</x:th>
          <x:th id="ID_7001415" HAlignment="Left" VAlignment="Top" align="left" valign="top">2</x:th>
          <x:th id="ID_7001416" HAlignment="Left" VAlignment="Top" align="left" valign="top">3</x:th>
          <x:th id="ID_7001417" HAlignment="Left" VAlignment="Top" align="left" valign="top">4</x:th>
          <x:th id="ID_7001418" HAlignment="Left" VAlignment="Top" align="left" valign="top">5</x:th>
          <x:th id="ID_7001419" HAlignment="Left" VAlignment="Top" align="left" valign="top">6</x:th>
        </x:tr>
      </x:thead>
      <x:tbody id="ID_7001420">
        <x:tr id="ID_7001421">
          <x:td id="ID_7001422" HAlignment="Left" VAlignment="Top" align="left" valign="top">&nbsp;</x:td>
          <x:td id="ID_7001423" HAlignment="Left" VAlignment="Top" align="left" valign="top">&nbsp;</x:td>
          <x:td id="ID_7001424" HAlignment="Left" VAlignment="Top" align="left" valign="top">&nbsp;</x:td>
          <x:td id="ID_7001425" HAlignment="Left" VAlignment="Top" align="left" valign="top">&nbsp;</x:td>
          <x:td id="ID_7001426" HAlignment="Left" VAlignment="Top" align="left" valign="top">&nbsp;</x:td>
          <x:td id="ID_7001427" HAlignment="Left" VAlignment="Top" align="left" valign="top">&nbsp;</x:td>
        </x:tr>
      </x:tbody>
    </x:table>
    <x:table id="ID_7001429" class="">
      <x:thead id="ID_7001430">
        <x:tr id="ID_7001431">
          <x:th id="ID_7001432" HAlignment="Center" VAlignment="Top" colspan="6" align="center" valign="top">
            <x:p id="ID_7001433">In circling area and at aerodrome</x:p>
          </x:th>
        </x:tr>
        <x:tr id="ID_7001434">
          <x:th id="ID_7001435" HAlignment="Left" VAlignment="Top" align="left" valign="top">
            <x:p id="ID_7001436">Obstacle ID/Designation</x:p>
          </x:th>
          <x:th id="ID_7001437" HAlignment="Left" VAlignment="Top" align="left" valign="top">
            <x:p id="ID_7001438">Obstacle Type</x:p>
          </x:th>
          <x:th id="ID_7001439" HAlignment="Left" VAlignment="Top" align="left" valign="top">
            <x:p id="ID_7001440">Obstacle Position</x:p>
          </x:th>
          <x:th id="ID_7001441" HAlignment="Left" VAlignment="Top" align="left" valign="top">
            <x:p id="ID_7001442">Elevation/Height</x:p>
          </x:th>
          <x:th id="ID_7001443" HAlignment="Left" VAlignment="Top" align="left" valign="top">
            <x:p id="ID_7001444">Obstruction Lighting Type/Colour</x:p>
          </x:th>
          <x:th id="ID_7001445" HAlignment="Left" VAlignment="Top" align="left" valign="top">
            <x:p id="ID_7001446">Remarks</x:p>
          </x:th>
        </x:tr>
        <x:tr id="ID_7001447">
          <x:th id="ID_7001448" HAlignment="Left" VAlignment="Top" align="left" valign="top">1</x:th>
          <x:th id="ID_7001449" HAlignment="Left" VAlignment="Top" align="left" valign="top">2</x:th>
          <x:th id="ID_7001450" HAlignment="Left" VAlignment="Top" align="left" valign="top">3</x:th>
          <x:th id="ID_7001451" HAlignment="Left" VAlignment="Top" align="left" valign="top">4</x:th>
          <x:th id="ID_7001452" HAlignment="Left" VAlignment="Top" align="left" valign="top">5</x:th>
          <x:th id="ID_7001453" HAlignment="Left" VAlignment="Top" align="left" valign="top">6</x:th>
        </x:tr>
      </x:thead>
      <x:tbody id="ID_7001454">
        <x:tr id="ID_7001455">
          <x:td id="ID_7001456" HAlignment="Left" VAlignment="Top" align="left" valign="top">&nbsp;</x:td>
          <x:td id="ID_7001457" HAlignment="Left" VAlignment="Top" align="left" valign="top">&nbsp;</x:td>
          <x:td id="ID_7001458" HAlignment="Left" VAlignment="Top" align="left" valign="top">&nbsp;</x:td>
          <x:td id="ID_7001459" HAlignment="Left" VAlignment="Top" align="left" valign="top">&nbsp;</x:td>
          <x:td id="ID_7001460" HAlignment="Left" VAlignment="Top" align="left" valign="top">&nbsp;</x:td>
          <x:td id="ID_7001461" HAlignment="Left" VAlignment="Top" align="left" valign="top">&nbsp;</x:td>
        </x:tr>
      </x:tbody>
    </x:table>
  </e:AD-2.10>
  <e:AD-2.11 id="EGKA-AD-2.11" Number="AD 2.11">
    <GreenBorder id="ID_7001463" />
    <e:Title id="ID_7001464">METEOROLOGICAL&nbsp;INFORMATION&nbsp;PROVIDED</e:Title>
    <x:table id="ID_7001466" class="">
      <x:tbody id="ID_7001467">
        <x:tr id="ID_7001468">
          <x:td id="ID_7001469" HAlignment="Left" VAlignment="Top" align="left" valign="top">1</x:td>
          <x:td id="ID_7001470" HAlignment="Left" VAlignment="Top" align="left" valign="top">
            <x:p id="ID_7001471">Associated MET Office</x:p>
          </x:td>
          <x:td id="ID_7001472" HAlignment="Left" VAlignment="Top" align="left" valign="top">&nbsp;</x:td>
        </x:tr>
        <x:tr id="ID_7001473">
          <x:td id="ID_7001474" HAlignment="Left" VAlignment="Top" align="left" valign="top">2</x:td>
          <x:td id="ID_7001475" HAlignment="Left" VAlignment="Top" align="left" valign="top">
            <x:p id="ID_7001476">Hours of service</x:p>
            <x:p id="ID_7001477">MET Office outside hours</x:p>
          </x:td>
          <x:td id="ID_7001478" HAlignment="Left" VAlignment="Top" align="left" valign="top">&nbsp;</x:td>
        </x:tr>
        <x:tr id="ID_7001479">
          <x:td id="ID_7001480" HAlignment="Left" VAlignment="Top" align="left" valign="top">3</x:td>
          <x:td id="ID_7001481" HAlignment="Left" VAlignment="Top" align="left" valign="top">
            <x:p id="ID_7001482">Office responsible for TAF preparation</x:p>
            <x:p id="ID_7001483">Periods of validity</x:p>
          </x:td>
          <x:td id="ID_7001484" HAlignment="Left" VAlignment="Top" align="left" valign="top">&nbsp;</x:td>
        </x:tr>
        <x:tr id="ID_7001485">
          <x:td id="ID_7001486" HAlignment="Left" VAlignment="Top" align="left" valign="top">4</x:td>
          <x:td id="ID_7001487" HAlignment="Left" VAlignment="Top" align="left" valign="top">
            <x:p id="ID_7001488">Trend forecast</x:p>
            <x:p id="ID_7001489">Interval of issuance</x:p>
          </x:td>
          <x:td id="ID_7001490" HAlignment="Left" VAlignment="Top" align="left" valign="top">&nbsp;</x:td>
        </x:tr>
        <x:tr id="ID_7001491">
          <x:td id="ID_7001492" HAlignment="Left" VAlignment="Top" align="left" valign="top">5</x:td>
          <x:td id="ID_7001493" HAlignment="Left" VAlignment="Top" align="left" valign="top">
            <x:p id="ID_7001494">Briefing/consultation provided</x:p>
          </x:td>
          <x:td id="ID_7001495" HAlignment="Left" VAlignment="Top" align="left" valign="top">&nbsp;</x:td>
        </x:tr>
        <x:tr id="ID_7001496">
          <x:td id="ID_7001497" HAlignment="Left" VAlignment="Top" align="left" valign="top">6</x:td>
          <x:td id="ID_7001498" HAlignment="Left" VAlignment="Top" align="left" valign="top">
            <x:p id="ID_7001499">Flight documentation</x:p>
            <x:p id="ID_7001500">Language(s) used</x:p>
          </x:td>
          <x:td id="ID_7001501" HAlignment="Left" VAlignment="Top" align="left" valign="top">&nbsp;</x:td>
        </x:tr>
        <x:tr id="ID_7001502">
          <x:td id="ID_7001503" HAlignment="Left" VAlignment="Top" align="left" valign="top">7</x:td>
          <x:td id="ID_7001504" HAlignment="Left" VAlignment="Top" align="left" valign="top">
            <x:p id="ID_7001505">Charts and other information available for briefing or consultation</x:p>
          </x:td>
          <x:td id="ID_7001506" HAlignment="Left" VAlignment="Top" align="left" valign="top">&nbsp;</x:td>
        </x:tr>
        <x:tr id="ID_7001507">
          <x:td id="ID_7001508" HAlignment="Left" VAlignment="Top" align="left" valign="top">8</x:td>
          <x:td id="ID_7001509" HAlignment="Left" VAlignment="Top" align="left" valign="top">
            <x:p id="ID_7001510">Supplementary equipment available for providing information</x:p>
          </x:td>
          <x:td id="ID_7001511" HAlignment="Left" VAlignment="Top" align="left" valign="top">&nbsp;</x:td>
        </x:tr>
        <x:tr id="ID_7001512">
          <x:td id="ID_7001513" HAlignment="Left" VAlignment="Top" align="left" valign="top">9</x:td>
          <x:td id="ID_7001514" HAlignment="Left" VAlignment="Top" align="left" valign="top">
            <x:p id="ID_7001515">ATS units provided with information</x:p>
          </x:td>
          <x:td id="ID_7001516" HAlignment="Left" VAlignment="Top" align="left" valign="top">&nbsp;</x:td>
        </x:tr>
        <x:tr id="ID_7001517">
          <x:td id="ID_7001518" HAlignment="Left" VAlignment="Top" align="left" valign="top">10</x:td>
          <x:td id="ID_7001519" HAlignment="Left" VAlignment="Top" align="left" valign="top">
            <x:p id="ID_7001520">Additional information (limitation of service, etc.)</x:p>
          </x:td>
          <x:td id="ID_7001521" HAlignment="Left" VAlignment="Top" align="left" valign="top">&nbsp;</x:td>
        </x:tr>
      </x:tbody>
    </x:table>
  </e:AD-2.11>
  <e:AD-2.12 id="EGKA-AD-2.12" Number="AD 2.12">
    <GreenBorder id="ID_7001523" />
    <e:Title id="ID_7001524">RUNWAY&nbsp;PHYSICAL&nbsp;CHARACTERISTICS</e:Title>
    <x:table id="ID_7001526" class="">
      <x:thead id="ID_7001527">
        <x:tr id="ID_7001528">
          <x:th id="ID_7001529" HAlignment="Left" VAlignment="Top" align="left" valign="top">
            <x:p id="ID_7001530">Designations RWY Number</x:p>
          </x:th>
          <x:th id="ID_7001531" HAlignment="Left" VAlignment="Top" align="left" valign="top">
            <x:p id="ID_7001532">True bearing</x:p>
          </x:th>
          <x:th id="ID_7001533" HAlignment="Left" VAlignment="Top" align="left" valign="top">
            <x:p id="ID_7001534">Dimensions of RWY</x:p>
          </x:th>
          <x:th id="ID_7001535" HAlignment="Left" VAlignment="Top" align="left" valign="top">
            <x:p id="ID_7001536">Surface of RWY/ SWY/ </x:p>
            <x:p id="ID_7001537">Strength (PCN)</x:p>
          </x:th>
          <x:th id="ID_7001538" HAlignment="Left" VAlignment="Top" align="left" valign="top">
            <x:p id="ID_7001539">THR co-ordinates/</x:p>
            <x:p id="ID_7001540">THR Geoid undulation</x:p>
          </x:th>
          <x:th id="ID_7001541" HAlignment="Left" VAlignment="Top" align="left" valign="top">
            <x:p id="ID_7001542">THR elevation/ Highest elevation of TDZ of precision APP RWY</x:p>
          </x:th>
        </x:tr>
        <x:tr id="ID_7001543">
          <x:th id="ID_7001544" HAlignment="Left" VAlignment="Top" align="left" valign="top">1</x:th>
          <x:th id="ID_7001545" HAlignment="Left" VAlignment="Top" align="left" valign="top">2</x:th>
          <x:th id="ID_7001546" HAlignment="Left" VAlignment="Top" align="left" valign="top">3</x:th>
          <x:th id="ID_7001547" HAlignment="Left" VAlignment="Top" align="left" valign="top">4</x:th>
          <x:th id="ID_7001548" HAlignment="Left" VAlignment="Top" align="left" valign="top">5</x:th>
          <x:th id="ID_7001549" HAlignment="Left" VAlignment="Top" align="left" valign="top">6</x:th>
        </x:tr>
      </x:thead>
      <x:tbody id="ID_7001550">
        <x:tr id="ID_7001551">
          <x:td id="ID_7001552" HAlignment="Left" VAlignment="Top" align="left" valign="top">&nbsp;</x:td>
          <x:td id="ID_7001553" HAlignment="Left" VAlignment="Top" align="left" valign="top">&nbsp;</x:td>
          <x:td id="ID_7001554" HAlignment="Left" VAlignment="Top" align="left" valign="top">&nbsp;</x:td>
          <x:td id="ID_7001555" HAlignment="Left" VAlignment="Top" align="left" valign="top">&nbsp;</x:td>
          <x:td id="ID_7001556" HAlignment="Left" VAlignment="Top" align="left" valign="top">&nbsp;</x:td>
          <x:td id="ID_7001557" HAlignment="Left" VAlignment="Top" align="left" valign="top">&nbsp;</x:td>
        </x:tr>
        <x:tr id="ID_7001558">
          <x:td id="ID_7001559" HAlignment="Left" VAlignment="Top" align="left" valign="top">&nbsp;</x:td>
          <x:td id="ID_7001560" HAlignment="Left" VAlignment="Top" align="left" valign="top">&nbsp;</x:td>
          <x:td id="ID_7001561" HAlignment="Left" VAlignment="Top" align="left" valign="top">&nbsp;</x:td>
          <x:td id="ID_7001562" HAlignment="Left" VAlignment="Top" align="left" valign="top">&nbsp;</x:td>
          <x:td id="ID_7001563" HAlignment="Left" VAlignment="Top" align="left" valign="top">&nbsp;</x:td>
          <x:td id="ID_7001564" HAlignment="Left" VAlignment="Top" align="left" valign="top">&nbsp;</x:td>
        </x:tr>
      </x:tbody>
    </x:table>
    <x:table id="ID_7001566" class="">
      <x:thead id="ID_7001567">
        <x:tr id="ID_7001568">
          <x:th id="ID_7001569" HAlignment="Left" VAlignment="Top" colspan="3" align="left" valign="top">
            <x:p id="ID_7001570">Slope of RWY/</x:p>
            <x:p id="ID_7001571">SWY</x:p>
          </x:th>
          <x:th id="ID_7001572" HAlignment="Left" VAlignment="Top" align="left" valign="top">
            <x:p id="ID_7001573">SWY dimensions</x:p>
          </x:th>
          <x:th id="ID_7001574" HAlignment="Left" VAlignment="Top" align="left" valign="top">
            <x:p id="ID_7001575">Clearway dimensions</x:p>
          </x:th>
          <x:th id="ID_7001576" HAlignment="Left" VAlignment="Top" align="left" valign="top">
            <x:p id="ID_7001577">Strip dimensions</x:p>
          </x:th>
          <x:th id="ID_7001578" HAlignment="Left" VAlignment="Top" align="left" valign="top">
            <x:p id="ID_7001579">OFZ</x:p>
          </x:th>
          <x:th id="ID_7001580" HAlignment="Left" VAlignment="Top" align="left" valign="top">
            <x:p id="ID_7001581">Remarks</x:p>
          </x:th>
        </x:tr>
        <x:tr id="ID_7001582">
          <x:th id="ID_7001583" HAlignment="Left" VAlignment="Top" colspan="3" align="left" valign="top">7</x:th>
          <x:th id="ID_7001584" HAlignment="Left" VAlignment="Top" align="left" valign="top">8</x:th>
          <x:th id="ID_7001585" HAlignment="Left" VAlignment="Top" align="left" valign="top">9</x:th>
          <x:th id="ID_7001586" HAlignment="Left" VAlignment="Top" align="left" valign="top">10</x:th>
          <x:th id="ID_7001587" HAlignment="Left" VAlignment="Top" align="left" valign="top">11</x:th>
          <x:th id="ID_7001588" HAlignment="Left" VAlignment="Top" align="left" valign="top">12</x:th>
        </x:tr>
      </x:thead>
      <x:tbody id="ID_7001589">
        <x:tr id="ID_7001590">
          <x:td id="ID_7001591" HAlignment="Left" VAlignment="Top" colspan="3" align="left" valign="top">&nbsp;</x:td>
          <x:td id="ID_7001592" HAlignment="Left" VAlignment="Top" align="left" valign="top">&nbsp;</x:td>
          <x:td id="ID_7001593" HAlignment="Left" VAlignment="Top" align="left" valign="top">&nbsp;</x:td>
          <x:td id="ID_7001594" HAlignment="Left" VAlignment="Top" align="left" valign="top">&nbsp;</x:td>
          <x:td id="ID_7001595" HAlignment="Left" VAlignment="Top" align="left" valign="top">&nbsp;</x:td>
          <x:td id="ID_7001596" HAlignment="Left" VAlignment="Top" align="left" valign="top">&nbsp;</x:td>
        </x:tr>
        <x:tr id="ID_7001597">
          <x:td id="ID_7001598" HAlignment="Left" VAlignment="Top" colspan="3" align="left" valign="top">&nbsp;</x:td>
          <x:td id="ID_7001599" HAlignment="Left" VAlignment="Top" align="left" valign="top">&nbsp;</x:td>
          <x:td id="ID_7001600" HAlignment="Left" VAlignment="Top" align="left" valign="top">&nbsp;</x:td>
          <x:td id="ID_7001601" HAlignment="Left" VAlignment="Top" align="left" valign="top">&nbsp;</x:td>
          <x:td id="ID_7001602" HAlignment="Left" VAlignment="Top" align="left" valign="top">&nbsp;</x:td>
          <x:td id="ID_7001603" HAlignment="Left" VAlignment="Top" align="left" valign="top">&nbsp;</x:td>
        </x:tr>
      </x:tbody>
    </x:table>
  </e:AD-2.12>
  <e:AD-2.13 id="EGKA-AD-2.13" Number="AD 2.13">
    <GreenBorder id="ID_7001605" />
    <e:Title id="ID_7001606">DECLARED&nbsp;DISTANCES</e:Title>
    <x:table id="ID_7001608" class="">
      <x:thead id="ID_7001609">
        <x:tr id="ID_7001610">
          <x:th id="ID_7001611" HAlignment="Left" VAlignment="Top" align="left" valign="top">
            <x:p id="ID_7001612">Runway designator</x:p>
          </x:th>
          <x:th id="ID_7001613" HAlignment="Left" VAlignment="Top" align="left" valign="top">
            <x:p id="ID_7001614">TORA</x:p>
          </x:th>
          <x:th id="ID_7001615" HAlignment="Left" VAlignment="Top" align="left" valign="top">
            <x:p id="ID_7001616">TODA</x:p>
          </x:th>
          <x:th id="ID_7001617" HAlignment="Left" VAlignment="Top" align="left" valign="top">
            <x:p id="ID_7001618">ASDA</x:p>
          </x:th>
          <x:th id="ID_7001619" HAlignment="Left" VAlignment="Top" align="left" valign="top">
            <x:p id="ID_7001620">LDA</x:p>
          </x:th>
          <x:th id="ID_7001621" HAlignment="Left" VAlignment="Top" align="left" valign="top">
            <x:p id="ID_7001622">Remarks</x:p>
          </x:th>
        </x:tr>
        <x:tr id="ID_7001623">
          <x:th id="ID_7001624" HAlignment="Left" VAlignment="Top" align="left" valign="top">1</x:th>
          <x:th id="ID_7001625" HAlignment="Left" VAlignment="Top" align="left" valign="top">2</x:th>
          <x:th id="ID_7001626" HAlignment="Left" VAlignment="Top" align="left" valign="top">3</x:th>
          <x:th id="ID_7001627" HAlignment="Left" VAlignment="Top" align="left" valign="top">4</x:th>
          <x:th id="ID_7001628" HAlignment="Left" VAlignment="Top" align="left" valign="top">5</x:th>
          <x:th id="ID_7001629" HAlignment="Left" VAlignment="Top" align="left" valign="top">6</x:th>
        </x:tr>
      </x:thead>
      <x:tbody id="ID_7001630">
        <x:tr id="ID_7001631">
          <x:td id="ID_7001632" HAlignment="Left" VAlignment="Top" align="left" valign="top">&nbsp;</x:td>
          <x:td id="ID_7001633" HAlignment="Left" VAlignment="Top" align="left" valign="top">&nbsp;</x:td>
          <x:td id="ID_7001634" HAlignment="Left" VAlignment="Top" align="left" valign="top">&nbsp;</x:td>
          <x:td id="ID_7001635" HAlignment="Left" VAlignment="Top" align="left" valign="top">&nbsp;</x:td>
          <x:td id="ID_7001636" HAlignment="Left" VAlignment="Top" align="left" valign="top">&nbsp;</x:td>
          <x:td id="ID_7001637" HAlignment="Left" VAlignment="Top" align="left" valign="top">&nbsp;</x:td>
        </x:tr>
        <x:tr id="ID_7001638">
          <x:td id="ID_7001639" HAlignment="Left" VAlignment="Top" align="left" valign="top">&nbsp;</x:td>
          <x:td id="ID_7001640" HAlignment="Left" VAlignment="Top" align="left" valign="top">&nbsp;</x:td>
          <x:td id="ID_7001641" HAlignment="Left" VAlignment="Top" align="left" valign="top">&nbsp;</x:td>
          <x:td id="ID_7001642" HAlignment="Left" VAlignment="Top" align="left" valign="top">&nbsp;</x:td>
          <x:td id="ID_7001643" HAlignment="Left" VAlignment="Top" align="left" valign="top">&nbsp;</x:td>
          <x:td id="ID_7001644" HAlignment="Left" VAlignment="Top" align="left" valign="top">&nbsp;</x:td>
        </x:tr>
      </x:tbody>
    </x:table>
  </e:AD-2.13>
  <e:AD-2.14 id="EGKA-AD-2.14" Number="AD 2.14">
    <GreenBorder id="ID_7001646" />
    <e:Title id="ID_7001647">APPROACH&nbsp;AND&nbsp;RUNWAY&nbsp;LIGHTING</e:Title>
    <x:table id="ID_7001649" class="">
      <x:thead id="ID_7001650">
        <x:tr id="ID_7001651">
          <x:th id="ID_7001652" HAlignment="Left" VAlignment="Top" align="left" valign="top">
            <x:p id="ID_7001653">RWY</x:p>
          </x:th>
          <x:th id="ID_7001654" HAlignment="Left" VAlignment="Top" align="left" valign="top">
            <x:p id="ID_7001655">Approach Lighting Type/</x:p>
            <x:p id="ID_7001656">Length/</x:p>
            <x:p id="ID_7001657">Intensity</x:p>
          </x:th>
          <x:th id="ID_7001658" HAlignment="Left" VAlignment="Top" align="left" valign="top">
            <x:p id="ID_7001659">Threshold lighting</x:p>
            <x:p id="ID_7001660">Colour/ </x:p>
            <x:p id="ID_7001661">Wing bars</x:p>
          </x:th>
          <x:th id="ID_7001662" HAlignment="Left" VAlignment="Top" align="left" valign="top">
            <x:p id="ID_7001663">VASIS/</x:p>
            <x:p id="ID_7001664">MEHT/</x:p>
            <x:p id="ID_7001665">PAPI</x:p>
          </x:th>
          <x:th id="ID_7001666" HAlignment="Left" VAlignment="Top" align="left" valign="top">
            <x:p id="ID_7001667">TDZ lighting</x:p>
            <x:p id="ID_7001668">Length</x:p>
          </x:th>
          <x:th id="ID_7001669" HAlignment="Left" VAlignment="Top" align="left" valign="top">
            <x:p id="ID_7001670">Runway Centre Line lighting</x:p>
            <x:p id="ID_7001671">Length/</x:p>
            <x:p id="ID_7001672">Spacing/</x:p>
            <x:p id="ID_7001673">Colour/</x:p>
            <x:p id="ID_7001674">Intensity</x:p>
          </x:th>
          <x:th id="ID_7001675" HAlignment="Left" VAlignment="Top" align="left" valign="top">
            <x:p id="ID_7001676">Runway edge lighting</x:p>
            <x:p id="ID_7001677">Length/</x:p>
            <x:p id="ID_7001678">Spacing/</x:p>
            <x:p id="ID_7001679">Colour/</x:p>
            <x:p id="ID_7001680">Intensity</x:p>
          </x:th>
          <x:th id="ID_7001681" HAlignment="Left" VAlignment="Top" align="left" valign="top">
            <x:p id="ID_7001682">Runway end lighting</x:p>
            <x:p id="ID_7001683">Colour/</x:p>
            <x:p id="ID_7001684">Wing bars</x:p>
          </x:th>
          <x:th id="ID_7001685" HAlignment="Left" VAlignment="Top" align="left" valign="top">
            <x:p id="ID_7001686">Stopway lighting</x:p>
            <x:p id="ID_7001687">Length/</x:p>
            <x:p id="ID_7001688">Colour</x:p>
          </x:th>
          <x:th id="ID_7001689" HAlignment="Left" VAlignment="Top" align="left" valign="top">
            <x:p id="ID_7001690">Remarks</x:p>
          </x:th>
        </x:tr>
        <x:tr id="ID_7001691">
          <x:th id="ID_7001692" HAlignment="Left" VAlignment="Top" align="left" valign="top">1</x:th>
          <x:th id="ID_7001693" HAlignment="Left" VAlignment="Top" align="left" valign="top">2</x:th>
          <x:th id="ID_7001694" HAlignment="Left" VAlignment="Top" align="left" valign="top">3</x:th>
          <x:th id="ID_7001695" HAlignment="Left" VAlignment="Top" align="left" valign="top">4</x:th>
          <x:th id="ID_7001696" HAlignment="Left" VAlignment="Top" align="left" valign="top">5</x:th>
          <x:th id="ID_7001697" HAlignment="Left" VAlignment="Top" align="left" valign="top">6</x:th>
          <x:th id="ID_7001698" HAlignment="Left" VAlignment="Top" align="left" valign="top">7</x:th>
          <x:th id="ID_7001699" HAlignment="Left" VAlignment="Top" align="left" valign="top">8</x:th>
          <x:th id="ID_7001700" HAlignment="Left" VAlignment="Top" align="left" valign="top">9</x:th>
          <x:th id="ID_7001701" HAlignment="Left" VAlignment="Top" align="left" valign="top">10</x:th>
        </x:tr>
      </x:thead>
      <x:tbody id="ID_7001702">
        <x:tr id="ID_7001703">
          <x:td id="ID_7001704" HAlignment="Left" VAlignment="Top" align="left" valign="top">&nbsp;</x:td>
          <x:td id="ID_7001705" HAlignment="Left" VAlignment="Top" align="left" valign="top">&nbsp;</x:td>
          <x:td id="ID_7001706" HAlignment="Left" VAlignment="Top" align="left" valign="top">&nbsp;</x:td>
          <x:td id="ID_7001707" HAlignment="Left" VAlignment="Top" align="left" valign="top">&nbsp;</x:td>
          <x:td id="ID_7001708" HAlignment="Left" VAlignment="Top" align="left" valign="top">&nbsp;</x:td>
          <x:td id="ID_7001709" HAlignment="Left" VAlignment="Top" align="left" valign="top">&nbsp;</x:td>
          <x:td id="ID_7001710" HAlignment="Left" VAlignment="Top" align="left" valign="top">&nbsp;</x:td>
          <x:td id="ID_7001711" HAlignment="Left" VAlignment="Top" align="left" valign="top">&nbsp;</x:td>
          <x:td id="ID_7001712" HAlignment="Left" VAlignment="Top" align="left" valign="top">&nbsp;</x:td>
          <x:td id="ID_7001713" HAlignment="Left" VAlignment="Top" align="left" valign="top">&nbsp;</x:td>
        </x:tr>
        <x:tr id="ID_7001714">
          <x:td id="ID_7001715" HAlignment="Left" VAlignment="Top" align="left" valign="top">&nbsp;</x:td>
          <x:td id="ID_7001716" HAlignment="Left" VAlignment="Top" align="left" valign="top">&nbsp;</x:td>
          <x:td id="ID_7001717" HAlignment="Left" VAlignment="Top" align="left" valign="top">&nbsp;</x:td>
          <x:td id="ID_7001718" HAlignment="Left" VAlignment="Top" align="left" valign="top">&nbsp;</x:td>
          <x:td id="ID_7001719" HAlignment="Left" VAlignment="Top" align="left" valign="top">&nbsp;</x:td>
          <x:td id="ID_7001720" HAlignment="Left" VAlignment="Top" align="left" valign="top">&nbsp;</x:td>
          <x:td id="ID_7001721" HAlignment="Left" VAlignment="Top" align="left" valign="top">&nbsp;</x:td>
          <x:td id="ID_7001722" HAlignment="Left" VAlignment="Top" align="left" valign="top">&nbsp;</x:td>
          <x:td id="ID_7001723" HAlignment="Left" VAlignment="Top" align="left" valign="top">&nbsp;</x:td>
          <x:td id="ID_7001724" HAlignment="Left" VAlignment="Top" align="left" valign="top">&nbsp;</x:td>
        </x:tr>
      </x:tbody>
    </x:table>
  </e:AD-2.14>
  <e:AD-2.15 id="EGKA-AD-2.15" Number="AD 2.15">
    <GreenBorder id="ID_7001726" />
    <e:Title id="ID_7001727">OTHER&nbsp;LIGHTING,&nbsp;SECONDARY&nbsp;POWER&nbsp;SUPPLY</e:Title>
    <x:table id="ID_7001729" class="">
      <x:tbody id="ID_7001730">
        <x:tr id="ID_7001731">
          <x:td id="ID_7001732" HAlignment="Left" VAlignment="Top" align="left" valign="top">1</x:td>
          <x:td id="ID_7001733" HAlignment="Left" VAlignment="Top" align="left" valign="top">
            <x:p id="ID_7001734">ABN/IBN location, characteristics and hours of operation</x:p>
          </x:td>
          <x:td id="ID_7001735" HAlignment="Left" VAlignment="Top" align="left" valign="top">&nbsp;</x:td>
        </x:tr>
        <x:tr id="ID_7001736">
          <x:td id="ID_7001737" HAlignment="Left" VAlignment="Top" align="left" valign="top">2</x:td>
          <x:td id="ID_7001738" HAlignment="Left" VAlignment="Top" align="left" valign="top">
            <x:p id="ID_7001739">LDI location and lighting</x:p>
            <x:p id="ID_7001740">Anemometer location and lighting</x:p>
          </x:td>
          <x:td id="ID_7001741" HAlignment="Left" VAlignment="Top" align="left" valign="top">&nbsp;</x:td>
        </x:tr>
        <x:tr id="ID_7001742">
          <x:td id="ID_7001743" HAlignment="Left" VAlignment="Top" align="left" valign="top">3</x:td>
          <x:td id="ID_7001744" HAlignment="Left" VAlignment="Top" align="left" valign="top">
            <x:p id="ID_7001745">TWY edge and centre line lighting</x:p>
          </x:td>
          <x:td id="ID_7001746" HAlignment="Left" VAlignment="Top" align="left" valign="top">&nbsp;</x:td>
        </x:tr>
        <x:tr id="ID_7001747">
          <x:td id="ID_7001748" HAlignment="Left" VAlignment="Top" align="left" valign="top">4</x:td>
          <x:td id="ID_7001749" HAlignment="Left" VAlignment="Top" align="left" valign="top">
            <x:p id="ID_7001750">Secondary power supply/switch-over time</x:p>
          </x:td>
          <x:td id="ID_7001751" HAlignment="Left" VAlignment="Top" align="left" valign="top">&nbsp;</x:td>
        </x:tr>
        <x:tr id="ID_7001752">
          <x:td id="ID_7001753" HAlignment="Left" VAlignment="Top" align="left" valign="top">5</x:td>
          <x:td id="ID_7001754" HAlignment="Left" VAlignment="Top" align="left" valign="top">
            <x:p id="ID_7001755">Remarks</x:p>
          </x:td>
          <x:td id="ID_7001756" HAlignment="Left" VAlignment="Top" align="left" valign="top">&nbsp;</x:td>
        </x:tr>
      </x:tbody>
    </x:table>
  </e:AD-2.15>
  <e:AD-2.16 id="EGKA-AD-2.16" Number="AD 2.16">
    <GreenBorder id="ID_7001758" />
    <e:Title id="ID_7001759">HELICOPTER&nbsp;LANDING&nbsp;AREA</e:Title>
    <x:table id="ID_7001761" class="">
      <x:tbody id="ID_7001762">
        <x:tr id="ID_7001763">
          <x:td id="ID_7001764" HAlignment="Left" VAlignment="Top" align="left" valign="top">1</x:td>
          <x:td id="ID_7001765" HAlignment="Left" VAlignment="Top" align="left" valign="top">
            <x:p id="ID_7001766">Coordinates TLOF or THR of FATO</x:p>
            <x:p id="ID_7001767">Geoid undulation</x:p>
          </x:td>
          <x:td id="ID_7001768" HAlignment="Left" VAlignment="Top" align="left" valign="top">&nbsp;</x:td>
        </x:tr>
        <x:tr id="ID_7001769">
          <x:td id="ID_7001770" HAlignment="Left" VAlignment="Top" align="left" valign="top">2</x:td>
          <x:td id="ID_7001771" HAlignment="Left" VAlignment="Top" align="left" valign="top">
            <x:p id="ID_7001772">TLOF and/or FATO elevation M/FT</x:p>
          </x:td>
          <x:td id="ID_7001773" HAlignment="Left" VAlignment="Top" align="left" valign="top">&nbsp;</x:td>
        </x:tr>
        <x:tr id="ID_7001774">
          <x:td id="ID_7001775" HAlignment="Left" VAlignment="Top" align="left" valign="top">3</x:td>
          <x:td id="ID_7001776" HAlignment="Left" VAlignment="Top" align="left" valign="top">
            <x:p id="ID_7001777">TLOF and FATO area dimensions, surface, strength, marking</x:p>
          </x:td>
          <x:td id="ID_7001778" HAlignment="Left" VAlignment="Top" align="left" valign="top">&nbsp;</x:td>
        </x:tr>
        <x:tr id="ID_7001779">
          <x:td id="ID_7001780" HAlignment="Left" VAlignment="Top" align="left" valign="top">4</x:td>
          <x:td id="ID_7001781" HAlignment="Left" VAlignment="Top" align="left" valign="top">
            <x:p id="ID_7001782">True BRG of FATO</x:p>
          </x:td>
          <x:td id="ID_7001783" HAlignment="Left" VAlignment="Top" align="left" valign="top">&nbsp;</x:td>
        </x:tr>
        <x:tr id="ID_7001784">
          <x:td id="ID_7001785" HAlignment="Left" VAlignment="Top" align="left" valign="top">5</x:td>
          <x:td id="ID_7001786" HAlignment="Left" VAlignment="Top" align="left" valign="top">
            <x:p id="ID_7001787">Declared distance available</x:p>
          </x:td>
          <x:td id="ID_7001788" HAlignment="Left" VAlignment="Top" align="left" valign="top">&nbsp;</x:td>
        </x:tr>
        <x:tr id="ID_7001789">
          <x:td id="ID_7001790" HAlignment="Left" VAlignment="Top" align="left" valign="top">6</x:td>
          <x:td id="ID_7001791" HAlignment="Left" VAlignment="Top" align="left" valign="top">
            <x:p id="ID_7001792">APP and FATO lighting</x:p>
          </x:td>
          <x:td id="ID_7001793" HAlignment="Left" VAlignment="Top" align="left" valign="top">&nbsp;</x:td>
        </x:tr>
        <x:tr id="ID_7001794">
          <x:td id="ID_7001795" HAlignment="Left" VAlignment="Top" align="left" valign="top">7</x:td>
          <x:td id="ID_7001796" HAlignment="Left" VAlignment="Top" align="left" valign="top">
            <x:p id="ID_7001797">Remarks</x:p>
          </x:td>
          <x:td id="ID_7001798" HAlignment="Left" VAlignment="Top" align="left" valign="top">&nbsp;</x:td>
        </x:tr>
      </x:tbody>
    </x:table>
  </e:AD-2.16>
  <e:AD-2.17 id="EGKA-AD-2.17" Number="AD 2.17">
    <GreenBorder id="ID_7001800" />
    <e:Title id="ID_7001801">AIR TRAFFIC SERVICES&nbsp;AIRSPACE</e:Title>
    <x:table id="ID_7001803" class="">
      <x:thead id="ID_7001804">
        <x:tr id="ID_7001805">
          <x:th id="ID_7001806" HAlignment="Left" VAlignment="Top" align="left" valign="top">
            <x:p id="ID_7001807">Designation and</x:p>
            <x:p id="ID_7001808">lateral limits</x:p>
          </x:th>
          <x:th id="ID_7001809" HAlignment="Left" VAlignment="Top" align="left" valign="top">
            <x:p id="ID_7001810">Vertical Limits</x:p>
          </x:th>
          <x:th id="ID_7001811" HAlignment="Left" VAlignment="Top" align="left" valign="top">
            <x:p id="ID_7001812">Airspace Class</x:p>
          </x:th>
          <x:th id="ID_7001813" HAlignment="Left" VAlignment="Top" align="left" valign="top">
            <x:p id="ID_7001814">ATS unit callsign/ language</x:p>
          </x:th>
          <x:th id="ID_7001815" HAlignment="Left" VAlignment="Top" align="left" valign="top">
            <x:p id="ID_7001816">Transition Altitude</x:p>
          </x:th>
          <x:th id="ID_7001817" HAlignment="Left" VAlignment="Top" align="left" valign="top">
            <x:p id="ID_7001818">Hours of Applicability</x:p>
          </x:th>
          <x:th id="ID_7001819" HAlignment="Left" VAlignment="Top" align="left" valign="top">
            <x:p id="ID_7001820">Remarks</x:p>
          </x:th>
        </x:tr>
        <x:tr id="ID_7001821">
          <x:th id="ID_7001822" HAlignment="Left" VAlignment="Top" align="left" valign="top">1</x:th>
          <x:th id="ID_7001823" HAlignment="Left" VAlignment="Top" align="left" valign="top">2</x:th>
          <x:th id="ID_7001824" HAlignment="Left" VAlignment="Top" align="left" valign="top">3</x:th>
          <x:th id="ID_7001825" HAlignment="Left" VAlignment="Top" align="left" valign="top">4</x:th>
          <x:th id="ID_7001826" HAlignment="Left" VAlignment="Top" align="left" valign="top">5</x:th>
          <x:th id="ID_7001827" HAlignment="Left" VAlignment="Top" align="left" valign="top">6</x:th>
          <x:th id="ID_7001828" HAlignment="Left" VAlignment="Top" align="left" valign="top">7</x:th>
        </x:tr>
      </x:thead>
      <x:tbody id="ID_7001829">
        <x:tr id="ID_7001830">
          <x:td id="ID_7001831" HAlignment="Left" VAlignment="Top" align="left" valign="top">&nbsp;</x:td>
          <x:td id="ID_7001832" HAlignment="Left" VAlignment="Top" align="left" valign="top">&nbsp;</x:td>
          <x:td id="ID_7001833" HAlignment="Left" VAlignment="Top" align="left" valign="top">&nbsp;</x:td>
          <x:td id="ID_7001834" HAlignment="Left" VAlignment="Top" align="left" valign="top">&nbsp;</x:td>
          <x:td id="ID_7001835" HAlignment="Left" VAlignment="Top" align="left" valign="top">&nbsp;</x:td>
          <x:td id="ID_7001836" HAlignment="Left" VAlignment="Top" align="left" valign="top">&nbsp;</x:td>
          <x:td id="ID_7001837" HAlignment="Left" VAlignment="Top" align="left" valign="top">&nbsp;</x:td>
        </x:tr>
        <x:tr id="ID_7001838">
          <x:td id="ID_7001839" HAlignment="Left" VAlignment="Top" align="left" valign="top">&nbsp;</x:td>
          <x:td id="ID_7001840" HAlignment="Left" VAlignment="Top" align="left" valign="top">&nbsp;</x:td>
          <x:td id="ID_7001841" HAlignment="Left" VAlignment="Top" align="left" valign="top">&nbsp;</x:td>
          <x:td id="ID_7001842" HAlignment="Left" VAlignment="Top" align="left" valign="top">&nbsp;</x:td>
          <x:td id="ID_7001843" HAlignment="Left" VAlignment="Top" align="left" valign="top">&nbsp;</x:td>
          <x:td id="ID_7001844" HAlignment="Left" VAlignment="Top" align="left" valign="top">&nbsp;</x:td>
          <x:td id="ID_7001845" HAlignment="Left" VAlignment="Top" align="left" valign="top">&nbsp;</x:td>
        </x:tr>
      </x:tbody>
    </x:table>
  </e:AD-2.17>
  <e:AD-2.18 id="EGKA-AD-2.18" Number="AD 2.18">
    <GreenBorder id="ID_7001847" />
    <e:Title id="ID_7001848">AIR TRAFFIC SERVICES&nbsp;COMMUNICATION&nbsp;FACILITIES</e:Title>
    <x:table id="ID_7001850" class="">
      <x:thead id="ID_7001851">
        <x:tr id="ID_7001852">
          <x:th id="ID_7001853" HAlignment="Left" VAlignment="Top" align="left" valign="top">
            <x:p id="ID_7001854">Service designation</x:p>
          </x:th>
          <x:th id="ID_7001855" HAlignment="Left" VAlignment="Top" align="left" valign="top">
            <x:p id="ID_7001856">Callsign</x:p>
          </x:th>
          <x:th id="ID_7001857" HAlignment="Left" VAlignment="Top" align="left" valign="top">
            <x:p id="ID_7001858">Channel(s)</x:p>
          </x:th>
          <x:th id="ID_7001859" HAlignment="Left" VAlignment="Top" align="left" valign="top">
            <x:p id="ID_7001860">Hours of </x:p>
            <x:p id="ID_7001861">Operation</x:p>
          </x:th>
          <x:th id="ID_7001862" HAlignment="Left" VAlignment="Top" align="left" valign="top">
            <x:p id="ID_7001863">Remarks</x:p>
          </x:th>
        </x:tr>
        <x:tr id="ID_7001864">
          <x:th id="ID_7001865" HAlignment="Left" VAlignment="Top" align="left" valign="top">1</x:th>
          <x:th id="ID_7001866" HAlignment="Left" VAlignment="Top" align="left" valign="top">2</x:th>
          <x:th id="ID_7001867" HAlignment="Left" VAlignment="Top" align="left" valign="top">3</x:th>
          <x:th id="ID_7001868" HAlignment="Left" VAlignment="Top" align="left" valign="top">4</x:th>
          <x:th id="ID_7001869" HAlignment="Left" VAlignment="Top" align="left" valign="top">5</x:th>
        </x:tr>
      </x:thead>
      <x:tbody id="ID_7001870">
        <x:tr id="ID_7001871">
          <x:td id="ID_7001872" HAlignment="Left" VAlignment="Top" align="left" valign="top">&nbsp;</x:td>
          <x:td id="ID_7001873" HAlignment="Left" VAlignment="Top" align="left" valign="top">&nbsp;</x:td>
          <x:td id="ID_7001874" HAlignment="Left" VAlignment="Top" align="left" valign="top">&nbsp;</x:td>
          <x:td id="ID_7001875" HAlignment="Left" VAlignment="Top" align="left" valign="top">&nbsp;</x:td>
          <x:td id="ID_7001876" HAlignment="Left" VAlignment="Top" align="left" valign="top">&nbsp;</x:td>
        </x:tr>
        <x:tr id="ID_7001877">
          <x:td id="ID_7001878" HAlignment="Left" VAlignment="Top" align="left" valign="top">&nbsp;</x:td>
          <x:td id="ID_7001879" HAlignment="Left" VAlignment="Top" align="left" valign="top">&nbsp;</x:td>
          <x:td id="ID_7001880" HAlignment="Left" VAlignment="Top" align="left" valign="top">&nbsp;</x:td>
          <x:td id="ID_7001881" HAlignment="Left" VAlignment="Top" align="left" valign="top">&nbsp;</x:td>
          <x:td id="ID_7001882" HAlignment="Left" VAlignment="Top" align="left" valign="top">&nbsp;</x:td>
        </x:tr>
      </x:tbody>
    </x:table>
  </e:AD-2.18>
  <e:AD-2.19 id="EGKA-AD-2.19" Number="AD 2.19">
    <GreenBorder id="ID_7001884" />
    <e:Title id="ID_7001885">RADIO&nbsp;NAVIGATION&nbsp;AND&nbsp;LANDING&nbsp;AIDS</e:Title>
    <x:table id="ID_7001887" class="">
      <x:thead id="ID_7001888">
        <x:tr id="ID_7001889">
          <x:th id="ID_7001890" HAlignment="Left" VAlignment="Top" align="left" valign="top">
            <x:p id="ID_7001891">Type of Aid CAT&nbsp;of&nbsp;ILS/MLS</x:p>
            <x:p id="ID_7001892">(For VOR/ILS/MLS, give VAR)</x:p>
          </x:th>
          <x:th id="ID_7001893" HAlignment="Left" VAlignment="Top" align="left" valign="top">
            <x:p id="ID_7001894">Ident</x:p>
          </x:th>
          <x:th id="ID_7001895" HAlignment="Left" VAlignment="Top" align="left" valign="top">
            <x:p id="ID_7001896">Frequency</x:p>
            <x:p id="ID_7001897">channel number(s), service provider, and reference path identifier(s) (RPI)</x:p>
          </x:th>
          <x:th id="ID_7001898" HAlignment="Left" VAlignment="Top" align="left" valign="top">
            <x:p id="ID_7001899">Hours of Operation</x:p>
          </x:th>
          <x:th id="ID_7001900" HAlignment="Left" VAlignment="Top" align="left" valign="top">
            <x:p id="ID_7001901">Position of transmitting antenna co-ordinates</x:p>
          </x:th>
          <x:th id="ID_7001902" HAlignment="Left" VAlignment="Top" align="left" valign="top">
            <x:p id="ID_7001903">Elevation of DME transmitting antenna</x:p>
            <x:p id="ID_7001904">GBAS, SBAS, LTP, FTP values</x:p>
          </x:th>
          <x:th id="ID_7001905" HAlignment="Left" VAlignment="Top" align="left" valign="top">
            <x:p id="ID_7001906">Remarks</x:p>
          </x:th>
        </x:tr>
        <x:tr id="ID_7001907">
          <x:th id="ID_7001908" HAlignment="Left" VAlignment="Top" align="left" valign="top">1</x:th>
          <x:th id="ID_7001909" HAlignment="Left" VAlignment="Top" align="left" valign="top">2</x:th>
          <x:th id="ID_7001910" HAlignment="Left" VAlignment="Top" align="left" valign="top">3</x:th>
          <x:th id="ID_7001911" HAlignment="Left" VAlignment="Top" align="left" valign="top">4</x:th>
          <x:th id="ID_7001912" HAlignment="Left" VAlignment="Top" align="left" valign="top">5</x:th>
          <x:th id="ID_7001913" HAlignment="Left" VAlignment="Top" align="left" valign="top">6</x:th>
          <x:th id="ID_7001914" HAlignment="Left" VAlignment="Top" align="left" valign="top">7</x:th>
        </x:tr>
      </x:thead>
      <x:tbody id="ID_7001915">
        <x:tr id="ID_7001916">
          <x:td id="ID_7001917" HAlignment="Left" VAlignment="Top" align="left" valign="top">&nbsp;</x:td>
          <x:td id="ID_7001918" HAlignment="Left" VAlignment="Top" align="left" valign="top">&nbsp;</x:td>
          <x:td id="ID_7001919" HAlignment="Left" VAlignment="Top" align="left" valign="top">&nbsp;</x:td>
          <x:td id="ID_7001920" HAlignment="Left" VAlignment="Top" align="left" valign="top">&nbsp;</x:td>
          <x:td id="ID_7001921" HAlignment="Left" VAlignment="Top" align="left" valign="top">&nbsp;</x:td>
          <x:td id="ID_7001922" HAlignment="Left" VAlignment="Top" align="left" valign="top">&nbsp;</x:td>
          <x:td id="ID_7001923" HAlignment="Left" VAlignment="Top" align="left" valign="top">&nbsp;</x:td>
        </x:tr>
      </x:tbody>
    </x:table>
  </e:AD-2.19>
  <e:AD-2.20 id="EGKA-AD-2.20" Number="AD 2.20">
    <GreenBorder id="ID_7001925" />
    <e:Title id="ID_7001926">LOCAL&nbsp;AERODROME&nbsp;REGULATIONS</e:Title>
    <x:div class="RP">
      <x:span class="sdParams" style="display:none;">TRULES_PROC;RULES_PROC_ID;7277</x:span>
      <e:Sub-section Number="1" id="EGKA-AD-2.20.1">
        <e:Title id="ID_7001928">Airport Regulations</e:Title>
        <x:ol id="ID_7001929" class="Numbered">
          <x:li id="ID_7001930">
            <x:p id="ID_7001931">Use of this airport by aircraft not able to communicate with ATC by radio subject to prior permission.</x:p>
          </x:li>
          <x:li id="ID_7001932">
            <x:p id="ID_7001933">Standard light signals should be followed.</x:p>
          </x:li>
          <x:li id="ID_7001934">
            <x:p id="ID_7001935">High visibility clothing is mandatory airside. Groups of two or more people can be escorted by one wearer of high-visibility clothing (tabard/jacket) if kept together.</x:p>
          </x:li>
          <x:li id="ID_7001936">
            <x:p id="ID_7001937">Local council by-laws prohibit dogs airside. Pilots wishing to fly in/out with dogs to call Fire Crew to arrange transport to/from aircraft prior to flight. Dogs will be expected to be in suitable dog-carriers or carried by handler/owner.</x:p>
          </x:li>
          <x:li id="ID_7001938">
            <x:p id="ID_7001939">While airside, each aircraft commander is responsible for the safety of their passengers and other crew members. Passengers are at all times to be escorted by a person who is known to be competent to ensure both his/her and the passenger’s safety.</x:p>
          </x:li>
          <x:li id="ID_7001940">
            <x:p id="ID_7001941">The parking rows numbered 70, 71, etc, must only be accessed by persons attending the aircraft for flight purposes. No visitors or sightseers are permitted.</x:p>
          </x:li>
          <x:li id="ID_7001942">
            <x:p id="ID_7001943">When taxiing on the grass, keep to cut grass taxiways. The longer (uncut) grass areas are not inspected and are unfit for manoeuvring of any type.</x:p>
          </x:li>
          <x:li id="ID_7001944">
            <x:p id="ID_7001945">Maintenance is prohibited in all parking areas and main concrete apron without the express prior permission of ATS.</x:p>
          </x:li>
          <x:li id="ID_7001946">
            <x:p id="ID_7001947">Out of hours movements (fixed-wing and rotary) are strictly prohibited without an agreed extension to services. All prior agreements, authorizations and permits are withdrawn and are void.</x:p>
          </x:li>
          <x:li id="ID_7001948">
            <x:p id="ID_7001949">All visiting aircraft report to the Airport RFFS office 'C'.</x:p>
          </x:li>
          <x:li id="ID_7001950">
            <x:p id="ID_7001951">The carriage of dangerous goods into or out of EGKA, as specified by the Air Navigation (Dangerous Goods) Regulations 2002, is strictly prohibited.</x:p>
          </x:li>
          <x:li id="ID_7001952">
            <x:p id="ID_7001953">Use of this aerodrome is subject to the published schedule of fees, charges, terms and conditions. Copies are available from Airport administration.</x:p>
          </x:li>
        </x:ol>
      </e:Sub-section>
      <e:Sub-section Number="2" id="EGKA-AD-2.20.2">
        <e:Title id="ID_7001955">Ground Movement</e:Title>
        <x:p id="ID_7001956">Not applicable</x:p>
      </e:Sub-section>
      <e:Sub-section Number="3" id="EGKA-AD-2.20.3">
        <e:Title id="ID_7001958">CAT II/III Operations</e:Title>
        <x:p id="ID_7001959">Not applicable</x:p>
      </e:Sub-section>
      <e:Sub-section Number="4" id="EGKA-AD-2.20.4">
        <e:Title id="ID_7001961">Warnings</e:Title>
        <x:ol id="ID_7001962" class="Numbered">
          <x:li id="ID_7001963">
            <x:p id="ID_7001964">Aircraft approaching Runway 02 are reminded of displaced threshold and should NOT attempt to touch down on the numbers or the threshold line. Pilots to follow PAPIs (MEHT 16 ft) in order to safely overfly trains and railway line embankment on very short final.</x:p>
          </x:li>
          <x:li id="ID_7001965">
            <x:p id="ID_7001966">Caution soft ground either side of Taxiway Kilo. Enter and exit on marked points only.</x:p>
          </x:li>
          <x:li id="ID_7001967">
            <x:p id="ID_7001968">Caution should be used when taxiing on Taxiway A to ensure adequate wing-tip separation from aircraft holding at Hold C.</x:p>
          </x:li>
          <x:li id="ID_7001969">
            <x:p id="ID_7001970">After heavy rain, standing water may persist on grass areas.</x:p>
          </x:li>
          <x:li id="ID_7001971">
            <x:p id="ID_7001972">Caution, model aircraft fly adjacent to Runway 20 approach on the hills at approximately 1 nm from the threshold up to 700 ft amsl.</x:p>
          </x:li>
          <x:li id="ID_7001973">
            <x:p id="ID_7001974">Caution, kite flying along the coast and on other areas within the ATZ up to 100 ft agl.</x:p>
          </x:li>
          <x:li id="ID_7001975">
            <x:p id="ID_7001976">Caution, turbulence may be encountered on final approach Runway 24 over the river, especially when the tide is out.</x:p>
          </x:li>
          <x:li id="ID_7001977">
            <x:p id="ID_7001978">Runway 06/24 is uneven and bumpy in areas.</x:p>
          </x:li>
          <x:li id="ID_7001979">
            <x:p id="ID_7001980">HT Cables to the north east of aerodrome, running north east – south west, 585 ft amsl at 2 nm.<x:br />South Downs to the north of the aerodrome, rising to 783 ft amsl at 4 nm.</x:p>
          </x:li>
          <x:li id="ID_7001981">
            <x:p id="ID_7001982">Caution, reduced wing tip clearance between taxiing and parked aircraft on main concrete apron. Marshalling guidance can be provided via ATC/RFFS.</x:p>
          </x:li>
          <x:li id="ID_7001983">
            <x:p id="ID_7001984">Caution, flocks of birds can descend on the aerodrome quickly. Pilots may face delays if birds are difficult to disperse.</x:p>
          </x:li>
          <x:li id="ID_7001985">
            <x:p id="ID_7001986">Grass cutting will take place on the aerodrome daily between April and October. Large grass bales will be present during major cutting operations in July/August.</x:p>
          </x:li>
          <x:li id="ID_7001987">
            <x:p id="ID_7001988">Restrictions to operations may be applied for any special event taking place on the aerodrome. See NOTAM as issued.</x:p>
          </x:li>
          <x:li id="ID_7001989">
            <x:p id="ID_7001990">Restrictions to operations will be applied during LVPs. Only the hard runway and Taxiway Alpha will be in use.</x:p>
          </x:li>
        </x:ol>
      </e:Sub-section>
      <e:Sub-section Number="5" id="EGKA-AD-2.20.5">
        <e:Title id="ID_7001992">Helicopter Operations</e:Title>
        <x:ol id="ID_7001993" class="Numbered">
          <x:li id="ID_7001994">
            <x:p id="ID_7001995">Helicopter circuits from HTAs 'W' and 'X' are frequently active below the fixed-wing 'dead-side' and 'live-side' circuit patterns subject to the runway(s) in use. All helicopter circuits shall be not above 600 ft QNH (unless otherwise authorised) and negative RTF but maintaining a listening watch:</x:p>
            <x:ol id="ID_7001996" class="Numbered">
              <x:li id="ID_7001997">
                <x:p id="ID_7001998">HTA 'W' - Runway 02 in use - Left hand circuit, remain west of 02/20 runway strip.</x:p>
              </x:li>
              <x:li id="ID_7001999">
                <x:p id="ID_7002000">HTA 'W' - Runway 20 in use - Right hand circuit, remain west of 02/20 runway strip.</x:p>
              </x:li>
              <x:li id="ID_7002001">
                <x:p id="ID_7002002">HTA 'X' - Runway 06 in use - Left hand circuit, remain north of Runway 06/24 strip and cross Runway 02/20 strip as required.</x:p>
              </x:li>
              <x:li id="ID_7002003">
                <x:p id="ID_7002004">HTA 'X' - Runway 24 in use - Right hand circuit, remain north of Runway 06/24 strip and cross Runway 02/20 strip as required.</x:p>
              </x:li>
            </x:ol>
          </x:li>
          <x:li id="ID_7002005">
            <x:p id="ID_7002006">A sloping ground training area is situated adjacent to the northern windsock on the northwestern side of the aerodrome.</x:p>
          </x:li>
          <x:li id="ID_7002007">
            <x:p id="ID_7002008">All helicopter arrivals and departures shall enter/depart the ATZ not above 600 ft QNH unless otherwise authorised and request specific clearance to cross any runway strip.</x:p>
          </x:li>
          <x:li id="ID_7002009">
            <x:p id="ID_7002010">Helicopters should avoid overflying built up areas that are adjacent to the arrival/departure routes and should not fly along the river from the harbour entrance, but shall remain on the coast to the southeastern corner entry route of the aerodrome.</x:p>
          </x:li>
          <x:li id="ID_7002011">
            <x:p id="ID_7002012">Confined helicopter training area (HTA 'Q') is situated NNW of HTA 'W'. Not to be used by solo/student pilots.</x:p>
          </x:li>
        </x:ol>
      </e:Sub-section>
      <e:Sub-section Number="6" id="EGKA-AD-2.20.6">
        <e:Title id="ID_7002014">Use of Runways</e:Title>
        <x:ol id="ID_7002015" class="Numbered">
          <x:li id="ID_7002016">
            <x:p id="ID_7002017">More than one runway may be in use at any one time.</x:p>
          </x:li>
          <x:li id="ID_7002018">
            <x:p id="ID_7002019">Runway 02/20 will always be preferred subject to operational limitations. Aircraft departing Runway 20 should avoid overflying as much of the built up areas to the south as is practical.</x:p>
          </x:li>
          <x:li id="ID_7002020">
            <x:p id="ID_7002021">Circuit heights are 1100 ft aal for all runways.</x:p>
          </x:li>
          <x:li id="ID_7002022">
            <x:p id="ID_7002023">Variable circuits at discretion of ATC.</x:p>
          </x:li>
          <x:li id="ID_7002024">
            <x:p id="ID_7002025">Unless otherwise instructed aircraft joining the circuit will overfly the aerodrome maintaining 2000 ft aal, until instructed to descend to circuit height on the inactive (dead) side of the runway in use and join the circuit by crossing the upwind end. Pilots should note that there would frequently be helicopters operating both ‘liveside’ and ‘deadside’ in the ATZ up to 600 ft.</x:p>
          </x:li>
          <x:li id="ID_7002026">
            <x:p id="ID_7002027">Aircraft joining direct to the crosswind leg should arrange their flight to track over the upwind end of the runway-in-use, ie in the same position as if approaching it from the ‘deadside’. Unless otherwise instructed, this should be at circuit height.</x:p>
          </x:li>
          <x:li id="ID_7002028">
            <x:p id="ID_7002029">Departing aircraft shall not turn on course below 600 ft QNH unless approved by ATC.</x:p>
          </x:li>
          <x:li id="ID_7002030">
            <x:p id="ID_7002031">All fixed wing aircraft should be aware of helicopters operating live side and dead side beneath the fixed wing circuit patterns.</x:p>
          </x:li>
          <x:li id="ID_7002032">
            <x:p id="ID_7002033">Departing aircraft, and aircraft going around, should be aware of the possibility of aircraft on the crosswind leg at 1100 ft QFE.</x:p>
          </x:li>
          <x:li id="ID_7002034">
            <x:p id="ID_7002035">PAPIs are to be used for Runway 02/20 asphalt only, not for grass 02/20.</x:p>
          </x:li>
          <x:li id="ID_7002036">
            <x:p id="ID_7002037">The Runways 02/20 asphalt and 02/20 grass are operated as a single runway strip. No simultaneous parallel approaches or departures are permitted.</x:p>
          </x:li>
        </x:ol>
      </e:Sub-section>
      <e:Sub-section Number="7" id="EGKA-AD-2.20.7">
        <e:Title id="ID_7002039">Training</e:Title>
        <x:ol id="ID_7002040" class="Numbered">
          <x:li id="ID_7002041">
            <x:p id="ID_7002042">Circuit training (fixed-wing and rotary) is not permitted Sundays. It is permitted Mondays 1000-Closing time (local) and Tuesday-Saturday 1000-1800 (local).</x:p>
          </x:li>
          <x:li id="ID_7002043">
            <x:p id="ID_7002044">Runway 13/31 is not available for touch and go landing.</x:p>
          </x:li>
          <x:li id="ID_7002045">
            <x:p id="ID_7002046">Only Runways 02 and 31 may be used for practice engine failure after take-off.</x:p>
          </x:li>
          <x:li id="ID_7002047">
            <x:p id="ID_7002048">Instrument training for residents and visitors is strictly PPR.</x:p>
          </x:li>
          <x:li id="ID_7002049">
            <x:p id="ID_7002050">Qualifying cross country flights are strictly PPR.</x:p>
          </x:li>
        </x:ol>
      </e:Sub-section>
    </x:div>
  </e:AD-2.20>
  <e:AD-2.21 id="EGKA-AD-2.21" Number="AD 2.21">
    <GreenBorder id="ID_7002052" />
    <e:Title id="ID_7002053">NOISE ABATEMENT PROCEDURES</e:Title>
    <x:div class="RP">
      <x:span class="sdParams" style="display:none;">TRULES_PROC;RULES_PROC_ID;7278</x:span>
      <x:ol id="ID_7002054" class="Numbered">
        <x:li id="ID_7002055">
          <x:p id="ID_7002056">Noise abatement techniques should be practiced at all times, the area to the east and west being particularly sensitive.</x:p>
        </x:li>
        <x:li id="ID_7002057">
          <x:p id="ID_7002058">Aircraft departing Runway 20 should make a 10 degree turn to the right on reaching the railway line. This track should be maintained until reaching the coast before turning left or right on course.</x:p>
        </x:li>
        <x:li id="ID_7002059">
          <x:p id="ID_7002060">Runway 02/20 will be the preferred runway for noise abatement purposes.</x:p>
        </x:li>
        <x:li id="ID_7002061">
          <x:p id="ID_7002062">Aircraft engines should not be run outside notified operating hours without prior management approval via ATS or Fire Crew.</x:p>
        </x:li>
        <x:li id="ID_7002063">
          <x:p id="ID_7002064">Ground engine runs should not be performed adjacent to buildings, re-fuelling areas or on the concrete apron. These will normally be performed on Taxiway B, 'C' Loop or the Northern Loop. All ground runs are logged for noise abatement purposes by ATS.</x:p>
        </x:li>
        <x:li id="ID_7002065">
          <x:p id="ID_7002066">Extensive helicopter tracking details should not be completed adjacent to buildings.</x:p>
        </x:li>
        <x:li id="ID_7002067">
          <x:p id="ID_7002068">Extended helicopter operations at Runway 24 numbers and HTA 'E' are to be avoided unless a strong easterly wind prevails.</x:p>
        </x:li>
      </x:ol>
    </x:div>
  </e:AD-2.21>
  <e:AD-2.22 id="EGKA-AD-2.22" Number="AD 2.22">
    <GreenBorder id="ID_7002070" />
    <e:Title id="ID_7002071">FLIGHT PROCEDURES</e:Title>
    <x:div class="RP">
      <x:span class="sdParams" style="display:none;">TRULES_PROC;RULES_PROC_ID;7279</x:span>
      <e:Sub-section Number="1" id="EGKA-AD-2.22.1">
        <e:Title id="ID_7002073">Radio Communication Failure Procedures</e:Title>
        <x:ol id="ID_7002074" class="Numbered">
          <x:li id="ID_7002075">
            <x:p id="ID_7002076">In the event of an aircraft experiencing a radio failure during daytime, an aircraft should join overhead the aerodrome, fit into the traffic pattern and overfly the runway in use at 500 ft before positioning for landing.</x:p>
          </x:li>
        </x:ol>
      </e:Sub-section>
      <e:Sub-section Number="2" id="EGKA-AD-2.22.2">
        <e:Title id="ID_7002078">Instrument Approach Procedures</e:Title>
        <x:ol id="ID_7002079" class="Numbered">
          <x:li id="ID_7002080">
            <x:p id="ID_7002081">Instrument Approach Procedures (IAP) for this aerodrome are established outside controlled airspace. See ENR 1.5.</x:p>
          </x:li>
        </x:ol>
      </e:Sub-section>
      <e:Sub-section Number="3" id="EGKA-AD-2.22.3">
        <e:Title id="ID_7002083">ATS Services</e:Title>
        <x:ol id="ID_7002084" class="Numbered">
          <x:li id="ID_7002085">
            <x:p id="ID_7002086">Approach service may not be available every day.</x:p>
          </x:li>
        </x:ol>
      </e:Sub-section>
      <e:Sub-section Number="4" id="EGKA-AD-2.22.4">
        <e:Title id="ID_7002088">Visual Reference Points (VRP)</e:Title>
        <x:ol id="ID_7002089" class="Numbered">
          <x:li id="ID_7002090">
            <x:p id="ID_7002091">Visual Reference Points are established for use by aerodrome and enroute traffic as follows:</x:p>
            <x:table id="ID_7002093" class="">
              <x:thead id="ID_7002094">
                <x:tr id="ID_7002095">
                  <x:th id="ID_7002096" HAlignment="Center" VAlignment="Top" align="center" valign="top">
                    <x:p id="ID_7002097">VRP</x:p>
                  </x:th>
                  <x:th id="ID_7002098" HAlignment="Center" VAlignment="Top" align="center" valign="top">
                    <x:p id="ID_7002099">Co-ordinates</x:p>
                  </x:th>
                </x:tr>
              </x:thead>
              <x:tbody id="ID_7002100">
                <x:tr id="ID_7002101">
                  <x:td id="ID_7002102" HAlignment="Left" VAlignment="Top" align="left" valign="top">
                    <x:p id="ID_7002103">Brighton Marina</x:p>
                  </x:td>
                  <x:td id="ID_7002104" HAlignment="Left" VAlignment="Top" align="left" valign="top">
                    <x:p id="ID_7002105">504839N 0000603W</x:p>
                  </x:td>
                </x:tr>
                <x:tr id="ID_7002106">
                  <x:td id="ID_7002107" HAlignment="Left" VAlignment="Top" align="left" valign="top">
                    <x:p id="ID_7002108">Lewes Intersection (A27(T)/A26)</x:p>
                  </x:td>
                  <x:td id="ID_7002109" HAlignment="Left" VAlignment="Top" align="left" valign="top">
                    <x:p id="ID_7002110">505152N 0000127E</x:p>
                  </x:td>
                </x:tr>
                <x:tr id="ID_7002111">
                  <x:td id="ID_7002112" HAlignment="Left" VAlignment="Top" align="left" valign="top">
                    <x:p id="ID_7002113">Littlehampton</x:p>
                  </x:td>
                  <x:td id="ID_7002114" HAlignment="Left" VAlignment="Top" align="left" valign="top">
                    <x:p id="ID_7002115">504846N 0003247W</x:p>
                  </x:td>
                </x:tr>
                <x:tr id="ID_7002116">
                  <x:td id="ID_7002117" HAlignment="Left" VAlignment="Top" align="left" valign="top">
                    <x:p id="ID_7002118">Washington Intersection (A24/A283)</x:p>
                  </x:td>
                  <x:td id="ID_7002119" HAlignment="Left" VAlignment="Top" align="left" valign="top">
                    <x:p id="ID_7002120">505434N 0002428W</x:p>
                  </x:td>
                </x:tr>
              </x:tbody>
            </x:table>
          </x:li>
        </x:ol>
      </e:Sub-section>
    </x:div>
  </e:AD-2.22>
  <e:AD-2.23 id="EGKA-AD-2.23" Number="AD 2.23">
    <GreenBorder id="ID_7002122" />
    <e:Title id="ID_7002123">ADDITIONAL INFORMATION</e:Title>
    <x:div class="RP">
      <x:span class="sdParams" style="display:none;">TRULES_PROC;RULES_PROC_ID;7280</x:span>
      <x:p id="ID_7002124">Not applicable</x:p>
    </x:div>
  </e:AD-2.23>
  <e:AD-2.24 id="EGKA-AD-2.24" Number="AD 2.24">
    <GreenBorder id="ID_7002126" />
    <e:Title id="ID_7002127">CHARTS RELATED TO AN AERODROME</e:Title>
    <x:table id="ID_7002129" class="">
      <x:tbody id="ID_7002130">
        <x:tr id="ID_7002131">
          <x:td id="ID_7002132" HAlignment="Left" VAlignment="Top" align="left" valign="top">
            <x:p id="ID_7002133">
              <x:em id="ID_7002134" class="Italic">Figure: Aerodrome Chart - ICAO</x:em>
            </x:p>
          </x:td>
        </x:tr>
        <x:tr id="ID_7002135">
          <x:td id="ID_7002136" HAlignment="Left" VAlignment="Top" align="left" valign="top">
            <x:p id="ID_7002137">AD 2-EGAA-2-1</x:p>
          </x:td>
        </x:tr>
        <x:tr id="ID_7002138">
          <x:td id="ID_7002139" HAlignment="Left" VAlignment="Top" align="left" valign="top">&nbsp;</x:td>
        </x:tr>
        <x:tr id="ID_7002140">
          <x:td id="ID_7002141" HAlignment="Left" VAlignment="Top" align="left" valign="top">&nbsp;</x:td>
        </x:tr>
        <x:tr id="ID_7002142">
          <x:td id="ID_7002143" HAlignment="Left" VAlignment="Top" align="left" valign="top">&nbsp;</x:td>
        </x:tr>
        <x:tr id="ID_7002144">
          <x:td id="ID_7002145" HAlignment="Left" VAlignment="Top" align="left" valign="top">&nbsp;</x:td>
        </x:tr>
      </x:tbody>
    </x:table>
  </e:AD-2.24>
</e:Aerodrome>
