<?xml version="1.0" encoding="UTF-8"?>
<e:Aerodrome id="AD-2.EGED" Ref="ICAO-EGED" Title="EDAY" xmlns:e="http://www.eurocontrol.int/xmlns/AIM/eAIP" xmlns:x="http://www.w3.org/1999/xhtml" xmlns:xlink="http://www.w3.org/1999/xlink">
  <e:Title />
  <e:AD-2.1 id="EGED-AD-2.1" Number="AD 2.1">
    <GreenBorder id="ID_7412446" />
    <e:Title id="ID_7412447">AERODROME LOCATION INDICATOR AND NAME</e:Title>
    <e:Generated />
  </e:AD-2.1>
  <e:AD-2.2 id="EGED-AD-2.2" Number="AD 2.2">
    <GreenBorder id="ID_7412452" />
    <e:Title id="ID_7412453">AERODROME&nbsp;GEOGRAPHICAL&nbsp;AND&nbsp;ADMINISTRATIVE&nbsp;DATA</e:Title>
    <x:table id="ID_7412455" class="">
      <x:tbody id="ID_7412456">
        <x:tr id="ID_7412457">
          <x:td id="ID_7412458" HAlignment="Left" VAlignment="Top" align="left" valign="top">1</x:td>
          <x:td id="ID_7412459" HAlignment="Left" VAlignment="Top" align="left" valign="top">
            <x:p id="ID_7412460">ARP coordinates and site at AD</x:p>
          </x:td>
          <x:td id="ID_7412461" HAlignment="Left" VAlignment="Top" align="left" valign="top">&nbsp;</x:td>
        </x:tr>
        <x:tr id="ID_7412462">
          <x:td id="ID_7412463" HAlignment="Left" VAlignment="Top" align="left" valign="top">2</x:td>
          <x:td id="ID_7412464" HAlignment="Left" VAlignment="Top" align="left" valign="top">
            <x:p id="ID_7412465">Direction and distance from city</x:p>
          </x:td>
          <x:td id="ID_7412466" HAlignment="Left" VAlignment="Top" align="left" valign="top">&nbsp;</x:td>
        </x:tr>
        <x:tr id="ID_7412467">
          <x:td id="ID_7412468" HAlignment="Left" VAlignment="Top" align="left" valign="top">3</x:td>
          <x:td id="ID_7412469" HAlignment="Left" VAlignment="Top" align="left" valign="top">
            <x:p id="ID_7412470">Elevation / Reference temperature</x:p>
          </x:td>
          <x:td id="ID_7412471" HAlignment="Left" VAlignment="Top" align="left" valign="top">&nbsp;</x:td>
        </x:tr>
        <x:tr id="ID_7412472">
          <x:td id="ID_7412473" HAlignment="Left" VAlignment="Top" align="left" valign="top">4</x:td>
          <x:td id="ID_7412474" HAlignment="Left" VAlignment="Top" align="left" valign="top">
            <x:p id="ID_7412475">Geoid undulation at AD ELEV PSN</x:p>
          </x:td>
          <x:td id="ID_7412476" HAlignment="Left" VAlignment="Top" align="left" valign="top">&nbsp;</x:td>
        </x:tr>
        <x:tr id="ID_7412477">
          <x:td id="ID_7412478" HAlignment="Left" VAlignment="Top" align="left" valign="top">5</x:td>
          <x:td id="ID_7412479" HAlignment="Left" VAlignment="Top" align="left" valign="top">
            <x:p id="ID_7412480">Magnetic Variation / Annual Change</x:p>
          </x:td>
          <x:td id="ID_7412481" HAlignment="Left" VAlignment="Top" align="left" valign="top">&nbsp;</x:td>
        </x:tr>
        <x:tr id="ID_7412482">
          <x:td id="ID_7412483" HAlignment="Left" VAlignment="Top" align="left" valign="top">6</x:td>
          <x:td id="ID_7412484" HAlignment="Left" VAlignment="Top" align="left" valign="top">
            <x:p id="ID_7412485">AD Administration, address, telephone, telefax, AFS, e-mail address, website address</x:p>
          </x:td>
          <x:td id="ID_7412486" HAlignment="Left" VAlignment="Top" align="left" valign="top">&nbsp;</x:td>
        </x:tr>
        <x:tr id="ID_7412487">
          <x:td id="ID_7412488" HAlignment="Left" VAlignment="Top" align="left" valign="top">7</x:td>
          <x:td id="ID_7412489" HAlignment="Left" VAlignment="Top" align="left" valign="top">
            <x:p id="ID_7412490">Types of Traffic permitted (IFR/VFR)</x:p>
          </x:td>
          <x:td id="ID_7412491" HAlignment="Left" VAlignment="Top" align="left" valign="top">&nbsp;</x:td>
        </x:tr>
        <x:tr id="ID_7412492">
          <x:td id="ID_7412493" HAlignment="Left" VAlignment="Top" align="left" valign="top">8</x:td>
          <x:td id="ID_7412494" HAlignment="Left" VAlignment="Top" align="left" valign="top">
            <x:p id="ID_7412495">Remarks</x:p>
          </x:td>
          <x:td id="ID_7412496" HAlignment="Left" VAlignment="Top" align="left" valign="top">&nbsp;</x:td>
        </x:tr>
      </x:tbody>
    </x:table>
  </e:AD-2.2>
  <e:AD-2.3 id="EGED-AD-2.3" Number="AD 2.3">
    <GreenBorder id="ID_7412498" />
    <e:Title id="ID_7412499">OPERATIONAL&nbsp;HOURS</e:Title>
    <x:table id="ID_7412501" class="">
      <x:tbody id="ID_7412502">
        <x:tr id="ID_7412503">
          <x:td id="ID_7412504" HAlignment="Left" VAlignment="Top" align="left" valign="top">1</x:td>
          <x:td id="ID_7412505" HAlignment="Left" VAlignment="Top" align="left" valign="top">
            <x:p id="ID_7412506">Aerodrome Operator</x:p>
          </x:td>
          <x:td id="ID_7412507" HAlignment="Left" VAlignment="Top" align="left" valign="top">&nbsp;</x:td>
        </x:tr>
        <x:tr id="ID_7412508">
          <x:td id="ID_7412509" HAlignment="Left" VAlignment="Top" align="left" valign="top">2</x:td>
          <x:td id="ID_7412510" HAlignment="Left" VAlignment="Top" align="left" valign="top">
            <x:p id="ID_7412511">Customs and Immigration</x:p>
          </x:td>
          <x:td id="ID_7412512" HAlignment="Left" VAlignment="Top" align="left" valign="top">
            <x:p id="ID_7412513" />
          </x:td>
        </x:tr>
        <x:tr id="ID_7412514">
          <x:td id="ID_7412515" HAlignment="Left" VAlignment="Top" align="left" valign="top">3</x:td>
          <x:td id="ID_7412516" HAlignment="Left" VAlignment="Top" align="left" valign="top">
            <x:p id="ID_7412517">Health and sanitation</x:p>
          </x:td>
          <x:td id="ID_7412518" HAlignment="Left" VAlignment="Top" align="left" valign="top">&nbsp;</x:td>
        </x:tr>
        <x:tr id="ID_7412519">
          <x:td id="ID_7412520" HAlignment="Left" VAlignment="Top" align="left" valign="top">4</x:td>
          <x:td id="ID_7412521" HAlignment="Left" VAlignment="Top" align="left" valign="top">
            <x:p id="ID_7412522">AIS Briefing Office</x:p>
          </x:td>
          <x:td id="ID_7412523" HAlignment="Left" VAlignment="Top" align="left" valign="top">&nbsp;</x:td>
        </x:tr>
        <x:tr id="ID_7412524">
          <x:td id="ID_7412525" HAlignment="Left" VAlignment="Top" align="left" valign="top">5</x:td>
          <x:td id="ID_7412526" HAlignment="Left" VAlignment="Top" align="left" valign="top">
            <x:p id="ID_7412527">ATS Reporting Office (ARO)</x:p>
          </x:td>
          <x:td id="ID_7412528" HAlignment="Left" VAlignment="Top" align="left" valign="top">&nbsp;</x:td>
        </x:tr>
        <x:tr id="ID_7412529">
          <x:td id="ID_7412530" HAlignment="Left" VAlignment="Top" align="left" valign="top">6</x:td>
          <x:td id="ID_7412531" HAlignment="Left" VAlignment="Top" align="left" valign="top">
            <x:p id="ID_7412532">MET Briefing Office</x:p>
          </x:td>
          <x:td id="ID_7412533" HAlignment="Left" VAlignment="Top" align="left" valign="top">&nbsp;</x:td>
        </x:tr>
        <x:tr id="ID_7412534">
          <x:td id="ID_7412535" HAlignment="Left" VAlignment="Top" align="left" valign="top">7</x:td>
          <x:td id="ID_7412536" HAlignment="Left" VAlignment="Top" align="left" valign="top">
            <x:p id="ID_7412537">Air Traffic Service</x:p>
          </x:td>
          <x:td id="ID_7412538" HAlignment="Left" VAlignment="Top" align="left" valign="top">&nbsp;</x:td>
        </x:tr>
        <x:tr id="ID_7412539">
          <x:td id="ID_7412540" HAlignment="Left" VAlignment="Top" align="left" valign="top">8</x:td>
          <x:td id="ID_7412541" HAlignment="Left" VAlignment="Top" align="left" valign="top">
            <x:p id="ID_7412542">Fuelling</x:p>
          </x:td>
          <x:td id="ID_7412543" HAlignment="Left" VAlignment="Top" align="left" valign="top">&nbsp;</x:td>
        </x:tr>
        <x:tr id="ID_7412544">
          <x:td id="ID_7412545" HAlignment="Left" VAlignment="Top" align="left" valign="top">9</x:td>
          <x:td id="ID_7412546" HAlignment="Left" VAlignment="Top" align="left" valign="top">
            <x:p id="ID_7412547">Handling</x:p>
          </x:td>
          <x:td id="ID_7412548" HAlignment="Left" VAlignment="Top" align="left" valign="top">&nbsp;</x:td>
        </x:tr>
        <x:tr id="ID_7412549">
          <x:td id="ID_7412550" HAlignment="Left" VAlignment="Top" align="left" valign="top">10</x:td>
          <x:td id="ID_7412551" HAlignment="Left" VAlignment="Top" align="left" valign="top">
            <x:p id="ID_7412552">Security</x:p>
          </x:td>
          <x:td id="ID_7412553" HAlignment="Left" VAlignment="Top" align="left" valign="top">&nbsp;</x:td>
        </x:tr>
        <x:tr id="ID_7412554">
          <x:td id="ID_7412555" HAlignment="Left" VAlignment="Top" align="left" valign="top">11</x:td>
          <x:td id="ID_7412556" HAlignment="Left" VAlignment="Top" align="left" valign="top">
            <x:p id="ID_7412557">De-icing</x:p>
          </x:td>
          <x:td id="ID_7412558" HAlignment="Left" VAlignment="Top" align="left" valign="top">&nbsp;</x:td>
        </x:tr>
        <x:tr id="ID_7412559">
          <x:td id="ID_7412560" HAlignment="Left" VAlignment="Top" align="left" valign="top">12</x:td>
          <x:td id="ID_7412561" HAlignment="Left" VAlignment="Top" align="left" valign="top">
            <x:p id="ID_7412562">Remarks</x:p>
          </x:td>
          <x:td id="ID_7412563" HAlignment="Left" VAlignment="Top" align="left" valign="top">&nbsp;</x:td>
        </x:tr>
      </x:tbody>
    </x:table>
  </e:AD-2.3>
  <e:AD-2.4 id="EGED-AD-2.4" Number="AD 2.4">
    <GreenBorder id="ID_7412565" />
    <e:Title id="ID_7412566">HANDLING&nbsp;SERVICES&nbsp;AND&nbsp;FACILITIES</e:Title>
    <x:table id="ID_7412568" class="">
      <x:tbody id="ID_7412569">
        <x:tr id="ID_7412570">
          <x:td id="ID_7412571" HAlignment="Left" VAlignment="Top" align="left" valign="top">1</x:td>
          <x:td id="ID_7412572" HAlignment="Left" VAlignment="Top" align="left" valign="top">
            <x:p id="ID_7412573">Cargo handling facilities</x:p>
          </x:td>
          <x:td id="ID_7412574" HAlignment="Left" VAlignment="Top" align="left" valign="top">&nbsp;</x:td>
        </x:tr>
        <x:tr id="ID_7412575">
          <x:td id="ID_7412576" HAlignment="Left" VAlignment="Top" align="left" valign="top">2</x:td>
          <x:td id="ID_7412577" HAlignment="Left" VAlignment="Top" align="left" valign="top">
            <x:p id="ID_7412578">Fuel and oil types</x:p>
          </x:td>
          <x:td id="ID_7412579" HAlignment="Left" VAlignment="Top" align="left" valign="top">&nbsp;</x:td>
        </x:tr>
        <x:tr id="ID_7412580">
          <x:td id="ID_7412581" HAlignment="Left" VAlignment="Top" align="left" valign="top">3</x:td>
          <x:td id="ID_7412582" HAlignment="Left" VAlignment="Top" align="left" valign="top">
            <x:p id="ID_7412583">Fuelling facilities/capacity</x:p>
          </x:td>
          <x:td id="ID_7412584" HAlignment="Left" VAlignment="Top" align="left" valign="top">&nbsp;</x:td>
        </x:tr>
        <x:tr id="ID_7412585">
          <x:td id="ID_7412586" HAlignment="Left" VAlignment="Top" align="left" valign="top">4</x:td>
          <x:td id="ID_7412587" HAlignment="Left" VAlignment="Top" align="left" valign="top">
            <x:p id="ID_7412588">De-icing facilities</x:p>
          </x:td>
          <x:td id="ID_7412589" HAlignment="Left" VAlignment="Top" align="left" valign="top">&nbsp;</x:td>
        </x:tr>
        <x:tr id="ID_7412590">
          <x:td id="ID_7412591" HAlignment="Left" VAlignment="Top" align="left" valign="top">5</x:td>
          <x:td id="ID_7412592" HAlignment="Left" VAlignment="Top" align="left" valign="top">
            <x:p id="ID_7412593">Hangar space for visiting aircraft</x:p>
          </x:td>
          <x:td id="ID_7412594" HAlignment="Left" VAlignment="Top" align="left" valign="top">&nbsp;</x:td>
        </x:tr>
        <x:tr id="ID_7412595">
          <x:td id="ID_7412596" HAlignment="Left" VAlignment="Top" align="left" valign="top">6</x:td>
          <x:td id="ID_7412597" HAlignment="Left" VAlignment="Top" align="left" valign="top">
            <x:p id="ID_7412598">Repair facilities for visiting aircraft</x:p>
          </x:td>
          <x:td id="ID_7412599" HAlignment="Left" VAlignment="Top" align="left" valign="top">&nbsp;</x:td>
        </x:tr>
        <x:tr id="ID_7412600">
          <x:td id="ID_7412601" HAlignment="Left" VAlignment="Top" align="left" valign="top">7</x:td>
          <x:td id="ID_7412602" HAlignment="Left" VAlignment="Top" align="left" valign="top">
            <x:p id="ID_7412603">Remarks</x:p>
          </x:td>
          <x:td id="ID_7412604" HAlignment="Left" VAlignment="Top" align="left" valign="top">&nbsp;</x:td>
        </x:tr>
      </x:tbody>
    </x:table>
  </e:AD-2.4>
  <e:AD-2.5 id="EGED-AD-2.5" Number="AD 2.5">
    <GreenBorder id="ID_7412606" />
    <e:Title id="ID_7412607">PASSENGER&nbsp;FACILITIES</e:Title>
    <x:table id="ID_7412609" class="">
      <x:tbody id="ID_7412610">
        <x:tr id="ID_7412611">
          <x:td id="ID_7412612" HAlignment="Left" VAlignment="Top" align="left" valign="top">1</x:td>
          <x:td id="ID_7412613" HAlignment="Left" VAlignment="Top" align="left" valign="top">
            <x:p id="ID_7412614">Hotels</x:p>
          </x:td>
          <x:td id="ID_7412615" HAlignment="Left" VAlignment="Top" align="left" valign="top">&nbsp;</x:td>
        </x:tr>
        <x:tr id="ID_7412616">
          <x:td id="ID_7412617" HAlignment="Left" VAlignment="Top" align="left" valign="top">2</x:td>
          <x:td id="ID_7412618" HAlignment="Left" VAlignment="Top" align="left" valign="top">
            <x:p id="ID_7412619">Restaurants</x:p>
          </x:td>
          <x:td id="ID_7412620" HAlignment="Left" VAlignment="Top" align="left" valign="top">&nbsp;</x:td>
        </x:tr>
        <x:tr id="ID_7412621">
          <x:td id="ID_7412622" HAlignment="Left" VAlignment="Top" align="left" valign="top">3</x:td>
          <x:td id="ID_7412623" HAlignment="Left" VAlignment="Top" align="left" valign="top">
            <x:p id="ID_7412624">Transportation</x:p>
          </x:td>
          <x:td id="ID_7412625" HAlignment="Left" VAlignment="Top" align="left" valign="top">&nbsp;</x:td>
        </x:tr>
        <x:tr id="ID_7412626">
          <x:td id="ID_7412627" HAlignment="Left" VAlignment="Top" align="left" valign="top">4</x:td>
          <x:td id="ID_7412628" HAlignment="Left" VAlignment="Top" align="left" valign="top">
            <x:p id="ID_7412629">Medical facilities</x:p>
          </x:td>
          <x:td id="ID_7412630" HAlignment="Left" VAlignment="Top" align="left" valign="top">&nbsp;</x:td>
        </x:tr>
        <x:tr id="ID_7412631">
          <x:td id="ID_7412632" HAlignment="Left" VAlignment="Top" align="left" valign="top">5</x:td>
          <x:td id="ID_7412633" HAlignment="Left" VAlignment="Top" align="left" valign="top">
            <x:p id="ID_7412634">Bank and Post Office</x:p>
          </x:td>
          <x:td id="ID_7412635" HAlignment="Left" VAlignment="Top" align="left" valign="top">&nbsp;</x:td>
        </x:tr>
        <x:tr id="ID_7412636">
          <x:td id="ID_7412637" HAlignment="Left" VAlignment="Top" align="left" valign="top">6</x:td>
          <x:td id="ID_7412638" HAlignment="Left" VAlignment="Top" align="left" valign="top">
            <x:p id="ID_7412639">Tourist Office</x:p>
          </x:td>
          <x:td id="ID_7412640" HAlignment="Left" VAlignment="Top" align="left" valign="top">&nbsp;</x:td>
        </x:tr>
        <x:tr id="ID_7412641">
          <x:td id="ID_7412642" HAlignment="Left" VAlignment="Top" align="left" valign="top">7</x:td>
          <x:td id="ID_7412643" HAlignment="Left" VAlignment="Top" align="left" valign="top">
            <x:p id="ID_7412644">Remarks</x:p>
          </x:td>
          <x:td id="ID_7412645" HAlignment="Left" VAlignment="Top" align="left" valign="top">&nbsp;</x:td>
        </x:tr>
      </x:tbody>
    </x:table>
  </e:AD-2.5>
  <e:AD-2.6 id="EGED-AD-2.6" Number="AD 2.6">
    <GreenBorder id="ID_7412647" />
    <e:Title id="ID_7412648">RESCUE&nbsp;AND&nbsp;FIRE&nbsp;FIGHTING&nbsp;SERVICES</e:Title>
    <x:table id="ID_7412650" class="">
      <x:tbody id="ID_7412651">
        <x:tr id="ID_7412652">
          <x:td id="ID_7412653" HAlignment="Left" VAlignment="Top" align="left" valign="top">1</x:td>
          <x:td id="ID_7412654" HAlignment="Left" VAlignment="Top" align="left" valign="top">
            <x:p id="ID_7412655">AD category for fire fighting</x:p>
          </x:td>
          <x:td id="ID_7412656" HAlignment="Left" VAlignment="Top" align="left" valign="top">&nbsp;</x:td>
        </x:tr>
        <x:tr id="ID_7412657">
          <x:td id="ID_7412658" HAlignment="Left" VAlignment="Top" align="left" valign="top">2</x:td>
          <x:td id="ID_7412659" HAlignment="Left" VAlignment="Top" align="left" valign="top">
            <x:p id="ID_7412660">Rescue equipment</x:p>
          </x:td>
          <x:td id="ID_7412661" HAlignment="Left" VAlignment="Top" align="left" valign="top">&nbsp;</x:td>
        </x:tr>
        <x:tr id="ID_7412662">
          <x:td id="ID_7412663" HAlignment="Left" VAlignment="Top" align="left" valign="top">3</x:td>
          <x:td id="ID_7412664" HAlignment="Left" VAlignment="Top" align="left" valign="top">
            <x:p id="ID_7412665">Capability for removal of disabled aircraft</x:p>
          </x:td>
          <x:td id="ID_7412666" HAlignment="Left" VAlignment="Top" align="left" valign="top">&nbsp;</x:td>
        </x:tr>
        <x:tr id="ID_7412667">
          <x:td id="ID_7412668" HAlignment="Left" VAlignment="Top" align="left" valign="top">4</x:td>
          <x:td id="ID_7412669" HAlignment="Left" VAlignment="Top" align="left" valign="top">
            <x:p id="ID_7412670">Remarks</x:p>
          </x:td>
          <x:td id="ID_7412671" HAlignment="Left" VAlignment="Top" align="left" valign="top">&nbsp;</x:td>
        </x:tr>
      </x:tbody>
    </x:table>
  </e:AD-2.6>
  <e:AD-2.7 id="EGED-AD-2.7" Number="AD 2.7">
    <GreenBorder id="ID_7412673" />
    <e:Title id="ID_7412674">SEASONAL&nbsp;AVAILABILITY&nbsp;-&nbsp;CLEARING</e:Title>
    <x:table id="ID_7412676" class="">
      <x:tbody id="ID_7412677">
        <x:tr id="ID_7412678">
          <x:td id="ID_7412679" HAlignment="Left" VAlignment="Top" align="left" valign="top">1</x:td>
          <x:td id="ID_7412680" HAlignment="Left" VAlignment="Top" align="left" valign="top">
            <x:p id="ID_7412681">Types of clearing equipment</x:p>
          </x:td>
          <x:td id="ID_7412682" HAlignment="Left" VAlignment="Top" align="left" valign="top">&nbsp;</x:td>
        </x:tr>
        <x:tr id="ID_7412683">
          <x:td id="ID_7412684" HAlignment="Left" VAlignment="Top" align="left" valign="top">2</x:td>
          <x:td id="ID_7412685" HAlignment="Left" VAlignment="Top" align="left" valign="top">
            <x:p id="ID_7412686">Clearance priorities</x:p>
          </x:td>
          <x:td id="ID_7412687" HAlignment="Left" VAlignment="Top" align="left" valign="top">&nbsp;</x:td>
        </x:tr>
        <x:tr id="ID_7412688">
          <x:td id="ID_7412689" HAlignment="Left" VAlignment="Top" align="left" valign="top">3</x:td>
          <x:td id="ID_7412690" HAlignment="Left" VAlignment="Top" align="left" valign="top">
            <x:p id="ID_7412691">Remarks</x:p>
          </x:td>
          <x:td id="ID_7412692" HAlignment="Left" VAlignment="Top" align="left" valign="top">&nbsp;</x:td>
        </x:tr>
      </x:tbody>
    </x:table>
  </e:AD-2.7>
  <e:AD-2.8 id="EGED-AD-2.8" Number="AD 2.8">
    <GreenBorder id="ID_7412694" />
    <e:Title id="ID_7412695">APRONS,&nbsp;TAXIWAYS&nbsp;AND&nbsp;CHECK&nbsp;LOCATIONS/POSITIONS&nbsp;DATA</e:Title>
    <x:table id="ID_7412697" class="">
      <x:tbody id="ID_7412698">
        <x:tr id="ID_7412699">
          <x:td id="ID_7412700" HAlignment="Left" VAlignment="Top" align="left" valign="top">1</x:td>
          <x:td id="ID_7412701" HAlignment="Left" VAlignment="Top" align="left" valign="top">
            <x:p id="ID_7412702">Apron surface and strength</x:p>
          </x:td>
          <x:td id="ID_7412703" HAlignment="Left" VAlignment="Top" align="left" valign="top">&nbsp;</x:td>
        </x:tr>
        <x:tr id="ID_7412704">
          <x:td id="ID_7412705" HAlignment="Left" VAlignment="Top" align="left" valign="top">2</x:td>
          <x:td id="ID_7412706" HAlignment="Left" VAlignment="Top" align="left" valign="top">
            <x:p id="ID_7412707">Taxiway width, surface and strength</x:p>
          </x:td>
          <x:td id="ID_7412708" HAlignment="Left" VAlignment="Top" align="left" valign="top">&nbsp;</x:td>
        </x:tr>
        <x:tr id="ID_7412709">
          <x:td id="ID_7412710" HAlignment="Left" VAlignment="Top" align="left" valign="top">3</x:td>
          <x:td id="ID_7412711" HAlignment="Left" VAlignment="Top" align="left" valign="top">
            <x:p id="ID_7412712">Altimeter checkpoint location and elevation</x:p>
          </x:td>
          <x:td id="ID_7412713" HAlignment="Left" VAlignment="Top" align="left" valign="top">&nbsp;</x:td>
        </x:tr>
        <x:tr id="ID_7412714">
          <x:td id="ID_7412715" HAlignment="Left" VAlignment="Top" align="left" valign="top">4</x:td>
          <x:td id="ID_7412716" HAlignment="Left" VAlignment="Top" align="left" valign="top">
            <x:p id="ID_7412717">VOR checkpoints</x:p>
          </x:td>
          <x:td id="ID_7412718" HAlignment="Left" VAlignment="Top" align="left" valign="top">&nbsp;</x:td>
        </x:tr>
        <x:tr id="ID_7412719">
          <x:td id="ID_7412720" HAlignment="Left" VAlignment="Top" align="left" valign="top">5</x:td>
          <x:td id="ID_7412721" HAlignment="Left" VAlignment="Top" align="left" valign="top">
            <x:p id="ID_7412722">INS checkpoints</x:p>
          </x:td>
          <x:td id="ID_7412723" HAlignment="Left" VAlignment="Top" align="left" valign="top">&nbsp;</x:td>
        </x:tr>
        <x:tr id="ID_7412724">
          <x:td id="ID_7412725" HAlignment="Left" VAlignment="Top" align="left" valign="top">6</x:td>
          <x:td id="ID_7412726" HAlignment="Left" VAlignment="Top" align="left" valign="top">
            <x:p id="ID_7412727">Remarks</x:p>
          </x:td>
          <x:td id="ID_7412728" HAlignment="Left" VAlignment="Top" align="left" valign="top">&nbsp;</x:td>
        </x:tr>
      </x:tbody>
    </x:table>
  </e:AD-2.8>
  <e:AD-2.9 id="EGED-AD-2.9" Number="AD 2.9">
    <GreenBorder id="ID_7412730" />
    <e:Title id="ID_7412731">SURFACE&nbsp;MOVEMENT&nbsp;GUIDANCE&nbsp;AND&nbsp;CONTROL&nbsp;SYSTEM&nbsp;AND&nbsp;MARKINGS</e:Title>
    <x:table id="ID_7412733" class="">
      <x:tbody id="ID_7412734">
        <x:tr id="ID_7412735">
          <x:td id="ID_7412736" HAlignment="Left" VAlignment="Top" align="left" valign="top">1</x:td>
          <x:td id="ID_7412737" HAlignment="Left" VAlignment="Top" align="left" valign="top">
            <x:p id="ID_7412738">Use of aircraft stand ID signs, TWY guide lines and visual docking/parking guidance system of aircraft stands</x:p>
          </x:td>
          <x:td id="ID_7412739" HAlignment="Left" VAlignment="Top" align="left" valign="top">&nbsp;</x:td>
        </x:tr>
        <x:tr id="ID_7412740">
          <x:td id="ID_7412741" HAlignment="Left" VAlignment="Top" align="left" valign="top">2</x:td>
          <x:td id="ID_7412742" HAlignment="Left" VAlignment="Top" align="left" valign="top">
            <x:p id="ID_7412743">Runway and taxiway markings and lighting</x:p>
          </x:td>
          <x:td id="ID_7412744" HAlignment="Left" VAlignment="Top" align="left" valign="top">&nbsp;</x:td>
        </x:tr>
        <x:tr id="ID_7412745">
          <x:td id="ID_7412746" HAlignment="Left" VAlignment="Top" align="left" valign="top">3</x:td>
          <x:td id="ID_7412747" HAlignment="Left" VAlignment="Top" align="left" valign="top">
            <x:p id="ID_7412748">Stop bars</x:p>
          </x:td>
          <x:td id="ID_7412749" HAlignment="Left" VAlignment="Top" align="left" valign="top">&nbsp;</x:td>
        </x:tr>
        <x:tr id="ID_7412750">
          <x:td id="ID_7412751" HAlignment="Left" VAlignment="Top" align="left" valign="top">4</x:td>
          <x:td id="ID_7412752" HAlignment="Left" VAlignment="Top" align="left" valign="top">
            <x:p id="ID_7412753">Remarks</x:p>
          </x:td>
          <x:td id="ID_7412754" HAlignment="Left" VAlignment="Top" align="left" valign="top">&nbsp;</x:td>
        </x:tr>
      </x:tbody>
    </x:table>
  </e:AD-2.9>
  <e:AD-2.10 id="EGED-AD-2.10" Number="AD 2.10">
    <GreenBorder id="ID_7412756" />
    <e:Title id="ID_7412757">AERODROME&nbsp;OBSTACLES</e:Title>
    <x:table id="ID_7412759" class="">
      <x:thead id="ID_7412760">
        <x:tr id="ID_7412761">
          <x:th id="ID_7412762" HAlignment="Center" VAlignment="Top" colspan="6" align="center" valign="top">
            <x:p id="ID_7412763">In Approach/Take-off areas</x:p>
          </x:th>
        </x:tr>
        <x:tr id="ID_7412764">
          <x:th id="ID_7412765" HAlignment="Left" VAlignment="Top" align="left" valign="top">
            <x:p id="ID_7412766">Obstacle ID/Designation</x:p>
          </x:th>
          <x:th id="ID_7412767" HAlignment="Left" VAlignment="Top" align="left" valign="top">
            <x:p id="ID_7412768">Obstacle Type</x:p>
          </x:th>
          <x:th id="ID_7412769" HAlignment="Left" VAlignment="Top" align="left" valign="top">
            <x:p id="ID_7412770">Obstacle Position</x:p>
          </x:th>
          <x:th id="ID_7412771" HAlignment="Left" VAlignment="Top" align="left" valign="top">
            <x:p id="ID_7412772">Elevation/Height</x:p>
          </x:th>
          <x:th id="ID_7412773" HAlignment="Left" VAlignment="Top" align="left" valign="top">
            <x:p id="ID_7412774">Obstruction Lighting Type/Colour</x:p>
          </x:th>
          <x:th id="ID_7412775" HAlignment="Left" VAlignment="Top" align="left" valign="top">
            <x:p id="ID_7412776">Remarks</x:p>
          </x:th>
        </x:tr>
        <x:tr id="ID_7412777">
          <x:th id="ID_7412778" HAlignment="Left" VAlignment="Top" align="left" valign="top">1</x:th>
          <x:th id="ID_7412779" HAlignment="Left" VAlignment="Top" align="left" valign="top">2</x:th>
          <x:th id="ID_7412780" HAlignment="Left" VAlignment="Top" align="left" valign="top">3</x:th>
          <x:th id="ID_7412781" HAlignment="Left" VAlignment="Top" align="left" valign="top">4</x:th>
          <x:th id="ID_7412782" HAlignment="Left" VAlignment="Top" align="left" valign="top">5</x:th>
          <x:th id="ID_7412783" HAlignment="Left" VAlignment="Top" align="left" valign="top">6</x:th>
        </x:tr>
      </x:thead>
      <x:tbody id="ID_7412784">
        <x:tr id="ID_7412785">
          <x:td id="ID_7412786" HAlignment="Left" VAlignment="Top" align="left" valign="top">&nbsp;</x:td>
          <x:td id="ID_7412787" HAlignment="Left" VAlignment="Top" align="left" valign="top">&nbsp;</x:td>
          <x:td id="ID_7412788" HAlignment="Left" VAlignment="Top" align="left" valign="top">&nbsp;</x:td>
          <x:td id="ID_7412789" HAlignment="Left" VAlignment="Top" align="left" valign="top">&nbsp;</x:td>
          <x:td id="ID_7412790" HAlignment="Left" VAlignment="Top" align="left" valign="top">&nbsp;</x:td>
          <x:td id="ID_7412791" HAlignment="Left" VAlignment="Top" align="left" valign="top">&nbsp;</x:td>
        </x:tr>
      </x:tbody>
    </x:table>
    <x:table id="ID_7412793" class="">
      <x:thead id="ID_7412794">
        <x:tr id="ID_7412795">
          <x:th id="ID_7412796" HAlignment="Center" VAlignment="Top" colspan="6" align="center" valign="top">
            <x:p id="ID_7412797">In circling area and at aerodrome</x:p>
          </x:th>
        </x:tr>
        <x:tr id="ID_7412798">
          <x:th id="ID_7412799" HAlignment="Left" VAlignment="Top" align="left" valign="top">
            <x:p id="ID_7412800">Obstacle ID/Designation</x:p>
          </x:th>
          <x:th id="ID_7412801" HAlignment="Left" VAlignment="Top" align="left" valign="top">
            <x:p id="ID_7412802">Obstacle Type</x:p>
          </x:th>
          <x:th id="ID_7412803" HAlignment="Left" VAlignment="Top" align="left" valign="top">
            <x:p id="ID_7412804">Obstacle Position</x:p>
          </x:th>
          <x:th id="ID_7412805" HAlignment="Left" VAlignment="Top" align="left" valign="top">
            <x:p id="ID_7412806">Elevation/Height</x:p>
          </x:th>
          <x:th id="ID_7412807" HAlignment="Left" VAlignment="Top" align="left" valign="top">
            <x:p id="ID_7412808">Obstruction Lighting Type/Colour</x:p>
          </x:th>
          <x:th id="ID_7412809" HAlignment="Left" VAlignment="Top" align="left" valign="top">
            <x:p id="ID_7412810">Remarks</x:p>
          </x:th>
        </x:tr>
        <x:tr id="ID_7412811">
          <x:th id="ID_7412812" HAlignment="Left" VAlignment="Top" align="left" valign="top">1</x:th>
          <x:th id="ID_7412813" HAlignment="Left" VAlignment="Top" align="left" valign="top">2</x:th>
          <x:th id="ID_7412814" HAlignment="Left" VAlignment="Top" align="left" valign="top">3</x:th>
          <x:th id="ID_7412815" HAlignment="Left" VAlignment="Top" align="left" valign="top">4</x:th>
          <x:th id="ID_7412816" HAlignment="Left" VAlignment="Top" align="left" valign="top">5</x:th>
          <x:th id="ID_7412817" HAlignment="Left" VAlignment="Top" align="left" valign="top">6</x:th>
        </x:tr>
      </x:thead>
      <x:tbody id="ID_7412818">
        <x:tr id="ID_7412819">
          <x:td id="ID_7412820" HAlignment="Left" VAlignment="Top" align="left" valign="top">&nbsp;</x:td>
          <x:td id="ID_7412821" HAlignment="Left" VAlignment="Top" align="left" valign="top">&nbsp;</x:td>
          <x:td id="ID_7412822" HAlignment="Left" VAlignment="Top" align="left" valign="top">&nbsp;</x:td>
          <x:td id="ID_7412823" HAlignment="Left" VAlignment="Top" align="left" valign="top">&nbsp;</x:td>
          <x:td id="ID_7412824" HAlignment="Left" VAlignment="Top" align="left" valign="top">&nbsp;</x:td>
          <x:td id="ID_7412825" HAlignment="Left" VAlignment="Top" align="left" valign="top">&nbsp;</x:td>
        </x:tr>
      </x:tbody>
    </x:table>
  </e:AD-2.10>
  <e:AD-2.11 id="EGED-AD-2.11" Number="AD 2.11">
    <GreenBorder id="ID_7412827" />
    <e:Title id="ID_7412828">METEOROLOGICAL&nbsp;INFORMATION&nbsp;PROVIDED</e:Title>
    <x:table id="ID_7412830" class="">
      <x:tbody id="ID_7412831">
        <x:tr id="ID_7412832">
          <x:td id="ID_7412833" HAlignment="Left" VAlignment="Top" align="left" valign="top">1</x:td>
          <x:td id="ID_7412834" HAlignment="Left" VAlignment="Top" align="left" valign="top">
            <x:p id="ID_7412835">Associated MET Office</x:p>
          </x:td>
          <x:td id="ID_7412836" HAlignment="Left" VAlignment="Top" align="left" valign="top">&nbsp;</x:td>
        </x:tr>
        <x:tr id="ID_7412837">
          <x:td id="ID_7412838" HAlignment="Left" VAlignment="Top" align="left" valign="top">2</x:td>
          <x:td id="ID_7412839" HAlignment="Left" VAlignment="Top" align="left" valign="top">
            <x:p id="ID_7412840">Hours of service</x:p>
            <x:p id="ID_7412841">MET Office outside hours</x:p>
          </x:td>
          <x:td id="ID_7412842" HAlignment="Left" VAlignment="Top" align="left" valign="top">&nbsp;</x:td>
        </x:tr>
        <x:tr id="ID_7412843">
          <x:td id="ID_7412844" HAlignment="Left" VAlignment="Top" align="left" valign="top">3</x:td>
          <x:td id="ID_7412845" HAlignment="Left" VAlignment="Top" align="left" valign="top">
            <x:p id="ID_7412846">Office responsible for TAF preparation</x:p>
            <x:p id="ID_7412847">Periods of validity</x:p>
          </x:td>
          <x:td id="ID_7412848" HAlignment="Left" VAlignment="Top" align="left" valign="top">&nbsp;</x:td>
        </x:tr>
        <x:tr id="ID_7412849">
          <x:td id="ID_7412850" HAlignment="Left" VAlignment="Top" align="left" valign="top">4</x:td>
          <x:td id="ID_7412851" HAlignment="Left" VAlignment="Top" align="left" valign="top">
            <x:p id="ID_7412852">Trend forecast</x:p>
            <x:p id="ID_7412853">Interval of issuance</x:p>
          </x:td>
          <x:td id="ID_7412854" HAlignment="Left" VAlignment="Top" align="left" valign="top">&nbsp;</x:td>
        </x:tr>
        <x:tr id="ID_7412855">
          <x:td id="ID_7412856" HAlignment="Left" VAlignment="Top" align="left" valign="top">5</x:td>
          <x:td id="ID_7412857" HAlignment="Left" VAlignment="Top" align="left" valign="top">
            <x:p id="ID_7412858">Briefing/consultation provided</x:p>
          </x:td>
          <x:td id="ID_7412859" HAlignment="Left" VAlignment="Top" align="left" valign="top">&nbsp;</x:td>
        </x:tr>
        <x:tr id="ID_7412860">
          <x:td id="ID_7412861" HAlignment="Left" VAlignment="Top" align="left" valign="top">6</x:td>
          <x:td id="ID_7412862" HAlignment="Left" VAlignment="Top" align="left" valign="top">
            <x:p id="ID_7412863">Flight documentation</x:p>
            <x:p id="ID_7412864">Language(s) used</x:p>
          </x:td>
          <x:td id="ID_7412865" HAlignment="Left" VAlignment="Top" align="left" valign="top">&nbsp;</x:td>
        </x:tr>
        <x:tr id="ID_7412866">
          <x:td id="ID_7412867" HAlignment="Left" VAlignment="Top" align="left" valign="top">7</x:td>
          <x:td id="ID_7412868" HAlignment="Left" VAlignment="Top" align="left" valign="top">
            <x:p id="ID_7412869">Charts and other information available for briefing or consultation</x:p>
          </x:td>
          <x:td id="ID_7412870" HAlignment="Left" VAlignment="Top" align="left" valign="top">&nbsp;</x:td>
        </x:tr>
        <x:tr id="ID_7412871">
          <x:td id="ID_7412872" HAlignment="Left" VAlignment="Top" align="left" valign="top">8</x:td>
          <x:td id="ID_7412873" HAlignment="Left" VAlignment="Top" align="left" valign="top">
            <x:p id="ID_7412874">Supplementary equipment available for providing information</x:p>
          </x:td>
          <x:td id="ID_7412875" HAlignment="Left" VAlignment="Top" align="left" valign="top">&nbsp;</x:td>
        </x:tr>
        <x:tr id="ID_7412876">
          <x:td id="ID_7412877" HAlignment="Left" VAlignment="Top" align="left" valign="top">9</x:td>
          <x:td id="ID_7412878" HAlignment="Left" VAlignment="Top" align="left" valign="top">
            <x:p id="ID_7412879">ATS units provided with information</x:p>
          </x:td>
          <x:td id="ID_7412880" HAlignment="Left" VAlignment="Top" align="left" valign="top">&nbsp;</x:td>
        </x:tr>
        <x:tr id="ID_7412881">
          <x:td id="ID_7412882" HAlignment="Left" VAlignment="Top" align="left" valign="top">10</x:td>
          <x:td id="ID_7412883" HAlignment="Left" VAlignment="Top" align="left" valign="top">
            <x:p id="ID_7412884">Additional information (limitation of service, etc.)</x:p>
          </x:td>
          <x:td id="ID_7412885" HAlignment="Left" VAlignment="Top" align="left" valign="top">&nbsp;</x:td>
        </x:tr>
      </x:tbody>
    </x:table>
  </e:AD-2.11>
  <e:AD-2.12 id="EGED-AD-2.12" Number="AD 2.12">
    <GreenBorder id="ID_7412887" />
    <e:Title id="ID_7412888">RUNWAY&nbsp;PHYSICAL&nbsp;CHARACTERISTICS</e:Title>
    <x:table id="ID_7412890" class="">
      <x:thead id="ID_7412891">
        <x:tr id="ID_7412892">
          <x:th id="ID_7412893" HAlignment="Left" VAlignment="Top" align="left" valign="top">
            <x:p id="ID_7412894">Designations RWY Number</x:p>
          </x:th>
          <x:th id="ID_7412895" HAlignment="Left" VAlignment="Top" align="left" valign="top">
            <x:p id="ID_7412896">True bearing</x:p>
          </x:th>
          <x:th id="ID_7412897" HAlignment="Left" VAlignment="Top" align="left" valign="top">
            <x:p id="ID_7412898">Dimensions of RWY</x:p>
          </x:th>
          <x:th id="ID_7412899" HAlignment="Left" VAlignment="Top" align="left" valign="top">
            <x:p id="ID_7412900">Surface of RWY/ SWY/ </x:p>
            <x:p id="ID_7412901">Strength (PCN)</x:p>
          </x:th>
          <x:th id="ID_7412902" HAlignment="Left" VAlignment="Top" align="left" valign="top">
            <x:p id="ID_7412903">THR co-ordinates/</x:p>
            <x:p id="ID_7412904">THR Geoid undulation</x:p>
          </x:th>
          <x:th id="ID_7412905" HAlignment="Left" VAlignment="Top" align="left" valign="top">
            <x:p id="ID_7412906">THR elevation/ Highest elevation of TDZ of precision APP RWY</x:p>
          </x:th>
        </x:tr>
        <x:tr id="ID_7412907">
          <x:th id="ID_7412908" HAlignment="Left" VAlignment="Top" align="left" valign="top">1</x:th>
          <x:th id="ID_7412909" HAlignment="Left" VAlignment="Top" align="left" valign="top">2</x:th>
          <x:th id="ID_7412910" HAlignment="Left" VAlignment="Top" align="left" valign="top">3</x:th>
          <x:th id="ID_7412911" HAlignment="Left" VAlignment="Top" align="left" valign="top">4</x:th>
          <x:th id="ID_7412912" HAlignment="Left" VAlignment="Top" align="left" valign="top">5</x:th>
          <x:th id="ID_7412913" HAlignment="Left" VAlignment="Top" align="left" valign="top">6</x:th>
        </x:tr>
      </x:thead>
      <x:tbody id="ID_7412914">
        <x:tr id="ID_7412915">
          <x:td id="ID_7412916" HAlignment="Left" VAlignment="Top" align="left" valign="top">&nbsp;</x:td>
          <x:td id="ID_7412917" HAlignment="Left" VAlignment="Top" align="left" valign="top">&nbsp;</x:td>
          <x:td id="ID_7412918" HAlignment="Left" VAlignment="Top" align="left" valign="top">&nbsp;</x:td>
          <x:td id="ID_7412919" HAlignment="Left" VAlignment="Top" align="left" valign="top">&nbsp;</x:td>
          <x:td id="ID_7412920" HAlignment="Left" VAlignment="Top" align="left" valign="top">&nbsp;</x:td>
          <x:td id="ID_7412921" HAlignment="Left" VAlignment="Top" align="left" valign="top">&nbsp;</x:td>
        </x:tr>
        <x:tr id="ID_7412922">
          <x:td id="ID_7412923" HAlignment="Left" VAlignment="Top" align="left" valign="top">&nbsp;</x:td>
          <x:td id="ID_7412924" HAlignment="Left" VAlignment="Top" align="left" valign="top">&nbsp;</x:td>
          <x:td id="ID_7412925" HAlignment="Left" VAlignment="Top" align="left" valign="top">&nbsp;</x:td>
          <x:td id="ID_7412926" HAlignment="Left" VAlignment="Top" align="left" valign="top">&nbsp;</x:td>
          <x:td id="ID_7412927" HAlignment="Left" VAlignment="Top" align="left" valign="top">&nbsp;</x:td>
          <x:td id="ID_7412928" HAlignment="Left" VAlignment="Top" align="left" valign="top">&nbsp;</x:td>
        </x:tr>
      </x:tbody>
    </x:table>
    <x:table id="ID_7412930" class="">
      <x:thead id="ID_7412931">
        <x:tr id="ID_7412932">
          <x:th id="ID_7412933" HAlignment="Left" VAlignment="Top" colspan="3" align="left" valign="top">
            <x:p id="ID_7412934">Slope of RWY/</x:p>
            <x:p id="ID_7412935">SWY</x:p>
          </x:th>
          <x:th id="ID_7412936" HAlignment="Left" VAlignment="Top" align="left" valign="top">
            <x:p id="ID_7412937">SWY dimensions</x:p>
          </x:th>
          <x:th id="ID_7412938" HAlignment="Left" VAlignment="Top" align="left" valign="top">
            <x:p id="ID_7412939">Clearway dimensions</x:p>
          </x:th>
          <x:th id="ID_7412940" HAlignment="Left" VAlignment="Top" align="left" valign="top">
            <x:p id="ID_7412941">Strip dimensions</x:p>
          </x:th>
          <x:th id="ID_7412942" HAlignment="Left" VAlignment="Top" align="left" valign="top">
            <x:p id="ID_7412943">OFZ</x:p>
          </x:th>
          <x:th id="ID_7412944" HAlignment="Left" VAlignment="Top" align="left" valign="top">
            <x:p id="ID_7412945">Remarks</x:p>
          </x:th>
        </x:tr>
        <x:tr id="ID_7412946">
          <x:th id="ID_7412947" HAlignment="Left" VAlignment="Top" colspan="3" align="left" valign="top">7</x:th>
          <x:th id="ID_7412948" HAlignment="Left" VAlignment="Top" align="left" valign="top">8</x:th>
          <x:th id="ID_7412949" HAlignment="Left" VAlignment="Top" align="left" valign="top">9</x:th>
          <x:th id="ID_7412950" HAlignment="Left" VAlignment="Top" align="left" valign="top">10</x:th>
          <x:th id="ID_7412951" HAlignment="Left" VAlignment="Top" align="left" valign="top">11</x:th>
          <x:th id="ID_7412952" HAlignment="Left" VAlignment="Top" align="left" valign="top">12</x:th>
        </x:tr>
      </x:thead>
      <x:tbody id="ID_7412953">
        <x:tr id="ID_7412954">
          <x:td id="ID_7412955" HAlignment="Left" VAlignment="Top" colspan="3" align="left" valign="top">&nbsp;</x:td>
          <x:td id="ID_7412956" HAlignment="Left" VAlignment="Top" align="left" valign="top">&nbsp;</x:td>
          <x:td id="ID_7412957" HAlignment="Left" VAlignment="Top" align="left" valign="top">&nbsp;</x:td>
          <x:td id="ID_7412958" HAlignment="Left" VAlignment="Top" align="left" valign="top">&nbsp;</x:td>
          <x:td id="ID_7412959" HAlignment="Left" VAlignment="Top" align="left" valign="top">&nbsp;</x:td>
          <x:td id="ID_7412960" HAlignment="Left" VAlignment="Top" align="left" valign="top">&nbsp;</x:td>
        </x:tr>
        <x:tr id="ID_7412961">
          <x:td id="ID_7412962" HAlignment="Left" VAlignment="Top" colspan="3" align="left" valign="top">&nbsp;</x:td>
          <x:td id="ID_7412963" HAlignment="Left" VAlignment="Top" align="left" valign="top">&nbsp;</x:td>
          <x:td id="ID_7412964" HAlignment="Left" VAlignment="Top" align="left" valign="top">&nbsp;</x:td>
          <x:td id="ID_7412965" HAlignment="Left" VAlignment="Top" align="left" valign="top">&nbsp;</x:td>
          <x:td id="ID_7412966" HAlignment="Left" VAlignment="Top" align="left" valign="top">&nbsp;</x:td>
          <x:td id="ID_7412967" HAlignment="Left" VAlignment="Top" align="left" valign="top">&nbsp;</x:td>
        </x:tr>
      </x:tbody>
    </x:table>
  </e:AD-2.12>
  <e:AD-2.13 id="EGED-AD-2.13" Number="AD 2.13">
    <GreenBorder id="ID_7412969" />
    <e:Title id="ID_7412970">DECLARED&nbsp;DISTANCES</e:Title>
    <x:table id="ID_7412972" class="">
      <x:thead id="ID_7412973">
        <x:tr id="ID_7412974">
          <x:th id="ID_7412975" HAlignment="Left" VAlignment="Top" align="left" valign="top">
            <x:p id="ID_7412976">Runway designator</x:p>
          </x:th>
          <x:th id="ID_7412977" HAlignment="Left" VAlignment="Top" align="left" valign="top">
            <x:p id="ID_7412978">TORA</x:p>
          </x:th>
          <x:th id="ID_7412979" HAlignment="Left" VAlignment="Top" align="left" valign="top">
            <x:p id="ID_7412980">TODA</x:p>
          </x:th>
          <x:th id="ID_7412981" HAlignment="Left" VAlignment="Top" align="left" valign="top">
            <x:p id="ID_7412982">ASDA</x:p>
          </x:th>
          <x:th id="ID_7412983" HAlignment="Left" VAlignment="Top" align="left" valign="top">
            <x:p id="ID_7412984">LDA</x:p>
          </x:th>
          <x:th id="ID_7412985" HAlignment="Left" VAlignment="Top" align="left" valign="top">
            <x:p id="ID_7412986">Remarks</x:p>
          </x:th>
        </x:tr>
        <x:tr id="ID_7412987">
          <x:th id="ID_7412988" HAlignment="Left" VAlignment="Top" align="left" valign="top">1</x:th>
          <x:th id="ID_7412989" HAlignment="Left" VAlignment="Top" align="left" valign="top">2</x:th>
          <x:th id="ID_7412990" HAlignment="Left" VAlignment="Top" align="left" valign="top">3</x:th>
          <x:th id="ID_7412991" HAlignment="Left" VAlignment="Top" align="left" valign="top">4</x:th>
          <x:th id="ID_7412992" HAlignment="Left" VAlignment="Top" align="left" valign="top">5</x:th>
          <x:th id="ID_7412993" HAlignment="Left" VAlignment="Top" align="left" valign="top">6</x:th>
        </x:tr>
      </x:thead>
      <x:tbody id="ID_7412994">
        <x:tr id="ID_7412995">
          <x:td id="ID_7412996" HAlignment="Left" VAlignment="Top" align="left" valign="top">&nbsp;</x:td>
          <x:td id="ID_7412997" HAlignment="Left" VAlignment="Top" align="left" valign="top">&nbsp;</x:td>
          <x:td id="ID_7412998" HAlignment="Left" VAlignment="Top" align="left" valign="top">&nbsp;</x:td>
          <x:td id="ID_7412999" HAlignment="Left" VAlignment="Top" align="left" valign="top">&nbsp;</x:td>
          <x:td id="ID_7413000" HAlignment="Left" VAlignment="Top" align="left" valign="top">&nbsp;</x:td>
          <x:td id="ID_7413001" HAlignment="Left" VAlignment="Top" align="left" valign="top">&nbsp;</x:td>
        </x:tr>
        <x:tr id="ID_7413002">
          <x:td id="ID_7413003" HAlignment="Left" VAlignment="Top" align="left" valign="top">&nbsp;</x:td>
          <x:td id="ID_7413004" HAlignment="Left" VAlignment="Top" align="left" valign="top">&nbsp;</x:td>
          <x:td id="ID_7413005" HAlignment="Left" VAlignment="Top" align="left" valign="top">&nbsp;</x:td>
          <x:td id="ID_7413006" HAlignment="Left" VAlignment="Top" align="left" valign="top">&nbsp;</x:td>
          <x:td id="ID_7413007" HAlignment="Left" VAlignment="Top" align="left" valign="top">&nbsp;</x:td>
          <x:td id="ID_7413008" HAlignment="Left" VAlignment="Top" align="left" valign="top">&nbsp;</x:td>
        </x:tr>
      </x:tbody>
    </x:table>
  </e:AD-2.13>
  <e:AD-2.14 id="EGED-AD-2.14" Number="AD 2.14">
    <GreenBorder id="ID_7413010" />
    <e:Title id="ID_7413011">APPROACH&nbsp;AND&nbsp;RUNWAY&nbsp;LIGHTING</e:Title>
    <x:table id="ID_7413013" class="">
      <x:thead id="ID_7413014">
        <x:tr id="ID_7413015">
          <x:th id="ID_7413016" HAlignment="Left" VAlignment="Top" align="left" valign="top">
            <x:p id="ID_7413017">RWY</x:p>
          </x:th>
          <x:th id="ID_7413018" HAlignment="Left" VAlignment="Top" align="left" valign="top">
            <x:p id="ID_7413019">Approach Lighting Type/</x:p>
            <x:p id="ID_7413020">Length/</x:p>
            <x:p id="ID_7413021">Intensity</x:p>
          </x:th>
          <x:th id="ID_7413022" HAlignment="Left" VAlignment="Top" align="left" valign="top">
            <x:p id="ID_7413023">Threshold lighting</x:p>
            <x:p id="ID_7413024">Colour/ </x:p>
            <x:p id="ID_7413025">Wing bars</x:p>
          </x:th>
          <x:th id="ID_7413026" HAlignment="Left" VAlignment="Top" align="left" valign="top">
            <x:p id="ID_7413027">VASIS/</x:p>
            <x:p id="ID_7413028">MEHT/</x:p>
            <x:p id="ID_7413029">PAPI</x:p>
          </x:th>
          <x:th id="ID_7413030" HAlignment="Left" VAlignment="Top" align="left" valign="top">
            <x:p id="ID_7413031">TDZ lighting</x:p>
            <x:p id="ID_7413032">Length</x:p>
          </x:th>
          <x:th id="ID_7413033" HAlignment="Left" VAlignment="Top" align="left" valign="top">
            <x:p id="ID_7413034">Runway Centre Line lighting</x:p>
            <x:p id="ID_7413035">Length/</x:p>
            <x:p id="ID_7413036">Spacing/</x:p>
            <x:p id="ID_7413037">Colour/</x:p>
            <x:p id="ID_7413038">Intensity</x:p>
          </x:th>
          <x:th id="ID_7413039" HAlignment="Left" VAlignment="Top" align="left" valign="top">
            <x:p id="ID_7413040">Runway edge lighting</x:p>
            <x:p id="ID_7413041">Length/</x:p>
            <x:p id="ID_7413042">Spacing/</x:p>
            <x:p id="ID_7413043">Colour/</x:p>
            <x:p id="ID_7413044">Intensity</x:p>
          </x:th>
          <x:th id="ID_7413045" HAlignment="Left" VAlignment="Top" align="left" valign="top">
            <x:p id="ID_7413046">Runway end lighting</x:p>
            <x:p id="ID_7413047">Colour/</x:p>
            <x:p id="ID_7413048">Wing bars</x:p>
          </x:th>
          <x:th id="ID_7413049" HAlignment="Left" VAlignment="Top" align="left" valign="top">
            <x:p id="ID_7413050">Stopway lighting</x:p>
            <x:p id="ID_7413051">Length/</x:p>
            <x:p id="ID_7413052">Colour</x:p>
          </x:th>
          <x:th id="ID_7413053" HAlignment="Left" VAlignment="Top" align="left" valign="top">
            <x:p id="ID_7413054">Remarks</x:p>
          </x:th>
        </x:tr>
        <x:tr id="ID_7413055">
          <x:th id="ID_7413056" HAlignment="Left" VAlignment="Top" align="left" valign="top">1</x:th>
          <x:th id="ID_7413057" HAlignment="Left" VAlignment="Top" align="left" valign="top">2</x:th>
          <x:th id="ID_7413058" HAlignment="Left" VAlignment="Top" align="left" valign="top">3</x:th>
          <x:th id="ID_7413059" HAlignment="Left" VAlignment="Top" align="left" valign="top">4</x:th>
          <x:th id="ID_7413060" HAlignment="Left" VAlignment="Top" align="left" valign="top">5</x:th>
          <x:th id="ID_7413061" HAlignment="Left" VAlignment="Top" align="left" valign="top">6</x:th>
          <x:th id="ID_7413062" HAlignment="Left" VAlignment="Top" align="left" valign="top">7</x:th>
          <x:th id="ID_7413063" HAlignment="Left" VAlignment="Top" align="left" valign="top">8</x:th>
          <x:th id="ID_7413064" HAlignment="Left" VAlignment="Top" align="left" valign="top">9</x:th>
          <x:th id="ID_7413065" HAlignment="Left" VAlignment="Top" align="left" valign="top">10</x:th>
        </x:tr>
      </x:thead>
      <x:tbody id="ID_7413066">
        <x:tr id="ID_7413067">
          <x:td id="ID_7413068" HAlignment="Left" VAlignment="Top" align="left" valign="top">&nbsp;</x:td>
          <x:td id="ID_7413069" HAlignment="Left" VAlignment="Top" align="left" valign="top">&nbsp;</x:td>
          <x:td id="ID_7413070" HAlignment="Left" VAlignment="Top" align="left" valign="top">&nbsp;</x:td>
          <x:td id="ID_7413071" HAlignment="Left" VAlignment="Top" align="left" valign="top">&nbsp;</x:td>
          <x:td id="ID_7413072" HAlignment="Left" VAlignment="Top" align="left" valign="top">&nbsp;</x:td>
          <x:td id="ID_7413073" HAlignment="Left" VAlignment="Top" align="left" valign="top">&nbsp;</x:td>
          <x:td id="ID_7413074" HAlignment="Left" VAlignment="Top" align="left" valign="top">&nbsp;</x:td>
          <x:td id="ID_7413075" HAlignment="Left" VAlignment="Top" align="left" valign="top">&nbsp;</x:td>
          <x:td id="ID_7413076" HAlignment="Left" VAlignment="Top" align="left" valign="top">&nbsp;</x:td>
          <x:td id="ID_7413077" HAlignment="Left" VAlignment="Top" align="left" valign="top">&nbsp;</x:td>
        </x:tr>
        <x:tr id="ID_7413078">
          <x:td id="ID_7413079" HAlignment="Left" VAlignment="Top" align="left" valign="top">&nbsp;</x:td>
          <x:td id="ID_7413080" HAlignment="Left" VAlignment="Top" align="left" valign="top">&nbsp;</x:td>
          <x:td id="ID_7413081" HAlignment="Left" VAlignment="Top" align="left" valign="top">&nbsp;</x:td>
          <x:td id="ID_7413082" HAlignment="Left" VAlignment="Top" align="left" valign="top">&nbsp;</x:td>
          <x:td id="ID_7413083" HAlignment="Left" VAlignment="Top" align="left" valign="top">&nbsp;</x:td>
          <x:td id="ID_7413084" HAlignment="Left" VAlignment="Top" align="left" valign="top">&nbsp;</x:td>
          <x:td id="ID_7413085" HAlignment="Left" VAlignment="Top" align="left" valign="top">&nbsp;</x:td>
          <x:td id="ID_7413086" HAlignment="Left" VAlignment="Top" align="left" valign="top">&nbsp;</x:td>
          <x:td id="ID_7413087" HAlignment="Left" VAlignment="Top" align="left" valign="top">&nbsp;</x:td>
          <x:td id="ID_7413088" HAlignment="Left" VAlignment="Top" align="left" valign="top">&nbsp;</x:td>
        </x:tr>
      </x:tbody>
    </x:table>
  </e:AD-2.14>
  <e:AD-2.15 id="EGED-AD-2.15" Number="AD 2.15">
    <GreenBorder id="ID_7413090" />
    <e:Title id="ID_7413091">OTHER&nbsp;LIGHTING,&nbsp;SECONDARY&nbsp;POWER&nbsp;SUPPLY</e:Title>
    <x:table id="ID_7413093" class="">
      <x:tbody id="ID_7413094">
        <x:tr id="ID_7413095">
          <x:td id="ID_7413096" HAlignment="Left" VAlignment="Top" align="left" valign="top">1</x:td>
          <x:td id="ID_7413097" HAlignment="Left" VAlignment="Top" align="left" valign="top">
            <x:p id="ID_7413098">ABN/IBN location, characteristics and hours of operation</x:p>
          </x:td>
          <x:td id="ID_7413099" HAlignment="Left" VAlignment="Top" align="left" valign="top">&nbsp;</x:td>
        </x:tr>
        <x:tr id="ID_7413100">
          <x:td id="ID_7413101" HAlignment="Left" VAlignment="Top" align="left" valign="top">2</x:td>
          <x:td id="ID_7413102" HAlignment="Left" VAlignment="Top" align="left" valign="top">
            <x:p id="ID_7413103">LDI location and lighting</x:p>
            <x:p id="ID_7413104">Anemometer location and lighting</x:p>
          </x:td>
          <x:td id="ID_7413105" HAlignment="Left" VAlignment="Top" align="left" valign="top">&nbsp;</x:td>
        </x:tr>
        <x:tr id="ID_7413106">
          <x:td id="ID_7413107" HAlignment="Left" VAlignment="Top" align="left" valign="top">3</x:td>
          <x:td id="ID_7413108" HAlignment="Left" VAlignment="Top" align="left" valign="top">
            <x:p id="ID_7413109">TWY edge and centre line lighting</x:p>
          </x:td>
          <x:td id="ID_7413110" HAlignment="Left" VAlignment="Top" align="left" valign="top">&nbsp;</x:td>
        </x:tr>
        <x:tr id="ID_7413111">
          <x:td id="ID_7413112" HAlignment="Left" VAlignment="Top" align="left" valign="top">4</x:td>
          <x:td id="ID_7413113" HAlignment="Left" VAlignment="Top" align="left" valign="top">
            <x:p id="ID_7413114">Secondary power supply/switch-over time</x:p>
          </x:td>
          <x:td id="ID_7413115" HAlignment="Left" VAlignment="Top" align="left" valign="top">&nbsp;</x:td>
        </x:tr>
        <x:tr id="ID_7413116">
          <x:td id="ID_7413117" HAlignment="Left" VAlignment="Top" align="left" valign="top">5</x:td>
          <x:td id="ID_7413118" HAlignment="Left" VAlignment="Top" align="left" valign="top">
            <x:p id="ID_7413119">Remarks</x:p>
          </x:td>
          <x:td id="ID_7413120" HAlignment="Left" VAlignment="Top" align="left" valign="top">&nbsp;</x:td>
        </x:tr>
      </x:tbody>
    </x:table>
  </e:AD-2.15>
  <e:AD-2.16 id="EGED-AD-2.16" Number="AD 2.16">
    <GreenBorder id="ID_7413122" />
    <e:Title id="ID_7413123">HELICOPTER&nbsp;LANDING&nbsp;AREA</e:Title>
    <x:table id="ID_7413125" class="">
      <x:tbody id="ID_7413126">
        <x:tr id="ID_7413127">
          <x:td id="ID_7413128" HAlignment="Left" VAlignment="Top" align="left" valign="top">1</x:td>
          <x:td id="ID_7413129" HAlignment="Left" VAlignment="Top" align="left" valign="top">
            <x:p id="ID_7413130">Coordinates TLOF or THR of FATO</x:p>
            <x:p id="ID_7413131">Geoid undulation</x:p>
          </x:td>
          <x:td id="ID_7413132" HAlignment="Left" VAlignment="Top" align="left" valign="top">&nbsp;</x:td>
        </x:tr>
        <x:tr id="ID_7413133">
          <x:td id="ID_7413134" HAlignment="Left" VAlignment="Top" align="left" valign="top">2</x:td>
          <x:td id="ID_7413135" HAlignment="Left" VAlignment="Top" align="left" valign="top">
            <x:p id="ID_7413136">TLOF and/or FATO elevation M/FT</x:p>
          </x:td>
          <x:td id="ID_7413137" HAlignment="Left" VAlignment="Top" align="left" valign="top">&nbsp;</x:td>
        </x:tr>
        <x:tr id="ID_7413138">
          <x:td id="ID_7413139" HAlignment="Left" VAlignment="Top" align="left" valign="top">3</x:td>
          <x:td id="ID_7413140" HAlignment="Left" VAlignment="Top" align="left" valign="top">
            <x:p id="ID_7413141">TLOF and FATO area dimensions, surface, strength, marking</x:p>
          </x:td>
          <x:td id="ID_7413142" HAlignment="Left" VAlignment="Top" align="left" valign="top">&nbsp;</x:td>
        </x:tr>
        <x:tr id="ID_7413143">
          <x:td id="ID_7413144" HAlignment="Left" VAlignment="Top" align="left" valign="top">4</x:td>
          <x:td id="ID_7413145" HAlignment="Left" VAlignment="Top" align="left" valign="top">
            <x:p id="ID_7413146">True BRG of FATO</x:p>
          </x:td>
          <x:td id="ID_7413147" HAlignment="Left" VAlignment="Top" align="left" valign="top">&nbsp;</x:td>
        </x:tr>
        <x:tr id="ID_7413148">
          <x:td id="ID_7413149" HAlignment="Left" VAlignment="Top" align="left" valign="top">5</x:td>
          <x:td id="ID_7413150" HAlignment="Left" VAlignment="Top" align="left" valign="top">
            <x:p id="ID_7413151">Declared distance available</x:p>
          </x:td>
          <x:td id="ID_7413152" HAlignment="Left" VAlignment="Top" align="left" valign="top">&nbsp;</x:td>
        </x:tr>
        <x:tr id="ID_7413153">
          <x:td id="ID_7413154" HAlignment="Left" VAlignment="Top" align="left" valign="top">6</x:td>
          <x:td id="ID_7413155" HAlignment="Left" VAlignment="Top" align="left" valign="top">
            <x:p id="ID_7413156">APP and FATO lighting</x:p>
          </x:td>
          <x:td id="ID_7413157" HAlignment="Left" VAlignment="Top" align="left" valign="top">&nbsp;</x:td>
        </x:tr>
        <x:tr id="ID_7413158">
          <x:td id="ID_7413159" HAlignment="Left" VAlignment="Top" align="left" valign="top">7</x:td>
          <x:td id="ID_7413160" HAlignment="Left" VAlignment="Top" align="left" valign="top">
            <x:p id="ID_7413161">Remarks</x:p>
          </x:td>
          <x:td id="ID_7413162" HAlignment="Left" VAlignment="Top" align="left" valign="top">&nbsp;</x:td>
        </x:tr>
      </x:tbody>
    </x:table>
  </e:AD-2.16>
  <e:AD-2.17 id="EGED-AD-2.17" Number="AD 2.17">
    <GreenBorder id="ID_7413164" />
    <e:Title id="ID_7413165">AIR TRAFFIC SERVICES&nbsp;AIRSPACE</e:Title>
    <x:table id="ID_7413167" class="">
      <x:thead id="ID_7413168">
        <x:tr id="ID_7413169">
          <x:th id="ID_7413170" HAlignment="Left" VAlignment="Top" align="left" valign="top">
            <x:p id="ID_7413171">Designation and</x:p>
            <x:p id="ID_7413172">lateral limits</x:p>
          </x:th>
          <x:th id="ID_7413173" HAlignment="Left" VAlignment="Top" align="left" valign="top">
            <x:p id="ID_7413174">Vertical Limits</x:p>
          </x:th>
          <x:th id="ID_7413175" HAlignment="Left" VAlignment="Top" align="left" valign="top">
            <x:p id="ID_7413176">Airspace Class</x:p>
          </x:th>
          <x:th id="ID_7413177" HAlignment="Left" VAlignment="Top" align="left" valign="top">
            <x:p id="ID_7413178">ATS unit callsign/ language</x:p>
          </x:th>
          <x:th id="ID_7413179" HAlignment="Left" VAlignment="Top" align="left" valign="top">
            <x:p id="ID_7413180">Transition Altitude</x:p>
          </x:th>
          <x:th id="ID_7413181" HAlignment="Left" VAlignment="Top" align="left" valign="top">
            <x:p id="ID_7413182">Hours of Applicability</x:p>
          </x:th>
          <x:th id="ID_7413183" HAlignment="Left" VAlignment="Top" align="left" valign="top">
            <x:p id="ID_7413184">Remarks</x:p>
          </x:th>
        </x:tr>
        <x:tr id="ID_7413185">
          <x:th id="ID_7413186" HAlignment="Left" VAlignment="Top" align="left" valign="top">1</x:th>
          <x:th id="ID_7413187" HAlignment="Left" VAlignment="Top" align="left" valign="top">2</x:th>
          <x:th id="ID_7413188" HAlignment="Left" VAlignment="Top" align="left" valign="top">3</x:th>
          <x:th id="ID_7413189" HAlignment="Left" VAlignment="Top" align="left" valign="top">4</x:th>
          <x:th id="ID_7413190" HAlignment="Left" VAlignment="Top" align="left" valign="top">5</x:th>
          <x:th id="ID_7413191" HAlignment="Left" VAlignment="Top" align="left" valign="top">6</x:th>
          <x:th id="ID_7413192" HAlignment="Left" VAlignment="Top" align="left" valign="top">7</x:th>
        </x:tr>
      </x:thead>
      <x:tbody id="ID_7413193">
        <x:tr id="ID_7413194">
          <x:td id="ID_7413195" HAlignment="Left" VAlignment="Top" align="left" valign="top">&nbsp;</x:td>
          <x:td id="ID_7413196" HAlignment="Left" VAlignment="Top" align="left" valign="top">&nbsp;</x:td>
          <x:td id="ID_7413197" HAlignment="Left" VAlignment="Top" align="left" valign="top">&nbsp;</x:td>
          <x:td id="ID_7413198" HAlignment="Left" VAlignment="Top" align="left" valign="top">&nbsp;</x:td>
          <x:td id="ID_7413199" HAlignment="Left" VAlignment="Top" align="left" valign="top">&nbsp;</x:td>
          <x:td id="ID_7413200" HAlignment="Left" VAlignment="Top" align="left" valign="top">&nbsp;</x:td>
          <x:td id="ID_7413201" HAlignment="Left" VAlignment="Top" align="left" valign="top">&nbsp;</x:td>
        </x:tr>
        <x:tr id="ID_7413202">
          <x:td id="ID_7413203" HAlignment="Left" VAlignment="Top" align="left" valign="top">&nbsp;</x:td>
          <x:td id="ID_7413204" HAlignment="Left" VAlignment="Top" align="left" valign="top">&nbsp;</x:td>
          <x:td id="ID_7413205" HAlignment="Left" VAlignment="Top" align="left" valign="top">&nbsp;</x:td>
          <x:td id="ID_7413206" HAlignment="Left" VAlignment="Top" align="left" valign="top">&nbsp;</x:td>
          <x:td id="ID_7413207" HAlignment="Left" VAlignment="Top" align="left" valign="top">&nbsp;</x:td>
          <x:td id="ID_7413208" HAlignment="Left" VAlignment="Top" align="left" valign="top">&nbsp;</x:td>
          <x:td id="ID_7413209" HAlignment="Left" VAlignment="Top" align="left" valign="top">&nbsp;</x:td>
        </x:tr>
      </x:tbody>
    </x:table>
  </e:AD-2.17>
  <e:AD-2.18 id="EGED-AD-2.18" Number="AD 2.18">
    <GreenBorder id="ID_7413211" />
    <e:Title id="ID_7413212">AIR TRAFFIC SERVICES&nbsp;COMMUNICATION&nbsp;FACILITIES</e:Title>
    <x:table id="ID_7413214" class="">
      <x:thead id="ID_7413215">
        <x:tr id="ID_7413216">
          <x:th id="ID_7413217" HAlignment="Left" VAlignment="Top" align="left" valign="top">
            <x:p id="ID_7413218">Service designation</x:p>
          </x:th>
          <x:th id="ID_7413219" HAlignment="Left" VAlignment="Top" align="left" valign="top">
            <x:p id="ID_7413220">Callsign</x:p>
          </x:th>
          <x:th id="ID_7413221" HAlignment="Left" VAlignment="Top" align="left" valign="top">
            <x:p id="ID_7413222">Channel(s)</x:p>
          </x:th>
          <x:th id="ID_7413223" HAlignment="Left" VAlignment="Top" align="left" valign="top">
            <x:p id="ID_7413224">Hours of </x:p>
            <x:p id="ID_7413225">Operation</x:p>
          </x:th>
          <x:th id="ID_7413226" HAlignment="Left" VAlignment="Top" align="left" valign="top">
            <x:p id="ID_7413227">Remarks</x:p>
          </x:th>
        </x:tr>
        <x:tr id="ID_7413228">
          <x:th id="ID_7413229" HAlignment="Left" VAlignment="Top" align="left" valign="top">1</x:th>
          <x:th id="ID_7413230" HAlignment="Left" VAlignment="Top" align="left" valign="top">2</x:th>
          <x:th id="ID_7413231" HAlignment="Left" VAlignment="Top" align="left" valign="top">3</x:th>
          <x:th id="ID_7413232" HAlignment="Left" VAlignment="Top" align="left" valign="top">4</x:th>
          <x:th id="ID_7413233" HAlignment="Left" VAlignment="Top" align="left" valign="top">5</x:th>
        </x:tr>
      </x:thead>
      <x:tbody id="ID_7413234">
        <x:tr id="ID_7413235">
          <x:td id="ID_7413236" HAlignment="Left" VAlignment="Top" align="left" valign="top">&nbsp;</x:td>
          <x:td id="ID_7413237" HAlignment="Left" VAlignment="Top" align="left" valign="top">&nbsp;</x:td>
          <x:td id="ID_7413238" HAlignment="Left" VAlignment="Top" align="left" valign="top">&nbsp;</x:td>
          <x:td id="ID_7413239" HAlignment="Left" VAlignment="Top" align="left" valign="top">&nbsp;</x:td>
          <x:td id="ID_7413240" HAlignment="Left" VAlignment="Top" align="left" valign="top">&nbsp;</x:td>
        </x:tr>
        <x:tr id="ID_7413241">
          <x:td id="ID_7413242" HAlignment="Left" VAlignment="Top" align="left" valign="top">&nbsp;</x:td>
          <x:td id="ID_7413243" HAlignment="Left" VAlignment="Top" align="left" valign="top">&nbsp;</x:td>
          <x:td id="ID_7413244" HAlignment="Left" VAlignment="Top" align="left" valign="top">&nbsp;</x:td>
          <x:td id="ID_7413245" HAlignment="Left" VAlignment="Top" align="left" valign="top">&nbsp;</x:td>
          <x:td id="ID_7413246" HAlignment="Left" VAlignment="Top" align="left" valign="top">&nbsp;</x:td>
        </x:tr>
      </x:tbody>
    </x:table>
  </e:AD-2.18>
  <e:AD-2.19 id="EGED-AD-2.19" Number="AD 2.19">
    <GreenBorder id="ID_7413248" />
    <e:Title id="ID_7413249">RADIO&nbsp;NAVIGATION&nbsp;AND&nbsp;LANDING&nbsp;AIDS</e:Title>
    <x:table id="ID_7413251" class="">
      <x:thead id="ID_7413252">
        <x:tr id="ID_7413253">
          <x:th id="ID_7413254" HAlignment="Left" VAlignment="Top" align="left" valign="top">
            <x:p id="ID_7413255">Type of Aid CAT&nbsp;of&nbsp;ILS/MLS</x:p>
            <x:p id="ID_7413256">(For VOR/ILS/MLS, give VAR)</x:p>
          </x:th>
          <x:th id="ID_7413257" HAlignment="Left" VAlignment="Top" align="left" valign="top">
            <x:p id="ID_7413258">Ident</x:p>
          </x:th>
          <x:th id="ID_7413259" HAlignment="Left" VAlignment="Top" align="left" valign="top">
            <x:p id="ID_7413260">Frequency</x:p>
            <x:p id="ID_7413261">channel number(s), service provider, and reference path identifier(s) (RPI)</x:p>
          </x:th>
          <x:th id="ID_7413262" HAlignment="Left" VAlignment="Top" align="left" valign="top">
            <x:p id="ID_7413263">Hours of Operation</x:p>
          </x:th>
          <x:th id="ID_7413264" HAlignment="Left" VAlignment="Top" align="left" valign="top">
            <x:p id="ID_7413265">Position of transmitting antenna co-ordinates</x:p>
          </x:th>
          <x:th id="ID_7413266" HAlignment="Left" VAlignment="Top" align="left" valign="top">
            <x:p id="ID_7413267">Elevation of DME transmitting antenna</x:p>
            <x:p id="ID_7413268">GBAS, SBAS, LTP, FTP values</x:p>
          </x:th>
          <x:th id="ID_7413269" HAlignment="Left" VAlignment="Top" align="left" valign="top">
            <x:p id="ID_7413270">Remarks</x:p>
          </x:th>
        </x:tr>
        <x:tr id="ID_7413271">
          <x:th id="ID_7413272" HAlignment="Left" VAlignment="Top" align="left" valign="top">1</x:th>
          <x:th id="ID_7413273" HAlignment="Left" VAlignment="Top" align="left" valign="top">2</x:th>
          <x:th id="ID_7413274" HAlignment="Left" VAlignment="Top" align="left" valign="top">3</x:th>
          <x:th id="ID_7413275" HAlignment="Left" VAlignment="Top" align="left" valign="top">4</x:th>
          <x:th id="ID_7413276" HAlignment="Left" VAlignment="Top" align="left" valign="top">5</x:th>
          <x:th id="ID_7413277" HAlignment="Left" VAlignment="Top" align="left" valign="top">6</x:th>
          <x:th id="ID_7413278" HAlignment="Left" VAlignment="Top" align="left" valign="top">7</x:th>
        </x:tr>
      </x:thead>
      <x:tbody id="ID_7413279">
        <x:tr id="ID_7413280">
          <x:td id="ID_7413281" HAlignment="Left" VAlignment="Top" align="left" valign="top">&nbsp;</x:td>
          <x:td id="ID_7413282" HAlignment="Left" VAlignment="Top" align="left" valign="top">&nbsp;</x:td>
          <x:td id="ID_7413283" HAlignment="Left" VAlignment="Top" align="left" valign="top">&nbsp;</x:td>
          <x:td id="ID_7413284" HAlignment="Left" VAlignment="Top" align="left" valign="top">&nbsp;</x:td>
          <x:td id="ID_7413285" HAlignment="Left" VAlignment="Top" align="left" valign="top">&nbsp;</x:td>
          <x:td id="ID_7413286" HAlignment="Left" VAlignment="Top" align="left" valign="top">&nbsp;</x:td>
          <x:td id="ID_7413287" HAlignment="Left" VAlignment="Top" align="left" valign="top">&nbsp;</x:td>
        </x:tr>
      </x:tbody>
    </x:table>
  </e:AD-2.19>
  <e:AD-2.20 id="EGED-AD-2.20" Number="AD 2.20">
    <GreenBorder id="ID_7413289" />
    <e:Title id="ID_7413290">LOCAL&nbsp;AERODROME&nbsp;REGULATIONS</e:Title>
    <x:div class="RP">
      <x:span class="sdParams" style="display:none;">TRULES_PROC;RULES_PROC_ID;7649</x:span>
      <e:Sub-section Number="1" id="EGED-AD-2.20.1">
        <e:Title id="ID_7413292">Airport Regulations</e:Title>
        <x:p id="ID_7413293">Not applicable</x:p>
      </e:Sub-section>
      <e:Sub-section Number="2" id="EGED-AD-2.20.2">
        <e:Title id="ID_7413295">Ground Movement</e:Title>
        <x:p id="ID_7413296">Not applicable</x:p>
      </e:Sub-section>
      <e:Sub-section Number="3" id="EGED-AD-2.20.3">
        <e:Title id="ID_7413298">CAT II/III Operations</e:Title>
        <x:p id="ID_7413299">Not applicable</x:p>
      </e:Sub-section>
      <e:Sub-section Number="4" id="EGED-AD-2.20.4">
        <e:Title id="ID_7413301">Warnings</e:Title>
        <x:ol id="ID_7413302" class="Numbered">
          <x:li id="ID_7413303">
            <x:p id="ID_7413304">Visiting pilots should note that during periods of prolonged rainfall the grass can become very soft especially during the winter months.</x:p>
          </x:li>
          <x:li id="ID_7413305">
            <x:p id="ID_7413306">Runway 07/25: Graded hardcore runway is generally unsuitable for light aircraft with low ground/propeller clearance due to unstabilised surface and as a result it would be advisable to carry out any power checks on the tarmac apron before departure.</x:p>
          </x:li>
        </x:ol>
      </e:Sub-section>
      <e:Sub-section Number="5" id="EGED-AD-2.20.5">
        <e:Title id="ID_7413308">Helicopter Operations</e:Title>
        <x:p id="ID_7413309">Not applicable</x:p>
      </e:Sub-section>
      <e:Sub-section Number="6" id="EGED-AD-2.20.6">
        <e:Title id="ID_7413311">Use of Runways</e:Title>
        <x:p id="ID_7413312">Not applicable</x:p>
      </e:Sub-section>
      <e:Sub-section Number="7" id="EGED-AD-2.20.7">
        <e:Title id="ID_7413314">Training</e:Title>
        <x:p id="ID_7413315">Not applicable</x:p>
      </e:Sub-section>
    </x:div>
  </e:AD-2.20>
  <e:AD-2.21 id="EGED-AD-2.21" Number="AD 2.21">
    <GreenBorder id="ID_7413317" />
    <e:Title id="ID_7413318">NOISE ABATEMENT PROCEDURES</e:Title>
    <x:div class="RP">
      <x:span class="sdParams" style="display:none;">TRULES_PROC;RULES_PROC_ID;7650</x:span>
      <x:p id="ID_7413319">Not applicable</x:p>
    </x:div>
  </e:AD-2.21>
  <e:AD-2.22 id="EGED-AD-2.22" Number="AD 2.22">
    <GreenBorder id="ID_7413321" />
    <e:Title id="ID_7413322">FLIGHT PROCEDURES</e:Title>
    <x:div class="RP">
      <x:span class="sdParams" style="display:none;">TRULES_PROC;RULES_PROC_ID;7651</x:span>
      <x:ol id="ID_7413323" class="Numbered">
        <x:li id="ID_7413324">
          <x:p id="ID_7413325">RTF. Contact with Kirkwall Approach is recommended.</x:p>
        </x:li>
      </x:ol>
    </x:div>
  </e:AD-2.22>
  <e:AD-2.23 id="EGED-AD-2.23" Number="AD 2.23">
    <GreenBorder id="ID_7413327" />
    <e:Title id="ID_7413328">ADDITIONAL INFORMATION</e:Title>
    <x:div class="RP">
      <x:span class="sdParams" style="display:none;">TRULES_PROC;RULES_PROC_ID;7652</x:span>
      <x:p id="ID_7413329">Not applicable</x:p>
    </x:div>
  </e:AD-2.23>
  <e:AD-2.24 id="EGED-AD-2.24" Number="AD 2.24">
    <GreenBorder id="ID_7413331" />
    <e:Title id="ID_7413332">CHARTS RELATED TO AN AERODROME</e:Title>
    <x:table id="ID_7413334" class="">
      <x:tbody id="ID_7413335">
        <x:tr id="ID_7413336">
          <x:td id="ID_7413337" HAlignment="Left" VAlignment="Top" align="left" valign="top">
            <x:p id="ID_7413338">
              <x:em id="ID_7413339" class="Italic">Figure: Aerodrome Chart - ICAO</x:em>
            </x:p>
          </x:td>
        </x:tr>
        <x:tr id="ID_7413340">
          <x:td id="ID_7413341" HAlignment="Left" VAlignment="Top" align="left" valign="top">
            <x:p id="ID_7413342">AD 2-EGAA-2-1</x:p>
          </x:td>
        </x:tr>
        <x:tr id="ID_7413343">
          <x:td id="ID_7413344" HAlignment="Left" VAlignment="Top" align="left" valign="top">&nbsp;</x:td>
        </x:tr>
        <x:tr id="ID_7413345">
          <x:td id="ID_7413346" HAlignment="Left" VAlignment="Top" align="left" valign="top">&nbsp;</x:td>
        </x:tr>
        <x:tr id="ID_7413347">
          <x:td id="ID_7413348" HAlignment="Left" VAlignment="Top" align="left" valign="top">&nbsp;</x:td>
        </x:tr>
        <x:tr id="ID_7413349">
          <x:td id="ID_7413350" HAlignment="Left" VAlignment="Top" align="left" valign="top">&nbsp;</x:td>
        </x:tr>
      </x:tbody>
    </x:table>
  </e:AD-2.24>
</e:Aerodrome>
