<?xml version="1.0" encoding="UTF-8"?>
<e:Aerodrome id="AD-2.EGSH" Ref="ICAO-EGSH" Title="NORWICH" xmlns:e="http://www.eurocontrol.int/xmlns/AIM/eAIP" xmlns:x="http://www.w3.org/1999/xhtml" xmlns:xlink="http://www.w3.org/1999/xlink">
  <e:Title />
  <e:AD-2.1 id="EGSH-AD-2.1" Number="AD 2.1">
    <GreenBorder id="ID_7084584" />
    <e:Title id="ID_7084585">AERODROME LOCATION INDICATOR AND NAME</e:Title>
    <e:Generated />
  </e:AD-2.1>
  <e:AD-2.2 id="EGSH-AD-2.2" Number="AD 2.2">
    <GreenBorder id="ID_7084590" />
    <e:Title id="ID_7084591">AERODROME&nbsp;GEOGRAPHICAL&nbsp;AND&nbsp;ADMINISTRATIVE&nbsp;DATA</e:Title>
    <x:table id="ID_7084593" class="">
      <x:tbody id="ID_7084594">
        <x:tr id="ID_7084595">
          <x:td id="ID_7084596" HAlignment="Left" VAlignment="Top" align="left" valign="top">1</x:td>
          <x:td id="ID_7084597" HAlignment="Left" VAlignment="Top" align="left" valign="top">
            <x:p id="ID_7084598">ARP coordinates and site at AD</x:p>
          </x:td>
          <x:td id="ID_7084599" HAlignment="Left" VAlignment="Top" align="left" valign="top">&nbsp;</x:td>
        </x:tr>
        <x:tr id="ID_7084600">
          <x:td id="ID_7084601" HAlignment="Left" VAlignment="Top" align="left" valign="top">2</x:td>
          <x:td id="ID_7084602" HAlignment="Left" VAlignment="Top" align="left" valign="top">
            <x:p id="ID_7084603">Direction and distance from city</x:p>
          </x:td>
          <x:td id="ID_7084604" HAlignment="Left" VAlignment="Top" align="left" valign="top">&nbsp;</x:td>
        </x:tr>
        <x:tr id="ID_7084605">
          <x:td id="ID_7084606" HAlignment="Left" VAlignment="Top" align="left" valign="top">3</x:td>
          <x:td id="ID_7084607" HAlignment="Left" VAlignment="Top" align="left" valign="top">
            <x:p id="ID_7084608">Elevation / Reference temperature</x:p>
          </x:td>
          <x:td id="ID_7084609" HAlignment="Left" VAlignment="Top" align="left" valign="top">&nbsp;</x:td>
        </x:tr>
        <x:tr id="ID_7084610">
          <x:td id="ID_7084611" HAlignment="Left" VAlignment="Top" align="left" valign="top">4</x:td>
          <x:td id="ID_7084612" HAlignment="Left" VAlignment="Top" align="left" valign="top">
            <x:p id="ID_7084613">Geoid undulation at AD ELEV PSN</x:p>
          </x:td>
          <x:td id="ID_7084614" HAlignment="Left" VAlignment="Top" align="left" valign="top">&nbsp;</x:td>
        </x:tr>
        <x:tr id="ID_7084615">
          <x:td id="ID_7084616" HAlignment="Left" VAlignment="Top" align="left" valign="top">5</x:td>
          <x:td id="ID_7084617" HAlignment="Left" VAlignment="Top" align="left" valign="top">
            <x:p id="ID_7084618">Magnetic Variation / Annual Change</x:p>
          </x:td>
          <x:td id="ID_7084619" HAlignment="Left" VAlignment="Top" align="left" valign="top">&nbsp;</x:td>
        </x:tr>
        <x:tr id="ID_7084620">
          <x:td id="ID_7084621" HAlignment="Left" VAlignment="Top" align="left" valign="top">6</x:td>
          <x:td id="ID_7084622" HAlignment="Left" VAlignment="Top" align="left" valign="top">
            <x:p id="ID_7084623">AD Administration, address, telephone, telefax, AFS, e-mail address, website address</x:p>
          </x:td>
          <x:td id="ID_7084624" HAlignment="Left" VAlignment="Top" align="left" valign="top">&nbsp;</x:td>
        </x:tr>
        <x:tr id="ID_7084625">
          <x:td id="ID_7084626" HAlignment="Left" VAlignment="Top" align="left" valign="top">7</x:td>
          <x:td id="ID_7084627" HAlignment="Left" VAlignment="Top" align="left" valign="top">
            <x:p id="ID_7084628">Types of Traffic permitted (IFR/VFR)</x:p>
          </x:td>
          <x:td id="ID_7084629" HAlignment="Left" VAlignment="Top" align="left" valign="top">&nbsp;</x:td>
        </x:tr>
        <x:tr id="ID_7084630">
          <x:td id="ID_7084631" HAlignment="Left" VAlignment="Top" align="left" valign="top">8</x:td>
          <x:td id="ID_7084632" HAlignment="Left" VAlignment="Top" align="left" valign="top">
            <x:p id="ID_7084633">Remarks</x:p>
          </x:td>
          <x:td id="ID_7084634" HAlignment="Left" VAlignment="Top" align="left" valign="top">&nbsp;</x:td>
        </x:tr>
      </x:tbody>
    </x:table>
  </e:AD-2.2>
  <e:AD-2.3 id="EGSH-AD-2.3" Number="AD 2.3">
    <GreenBorder id="ID_7084636" />
    <e:Title id="ID_7084637">OPERATIONAL&nbsp;HOURS</e:Title>
    <x:table id="ID_7084639" class="">
      <x:tbody id="ID_7084640">
        <x:tr id="ID_7084641">
          <x:td id="ID_7084642" HAlignment="Left" VAlignment="Top" align="left" valign="top">1</x:td>
          <x:td id="ID_7084643" HAlignment="Left" VAlignment="Top" align="left" valign="top">
            <x:p id="ID_7084644">Aerodrome Operator</x:p>
          </x:td>
          <x:td id="ID_7084645" HAlignment="Left" VAlignment="Top" align="left" valign="top">&nbsp;</x:td>
        </x:tr>
        <x:tr id="ID_7084646">
          <x:td id="ID_7084647" HAlignment="Left" VAlignment="Top" align="left" valign="top">2</x:td>
          <x:td id="ID_7084648" HAlignment="Left" VAlignment="Top" align="left" valign="top">
            <x:p id="ID_7084649">Customs and Immigration</x:p>
          </x:td>
          <x:td id="ID_7084650" HAlignment="Left" VAlignment="Top" align="left" valign="top">
            <x:p id="ID_7084651" />
          </x:td>
        </x:tr>
        <x:tr id="ID_7084652">
          <x:td id="ID_7084653" HAlignment="Left" VAlignment="Top" align="left" valign="top">3</x:td>
          <x:td id="ID_7084654" HAlignment="Left" VAlignment="Top" align="left" valign="top">
            <x:p id="ID_7084655">Health and sanitation</x:p>
          </x:td>
          <x:td id="ID_7084656" HAlignment="Left" VAlignment="Top" align="left" valign="top">&nbsp;</x:td>
        </x:tr>
        <x:tr id="ID_7084657">
          <x:td id="ID_7084658" HAlignment="Left" VAlignment="Top" align="left" valign="top">4</x:td>
          <x:td id="ID_7084659" HAlignment="Left" VAlignment="Top" align="left" valign="top">
            <x:p id="ID_7084660">AIS Briefing Office</x:p>
          </x:td>
          <x:td id="ID_7084661" HAlignment="Left" VAlignment="Top" align="left" valign="top">&nbsp;</x:td>
        </x:tr>
        <x:tr id="ID_7084662">
          <x:td id="ID_7084663" HAlignment="Left" VAlignment="Top" align="left" valign="top">5</x:td>
          <x:td id="ID_7084664" HAlignment="Left" VAlignment="Top" align="left" valign="top">
            <x:p id="ID_7084665">ATS Reporting Office (ARO)</x:p>
          </x:td>
          <x:td id="ID_7084666" HAlignment="Left" VAlignment="Top" align="left" valign="top">&nbsp;</x:td>
        </x:tr>
        <x:tr id="ID_7084667">
          <x:td id="ID_7084668" HAlignment="Left" VAlignment="Top" align="left" valign="top">6</x:td>
          <x:td id="ID_7084669" HAlignment="Left" VAlignment="Top" align="left" valign="top">
            <x:p id="ID_7084670">MET Briefing Office</x:p>
          </x:td>
          <x:td id="ID_7084671" HAlignment="Left" VAlignment="Top" align="left" valign="top">&nbsp;</x:td>
        </x:tr>
        <x:tr id="ID_7084672">
          <x:td id="ID_7084673" HAlignment="Left" VAlignment="Top" align="left" valign="top">7</x:td>
          <x:td id="ID_7084674" HAlignment="Left" VAlignment="Top" align="left" valign="top">
            <x:p id="ID_7084675">Air Traffic Service</x:p>
          </x:td>
          <x:td id="ID_7084676" HAlignment="Left" VAlignment="Top" align="left" valign="top">&nbsp;</x:td>
        </x:tr>
        <x:tr id="ID_7084677">
          <x:td id="ID_7084678" HAlignment="Left" VAlignment="Top" align="left" valign="top">8</x:td>
          <x:td id="ID_7084679" HAlignment="Left" VAlignment="Top" align="left" valign="top">
            <x:p id="ID_7084680">Fuelling</x:p>
          </x:td>
          <x:td id="ID_7084681" HAlignment="Left" VAlignment="Top" align="left" valign="top">&nbsp;</x:td>
        </x:tr>
        <x:tr id="ID_7084682">
          <x:td id="ID_7084683" HAlignment="Left" VAlignment="Top" align="left" valign="top">9</x:td>
          <x:td id="ID_7084684" HAlignment="Left" VAlignment="Top" align="left" valign="top">
            <x:p id="ID_7084685">Handling</x:p>
          </x:td>
          <x:td id="ID_7084686" HAlignment="Left" VAlignment="Top" align="left" valign="top">&nbsp;</x:td>
        </x:tr>
        <x:tr id="ID_7084687">
          <x:td id="ID_7084688" HAlignment="Left" VAlignment="Top" align="left" valign="top">10</x:td>
          <x:td id="ID_7084689" HAlignment="Left" VAlignment="Top" align="left" valign="top">
            <x:p id="ID_7084690">Security</x:p>
          </x:td>
          <x:td id="ID_7084691" HAlignment="Left" VAlignment="Top" align="left" valign="top">&nbsp;</x:td>
        </x:tr>
        <x:tr id="ID_7084692">
          <x:td id="ID_7084693" HAlignment="Left" VAlignment="Top" align="left" valign="top">11</x:td>
          <x:td id="ID_7084694" HAlignment="Left" VAlignment="Top" align="left" valign="top">
            <x:p id="ID_7084695">De-icing</x:p>
          </x:td>
          <x:td id="ID_7084696" HAlignment="Left" VAlignment="Top" align="left" valign="top">&nbsp;</x:td>
        </x:tr>
        <x:tr id="ID_7084697">
          <x:td id="ID_7084698" HAlignment="Left" VAlignment="Top" align="left" valign="top">12</x:td>
          <x:td id="ID_7084699" HAlignment="Left" VAlignment="Top" align="left" valign="top">
            <x:p id="ID_7084700">Remarks</x:p>
          </x:td>
          <x:td id="ID_7084701" HAlignment="Left" VAlignment="Top" align="left" valign="top">&nbsp;</x:td>
        </x:tr>
      </x:tbody>
    </x:table>
  </e:AD-2.3>
  <e:AD-2.4 id="EGSH-AD-2.4" Number="AD 2.4">
    <GreenBorder id="ID_7084703" />
    <e:Title id="ID_7084704">HANDLING&nbsp;SERVICES&nbsp;AND&nbsp;FACILITIES</e:Title>
    <x:table id="ID_7084706" class="">
      <x:tbody id="ID_7084707">
        <x:tr id="ID_7084708">
          <x:td id="ID_7084709" HAlignment="Left" VAlignment="Top" align="left" valign="top">1</x:td>
          <x:td id="ID_7084710" HAlignment="Left" VAlignment="Top" align="left" valign="top">
            <x:p id="ID_7084711">Cargo handling facilities</x:p>
          </x:td>
          <x:td id="ID_7084712" HAlignment="Left" VAlignment="Top" align="left" valign="top">&nbsp;</x:td>
        </x:tr>
        <x:tr id="ID_7084713">
          <x:td id="ID_7084714" HAlignment="Left" VAlignment="Top" align="left" valign="top">2</x:td>
          <x:td id="ID_7084715" HAlignment="Left" VAlignment="Top" align="left" valign="top">
            <x:p id="ID_7084716">Fuel and oil types</x:p>
          </x:td>
          <x:td id="ID_7084717" HAlignment="Left" VAlignment="Top" align="left" valign="top">&nbsp;</x:td>
        </x:tr>
        <x:tr id="ID_7084718">
          <x:td id="ID_7084719" HAlignment="Left" VAlignment="Top" align="left" valign="top">3</x:td>
          <x:td id="ID_7084720" HAlignment="Left" VAlignment="Top" align="left" valign="top">
            <x:p id="ID_7084721">Fuelling facilities/capacity</x:p>
          </x:td>
          <x:td id="ID_7084722" HAlignment="Left" VAlignment="Top" align="left" valign="top">&nbsp;</x:td>
        </x:tr>
        <x:tr id="ID_7084723">
          <x:td id="ID_7084724" HAlignment="Left" VAlignment="Top" align="left" valign="top">4</x:td>
          <x:td id="ID_7084725" HAlignment="Left" VAlignment="Top" align="left" valign="top">
            <x:p id="ID_7084726">De-icing facilities</x:p>
          </x:td>
          <x:td id="ID_7084727" HAlignment="Left" VAlignment="Top" align="left" valign="top">&nbsp;</x:td>
        </x:tr>
        <x:tr id="ID_7084728">
          <x:td id="ID_7084729" HAlignment="Left" VAlignment="Top" align="left" valign="top">5</x:td>
          <x:td id="ID_7084730" HAlignment="Left" VAlignment="Top" align="left" valign="top">
            <x:p id="ID_7084731">Hangar space for visiting aircraft</x:p>
          </x:td>
          <x:td id="ID_7084732" HAlignment="Left" VAlignment="Top" align="left" valign="top">&nbsp;</x:td>
        </x:tr>
        <x:tr id="ID_7084733">
          <x:td id="ID_7084734" HAlignment="Left" VAlignment="Top" align="left" valign="top">6</x:td>
          <x:td id="ID_7084735" HAlignment="Left" VAlignment="Top" align="left" valign="top">
            <x:p id="ID_7084736">Repair facilities for visiting aircraft</x:p>
          </x:td>
          <x:td id="ID_7084737" HAlignment="Left" VAlignment="Top" align="left" valign="top">&nbsp;</x:td>
        </x:tr>
        <x:tr id="ID_7084738">
          <x:td id="ID_7084739" HAlignment="Left" VAlignment="Top" align="left" valign="top">7</x:td>
          <x:td id="ID_7084740" HAlignment="Left" VAlignment="Top" align="left" valign="top">
            <x:p id="ID_7084741">Remarks</x:p>
          </x:td>
          <x:td id="ID_7084742" HAlignment="Left" VAlignment="Top" align="left" valign="top">&nbsp;</x:td>
        </x:tr>
      </x:tbody>
    </x:table>
  </e:AD-2.4>
  <e:AD-2.5 id="EGSH-AD-2.5" Number="AD 2.5">
    <GreenBorder id="ID_7084744" />
    <e:Title id="ID_7084745">PASSENGER&nbsp;FACILITIES</e:Title>
    <x:table id="ID_7084747" class="">
      <x:tbody id="ID_7084748">
        <x:tr id="ID_7084749">
          <x:td id="ID_7084750" HAlignment="Left" VAlignment="Top" align="left" valign="top">1</x:td>
          <x:td id="ID_7084751" HAlignment="Left" VAlignment="Top" align="left" valign="top">
            <x:p id="ID_7084752">Hotels</x:p>
          </x:td>
          <x:td id="ID_7084753" HAlignment="Left" VAlignment="Top" align="left" valign="top">&nbsp;</x:td>
        </x:tr>
        <x:tr id="ID_7084754">
          <x:td id="ID_7084755" HAlignment="Left" VAlignment="Top" align="left" valign="top">2</x:td>
          <x:td id="ID_7084756" HAlignment="Left" VAlignment="Top" align="left" valign="top">
            <x:p id="ID_7084757">Restaurants</x:p>
          </x:td>
          <x:td id="ID_7084758" HAlignment="Left" VAlignment="Top" align="left" valign="top">&nbsp;</x:td>
        </x:tr>
        <x:tr id="ID_7084759">
          <x:td id="ID_7084760" HAlignment="Left" VAlignment="Top" align="left" valign="top">3</x:td>
          <x:td id="ID_7084761" HAlignment="Left" VAlignment="Top" align="left" valign="top">
            <x:p id="ID_7084762">Transportation</x:p>
          </x:td>
          <x:td id="ID_7084763" HAlignment="Left" VAlignment="Top" align="left" valign="top">&nbsp;</x:td>
        </x:tr>
        <x:tr id="ID_7084764">
          <x:td id="ID_7084765" HAlignment="Left" VAlignment="Top" align="left" valign="top">4</x:td>
          <x:td id="ID_7084766" HAlignment="Left" VAlignment="Top" align="left" valign="top">
            <x:p id="ID_7084767">Medical facilities</x:p>
          </x:td>
          <x:td id="ID_7084768" HAlignment="Left" VAlignment="Top" align="left" valign="top">&nbsp;</x:td>
        </x:tr>
        <x:tr id="ID_7084769">
          <x:td id="ID_7084770" HAlignment="Left" VAlignment="Top" align="left" valign="top">5</x:td>
          <x:td id="ID_7084771" HAlignment="Left" VAlignment="Top" align="left" valign="top">
            <x:p id="ID_7084772">Bank and Post Office</x:p>
          </x:td>
          <x:td id="ID_7084773" HAlignment="Left" VAlignment="Top" align="left" valign="top">&nbsp;</x:td>
        </x:tr>
        <x:tr id="ID_7084774">
          <x:td id="ID_7084775" HAlignment="Left" VAlignment="Top" align="left" valign="top">6</x:td>
          <x:td id="ID_7084776" HAlignment="Left" VAlignment="Top" align="left" valign="top">
            <x:p id="ID_7084777">Tourist Office</x:p>
          </x:td>
          <x:td id="ID_7084778" HAlignment="Left" VAlignment="Top" align="left" valign="top">&nbsp;</x:td>
        </x:tr>
        <x:tr id="ID_7084779">
          <x:td id="ID_7084780" HAlignment="Left" VAlignment="Top" align="left" valign="top">7</x:td>
          <x:td id="ID_7084781" HAlignment="Left" VAlignment="Top" align="left" valign="top">
            <x:p id="ID_7084782">Remarks</x:p>
          </x:td>
          <x:td id="ID_7084783" HAlignment="Left" VAlignment="Top" align="left" valign="top">&nbsp;</x:td>
        </x:tr>
      </x:tbody>
    </x:table>
  </e:AD-2.5>
  <e:AD-2.6 id="EGSH-AD-2.6" Number="AD 2.6">
    <GreenBorder id="ID_7084785" />
    <e:Title id="ID_7084786">RESCUE&nbsp;AND&nbsp;FIRE&nbsp;FIGHTING&nbsp;SERVICES</e:Title>
    <x:table id="ID_7084788" class="">
      <x:tbody id="ID_7084789">
        <x:tr id="ID_7084790">
          <x:td id="ID_7084791" HAlignment="Left" VAlignment="Top" align="left" valign="top">1</x:td>
          <x:td id="ID_7084792" HAlignment="Left" VAlignment="Top" align="left" valign="top">
            <x:p id="ID_7084793">AD category for fire fighting</x:p>
          </x:td>
          <x:td id="ID_7084794" HAlignment="Left" VAlignment="Top" align="left" valign="top">&nbsp;</x:td>
        </x:tr>
        <x:tr id="ID_7084795">
          <x:td id="ID_7084796" HAlignment="Left" VAlignment="Top" align="left" valign="top">2</x:td>
          <x:td id="ID_7084797" HAlignment="Left" VAlignment="Top" align="left" valign="top">
            <x:p id="ID_7084798">Rescue equipment</x:p>
          </x:td>
          <x:td id="ID_7084799" HAlignment="Left" VAlignment="Top" align="left" valign="top">&nbsp;</x:td>
        </x:tr>
        <x:tr id="ID_7084800">
          <x:td id="ID_7084801" HAlignment="Left" VAlignment="Top" align="left" valign="top">3</x:td>
          <x:td id="ID_7084802" HAlignment="Left" VAlignment="Top" align="left" valign="top">
            <x:p id="ID_7084803">Capability for removal of disabled aircraft</x:p>
          </x:td>
          <x:td id="ID_7084804" HAlignment="Left" VAlignment="Top" align="left" valign="top">&nbsp;</x:td>
        </x:tr>
        <x:tr id="ID_7084805">
          <x:td id="ID_7084806" HAlignment="Left" VAlignment="Top" align="left" valign="top">4</x:td>
          <x:td id="ID_7084807" HAlignment="Left" VAlignment="Top" align="left" valign="top">
            <x:p id="ID_7084808">Remarks</x:p>
          </x:td>
          <x:td id="ID_7084809" HAlignment="Left" VAlignment="Top" align="left" valign="top">&nbsp;</x:td>
        </x:tr>
      </x:tbody>
    </x:table>
  </e:AD-2.6>
  <e:AD-2.7 id="EGSH-AD-2.7" Number="AD 2.7">
    <GreenBorder id="ID_7084811" />
    <e:Title id="ID_7084812">SEASONAL&nbsp;AVAILABILITY&nbsp;-&nbsp;CLEARING</e:Title>
    <x:table id="ID_7084814" class="">
      <x:tbody id="ID_7084815">
        <x:tr id="ID_7084816">
          <x:td id="ID_7084817" HAlignment="Left" VAlignment="Top" align="left" valign="top">1</x:td>
          <x:td id="ID_7084818" HAlignment="Left" VAlignment="Top" align="left" valign="top">
            <x:p id="ID_7084819">Types of clearing equipment</x:p>
          </x:td>
          <x:td id="ID_7084820" HAlignment="Left" VAlignment="Top" align="left" valign="top">&nbsp;</x:td>
        </x:tr>
        <x:tr id="ID_7084821">
          <x:td id="ID_7084822" HAlignment="Left" VAlignment="Top" align="left" valign="top">2</x:td>
          <x:td id="ID_7084823" HAlignment="Left" VAlignment="Top" align="left" valign="top">
            <x:p id="ID_7084824">Clearance priorities</x:p>
          </x:td>
          <x:td id="ID_7084825" HAlignment="Left" VAlignment="Top" align="left" valign="top">&nbsp;</x:td>
        </x:tr>
        <x:tr id="ID_7084826">
          <x:td id="ID_7084827" HAlignment="Left" VAlignment="Top" align="left" valign="top">3</x:td>
          <x:td id="ID_7084828" HAlignment="Left" VAlignment="Top" align="left" valign="top">
            <x:p id="ID_7084829">Remarks</x:p>
          </x:td>
          <x:td id="ID_7084830" HAlignment="Left" VAlignment="Top" align="left" valign="top">&nbsp;</x:td>
        </x:tr>
      </x:tbody>
    </x:table>
  </e:AD-2.7>
  <e:AD-2.8 id="EGSH-AD-2.8" Number="AD 2.8">
    <GreenBorder id="ID_7084832" />
    <e:Title id="ID_7084833">APRONS,&nbsp;TAXIWAYS&nbsp;AND&nbsp;CHECK&nbsp;LOCATIONS/POSITIONS&nbsp;DATA</e:Title>
    <x:table id="ID_7084835" class="">
      <x:tbody id="ID_7084836">
        <x:tr id="ID_7084837">
          <x:td id="ID_7084838" HAlignment="Left" VAlignment="Top" align="left" valign="top">1</x:td>
          <x:td id="ID_7084839" HAlignment="Left" VAlignment="Top" align="left" valign="top">
            <x:p id="ID_7084840">Apron surface and strength</x:p>
          </x:td>
          <x:td id="ID_7084841" HAlignment="Left" VAlignment="Top" align="left" valign="top">&nbsp;</x:td>
        </x:tr>
        <x:tr id="ID_7084842">
          <x:td id="ID_7084843" HAlignment="Left" VAlignment="Top" align="left" valign="top">2</x:td>
          <x:td id="ID_7084844" HAlignment="Left" VAlignment="Top" align="left" valign="top">
            <x:p id="ID_7084845">Taxiway width, surface and strength</x:p>
          </x:td>
          <x:td id="ID_7084846" HAlignment="Left" VAlignment="Top" align="left" valign="top">&nbsp;</x:td>
        </x:tr>
        <x:tr id="ID_7084847">
          <x:td id="ID_7084848" HAlignment="Left" VAlignment="Top" align="left" valign="top">3</x:td>
          <x:td id="ID_7084849" HAlignment="Left" VAlignment="Top" align="left" valign="top">
            <x:p id="ID_7084850">Altimeter checkpoint location and elevation</x:p>
          </x:td>
          <x:td id="ID_7084851" HAlignment="Left" VAlignment="Top" align="left" valign="top">&nbsp;</x:td>
        </x:tr>
        <x:tr id="ID_7084852">
          <x:td id="ID_7084853" HAlignment="Left" VAlignment="Top" align="left" valign="top">4</x:td>
          <x:td id="ID_7084854" HAlignment="Left" VAlignment="Top" align="left" valign="top">
            <x:p id="ID_7084855">VOR checkpoints</x:p>
          </x:td>
          <x:td id="ID_7084856" HAlignment="Left" VAlignment="Top" align="left" valign="top">&nbsp;</x:td>
        </x:tr>
        <x:tr id="ID_7084857">
          <x:td id="ID_7084858" HAlignment="Left" VAlignment="Top" align="left" valign="top">5</x:td>
          <x:td id="ID_7084859" HAlignment="Left" VAlignment="Top" align="left" valign="top">
            <x:p id="ID_7084860">INS checkpoints</x:p>
          </x:td>
          <x:td id="ID_7084861" HAlignment="Left" VAlignment="Top" align="left" valign="top">&nbsp;</x:td>
        </x:tr>
        <x:tr id="ID_7084862">
          <x:td id="ID_7084863" HAlignment="Left" VAlignment="Top" align="left" valign="top">6</x:td>
          <x:td id="ID_7084864" HAlignment="Left" VAlignment="Top" align="left" valign="top">
            <x:p id="ID_7084865">Remarks</x:p>
          </x:td>
          <x:td id="ID_7084866" HAlignment="Left" VAlignment="Top" align="left" valign="top">&nbsp;</x:td>
        </x:tr>
      </x:tbody>
    </x:table>
  </e:AD-2.8>
  <e:AD-2.9 id="EGSH-AD-2.9" Number="AD 2.9">
    <GreenBorder id="ID_7084868" />
    <e:Title id="ID_7084869">SURFACE&nbsp;MOVEMENT&nbsp;GUIDANCE&nbsp;AND&nbsp;CONTROL&nbsp;SYSTEM&nbsp;AND&nbsp;MARKINGS</e:Title>
    <x:table id="ID_7084871" class="">
      <x:tbody id="ID_7084872">
        <x:tr id="ID_7084873">
          <x:td id="ID_7084874" HAlignment="Left" VAlignment="Top" align="left" valign="top">1</x:td>
          <x:td id="ID_7084875" HAlignment="Left" VAlignment="Top" align="left" valign="top">
            <x:p id="ID_7084876">Use of aircraft stand ID signs, TWY guide lines and visual docking/parking guidance system of aircraft stands</x:p>
          </x:td>
          <x:td id="ID_7084877" HAlignment="Left" VAlignment="Top" align="left" valign="top">&nbsp;</x:td>
        </x:tr>
        <x:tr id="ID_7084878">
          <x:td id="ID_7084879" HAlignment="Left" VAlignment="Top" align="left" valign="top">2</x:td>
          <x:td id="ID_7084880" HAlignment="Left" VAlignment="Top" align="left" valign="top">
            <x:p id="ID_7084881">Runway and taxiway markings and lighting</x:p>
          </x:td>
          <x:td id="ID_7084882" HAlignment="Left" VAlignment="Top" align="left" valign="top">&nbsp;</x:td>
        </x:tr>
        <x:tr id="ID_7084883">
          <x:td id="ID_7084884" HAlignment="Left" VAlignment="Top" align="left" valign="top">3</x:td>
          <x:td id="ID_7084885" HAlignment="Left" VAlignment="Top" align="left" valign="top">
            <x:p id="ID_7084886">Stop bars</x:p>
          </x:td>
          <x:td id="ID_7084887" HAlignment="Left" VAlignment="Top" align="left" valign="top">&nbsp;</x:td>
        </x:tr>
        <x:tr id="ID_7084888">
          <x:td id="ID_7084889" HAlignment="Left" VAlignment="Top" align="left" valign="top">4</x:td>
          <x:td id="ID_7084890" HAlignment="Left" VAlignment="Top" align="left" valign="top">
            <x:p id="ID_7084891">Remarks</x:p>
          </x:td>
          <x:td id="ID_7084892" HAlignment="Left" VAlignment="Top" align="left" valign="top">&nbsp;</x:td>
        </x:tr>
      </x:tbody>
    </x:table>
  </e:AD-2.9>
  <e:AD-2.10 id="EGSH-AD-2.10" Number="AD 2.10">
    <GreenBorder id="ID_7084894" />
    <e:Title id="ID_7084895">AERODROME&nbsp;OBSTACLES</e:Title>
    <x:table id="ID_7084897" class="">
      <x:thead id="ID_7084898">
        <x:tr id="ID_7084899">
          <x:th id="ID_7084900" HAlignment="Center" VAlignment="Top" colspan="6" align="center" valign="top">
            <x:p id="ID_7084901">In Approach/Take-off areas</x:p>
          </x:th>
        </x:tr>
        <x:tr id="ID_7084902">
          <x:th id="ID_7084903" HAlignment="Left" VAlignment="Top" align="left" valign="top">
            <x:p id="ID_7084904">Obstacle ID/Designation</x:p>
          </x:th>
          <x:th id="ID_7084905" HAlignment="Left" VAlignment="Top" align="left" valign="top">
            <x:p id="ID_7084906">Obstacle Type</x:p>
          </x:th>
          <x:th id="ID_7084907" HAlignment="Left" VAlignment="Top" align="left" valign="top">
            <x:p id="ID_7084908">Obstacle Position</x:p>
          </x:th>
          <x:th id="ID_7084909" HAlignment="Left" VAlignment="Top" align="left" valign="top">
            <x:p id="ID_7084910">Elevation/Height</x:p>
          </x:th>
          <x:th id="ID_7084911" HAlignment="Left" VAlignment="Top" align="left" valign="top">
            <x:p id="ID_7084912">Obstruction Lighting Type/Colour</x:p>
          </x:th>
          <x:th id="ID_7084913" HAlignment="Left" VAlignment="Top" align="left" valign="top">
            <x:p id="ID_7084914">Remarks</x:p>
          </x:th>
        </x:tr>
        <x:tr id="ID_7084915">
          <x:th id="ID_7084916" HAlignment="Left" VAlignment="Top" align="left" valign="top">1</x:th>
          <x:th id="ID_7084917" HAlignment="Left" VAlignment="Top" align="left" valign="top">2</x:th>
          <x:th id="ID_7084918" HAlignment="Left" VAlignment="Top" align="left" valign="top">3</x:th>
          <x:th id="ID_7084919" HAlignment="Left" VAlignment="Top" align="left" valign="top">4</x:th>
          <x:th id="ID_7084920" HAlignment="Left" VAlignment="Top" align="left" valign="top">5</x:th>
          <x:th id="ID_7084921" HAlignment="Left" VAlignment="Top" align="left" valign="top">6</x:th>
        </x:tr>
      </x:thead>
      <x:tbody id="ID_7084922">
        <x:tr id="ID_7084923">
          <x:td id="ID_7084924" HAlignment="Left" VAlignment="Top" align="left" valign="top">&nbsp;</x:td>
          <x:td id="ID_7084925" HAlignment="Left" VAlignment="Top" align="left" valign="top">&nbsp;</x:td>
          <x:td id="ID_7084926" HAlignment="Left" VAlignment="Top" align="left" valign="top">&nbsp;</x:td>
          <x:td id="ID_7084927" HAlignment="Left" VAlignment="Top" align="left" valign="top">&nbsp;</x:td>
          <x:td id="ID_7084928" HAlignment="Left" VAlignment="Top" align="left" valign="top">&nbsp;</x:td>
          <x:td id="ID_7084929" HAlignment="Left" VAlignment="Top" align="left" valign="top">&nbsp;</x:td>
        </x:tr>
      </x:tbody>
    </x:table>
    <x:table id="ID_7084931" class="">
      <x:thead id="ID_7084932">
        <x:tr id="ID_7084933">
          <x:th id="ID_7084934" HAlignment="Center" VAlignment="Top" colspan="6" align="center" valign="top">
            <x:p id="ID_7084935">In circling area and at aerodrome</x:p>
          </x:th>
        </x:tr>
        <x:tr id="ID_7084936">
          <x:th id="ID_7084937" HAlignment="Left" VAlignment="Top" align="left" valign="top">
            <x:p id="ID_7084938">Obstacle ID/Designation</x:p>
          </x:th>
          <x:th id="ID_7084939" HAlignment="Left" VAlignment="Top" align="left" valign="top">
            <x:p id="ID_7084940">Obstacle Type</x:p>
          </x:th>
          <x:th id="ID_7084941" HAlignment="Left" VAlignment="Top" align="left" valign="top">
            <x:p id="ID_7084942">Obstacle Position</x:p>
          </x:th>
          <x:th id="ID_7084943" HAlignment="Left" VAlignment="Top" align="left" valign="top">
            <x:p id="ID_7084944">Elevation/Height</x:p>
          </x:th>
          <x:th id="ID_7084945" HAlignment="Left" VAlignment="Top" align="left" valign="top">
            <x:p id="ID_7084946">Obstruction Lighting Type/Colour</x:p>
          </x:th>
          <x:th id="ID_7084947" HAlignment="Left" VAlignment="Top" align="left" valign="top">
            <x:p id="ID_7084948">Remarks</x:p>
          </x:th>
        </x:tr>
        <x:tr id="ID_7084949">
          <x:th id="ID_7084950" HAlignment="Left" VAlignment="Top" align="left" valign="top">1</x:th>
          <x:th id="ID_7084951" HAlignment="Left" VAlignment="Top" align="left" valign="top">2</x:th>
          <x:th id="ID_7084952" HAlignment="Left" VAlignment="Top" align="left" valign="top">3</x:th>
          <x:th id="ID_7084953" HAlignment="Left" VAlignment="Top" align="left" valign="top">4</x:th>
          <x:th id="ID_7084954" HAlignment="Left" VAlignment="Top" align="left" valign="top">5</x:th>
          <x:th id="ID_7084955" HAlignment="Left" VAlignment="Top" align="left" valign="top">6</x:th>
        </x:tr>
      </x:thead>
      <x:tbody id="ID_7084956">
        <x:tr id="ID_7084957">
          <x:td id="ID_7084958" HAlignment="Left" VAlignment="Top" align="left" valign="top">&nbsp;</x:td>
          <x:td id="ID_7084959" HAlignment="Left" VAlignment="Top" align="left" valign="top">&nbsp;</x:td>
          <x:td id="ID_7084960" HAlignment="Left" VAlignment="Top" align="left" valign="top">&nbsp;</x:td>
          <x:td id="ID_7084961" HAlignment="Left" VAlignment="Top" align="left" valign="top">&nbsp;</x:td>
          <x:td id="ID_7084962" HAlignment="Left" VAlignment="Top" align="left" valign="top">&nbsp;</x:td>
          <x:td id="ID_7084963" HAlignment="Left" VAlignment="Top" align="left" valign="top">&nbsp;</x:td>
        </x:tr>
      </x:tbody>
    </x:table>
  </e:AD-2.10>
  <e:AD-2.11 id="EGSH-AD-2.11" Number="AD 2.11">
    <GreenBorder id="ID_7084965" />
    <e:Title id="ID_7084966">METEOROLOGICAL&nbsp;INFORMATION&nbsp;PROVIDED</e:Title>
    <x:table id="ID_7084968" class="">
      <x:tbody id="ID_7084969">
        <x:tr id="ID_7084970">
          <x:td id="ID_7084971" HAlignment="Left" VAlignment="Top" align="left" valign="top">1</x:td>
          <x:td id="ID_7084972" HAlignment="Left" VAlignment="Top" align="left" valign="top">
            <x:p id="ID_7084973">Associated MET Office</x:p>
          </x:td>
          <x:td id="ID_7084974" HAlignment="Left" VAlignment="Top" align="left" valign="top">&nbsp;</x:td>
        </x:tr>
        <x:tr id="ID_7084975">
          <x:td id="ID_7084976" HAlignment="Left" VAlignment="Top" align="left" valign="top">2</x:td>
          <x:td id="ID_7084977" HAlignment="Left" VAlignment="Top" align="left" valign="top">
            <x:p id="ID_7084978">Hours of service</x:p>
            <x:p id="ID_7084979">MET Office outside hours</x:p>
          </x:td>
          <x:td id="ID_7084980" HAlignment="Left" VAlignment="Top" align="left" valign="top">&nbsp;</x:td>
        </x:tr>
        <x:tr id="ID_7084981">
          <x:td id="ID_7084982" HAlignment="Left" VAlignment="Top" align="left" valign="top">3</x:td>
          <x:td id="ID_7084983" HAlignment="Left" VAlignment="Top" align="left" valign="top">
            <x:p id="ID_7084984">Office responsible for TAF preparation</x:p>
            <x:p id="ID_7084985">Periods of validity</x:p>
          </x:td>
          <x:td id="ID_7084986" HAlignment="Left" VAlignment="Top" align="left" valign="top">&nbsp;</x:td>
        </x:tr>
        <x:tr id="ID_7084987">
          <x:td id="ID_7084988" HAlignment="Left" VAlignment="Top" align="left" valign="top">4</x:td>
          <x:td id="ID_7084989" HAlignment="Left" VAlignment="Top" align="left" valign="top">
            <x:p id="ID_7084990">Trend forecast</x:p>
            <x:p id="ID_7084991">Interval of issuance</x:p>
          </x:td>
          <x:td id="ID_7084992" HAlignment="Left" VAlignment="Top" align="left" valign="top">&nbsp;</x:td>
        </x:tr>
        <x:tr id="ID_7084993">
          <x:td id="ID_7084994" HAlignment="Left" VAlignment="Top" align="left" valign="top">5</x:td>
          <x:td id="ID_7084995" HAlignment="Left" VAlignment="Top" align="left" valign="top">
            <x:p id="ID_7084996">Briefing/consultation provided</x:p>
          </x:td>
          <x:td id="ID_7084997" HAlignment="Left" VAlignment="Top" align="left" valign="top">&nbsp;</x:td>
        </x:tr>
        <x:tr id="ID_7084998">
          <x:td id="ID_7084999" HAlignment="Left" VAlignment="Top" align="left" valign="top">6</x:td>
          <x:td id="ID_7085000" HAlignment="Left" VAlignment="Top" align="left" valign="top">
            <x:p id="ID_7085001">Flight documentation</x:p>
            <x:p id="ID_7085002">Language(s) used</x:p>
          </x:td>
          <x:td id="ID_7085003" HAlignment="Left" VAlignment="Top" align="left" valign="top">&nbsp;</x:td>
        </x:tr>
        <x:tr id="ID_7085004">
          <x:td id="ID_7085005" HAlignment="Left" VAlignment="Top" align="left" valign="top">7</x:td>
          <x:td id="ID_7085006" HAlignment="Left" VAlignment="Top" align="left" valign="top">
            <x:p id="ID_7085007">Charts and other information available for briefing or consultation</x:p>
          </x:td>
          <x:td id="ID_7085008" HAlignment="Left" VAlignment="Top" align="left" valign="top">&nbsp;</x:td>
        </x:tr>
        <x:tr id="ID_7085009">
          <x:td id="ID_7085010" HAlignment="Left" VAlignment="Top" align="left" valign="top">8</x:td>
          <x:td id="ID_7085011" HAlignment="Left" VAlignment="Top" align="left" valign="top">
            <x:p id="ID_7085012">Supplementary equipment available for providing information</x:p>
          </x:td>
          <x:td id="ID_7085013" HAlignment="Left" VAlignment="Top" align="left" valign="top">&nbsp;</x:td>
        </x:tr>
        <x:tr id="ID_7085014">
          <x:td id="ID_7085015" HAlignment="Left" VAlignment="Top" align="left" valign="top">9</x:td>
          <x:td id="ID_7085016" HAlignment="Left" VAlignment="Top" align="left" valign="top">
            <x:p id="ID_7085017">ATS units provided with information</x:p>
          </x:td>
          <x:td id="ID_7085018" HAlignment="Left" VAlignment="Top" align="left" valign="top">&nbsp;</x:td>
        </x:tr>
        <x:tr id="ID_7085019">
          <x:td id="ID_7085020" HAlignment="Left" VAlignment="Top" align="left" valign="top">10</x:td>
          <x:td id="ID_7085021" HAlignment="Left" VAlignment="Top" align="left" valign="top">
            <x:p id="ID_7085022">Additional information (limitation of service, etc.)</x:p>
          </x:td>
          <x:td id="ID_7085023" HAlignment="Left" VAlignment="Top" align="left" valign="top">&nbsp;</x:td>
        </x:tr>
      </x:tbody>
    </x:table>
  </e:AD-2.11>
  <e:AD-2.12 id="EGSH-AD-2.12" Number="AD 2.12">
    <GreenBorder id="ID_7085025" />
    <e:Title id="ID_7085026">RUNWAY&nbsp;PHYSICAL&nbsp;CHARACTERISTICS</e:Title>
    <x:table id="ID_7085028" class="">
      <x:thead id="ID_7085029">
        <x:tr id="ID_7085030">
          <x:th id="ID_7085031" HAlignment="Left" VAlignment="Top" align="left" valign="top">
            <x:p id="ID_7085032">Designations RWY Number</x:p>
          </x:th>
          <x:th id="ID_7085033" HAlignment="Left" VAlignment="Top" align="left" valign="top">
            <x:p id="ID_7085034">True bearing</x:p>
          </x:th>
          <x:th id="ID_7085035" HAlignment="Left" VAlignment="Top" align="left" valign="top">
            <x:p id="ID_7085036">Dimensions of RWY</x:p>
          </x:th>
          <x:th id="ID_7085037" HAlignment="Left" VAlignment="Top" align="left" valign="top">
            <x:p id="ID_7085038">Surface of RWY/ SWY/ </x:p>
            <x:p id="ID_7085039">Strength (PCN)</x:p>
          </x:th>
          <x:th id="ID_7085040" HAlignment="Left" VAlignment="Top" align="left" valign="top">
            <x:p id="ID_7085041">THR co-ordinates/</x:p>
            <x:p id="ID_7085042">THR Geoid undulation</x:p>
          </x:th>
          <x:th id="ID_7085043" HAlignment="Left" VAlignment="Top" align="left" valign="top">
            <x:p id="ID_7085044">THR elevation/ Highest elevation of TDZ of precision APP RWY</x:p>
          </x:th>
        </x:tr>
        <x:tr id="ID_7085045">
          <x:th id="ID_7085046" HAlignment="Left" VAlignment="Top" align="left" valign="top">1</x:th>
          <x:th id="ID_7085047" HAlignment="Left" VAlignment="Top" align="left" valign="top">2</x:th>
          <x:th id="ID_7085048" HAlignment="Left" VAlignment="Top" align="left" valign="top">3</x:th>
          <x:th id="ID_7085049" HAlignment="Left" VAlignment="Top" align="left" valign="top">4</x:th>
          <x:th id="ID_7085050" HAlignment="Left" VAlignment="Top" align="left" valign="top">5</x:th>
          <x:th id="ID_7085051" HAlignment="Left" VAlignment="Top" align="left" valign="top">6</x:th>
        </x:tr>
      </x:thead>
      <x:tbody id="ID_7085052">
        <x:tr id="ID_7085053">
          <x:td id="ID_7085054" HAlignment="Left" VAlignment="Top" align="left" valign="top">&nbsp;</x:td>
          <x:td id="ID_7085055" HAlignment="Left" VAlignment="Top" align="left" valign="top">&nbsp;</x:td>
          <x:td id="ID_7085056" HAlignment="Left" VAlignment="Top" align="left" valign="top">&nbsp;</x:td>
          <x:td id="ID_7085057" HAlignment="Left" VAlignment="Top" align="left" valign="top">&nbsp;</x:td>
          <x:td id="ID_7085058" HAlignment="Left" VAlignment="Top" align="left" valign="top">&nbsp;</x:td>
          <x:td id="ID_7085059" HAlignment="Left" VAlignment="Top" align="left" valign="top">&nbsp;</x:td>
        </x:tr>
        <x:tr id="ID_7085060">
          <x:td id="ID_7085061" HAlignment="Left" VAlignment="Top" align="left" valign="top">&nbsp;</x:td>
          <x:td id="ID_7085062" HAlignment="Left" VAlignment="Top" align="left" valign="top">&nbsp;</x:td>
          <x:td id="ID_7085063" HAlignment="Left" VAlignment="Top" align="left" valign="top">&nbsp;</x:td>
          <x:td id="ID_7085064" HAlignment="Left" VAlignment="Top" align="left" valign="top">&nbsp;</x:td>
          <x:td id="ID_7085065" HAlignment="Left" VAlignment="Top" align="left" valign="top">&nbsp;</x:td>
          <x:td id="ID_7085066" HAlignment="Left" VAlignment="Top" align="left" valign="top">&nbsp;</x:td>
        </x:tr>
      </x:tbody>
    </x:table>
    <x:table id="ID_7085068" class="">
      <x:thead id="ID_7085069">
        <x:tr id="ID_7085070">
          <x:th id="ID_7085071" HAlignment="Left" VAlignment="Top" colspan="3" align="left" valign="top">
            <x:p id="ID_7085072">Slope of RWY/</x:p>
            <x:p id="ID_7085073">SWY</x:p>
          </x:th>
          <x:th id="ID_7085074" HAlignment="Left" VAlignment="Top" align="left" valign="top">
            <x:p id="ID_7085075">SWY dimensions</x:p>
          </x:th>
          <x:th id="ID_7085076" HAlignment="Left" VAlignment="Top" align="left" valign="top">
            <x:p id="ID_7085077">Clearway dimensions</x:p>
          </x:th>
          <x:th id="ID_7085078" HAlignment="Left" VAlignment="Top" align="left" valign="top">
            <x:p id="ID_7085079">Strip dimensions</x:p>
          </x:th>
          <x:th id="ID_7085080" HAlignment="Left" VAlignment="Top" align="left" valign="top">
            <x:p id="ID_7085081">OFZ</x:p>
          </x:th>
          <x:th id="ID_7085082" HAlignment="Left" VAlignment="Top" align="left" valign="top">
            <x:p id="ID_7085083">Remarks</x:p>
          </x:th>
        </x:tr>
        <x:tr id="ID_7085084">
          <x:th id="ID_7085085" HAlignment="Left" VAlignment="Top" colspan="3" align="left" valign="top">7</x:th>
          <x:th id="ID_7085086" HAlignment="Left" VAlignment="Top" align="left" valign="top">8</x:th>
          <x:th id="ID_7085087" HAlignment="Left" VAlignment="Top" align="left" valign="top">9</x:th>
          <x:th id="ID_7085088" HAlignment="Left" VAlignment="Top" align="left" valign="top">10</x:th>
          <x:th id="ID_7085089" HAlignment="Left" VAlignment="Top" align="left" valign="top">11</x:th>
          <x:th id="ID_7085090" HAlignment="Left" VAlignment="Top" align="left" valign="top">12</x:th>
        </x:tr>
      </x:thead>
      <x:tbody id="ID_7085091">
        <x:tr id="ID_7085092">
          <x:td id="ID_7085093" HAlignment="Left" VAlignment="Top" colspan="3" align="left" valign="top">&nbsp;</x:td>
          <x:td id="ID_7085094" HAlignment="Left" VAlignment="Top" align="left" valign="top">&nbsp;</x:td>
          <x:td id="ID_7085095" HAlignment="Left" VAlignment="Top" align="left" valign="top">&nbsp;</x:td>
          <x:td id="ID_7085096" HAlignment="Left" VAlignment="Top" align="left" valign="top">&nbsp;</x:td>
          <x:td id="ID_7085097" HAlignment="Left" VAlignment="Top" align="left" valign="top">&nbsp;</x:td>
          <x:td id="ID_7085098" HAlignment="Left" VAlignment="Top" align="left" valign="top">&nbsp;</x:td>
        </x:tr>
        <x:tr id="ID_7085099">
          <x:td id="ID_7085100" HAlignment="Left" VAlignment="Top" colspan="3" align="left" valign="top">&nbsp;</x:td>
          <x:td id="ID_7085101" HAlignment="Left" VAlignment="Top" align="left" valign="top">&nbsp;</x:td>
          <x:td id="ID_7085102" HAlignment="Left" VAlignment="Top" align="left" valign="top">&nbsp;</x:td>
          <x:td id="ID_7085103" HAlignment="Left" VAlignment="Top" align="left" valign="top">&nbsp;</x:td>
          <x:td id="ID_7085104" HAlignment="Left" VAlignment="Top" align="left" valign="top">&nbsp;</x:td>
          <x:td id="ID_7085105" HAlignment="Left" VAlignment="Top" align="left" valign="top">&nbsp;</x:td>
        </x:tr>
      </x:tbody>
    </x:table>
  </e:AD-2.12>
  <e:AD-2.13 id="EGSH-AD-2.13" Number="AD 2.13">
    <GreenBorder id="ID_7085107" />
    <e:Title id="ID_7085108">DECLARED&nbsp;DISTANCES</e:Title>
    <x:table id="ID_7085110" class="">
      <x:thead id="ID_7085111">
        <x:tr id="ID_7085112">
          <x:th id="ID_7085113" HAlignment="Left" VAlignment="Top" align="left" valign="top">
            <x:p id="ID_7085114">Runway designator</x:p>
          </x:th>
          <x:th id="ID_7085115" HAlignment="Left" VAlignment="Top" align="left" valign="top">
            <x:p id="ID_7085116">TORA</x:p>
          </x:th>
          <x:th id="ID_7085117" HAlignment="Left" VAlignment="Top" align="left" valign="top">
            <x:p id="ID_7085118">TODA</x:p>
          </x:th>
          <x:th id="ID_7085119" HAlignment="Left" VAlignment="Top" align="left" valign="top">
            <x:p id="ID_7085120">ASDA</x:p>
          </x:th>
          <x:th id="ID_7085121" HAlignment="Left" VAlignment="Top" align="left" valign="top">
            <x:p id="ID_7085122">LDA</x:p>
          </x:th>
          <x:th id="ID_7085123" HAlignment="Left" VAlignment="Top" align="left" valign="top">
            <x:p id="ID_7085124">Remarks</x:p>
          </x:th>
        </x:tr>
        <x:tr id="ID_7085125">
          <x:th id="ID_7085126" HAlignment="Left" VAlignment="Top" align="left" valign="top">1</x:th>
          <x:th id="ID_7085127" HAlignment="Left" VAlignment="Top" align="left" valign="top">2</x:th>
          <x:th id="ID_7085128" HAlignment="Left" VAlignment="Top" align="left" valign="top">3</x:th>
          <x:th id="ID_7085129" HAlignment="Left" VAlignment="Top" align="left" valign="top">4</x:th>
          <x:th id="ID_7085130" HAlignment="Left" VAlignment="Top" align="left" valign="top">5</x:th>
          <x:th id="ID_7085131" HAlignment="Left" VAlignment="Top" align="left" valign="top">6</x:th>
        </x:tr>
      </x:thead>
      <x:tbody id="ID_7085132">
        <x:tr id="ID_7085133">
          <x:td id="ID_7085134" HAlignment="Left" VAlignment="Top" align="left" valign="top">&nbsp;</x:td>
          <x:td id="ID_7085135" HAlignment="Left" VAlignment="Top" align="left" valign="top">&nbsp;</x:td>
          <x:td id="ID_7085136" HAlignment="Left" VAlignment="Top" align="left" valign="top">&nbsp;</x:td>
          <x:td id="ID_7085137" HAlignment="Left" VAlignment="Top" align="left" valign="top">&nbsp;</x:td>
          <x:td id="ID_7085138" HAlignment="Left" VAlignment="Top" align="left" valign="top">&nbsp;</x:td>
          <x:td id="ID_7085139" HAlignment="Left" VAlignment="Top" align="left" valign="top">&nbsp;</x:td>
        </x:tr>
        <x:tr id="ID_7085140">
          <x:td id="ID_7085141" HAlignment="Left" VAlignment="Top" align="left" valign="top">&nbsp;</x:td>
          <x:td id="ID_7085142" HAlignment="Left" VAlignment="Top" align="left" valign="top">&nbsp;</x:td>
          <x:td id="ID_7085143" HAlignment="Left" VAlignment="Top" align="left" valign="top">&nbsp;</x:td>
          <x:td id="ID_7085144" HAlignment="Left" VAlignment="Top" align="left" valign="top">&nbsp;</x:td>
          <x:td id="ID_7085145" HAlignment="Left" VAlignment="Top" align="left" valign="top">&nbsp;</x:td>
          <x:td id="ID_7085146" HAlignment="Left" VAlignment="Top" align="left" valign="top">&nbsp;</x:td>
        </x:tr>
      </x:tbody>
    </x:table>
  </e:AD-2.13>
  <e:AD-2.14 id="EGSH-AD-2.14" Number="AD 2.14">
    <GreenBorder id="ID_7085148" />
    <e:Title id="ID_7085149">APPROACH&nbsp;AND&nbsp;RUNWAY&nbsp;LIGHTING</e:Title>
    <x:table id="ID_7085151" class="">
      <x:thead id="ID_7085152">
        <x:tr id="ID_7085153">
          <x:th id="ID_7085154" HAlignment="Left" VAlignment="Top" align="left" valign="top">
            <x:p id="ID_7085155">RWY</x:p>
          </x:th>
          <x:th id="ID_7085156" HAlignment="Left" VAlignment="Top" align="left" valign="top">
            <x:p id="ID_7085157">Approach Lighting Type/</x:p>
            <x:p id="ID_7085158">Length/</x:p>
            <x:p id="ID_7085159">Intensity</x:p>
          </x:th>
          <x:th id="ID_7085160" HAlignment="Left" VAlignment="Top" align="left" valign="top">
            <x:p id="ID_7085161">Threshold lighting</x:p>
            <x:p id="ID_7085162">Colour/ </x:p>
            <x:p id="ID_7085163">Wing bars</x:p>
          </x:th>
          <x:th id="ID_7085164" HAlignment="Left" VAlignment="Top" align="left" valign="top">
            <x:p id="ID_7085165">VASIS/</x:p>
            <x:p id="ID_7085166">MEHT/</x:p>
            <x:p id="ID_7085167">PAPI</x:p>
          </x:th>
          <x:th id="ID_7085168" HAlignment="Left" VAlignment="Top" align="left" valign="top">
            <x:p id="ID_7085169">TDZ lighting</x:p>
            <x:p id="ID_7085170">Length</x:p>
          </x:th>
          <x:th id="ID_7085171" HAlignment="Left" VAlignment="Top" align="left" valign="top">
            <x:p id="ID_7085172">Runway Centre Line lighting</x:p>
            <x:p id="ID_7085173">Length/</x:p>
            <x:p id="ID_7085174">Spacing/</x:p>
            <x:p id="ID_7085175">Colour/</x:p>
            <x:p id="ID_7085176">Intensity</x:p>
          </x:th>
          <x:th id="ID_7085177" HAlignment="Left" VAlignment="Top" align="left" valign="top">
            <x:p id="ID_7085178">Runway edge lighting</x:p>
            <x:p id="ID_7085179">Length/</x:p>
            <x:p id="ID_7085180">Spacing/</x:p>
            <x:p id="ID_7085181">Colour/</x:p>
            <x:p id="ID_7085182">Intensity</x:p>
          </x:th>
          <x:th id="ID_7085183" HAlignment="Left" VAlignment="Top" align="left" valign="top">
            <x:p id="ID_7085184">Runway end lighting</x:p>
            <x:p id="ID_7085185">Colour/</x:p>
            <x:p id="ID_7085186">Wing bars</x:p>
          </x:th>
          <x:th id="ID_7085187" HAlignment="Left" VAlignment="Top" align="left" valign="top">
            <x:p id="ID_7085188">Stopway lighting</x:p>
            <x:p id="ID_7085189">Length/</x:p>
            <x:p id="ID_7085190">Colour</x:p>
          </x:th>
          <x:th id="ID_7085191" HAlignment="Left" VAlignment="Top" align="left" valign="top">
            <x:p id="ID_7085192">Remarks</x:p>
          </x:th>
        </x:tr>
        <x:tr id="ID_7085193">
          <x:th id="ID_7085194" HAlignment="Left" VAlignment="Top" align="left" valign="top">1</x:th>
          <x:th id="ID_7085195" HAlignment="Left" VAlignment="Top" align="left" valign="top">2</x:th>
          <x:th id="ID_7085196" HAlignment="Left" VAlignment="Top" align="left" valign="top">3</x:th>
          <x:th id="ID_7085197" HAlignment="Left" VAlignment="Top" align="left" valign="top">4</x:th>
          <x:th id="ID_7085198" HAlignment="Left" VAlignment="Top" align="left" valign="top">5</x:th>
          <x:th id="ID_7085199" HAlignment="Left" VAlignment="Top" align="left" valign="top">6</x:th>
          <x:th id="ID_7085200" HAlignment="Left" VAlignment="Top" align="left" valign="top">7</x:th>
          <x:th id="ID_7085201" HAlignment="Left" VAlignment="Top" align="left" valign="top">8</x:th>
          <x:th id="ID_7085202" HAlignment="Left" VAlignment="Top" align="left" valign="top">9</x:th>
          <x:th id="ID_7085203" HAlignment="Left" VAlignment="Top" align="left" valign="top">10</x:th>
        </x:tr>
      </x:thead>
      <x:tbody id="ID_7085204">
        <x:tr id="ID_7085205">
          <x:td id="ID_7085206" HAlignment="Left" VAlignment="Top" align="left" valign="top">&nbsp;</x:td>
          <x:td id="ID_7085207" HAlignment="Left" VAlignment="Top" align="left" valign="top">&nbsp;</x:td>
          <x:td id="ID_7085208" HAlignment="Left" VAlignment="Top" align="left" valign="top">&nbsp;</x:td>
          <x:td id="ID_7085209" HAlignment="Left" VAlignment="Top" align="left" valign="top">&nbsp;</x:td>
          <x:td id="ID_7085210" HAlignment="Left" VAlignment="Top" align="left" valign="top">&nbsp;</x:td>
          <x:td id="ID_7085211" HAlignment="Left" VAlignment="Top" align="left" valign="top">&nbsp;</x:td>
          <x:td id="ID_7085212" HAlignment="Left" VAlignment="Top" align="left" valign="top">&nbsp;</x:td>
          <x:td id="ID_7085213" HAlignment="Left" VAlignment="Top" align="left" valign="top">&nbsp;</x:td>
          <x:td id="ID_7085214" HAlignment="Left" VAlignment="Top" align="left" valign="top">&nbsp;</x:td>
          <x:td id="ID_7085215" HAlignment="Left" VAlignment="Top" align="left" valign="top">&nbsp;</x:td>
        </x:tr>
        <x:tr id="ID_7085216">
          <x:td id="ID_7085217" HAlignment="Left" VAlignment="Top" align="left" valign="top">&nbsp;</x:td>
          <x:td id="ID_7085218" HAlignment="Left" VAlignment="Top" align="left" valign="top">&nbsp;</x:td>
          <x:td id="ID_7085219" HAlignment="Left" VAlignment="Top" align="left" valign="top">&nbsp;</x:td>
          <x:td id="ID_7085220" HAlignment="Left" VAlignment="Top" align="left" valign="top">&nbsp;</x:td>
          <x:td id="ID_7085221" HAlignment="Left" VAlignment="Top" align="left" valign="top">&nbsp;</x:td>
          <x:td id="ID_7085222" HAlignment="Left" VAlignment="Top" align="left" valign="top">&nbsp;</x:td>
          <x:td id="ID_7085223" HAlignment="Left" VAlignment="Top" align="left" valign="top">&nbsp;</x:td>
          <x:td id="ID_7085224" HAlignment="Left" VAlignment="Top" align="left" valign="top">&nbsp;</x:td>
          <x:td id="ID_7085225" HAlignment="Left" VAlignment="Top" align="left" valign="top">&nbsp;</x:td>
          <x:td id="ID_7085226" HAlignment="Left" VAlignment="Top" align="left" valign="top">&nbsp;</x:td>
        </x:tr>
      </x:tbody>
    </x:table>
  </e:AD-2.14>
  <e:AD-2.15 id="EGSH-AD-2.15" Number="AD 2.15">
    <GreenBorder id="ID_7085228" />
    <e:Title id="ID_7085229">OTHER&nbsp;LIGHTING,&nbsp;SECONDARY&nbsp;POWER&nbsp;SUPPLY</e:Title>
    <x:table id="ID_7085231" class="">
      <x:tbody id="ID_7085232">
        <x:tr id="ID_7085233">
          <x:td id="ID_7085234" HAlignment="Left" VAlignment="Top" align="left" valign="top">1</x:td>
          <x:td id="ID_7085235" HAlignment="Left" VAlignment="Top" align="left" valign="top">
            <x:p id="ID_7085236">ABN/IBN location, characteristics and hours of operation</x:p>
          </x:td>
          <x:td id="ID_7085237" HAlignment="Left" VAlignment="Top" align="left" valign="top">&nbsp;</x:td>
        </x:tr>
        <x:tr id="ID_7085238">
          <x:td id="ID_7085239" HAlignment="Left" VAlignment="Top" align="left" valign="top">2</x:td>
          <x:td id="ID_7085240" HAlignment="Left" VAlignment="Top" align="left" valign="top">
            <x:p id="ID_7085241">LDI location and lighting</x:p>
            <x:p id="ID_7085242">Anemometer location and lighting</x:p>
          </x:td>
          <x:td id="ID_7085243" HAlignment="Left" VAlignment="Top" align="left" valign="top">&nbsp;</x:td>
        </x:tr>
        <x:tr id="ID_7085244">
          <x:td id="ID_7085245" HAlignment="Left" VAlignment="Top" align="left" valign="top">3</x:td>
          <x:td id="ID_7085246" HAlignment="Left" VAlignment="Top" align="left" valign="top">
            <x:p id="ID_7085247">TWY edge and centre line lighting</x:p>
          </x:td>
          <x:td id="ID_7085248" HAlignment="Left" VAlignment="Top" align="left" valign="top">&nbsp;</x:td>
        </x:tr>
        <x:tr id="ID_7085249">
          <x:td id="ID_7085250" HAlignment="Left" VAlignment="Top" align="left" valign="top">4</x:td>
          <x:td id="ID_7085251" HAlignment="Left" VAlignment="Top" align="left" valign="top">
            <x:p id="ID_7085252">Secondary power supply/switch-over time</x:p>
          </x:td>
          <x:td id="ID_7085253" HAlignment="Left" VAlignment="Top" align="left" valign="top">&nbsp;</x:td>
        </x:tr>
        <x:tr id="ID_7085254">
          <x:td id="ID_7085255" HAlignment="Left" VAlignment="Top" align="left" valign="top">5</x:td>
          <x:td id="ID_7085256" HAlignment="Left" VAlignment="Top" align="left" valign="top">
            <x:p id="ID_7085257">Remarks</x:p>
          </x:td>
          <x:td id="ID_7085258" HAlignment="Left" VAlignment="Top" align="left" valign="top">&nbsp;</x:td>
        </x:tr>
      </x:tbody>
    </x:table>
  </e:AD-2.15>
  <e:AD-2.16 id="EGSH-AD-2.16" Number="AD 2.16">
    <GreenBorder id="ID_7085260" />
    <e:Title id="ID_7085261">HELICOPTER&nbsp;LANDING&nbsp;AREA</e:Title>
    <x:table id="ID_7085263" class="">
      <x:tbody id="ID_7085264">
        <x:tr id="ID_7085265">
          <x:td id="ID_7085266" HAlignment="Left" VAlignment="Top" align="left" valign="top">1</x:td>
          <x:td id="ID_7085267" HAlignment="Left" VAlignment="Top" align="left" valign="top">
            <x:p id="ID_7085268">Coordinates TLOF or THR of FATO</x:p>
            <x:p id="ID_7085269">Geoid undulation</x:p>
          </x:td>
          <x:td id="ID_7085270" HAlignment="Left" VAlignment="Top" align="left" valign="top">&nbsp;</x:td>
        </x:tr>
        <x:tr id="ID_7085271">
          <x:td id="ID_7085272" HAlignment="Left" VAlignment="Top" align="left" valign="top">2</x:td>
          <x:td id="ID_7085273" HAlignment="Left" VAlignment="Top" align="left" valign="top">
            <x:p id="ID_7085274">TLOF and/or FATO elevation M/FT</x:p>
          </x:td>
          <x:td id="ID_7085275" HAlignment="Left" VAlignment="Top" align="left" valign="top">&nbsp;</x:td>
        </x:tr>
        <x:tr id="ID_7085276">
          <x:td id="ID_7085277" HAlignment="Left" VAlignment="Top" align="left" valign="top">3</x:td>
          <x:td id="ID_7085278" HAlignment="Left" VAlignment="Top" align="left" valign="top">
            <x:p id="ID_7085279">TLOF and FATO area dimensions, surface, strength, marking</x:p>
          </x:td>
          <x:td id="ID_7085280" HAlignment="Left" VAlignment="Top" align="left" valign="top">&nbsp;</x:td>
        </x:tr>
        <x:tr id="ID_7085281">
          <x:td id="ID_7085282" HAlignment="Left" VAlignment="Top" align="left" valign="top">4</x:td>
          <x:td id="ID_7085283" HAlignment="Left" VAlignment="Top" align="left" valign="top">
            <x:p id="ID_7085284">True BRG of FATO</x:p>
          </x:td>
          <x:td id="ID_7085285" HAlignment="Left" VAlignment="Top" align="left" valign="top">&nbsp;</x:td>
        </x:tr>
        <x:tr id="ID_7085286">
          <x:td id="ID_7085287" HAlignment="Left" VAlignment="Top" align="left" valign="top">5</x:td>
          <x:td id="ID_7085288" HAlignment="Left" VAlignment="Top" align="left" valign="top">
            <x:p id="ID_7085289">Declared distance available</x:p>
          </x:td>
          <x:td id="ID_7085290" HAlignment="Left" VAlignment="Top" align="left" valign="top">&nbsp;</x:td>
        </x:tr>
        <x:tr id="ID_7085291">
          <x:td id="ID_7085292" HAlignment="Left" VAlignment="Top" align="left" valign="top">6</x:td>
          <x:td id="ID_7085293" HAlignment="Left" VAlignment="Top" align="left" valign="top">
            <x:p id="ID_7085294">APP and FATO lighting</x:p>
          </x:td>
          <x:td id="ID_7085295" HAlignment="Left" VAlignment="Top" align="left" valign="top">&nbsp;</x:td>
        </x:tr>
        <x:tr id="ID_7085296">
          <x:td id="ID_7085297" HAlignment="Left" VAlignment="Top" align="left" valign="top">7</x:td>
          <x:td id="ID_7085298" HAlignment="Left" VAlignment="Top" align="left" valign="top">
            <x:p id="ID_7085299">Remarks</x:p>
          </x:td>
          <x:td id="ID_7085300" HAlignment="Left" VAlignment="Top" align="left" valign="top">&nbsp;</x:td>
        </x:tr>
      </x:tbody>
    </x:table>
  </e:AD-2.16>
  <e:AD-2.17 id="EGSH-AD-2.17" Number="AD 2.17">
    <GreenBorder id="ID_7085302" />
    <e:Title id="ID_7085303">AIR TRAFFIC SERVICES&nbsp;AIRSPACE</e:Title>
    <x:table id="ID_7085305" class="">
      <x:thead id="ID_7085306">
        <x:tr id="ID_7085307">
          <x:th id="ID_7085308" HAlignment="Left" VAlignment="Top" align="left" valign="top">
            <x:p id="ID_7085309">Designation and</x:p>
            <x:p id="ID_7085310">lateral limits</x:p>
          </x:th>
          <x:th id="ID_7085311" HAlignment="Left" VAlignment="Top" align="left" valign="top">
            <x:p id="ID_7085312">Vertical Limits</x:p>
          </x:th>
          <x:th id="ID_7085313" HAlignment="Left" VAlignment="Top" align="left" valign="top">
            <x:p id="ID_7085314">Airspace Class</x:p>
          </x:th>
          <x:th id="ID_7085315" HAlignment="Left" VAlignment="Top" align="left" valign="top">
            <x:p id="ID_7085316">ATS unit callsign/ language</x:p>
          </x:th>
          <x:th id="ID_7085317" HAlignment="Left" VAlignment="Top" align="left" valign="top">
            <x:p id="ID_7085318">Transition Altitude</x:p>
          </x:th>
          <x:th id="ID_7085319" HAlignment="Left" VAlignment="Top" align="left" valign="top">
            <x:p id="ID_7085320">Hours of Applicability</x:p>
          </x:th>
          <x:th id="ID_7085321" HAlignment="Left" VAlignment="Top" align="left" valign="top">
            <x:p id="ID_7085322">Remarks</x:p>
          </x:th>
        </x:tr>
        <x:tr id="ID_7085323">
          <x:th id="ID_7085324" HAlignment="Left" VAlignment="Top" align="left" valign="top">1</x:th>
          <x:th id="ID_7085325" HAlignment="Left" VAlignment="Top" align="left" valign="top">2</x:th>
          <x:th id="ID_7085326" HAlignment="Left" VAlignment="Top" align="left" valign="top">3</x:th>
          <x:th id="ID_7085327" HAlignment="Left" VAlignment="Top" align="left" valign="top">4</x:th>
          <x:th id="ID_7085328" HAlignment="Left" VAlignment="Top" align="left" valign="top">5</x:th>
          <x:th id="ID_7085329" HAlignment="Left" VAlignment="Top" align="left" valign="top">6</x:th>
          <x:th id="ID_7085330" HAlignment="Left" VAlignment="Top" align="left" valign="top">7</x:th>
        </x:tr>
      </x:thead>
      <x:tbody id="ID_7085331">
        <x:tr id="ID_7085332">
          <x:td id="ID_7085333" HAlignment="Left" VAlignment="Top" align="left" valign="top">&nbsp;</x:td>
          <x:td id="ID_7085334" HAlignment="Left" VAlignment="Top" align="left" valign="top">&nbsp;</x:td>
          <x:td id="ID_7085335" HAlignment="Left" VAlignment="Top" align="left" valign="top">&nbsp;</x:td>
          <x:td id="ID_7085336" HAlignment="Left" VAlignment="Top" align="left" valign="top">&nbsp;</x:td>
          <x:td id="ID_7085337" HAlignment="Left" VAlignment="Top" align="left" valign="top">&nbsp;</x:td>
          <x:td id="ID_7085338" HAlignment="Left" VAlignment="Top" align="left" valign="top">&nbsp;</x:td>
          <x:td id="ID_7085339" HAlignment="Left" VAlignment="Top" align="left" valign="top">&nbsp;</x:td>
        </x:tr>
        <x:tr id="ID_7085340">
          <x:td id="ID_7085341" HAlignment="Left" VAlignment="Top" align="left" valign="top">&nbsp;</x:td>
          <x:td id="ID_7085342" HAlignment="Left" VAlignment="Top" align="left" valign="top">&nbsp;</x:td>
          <x:td id="ID_7085343" HAlignment="Left" VAlignment="Top" align="left" valign="top">&nbsp;</x:td>
          <x:td id="ID_7085344" HAlignment="Left" VAlignment="Top" align="left" valign="top">&nbsp;</x:td>
          <x:td id="ID_7085345" HAlignment="Left" VAlignment="Top" align="left" valign="top">&nbsp;</x:td>
          <x:td id="ID_7085346" HAlignment="Left" VAlignment="Top" align="left" valign="top">&nbsp;</x:td>
          <x:td id="ID_7085347" HAlignment="Left" VAlignment="Top" align="left" valign="top">&nbsp;</x:td>
        </x:tr>
      </x:tbody>
    </x:table>
  </e:AD-2.17>
  <e:AD-2.18 id="EGSH-AD-2.18" Number="AD 2.18">
    <GreenBorder id="ID_7085349" />
    <e:Title id="ID_7085350">AIR TRAFFIC SERVICES&nbsp;COMMUNICATION&nbsp;FACILITIES</e:Title>
    <x:table id="ID_7085352" class="">
      <x:thead id="ID_7085353">
        <x:tr id="ID_7085354">
          <x:th id="ID_7085355" HAlignment="Left" VAlignment="Top" align="left" valign="top">
            <x:p id="ID_7085356">Service designation</x:p>
          </x:th>
          <x:th id="ID_7085357" HAlignment="Left" VAlignment="Top" align="left" valign="top">
            <x:p id="ID_7085358">Callsign</x:p>
          </x:th>
          <x:th id="ID_7085359" HAlignment="Left" VAlignment="Top" align="left" valign="top">
            <x:p id="ID_7085360">Channel(s)</x:p>
          </x:th>
          <x:th id="ID_7085361" HAlignment="Left" VAlignment="Top" align="left" valign="top">
            <x:p id="ID_7085362">Hours of </x:p>
            <x:p id="ID_7085363">Operation</x:p>
          </x:th>
          <x:th id="ID_7085364" HAlignment="Left" VAlignment="Top" align="left" valign="top">
            <x:p id="ID_7085365">Remarks</x:p>
          </x:th>
        </x:tr>
        <x:tr id="ID_7085366">
          <x:th id="ID_7085367" HAlignment="Left" VAlignment="Top" align="left" valign="top">1</x:th>
          <x:th id="ID_7085368" HAlignment="Left" VAlignment="Top" align="left" valign="top">2</x:th>
          <x:th id="ID_7085369" HAlignment="Left" VAlignment="Top" align="left" valign="top">3</x:th>
          <x:th id="ID_7085370" HAlignment="Left" VAlignment="Top" align="left" valign="top">4</x:th>
          <x:th id="ID_7085371" HAlignment="Left" VAlignment="Top" align="left" valign="top">5</x:th>
        </x:tr>
      </x:thead>
      <x:tbody id="ID_7085372">
        <x:tr id="ID_7085373">
          <x:td id="ID_7085374" HAlignment="Left" VAlignment="Top" align="left" valign="top">&nbsp;</x:td>
          <x:td id="ID_7085375" HAlignment="Left" VAlignment="Top" align="left" valign="top">&nbsp;</x:td>
          <x:td id="ID_7085376" HAlignment="Left" VAlignment="Top" align="left" valign="top">&nbsp;</x:td>
          <x:td id="ID_7085377" HAlignment="Left" VAlignment="Top" align="left" valign="top">&nbsp;</x:td>
          <x:td id="ID_7085378" HAlignment="Left" VAlignment="Top" align="left" valign="top">&nbsp;</x:td>
        </x:tr>
        <x:tr id="ID_7085379">
          <x:td id="ID_7085380" HAlignment="Left" VAlignment="Top" align="left" valign="top">&nbsp;</x:td>
          <x:td id="ID_7085381" HAlignment="Left" VAlignment="Top" align="left" valign="top">&nbsp;</x:td>
          <x:td id="ID_7085382" HAlignment="Left" VAlignment="Top" align="left" valign="top">&nbsp;</x:td>
          <x:td id="ID_7085383" HAlignment="Left" VAlignment="Top" align="left" valign="top">&nbsp;</x:td>
          <x:td id="ID_7085384" HAlignment="Left" VAlignment="Top" align="left" valign="top">&nbsp;</x:td>
        </x:tr>
      </x:tbody>
    </x:table>
  </e:AD-2.18>
  <e:AD-2.19 id="EGSH-AD-2.19" Number="AD 2.19">
    <GreenBorder id="ID_7085386" />
    <e:Title id="ID_7085387">RADIO&nbsp;NAVIGATION&nbsp;AND&nbsp;LANDING&nbsp;AIDS</e:Title>
    <x:table id="ID_7085389" class="">
      <x:thead id="ID_7085390">
        <x:tr id="ID_7085391">
          <x:th id="ID_7085392" HAlignment="Left" VAlignment="Top" align="left" valign="top">
            <x:p id="ID_7085393">Type of Aid CAT&nbsp;of&nbsp;ILS/MLS</x:p>
            <x:p id="ID_7085394">(For VOR/ILS/MLS, give VAR)</x:p>
          </x:th>
          <x:th id="ID_7085395" HAlignment="Left" VAlignment="Top" align="left" valign="top">
            <x:p id="ID_7085396">Ident</x:p>
          </x:th>
          <x:th id="ID_7085397" HAlignment="Left" VAlignment="Top" align="left" valign="top">
            <x:p id="ID_7085398">Frequency</x:p>
            <x:p id="ID_7085399">channel number(s), service provider, and reference path identifier(s) (RPI)</x:p>
          </x:th>
          <x:th id="ID_7085400" HAlignment="Left" VAlignment="Top" align="left" valign="top">
            <x:p id="ID_7085401">Hours of Operation</x:p>
          </x:th>
          <x:th id="ID_7085402" HAlignment="Left" VAlignment="Top" align="left" valign="top">
            <x:p id="ID_7085403">Position of transmitting antenna co-ordinates</x:p>
          </x:th>
          <x:th id="ID_7085404" HAlignment="Left" VAlignment="Top" align="left" valign="top">
            <x:p id="ID_7085405">Elevation of DME transmitting antenna</x:p>
            <x:p id="ID_7085406">GBAS, SBAS, LTP, FTP values</x:p>
          </x:th>
          <x:th id="ID_7085407" HAlignment="Left" VAlignment="Top" align="left" valign="top">
            <x:p id="ID_7085408">Remarks</x:p>
          </x:th>
        </x:tr>
        <x:tr id="ID_7085409">
          <x:th id="ID_7085410" HAlignment="Left" VAlignment="Top" align="left" valign="top">1</x:th>
          <x:th id="ID_7085411" HAlignment="Left" VAlignment="Top" align="left" valign="top">2</x:th>
          <x:th id="ID_7085412" HAlignment="Left" VAlignment="Top" align="left" valign="top">3</x:th>
          <x:th id="ID_7085413" HAlignment="Left" VAlignment="Top" align="left" valign="top">4</x:th>
          <x:th id="ID_7085414" HAlignment="Left" VAlignment="Top" align="left" valign="top">5</x:th>
          <x:th id="ID_7085415" HAlignment="Left" VAlignment="Top" align="left" valign="top">6</x:th>
          <x:th id="ID_7085416" HAlignment="Left" VAlignment="Top" align="left" valign="top">7</x:th>
        </x:tr>
      </x:thead>
      <x:tbody id="ID_7085417">
        <x:tr id="ID_7085418">
          <x:td id="ID_7085419" HAlignment="Left" VAlignment="Top" align="left" valign="top">&nbsp;</x:td>
          <x:td id="ID_7085420" HAlignment="Left" VAlignment="Top" align="left" valign="top">&nbsp;</x:td>
          <x:td id="ID_7085421" HAlignment="Left" VAlignment="Top" align="left" valign="top">&nbsp;</x:td>
          <x:td id="ID_7085422" HAlignment="Left" VAlignment="Top" align="left" valign="top">&nbsp;</x:td>
          <x:td id="ID_7085423" HAlignment="Left" VAlignment="Top" align="left" valign="top">&nbsp;</x:td>
          <x:td id="ID_7085424" HAlignment="Left" VAlignment="Top" align="left" valign="top">&nbsp;</x:td>
          <x:td id="ID_7085425" HAlignment="Left" VAlignment="Top" align="left" valign="top">&nbsp;</x:td>
        </x:tr>
      </x:tbody>
    </x:table>
  </e:AD-2.19>
  <e:AD-2.20 id="EGSH-AD-2.20" Number="AD 2.20">
    <GreenBorder id="ID_7085427" />
    <e:Title id="ID_7085428">LOCAL&nbsp;AERODROME&nbsp;REGULATIONS</e:Title>
    <x:div class="RP">
      <x:span class="sdParams" style="display:none;">TRULES_PROC;RULES_PROC_ID;7353</x:span>
      <e:Sub-section Number="1" id="EGSH-AD-2.20.1">
        <e:Title id="ID_7085430">Airport Regulations</e:Title>
        <x:ol id="ID_7085431" class="Numbered">
          <x:li id="ID_7085432">
            <x:p id="ID_7085433">Booking out details should be passed by telephone: 01603-420641. Calls on RTF may result in delays.</x:p>
          </x:li>
          <x:li id="ID_7085434">
            <x:p id="ID_7085435">All aircraft using Norwich aerodrome or its facilities, are required to have third party liability insurance cover in the sum of at least £1,000,000. Proof of this insurance should be available for inspection at any time whilst the aircraft is at Norwich aerodrome.</x:p>
          </x:li>
          <x:li id="ID_7085436">
            <x:p id="ID_7085437">Extension charges apply after 2130 and before 0615 (local).</x:p>
          </x:li>
          <x:li id="ID_7085438">
            <x:p id="ID_7085439">All persons on the manoeuvring and apron areas at Norwich Airport must wear High Visibility clothing at all times. Pilots/Crew wearing high visibility clothing are permitted to escort passengers not wearing the required clothing. Apart from when carrying out aircraft walk round inspections, pilots/crew must keep to designated walkways and pedestrian crossings when on the terminal apron for their own safety. This also applies to passengers under pilot/crew escort. No pedestrian movement is permitted between the terminal and stand 7 parking area. Transport will be provided upon request.</x:p>
          </x:li>
          <x:li id="ID_7085440">
            <x:p id="ID_7085441">Norwich Airport is PPR for all visiting aircraft movements. PPR can be obtained directly from Norwich Airport ATC on 01603-420643 or your Norwich based handling agent. PPR is required a minimum of 60 minutes prior to ETA. Scheduled flights are not affected by this requirement.</x:p>
          </x:li>
        </x:ol>
      </e:Sub-section>
      <e:Sub-section Number="2" id="EGSH-AD-2.20.2">
        <e:Title id="ID_7085443">Ground Movement</e:Title>
        <x:ol id="ID_7085444" class="Numbered">
          <x:li id="ID_7085445">
            <x:p id="ID_7085446">Push-backs: Jet powered aircraft over 45,000 kg AUW on Stands 4, 5 or 6 will be pushed-back and pulled forward as part of the pre-taxi manoeurvre. Due to jet blast safety distances, engine start is not to commence until instructed by the ground crew. This will normally be during the pull forward phase of the procedure.</x:p>
          </x:li>
          <x:li id="ID_7085447">
            <x:p id="ID_7085448">Aircraft above 60, 000 kg AUW will use Taxiway Charlie only. This will require such aircraft to turn on the turning circles located at each end of Runway 09/27 on the south side.</x:p>
          </x:li>
          <x:li id="ID_7085449">
            <x:p id="ID_7085450">Large aircraft are to use the turning circles at either end as appropriate.</x:p>
          </x:li>
          <x:li id="ID_7085451">
            <x:p id="ID_7085452">The Western Apron is only to be used by resident operators and their authorised visitors. Visiting aircraft shall park under marshaller instruction. There are 3 helispots on the Western Apron. Spot 22 on the western half at the northern end of the Western Apron for use by the Air Ambulance only, D value maximum of 12.16 m. Spots 23 and 24 on the eastern half at the southern end of the Western Apron, D value maximum of 16.66 m. The north east section of the Western Apron including former Spot 21 has been permanently withdrawn from use.</x:p>
          </x:li>
          <x:li id="ID_7085453">
            <x:p id="ID_7085454">All visiting aircraft to Hangars 2 and 3 via the Eastern Apron should be aware there is a gate with limiting dimensions on exiting the Eastern Apron towards Hangars 2 and 3. Operators should contact the host tenant company for further details and dimensions. The gate is removable provided sufficient notice of an aircraft movement is received by the host Tenant company.</x:p>
          </x:li>
          <x:li id="ID_7085455">
            <x:p id="ID_7085456">Eastern Apron Access Gate - Aircraft access to non-airside tenant companies. With access gate in situ and fully open the measured clearance distances are:</x:p>
            <x:ol id="ID_7085457" class="Itemised">
              <x:li id="ID_7085458">
                <x:p id="ID_7085459">19.75 m with no obstacle between the gates;</x:p>
              </x:li>
              <x:li id="ID_7085460">
                <x:p id="ID_7085461">from centre-line to EAST, 9.8 m; first obstacle is gate height 1.2 m;</x:p>
              </x:li>
              <x:li id="ID_7085462">
                <x:p id="ID_7085463">from centre-line to WEST, 9.95 m; first obstacle is gate height 1.0 m.</x:p>
              </x:li>
            </x:ol>
          </x:li>
          <x:li id="ID_7085464">
            <x:p id="ID_7085465">Commanders of visiting Code B aircraft to the SaxonAir apron will be marshalled if entry is via E1 and the Code A Echo taxylane</x:p>
          </x:li>
          <x:li id="ID_7085466">
            <x:p id="ID_7085467">Aircraft taxiing to/from Holding Point Papa shall use the<x:strong id="ID_7085469"> MINIMUM </x:strong>power necessary when entering or exiting the Eastern Apron.</x:p>
          </x:li>
          <x:li id="ID_7085471">
            <x:p id="ID_7085472">All Visiting Aircraft: Engine Start shall only be conducted when a qualified start crew are in attendance. All engine starts must be in compliance with current Norwich procedures.</x:p>
          </x:li>
        </x:ol>
      </e:Sub-section>
      <e:Sub-section Number="3" id="EGSH-AD-2.20.3">
        <e:Title id="ID_7085474">CAT II/III Operations</e:Title>
        <x:ol id="ID_7085475" class="Numbered">
          <x:li id="ID_7085476">
            <x:p id="ID_7085477">LVPs in force when MET visibility is 1500 m or less. If the RVR is 400 m or less, entry to the runway will be via A2 and C2 only and a ‘Follow- Me’ vehicle may be used.</x:p>
          </x:li>
        </x:ol>
      </e:Sub-section>
      <e:Sub-section Number="4" id="EGSH-AD-2.20.4">
        <e:Title id="ID_7085479">Warnings</e:Title>
        <x:ol id="ID_7085480" class="Numbered">
          <x:li id="ID_7085481">
            <x:p id="ID_7085482">Flying takes place by light aircraft and microlights from Felthorpe aerodrome (4 nm NW of ARP at *524200N 0011200E) occasionally throughout the year with increased activity during the summer months.</x:p>
          </x:li>
          <x:li id="ID_7085483">
            <x:p id="ID_7085484">At both ends of Runway 09/27 its width is twice that of the associated edge lights due to extra pavement at one side. Aircraft backtracking the runway and conducting a 180 degree turn, shall ensure on completion of the turn, correct alignment with the runway centre-line.</x:p>
          </x:li>
          <x:li id="ID_7085485">
            <x:p id="ID_7085486">During Low Visibility Procedures, one fire engine is positioned west of Hold Bravo 1 and another fire engine is positioned west of Hold Delta 1.</x:p>
          </x:li>
          <x:li id="ID_7085487">
            <x:p id="ID_7085488">The following bird risks have been identified within 4 km of the airfield:</x:p>
            <x:ol id="ID_7085489" class="Numbered">
              <x:li id="ID_7085490">
                <x:p id="ID_7085491">Around the Aerodrome at dawn and dusk birds are observed transiting the airspace to various feeding/roosting locations (Predominantly Gulls, Rooks and Starlings).</x:p>
              </x:li>
              <x:li id="ID_7085492">
                <x:p id="ID_7085493">2.5 km N at St. Faiths and 4 km E at Rackheath. These locations are Pig Farms which attract a variety of birds up to an estimated 1500 ft agl.</x:p>
              </x:li>
              <x:li id="ID_7085494">
                <x:p id="ID_7085495">Perimeter of aerodrome up to 2 km S, Nesting Gulls on building roofs presents bird activity during the day, predominantly April – September.</x:p>
              </x:li>
              <x:li id="ID_7085496">
                <x:p id="ID_7085497">1.5 km N at St. Faiths, Rooks are known to transit between this Rookery and the aerodrome to feed/Roost.</x:p>
              </x:li>
              <x:li id="ID_7085498">
                <x:p id="ID_7085499">1 km SW at Hellesdon, Racing Pigeons flying low level during the day are on occasions observed crossing the runway/flight path.</x:p>
              </x:li>
            </x:ol>
          </x:li>
          <x:li id="ID_7085500">
            <x:p id="ID_7085501">Helicopter winch training is conducted on the north side of the aerodrome.</x:p>
          </x:li>
          <x:li id="ID_7085502">
            <x:p id="ID_7085503">If a ground taxiing aircraft requires a brake test, this shall take place only on that portion of concrete Taxiway A parallel to Runway 27/09 between Holding Point B1 and A2.</x:p>
          </x:li>
          <x:li id="ID_7085504">
            <x:p id="ID_7085505">Wind Shear and turbulence can occur on final approach to Runway 27 during periods of strong southerly or south westerly winds.</x:p>
          </x:li>
          <x:li id="ID_7085506">
            <x:p id="ID_7085507">Unlit crane 150 m south of the terminal, up to 215 ft agl.</x:p>
          </x:li>
          <x:li id="ID_7085508">
            <x:p id="ID_7085509">Eastern Apron: 10 floodlight stanchions up to 115 ft agl.</x:p>
          </x:li>
          <x:li id="ID_7085510">
            <x:p id="ID_7085511">Intensive bird activity dawn to dusk 10 km NE of aerodrome at Oxnead.</x:p>
          </x:li>
        </x:ol>
      </e:Sub-section>
      <e:Sub-section Number="5" id="EGSH-AD-2.20.5">
        <e:Title id="ID_7085513">Helicopter Operations</e:Title>
        <x:ol id="ID_7085514" class="Numbered">
          <x:li id="ID_7085515">
            <x:p id="ID_7085516">Light helicopters are not required to use the runways but arrivals and departures should be operated in such a way as to avoid overflying of, and to minimise the disturbance to, local residential areas.</x:p>
          </x:li>
          <x:li id="ID_7085517">
            <x:p id="ID_7085518">Air taxiing on the main apron is not permitted except with the approval of ATC and under the guidance of a Marshaller.</x:p>
          </x:li>
          <x:li id="ID_7085519">
            <x:p id="ID_7085520">Departures direct from the SaxonAir Apron and associated stands are prohibited.</x:p>
          </x:li>
        </x:ol>
      </e:Sub-section>
      <e:Sub-section Number="6" id="EGSH-AD-2.20.6">
        <e:Title id="ID_7085522">Use of Runways</e:Title>
        <x:ol id="ID_7085523" class="Numbered">
          <x:li id="ID_7085524">
            <x:p id="ID_7085525">Variable circuits in operation.</x:p>
          </x:li>
          <x:li id="ID_7085526">
            <x:p id="ID_7085527">Normally no overhead joins are permitted.</x:p>
          </x:li>
        </x:ol>
      </e:Sub-section>
      <e:Sub-section Number="7" id="EGSH-AD-2.20.7">
        <e:Title id="ID_7085529">Training</e:Title>
        <x:ol id="ID_7085530" class="Numbered">
          <x:li id="ID_7085531">
            <x:p id="ID_7085532">Circuit and Instrument training is only available by prior arrangement with ATC and subject to local traffic and the runway in use. Normal circuit heights are 1000 ft QFE for aircraft up to 5700 kg and 1500 ft QFE for aircraft over 5700 kg.</x:p>
          </x:li>
          <x:li id="ID_7085533">
            <x:p id="ID_7085534">Due to the number of aircraft using the airport for instrument training a booking system is in operation. Training periods can be booked by application to ATC Tel: 01603-420641. The filing of a flight plan does not constitute a booking to carry out instrument training at the airport. Failure to make a booking may result in the aircraft being refused use of the facilities. Pilots unable to make the booked time must inform ATC either to cancel the slot or to re-book.</x:p>
          </x:li>
        </x:ol>
      </e:Sub-section>
    </x:div>
  </e:AD-2.20>
  <e:AD-2.21 id="EGSH-AD-2.21" Number="AD 2.21">
    <GreenBorder id="ID_7085536" />
    <e:Title id="ID_7085537">NOISE ABATEMENT PROCEDURES</e:Title>
    <x:div class="RP">
      <x:span class="sdParams" style="display:none;">TRULES_PROC;RULES_PROC_ID;7354</x:span>
      <e:Sub-section Number="1" id="EGSH-AD-2.21.1">
        <e:Title id="ID_7085539">General</e:Title>
        <x:ol id="ID_7085540" class="Numbered">
          <x:li id="ID_7085541">
            <x:p id="ID_7085542">Operators of all aircraft using Norwich Aerodrome are to ensure at all times that aircraft are operated in a manner calculated to cause the least disturbance practicable in the areas surrounding the aerodrome.</x:p>
          </x:li>
          <x:li id="ID_7085543">
            <x:p id="ID_7085544">When taking off, aircraft shall climb as steeply as minimum engine noise settings allow and when approaching to land, without the assistance of ILS, shall follow a descent path which will not result in their being at any time lower than the normal 3° glide path.</x:p>
          </x:li>
        </x:ol>
      </e:Sub-section>
      <e:Sub-section Number="2" id="EGSH-AD-2.21.2">
        <e:Title id="ID_7085546">Arrivals</e:Title>
        <x:ol id="ID_7085547" class="Numbered">
          <x:li id="ID_7085548">
            <x:p id="ID_7085549">Pilots of arriving jet aircraft and turbo-prop aircraft and aircraft in excess of 5700 kg should arrange their flights to be established on final approach to a runway not below 1500 ft aal.</x:p>
          </x:li>
        </x:ol>
      </e:Sub-section>
      <e:Sub-section Number="3" id="EGSH-AD-2.21.3">
        <e:Title id="ID_7085551">
          <x:strong id="ID_7085552">Departures</x:strong>
        </e:Title>
        <x:ol id="ID_7085553" class="Numbered">
          <x:li id="ID_7085554">
            <x:p id="ID_7085555">On departure from any runway, all aircraft are to climb straight ahead to 1000 ft aal before turning, unless instructed otherwise by ATC.</x:p>
          </x:li>
          <x:li id="ID_7085556">
            <x:p id="ID_7085557">On departure aircraft less then 5700 kg AUW may be permitted to make a turn to the north of the aerodrome at 500 ft aal.</x:p>
          </x:li>
        </x:ol>
      </e:Sub-section>
    </x:div>
  </e:AD-2.21>
  <e:AD-2.22 id="EGSH-AD-2.22" Number="AD 2.22">
    <GreenBorder id="ID_7085559" />
    <e:Title id="ID_7085560">FLIGHT PROCEDURES</e:Title>
    <x:div class="RP">
      <x:span class="sdParams" style="display:none;">TRULES_PROC;RULES_PROC_ID;7355</x:span>
      <e:Sub-section Number="1" id="EGSH-AD-2.22.1">
        <e:Title id="ID_7085562">Procedures for Outbound Aircraft</e:Title>
        <x:ol id="ID_7085563" class="Numbered">
          <x:li id="ID_7085564">
            <x:p id="ID_7085565">Departures overflying the EHAA FIR via the UK North Sea are to flight plan via BODSO - L17 - MOLIX and then appropriate routes for destination. These flight are not to route via ENITO.</x:p>
          </x:li>
        </x:ol>
      </e:Sub-section>
      <e:Sub-section Number="2" id="EGSH-AD-2.22.2">
        <e:Title id="ID_7085567">Air Tests</e:Title>
        <x:ol id="ID_7085568" class="Numbered">
          <x:li id="ID_7085569">
            <x:p id="ID_7085570">Any aircraft requiring an air test which will be climbing to FL 190 or higher must have each individual flight approved by London Military. Pre-notification to London Military is required 24 hours prior to the flight taking place and it is the responsibility of the aircraft operator to ensure compliance with this requirement. London Military can be contacted on Tel: 01489 - 612419 or 01489 612408. If pre-notification is not completed start clearance may be delayed or withheld. All air tests must have a correctly filed flight plan which clearly and unambiguously states the nature and requirements of the flight and must include London Military as one of the addressees. A GAT Flight Plan into and routing along airways for the sole purpose of a flight test IS NOT acceptable. Norwich ATC can provide further information if required.</x:p>
          </x:li>
        </x:ol>
      </e:Sub-section>
      <e:Sub-section Number="3" id="EGSH-AD-2.22.3">
        <e:Title id="ID_7085572">Visual Reference Points (VRP)</e:Title>
        <x:ol id="ID_7085573" class="Numbered">
          <x:li id="ID_7085574">
            <x:p id="ID_7085575">The following VRP’s have been established to facilitate VFR flight in and around the Norwich CTR/CTA as follows:</x:p>
            <x:table id="ID_7085577" class="">
              <x:thead id="ID_7085578">
                <x:tr id="ID_7085579">
                  <x:th id="ID_7085580" HAlignment="Center" VAlignment="Middle" align="center" valign="middle">
                    <x:p id="ID_7085581">VRP</x:p>
                  </x:th>
                  <x:th id="ID_7085582" HAlignment="Center" VAlignment="Middle" align="center" valign="middle">
                    <x:p id="ID_7085583">VOR/DME Fix (T)</x:p>
                  </x:th>
                </x:tr>
              </x:thead>
              <x:tbody id="ID_7085584">
                <x:tr id="ID_7085585">
                  <x:td id="ID_7085586" HAlignment="Left" VAlignment="Middle" align="left" valign="middle">
                    <x:p id="ID_7085587">Attlebridge<x:br />524136N 0010631E</x:p>
                  </x:td>
                  <x:td id="ID_7085588" HAlignment="Left" VAlignment="Middle" align="left" valign="middle">
                    <x:p id="ID_7085589">CLN 358°/50.8 nm</x:p>
                  </x:td>
                </x:tr>
                <x:tr id="ID_7085590">
                  <x:td id="ID_7085591" HAlignment="Left" VAlignment="Middle" align="left" valign="middle">
                    <x:p id="ID_7085592">Aylsham<x:br />524704N 0011519E</x:p>
                  </x:td>
                  <x:td id="ID_7085593" HAlignment="Left" VAlignment="Middle" align="left" valign="middle">
                    <x:p id="ID_7085594">CLN 004°/56.4 nm</x:p>
                  </x:td>
                </x:tr>
                <x:tr id="ID_7085595">
                  <x:td id="ID_7085596" HAlignment="Left" VAlignment="Middle" align="left" valign="middle">
                    <x:p id="ID_7085597">Brundall<x:br />523704N 0012600E</x:p>
                  </x:td>
                  <x:td id="ID_7085598" HAlignment="Left" VAlignment="Middle" align="left" valign="middle">
                    <x:p id="ID_7085599">CLN 013°/47.4 nm</x:p>
                  </x:td>
                </x:tr>
                <x:tr id="ID_7085600">
                  <x:td id="ID_7085601" HAlignment="Left" VAlignment="Middle" align="left" valign="middle">
                    <x:p id="ID_7085602">Coltishall Disused<x:br />524511N 0012119E</x:p>
                  </x:td>
                  <x:td id="ID_7085603" HAlignment="Left" VAlignment="Middle" align="left" valign="middle">
                    <x:p id="ID_7085604">CLN 008°/54.9 nm</x:p>
                  </x:td>
                </x:tr>
                <x:tr id="ID_7085605">
                  <x:td id="ID_7085606" HAlignment="Left" VAlignment="Middle" align="left" valign="middle">
                    <x:p id="ID_7085607">Hethel Disused<x:br />523345N 0011030E</x:p>
                  </x:td>
                  <x:td id="ID_7085608" HAlignment="Left" VAlignment="Middle" align="left" valign="middle">
                    <x:p id="ID_7085609">CLN 001°/42.9 nm</x:p>
                  </x:td>
                </x:tr>
                <x:tr id="ID_7085610">
                  <x:td id="ID_7085611" HAlignment="Left" VAlignment="Middle" align="left" valign="middle">
                    <x:p id="ID_7085612">Keswick Roundabout<x:br />523517N 0011630E</x:p>
                  </x:td>
                  <x:td id="ID_7085613" HAlignment="Left" VAlignment="Middle" align="left" valign="middle">
                    <x:p id="ID_7085614">CLN 006°/44.7 nm</x:p>
                  </x:td>
                </x:tr>
                <x:tr id="ID_7085615">
                  <x:td id="ID_7085616" HAlignment="Left" VAlignment="Middle" align="left" valign="middle">
                    <x:p id="ID_7085617">Lenwade Lakes<x:br />524307N 0010609E</x:p>
                  </x:td>
                  <x:td id="ID_7085618" HAlignment="Left" VAlignment="Middle" align="left" valign="middle">
                    <x:p id="ID_7085619">CLN 358°/52.3 nm</x:p>
                  </x:td>
                </x:tr>
                <x:tr id="ID_7085620">
                  <x:td id="ID_7085621" HAlignment="Left" VAlignment="Middle" align="left" valign="middle">
                    <x:p id="ID_7085622">Norfolk Showground<x:br />523901N 0011107E</x:p>
                  </x:td>
                  <x:td id="ID_7085623" HAlignment="Left" VAlignment="Middle" align="left" valign="middle">
                    <x:p id="ID_7085624">CLN 002°/48.2 nm</x:p>
                  </x:td>
                </x:tr>
                <x:tr id="ID_7085625">
                  <x:td id="ID_7085626" HAlignment="Left" VAlignment="Middle" align="left" valign="middle">
                    <x:p id="ID_7085627">Stoke Holy Cross<x:br />523430N 0011953E</x:p>
                  </x:td>
                  <x:td id="ID_7085628" HAlignment="Left" VAlignment="Middle" align="left" valign="middle">
                    <x:p id="ID_7085629">CLN 009°/44.2 nm</x:p>
                  </x:td>
                </x:tr>
                <x:tr id="ID_7085630">
                  <x:td id="ID_7085631" HAlignment="Left" VAlignment="Middle" align="left" valign="middle">
                    <x:p id="ID_7085632">Thorpe<x:br />523737N 0012242E</x:p>
                  </x:td>
                  <x:td id="ID_7085633" HAlignment="Left" VAlignment="Middle" align="left" valign="middle">
                    <x:p id="ID_7085634">CLN 010°/47.5 nm</x:p>
                  </x:td>
                </x:tr>
              </x:tbody>
            </x:table>
          </x:li>
        </x:ol>
      </e:Sub-section>
      <e:Sub-section Number="4" id="EGSH-AD-2.22.4">
        <e:Title id="ID_7085636">Special VFR Flight</e:Title>
        <x:ol id="ID_7085637" class="Numbered">
          <x:li id="ID_7085638">
            <x:p id="ID_7085639">Clearance may be requested for Special VFR flight in IMC or at night within the Norwich Control Zone and will be given whenever the traffic situation permits. These flights are subject to the general conditions laid down for Special VFR flights (ENR 1.2 refers).</x:p>
          </x:li>
          <x:li id="ID_7085640">
            <x:p id="ID_7085641">Special VFR clearance will include routing and maximum altitude instructions. Pilots holding a Private Pilots Licence (Aeroplanes) are reminded of the visibility requirements of Special VFR flights laid down in Schedule 7 of the Air Navigation Order 2009 and in the related notification at ENR 1.4, paragraph 2.4.1.1, note 3.</x:p>
          </x:li>
          <x:li id="ID_7085642">
            <x:p id="ID_7085643">Pilots are reminded that they must at all times when operating on Special VFR clearance, remain clear of cloud and in sight of the surface and in flight conditions which will enable them to determine their flight path and keep clear of obstacles. Radar vectoring will not normally be applied to aircraft operating on Special VFR clearance.</x:p>
          </x:li>
          <x:li id="ID_7085644">
            <x:p id="ID_7085645">Pilots are reminded that a Special VFR clearance applies only to flight within the CTR and does not extend to flight within the surrounding airspace.</x:p>
          </x:li>
          <x:li id="ID_7085646">
            <x:p id="ID_7085647">Special VFR clearance will not normally be granted for flights operating in VMC or for flights by aircraft exceeding 5700 kg MTWA.</x:p>
          </x:li>
        </x:ol>
      </e:Sub-section>
      <e:Sub-section Number="5" id="EGSH-AD-2.22.5">
        <e:Title id="ID_7085649">VFR Flights</e:Title>
        <x:ol id="ID_7085650" class="Numbered">
          <x:li id="ID_7085651">
            <x:p id="ID_7085652">VFR flights in the CTR/CTAs will be given routing instructions and/or altitude restrictions in order to integrate VFR flights with other traffic.</x:p>
          </x:li>
          <x:li id="ID_7085653">
            <x:p id="ID_7085654">Pilots should anticipate routing instructions in relation to the Visual Reference Points (VRPs) detailed in paragraph 3</x:p>
          </x:li>
          <x:li id="ID_7085655">
            <x:p id="ID_7085656">Pilots of VFR flights are reminded of the requirement to remain in VMC at all times and to advise ATC if at any time they are unable to comply with the clearances as issued.</x:p>
          </x:li>
        </x:ol>
      </e:Sub-section>
      <e:Sub-section Number="6" id="EGSH-AD-2.22.6">
        <e:Title id="ID_7085658">Swanton Box</e:Title>
        <x:ol id="ID_7085659" class="Numbered">
          <x:li id="ID_7085660">
            <x:p id="ID_7085661">Airspace known as the Swanton Box, available when Runway 27 is in use lies within the bounds of CTA 1 and 3 to the West of a line joining the points:</x:p>
            <x:p id="ID_7085662">524656.93N 0010510.07E - 524027.23N 0010438.88E - 523700.97N 0010240.56E - 523553.77N 0010202.09E</x:p>
          </x:li>
          <x:li id="ID_7085663">
            <x:p id="ID_7085664">Aircraft carrying out high energy manoeuvres will operate on occasion within this airspace under VFR. Traffic information will be provided when necessary. Contact Norwich Airport ATC for further information. This airspace remains Class D and a Clearance from Norwich ATC is required prior to entry.</x:p>
          </x:li>
        </x:ol>
      </e:Sub-section>
    </x:div>
  </e:AD-2.22>
  <e:AD-2.23 id="EGSH-AD-2.23" Number="AD 2.23">
    <GreenBorder id="ID_7085666" />
    <e:Title id="ID_7085667">ADDITIONAL INFORMATION</e:Title>
    <x:div class="RP">
      <x:span class="sdParams" style="display:none;">TRULES_PROC;RULES_PROC_ID;7356</x:span>
      <x:p id="ID_7085668">Not applicable</x:p>
    </x:div>
  </e:AD-2.23>
  <e:AD-2.24 id="EGSH-AD-2.24" Number="AD 2.24">
    <GreenBorder id="ID_7085670" />
    <e:Title id="ID_7085671">CHARTS RELATED TO AN AERODROME</e:Title>
    <x:table id="ID_7085673" class="">
      <x:tbody id="ID_7085674">
        <x:tr id="ID_7085675">
          <x:td id="ID_7085676" HAlignment="Left" VAlignment="Top" align="left" valign="top">
            <x:p id="ID_7085677">
              <x:em id="ID_7085678" class="Italic">Figure: Aerodrome Chart - ICAO</x:em>
            </x:p>
          </x:td>
        </x:tr>
        <x:tr id="ID_7085679">
          <x:td id="ID_7085680" HAlignment="Left" VAlignment="Top" align="left" valign="top">
            <x:p id="ID_7085681">AD 2-EGAA-2-1</x:p>
          </x:td>
        </x:tr>
        <x:tr id="ID_7085682">
          <x:td id="ID_7085683" HAlignment="Left" VAlignment="Top" align="left" valign="top">&nbsp;</x:td>
        </x:tr>
        <x:tr id="ID_7085684">
          <x:td id="ID_7085685" HAlignment="Left" VAlignment="Top" align="left" valign="top">&nbsp;</x:td>
        </x:tr>
        <x:tr id="ID_7085686">
          <x:td id="ID_7085687" HAlignment="Left" VAlignment="Top" align="left" valign="top">&nbsp;</x:td>
        </x:tr>
        <x:tr id="ID_7085688">
          <x:td id="ID_7085689" HAlignment="Left" VAlignment="Top" align="left" valign="top">&nbsp;</x:td>
        </x:tr>
      </x:tbody>
    </x:table>
  </e:AD-2.24>
</e:Aerodrome>
