<?xml version="1.0" encoding="UTF-8"?>
<e:Aerodrome id="AD-2.EGEL" Ref="ICAO-EGEL" Title="COLL" xmlns:e="http://www.eurocontrol.int/xmlns/AIM/eAIP" xmlns:x="http://www.w3.org/1999/xhtml" xmlns:xlink="http://www.w3.org/1999/xlink">
  <e:Title />
  <e:AD-2.1 id="EGEL-AD-2.1" Number="AD 2.1">
    <GreenBorder id="ID_7100549" />
    <e:Title id="ID_7100550">AERODROME LOCATION INDICATOR AND NAME</e:Title>
    <e:Generated />
  </e:AD-2.1>
  <e:AD-2.2 id="EGEL-AD-2.2" Number="AD 2.2">
    <GreenBorder id="ID_7100555" />
    <e:Title id="ID_7100556">AERODROME&nbsp;GEOGRAPHICAL&nbsp;AND&nbsp;ADMINISTRATIVE&nbsp;DATA</e:Title>
    <x:table id="ID_7100558" class="">
      <x:tbody id="ID_7100559">
        <x:tr id="ID_7100560">
          <x:td id="ID_7100561" HAlignment="Left" VAlignment="Top" align="left" valign="top">1</x:td>
          <x:td id="ID_7100562" HAlignment="Left" VAlignment="Top" align="left" valign="top">
            <x:p id="ID_7100563">ARP coordinates and site at AD</x:p>
          </x:td>
          <x:td id="ID_7100564" HAlignment="Left" VAlignment="Top" align="left" valign="top">&nbsp;</x:td>
        </x:tr>
        <x:tr id="ID_7100565">
          <x:td id="ID_7100566" HAlignment="Left" VAlignment="Top" align="left" valign="top">2</x:td>
          <x:td id="ID_7100567" HAlignment="Left" VAlignment="Top" align="left" valign="top">
            <x:p id="ID_7100568">Direction and distance from city</x:p>
          </x:td>
          <x:td id="ID_7100569" HAlignment="Left" VAlignment="Top" align="left" valign="top">&nbsp;</x:td>
        </x:tr>
        <x:tr id="ID_7100570">
          <x:td id="ID_7100571" HAlignment="Left" VAlignment="Top" align="left" valign="top">3</x:td>
          <x:td id="ID_7100572" HAlignment="Left" VAlignment="Top" align="left" valign="top">
            <x:p id="ID_7100573">Elevation / Reference temperature</x:p>
          </x:td>
          <x:td id="ID_7100574" HAlignment="Left" VAlignment="Top" align="left" valign="top">&nbsp;</x:td>
        </x:tr>
        <x:tr id="ID_7100575">
          <x:td id="ID_7100576" HAlignment="Left" VAlignment="Top" align="left" valign="top">4</x:td>
          <x:td id="ID_7100577" HAlignment="Left" VAlignment="Top" align="left" valign="top">
            <x:p id="ID_7100578">Geoid undulation at AD ELEV PSN</x:p>
          </x:td>
          <x:td id="ID_7100579" HAlignment="Left" VAlignment="Top" align="left" valign="top">&nbsp;</x:td>
        </x:tr>
        <x:tr id="ID_7100580">
          <x:td id="ID_7100581" HAlignment="Left" VAlignment="Top" align="left" valign="top">5</x:td>
          <x:td id="ID_7100582" HAlignment="Left" VAlignment="Top" align="left" valign="top">
            <x:p id="ID_7100583">Magnetic Variation / Annual Change</x:p>
          </x:td>
          <x:td id="ID_7100584" HAlignment="Left" VAlignment="Top" align="left" valign="top">&nbsp;</x:td>
        </x:tr>
        <x:tr id="ID_7100585">
          <x:td id="ID_7100586" HAlignment="Left" VAlignment="Top" align="left" valign="top">6</x:td>
          <x:td id="ID_7100587" HAlignment="Left" VAlignment="Top" align="left" valign="top">
            <x:p id="ID_7100588">AD Administration, address, telephone, telefax, AFS, e-mail address, website address</x:p>
          </x:td>
          <x:td id="ID_7100589" HAlignment="Left" VAlignment="Top" align="left" valign="top">&nbsp;</x:td>
        </x:tr>
        <x:tr id="ID_7100590">
          <x:td id="ID_7100591" HAlignment="Left" VAlignment="Top" align="left" valign="top">7</x:td>
          <x:td id="ID_7100592" HAlignment="Left" VAlignment="Top" align="left" valign="top">
            <x:p id="ID_7100593">Types of Traffic permitted (IFR/VFR)</x:p>
          </x:td>
          <x:td id="ID_7100594" HAlignment="Left" VAlignment="Top" align="left" valign="top">&nbsp;</x:td>
        </x:tr>
        <x:tr id="ID_7100595">
          <x:td id="ID_7100596" HAlignment="Left" VAlignment="Top" align="left" valign="top">8</x:td>
          <x:td id="ID_7100597" HAlignment="Left" VAlignment="Top" align="left" valign="top">
            <x:p id="ID_7100598">Remarks</x:p>
          </x:td>
          <x:td id="ID_7100599" HAlignment="Left" VAlignment="Top" align="left" valign="top">&nbsp;</x:td>
        </x:tr>
      </x:tbody>
    </x:table>
  </e:AD-2.2>
  <e:AD-2.3 id="EGEL-AD-2.3" Number="AD 2.3">
    <GreenBorder id="ID_7100601" />
    <e:Title id="ID_7100602">OPERATIONAL&nbsp;HOURS</e:Title>
    <x:table id="ID_7100604" class="">
      <x:tbody id="ID_7100605">
        <x:tr id="ID_7100606">
          <x:td id="ID_7100607" HAlignment="Left" VAlignment="Top" align="left" valign="top">1</x:td>
          <x:td id="ID_7100608" HAlignment="Left" VAlignment="Top" align="left" valign="top">
            <x:p id="ID_7100609">Aerodrome Operator</x:p>
          </x:td>
          <x:td id="ID_7100610" HAlignment="Left" VAlignment="Top" align="left" valign="top">&nbsp;</x:td>
        </x:tr>
        <x:tr id="ID_7100611">
          <x:td id="ID_7100612" HAlignment="Left" VAlignment="Top" align="left" valign="top">2</x:td>
          <x:td id="ID_7100613" HAlignment="Left" VAlignment="Top" align="left" valign="top">
            <x:p id="ID_7100614">Customs and Immigration</x:p>
          </x:td>
          <x:td id="ID_7100615" HAlignment="Left" VAlignment="Top" align="left" valign="top">
            <x:p id="ID_7100616" />
          </x:td>
        </x:tr>
        <x:tr id="ID_7100617">
          <x:td id="ID_7100618" HAlignment="Left" VAlignment="Top" align="left" valign="top">3</x:td>
          <x:td id="ID_7100619" HAlignment="Left" VAlignment="Top" align="left" valign="top">
            <x:p id="ID_7100620">Health and sanitation</x:p>
          </x:td>
          <x:td id="ID_7100621" HAlignment="Left" VAlignment="Top" align="left" valign="top">&nbsp;</x:td>
        </x:tr>
        <x:tr id="ID_7100622">
          <x:td id="ID_7100623" HAlignment="Left" VAlignment="Top" align="left" valign="top">4</x:td>
          <x:td id="ID_7100624" HAlignment="Left" VAlignment="Top" align="left" valign="top">
            <x:p id="ID_7100625">AIS Briefing Office</x:p>
          </x:td>
          <x:td id="ID_7100626" HAlignment="Left" VAlignment="Top" align="left" valign="top">&nbsp;</x:td>
        </x:tr>
        <x:tr id="ID_7100627">
          <x:td id="ID_7100628" HAlignment="Left" VAlignment="Top" align="left" valign="top">5</x:td>
          <x:td id="ID_7100629" HAlignment="Left" VAlignment="Top" align="left" valign="top">
            <x:p id="ID_7100630">ATS Reporting Office (ARO)</x:p>
          </x:td>
          <x:td id="ID_7100631" HAlignment="Left" VAlignment="Top" align="left" valign="top">&nbsp;</x:td>
        </x:tr>
        <x:tr id="ID_7100632">
          <x:td id="ID_7100633" HAlignment="Left" VAlignment="Top" align="left" valign="top">6</x:td>
          <x:td id="ID_7100634" HAlignment="Left" VAlignment="Top" align="left" valign="top">
            <x:p id="ID_7100635">MET Briefing Office</x:p>
          </x:td>
          <x:td id="ID_7100636" HAlignment="Left" VAlignment="Top" align="left" valign="top">&nbsp;</x:td>
        </x:tr>
        <x:tr id="ID_7100637">
          <x:td id="ID_7100638" HAlignment="Left" VAlignment="Top" align="left" valign="top">7</x:td>
          <x:td id="ID_7100639" HAlignment="Left" VAlignment="Top" align="left" valign="top">
            <x:p id="ID_7100640">Air Traffic Service</x:p>
          </x:td>
          <x:td id="ID_7100641" HAlignment="Left" VAlignment="Top" align="left" valign="top">&nbsp;</x:td>
        </x:tr>
        <x:tr id="ID_7100642">
          <x:td id="ID_7100643" HAlignment="Left" VAlignment="Top" align="left" valign="top">8</x:td>
          <x:td id="ID_7100644" HAlignment="Left" VAlignment="Top" align="left" valign="top">
            <x:p id="ID_7100645">Fuelling</x:p>
          </x:td>
          <x:td id="ID_7100646" HAlignment="Left" VAlignment="Top" align="left" valign="top">&nbsp;</x:td>
        </x:tr>
        <x:tr id="ID_7100647">
          <x:td id="ID_7100648" HAlignment="Left" VAlignment="Top" align="left" valign="top">9</x:td>
          <x:td id="ID_7100649" HAlignment="Left" VAlignment="Top" align="left" valign="top">
            <x:p id="ID_7100650">Handling</x:p>
          </x:td>
          <x:td id="ID_7100651" HAlignment="Left" VAlignment="Top" align="left" valign="top">&nbsp;</x:td>
        </x:tr>
        <x:tr id="ID_7100652">
          <x:td id="ID_7100653" HAlignment="Left" VAlignment="Top" align="left" valign="top">10</x:td>
          <x:td id="ID_7100654" HAlignment="Left" VAlignment="Top" align="left" valign="top">
            <x:p id="ID_7100655">Security</x:p>
          </x:td>
          <x:td id="ID_7100656" HAlignment="Left" VAlignment="Top" align="left" valign="top">&nbsp;</x:td>
        </x:tr>
        <x:tr id="ID_7100657">
          <x:td id="ID_7100658" HAlignment="Left" VAlignment="Top" align="left" valign="top">11</x:td>
          <x:td id="ID_7100659" HAlignment="Left" VAlignment="Top" align="left" valign="top">
            <x:p id="ID_7100660">De-icing</x:p>
          </x:td>
          <x:td id="ID_7100661" HAlignment="Left" VAlignment="Top" align="left" valign="top">&nbsp;</x:td>
        </x:tr>
        <x:tr id="ID_7100662">
          <x:td id="ID_7100663" HAlignment="Left" VAlignment="Top" align="left" valign="top">12</x:td>
          <x:td id="ID_7100664" HAlignment="Left" VAlignment="Top" align="left" valign="top">
            <x:p id="ID_7100665">Remarks</x:p>
          </x:td>
          <x:td id="ID_7100666" HAlignment="Left" VAlignment="Top" align="left" valign="top">&nbsp;</x:td>
        </x:tr>
      </x:tbody>
    </x:table>
  </e:AD-2.3>
  <e:AD-2.4 id="EGEL-AD-2.4" Number="AD 2.4">
    <GreenBorder id="ID_7100668" />
    <e:Title id="ID_7100669">HANDLING&nbsp;SERVICES&nbsp;AND&nbsp;FACILITIES</e:Title>
    <x:table id="ID_7100671" class="">
      <x:tbody id="ID_7100672">
        <x:tr id="ID_7100673">
          <x:td id="ID_7100674" HAlignment="Left" VAlignment="Top" align="left" valign="top">1</x:td>
          <x:td id="ID_7100675" HAlignment="Left" VAlignment="Top" align="left" valign="top">
            <x:p id="ID_7100676">Cargo handling facilities</x:p>
          </x:td>
          <x:td id="ID_7100677" HAlignment="Left" VAlignment="Top" align="left" valign="top">&nbsp;</x:td>
        </x:tr>
        <x:tr id="ID_7100678">
          <x:td id="ID_7100679" HAlignment="Left" VAlignment="Top" align="left" valign="top">2</x:td>
          <x:td id="ID_7100680" HAlignment="Left" VAlignment="Top" align="left" valign="top">
            <x:p id="ID_7100681">Fuel and oil types</x:p>
          </x:td>
          <x:td id="ID_7100682" HAlignment="Left" VAlignment="Top" align="left" valign="top">&nbsp;</x:td>
        </x:tr>
        <x:tr id="ID_7100683">
          <x:td id="ID_7100684" HAlignment="Left" VAlignment="Top" align="left" valign="top">3</x:td>
          <x:td id="ID_7100685" HAlignment="Left" VAlignment="Top" align="left" valign="top">
            <x:p id="ID_7100686">Fuelling facilities/capacity</x:p>
          </x:td>
          <x:td id="ID_7100687" HAlignment="Left" VAlignment="Top" align="left" valign="top">&nbsp;</x:td>
        </x:tr>
        <x:tr id="ID_7100688">
          <x:td id="ID_7100689" HAlignment="Left" VAlignment="Top" align="left" valign="top">4</x:td>
          <x:td id="ID_7100690" HAlignment="Left" VAlignment="Top" align="left" valign="top">
            <x:p id="ID_7100691">De-icing facilities</x:p>
          </x:td>
          <x:td id="ID_7100692" HAlignment="Left" VAlignment="Top" align="left" valign="top">&nbsp;</x:td>
        </x:tr>
        <x:tr id="ID_7100693">
          <x:td id="ID_7100694" HAlignment="Left" VAlignment="Top" align="left" valign="top">5</x:td>
          <x:td id="ID_7100695" HAlignment="Left" VAlignment="Top" align="left" valign="top">
            <x:p id="ID_7100696">Hangar space for visiting aircraft</x:p>
          </x:td>
          <x:td id="ID_7100697" HAlignment="Left" VAlignment="Top" align="left" valign="top">&nbsp;</x:td>
        </x:tr>
        <x:tr id="ID_7100698">
          <x:td id="ID_7100699" HAlignment="Left" VAlignment="Top" align="left" valign="top">6</x:td>
          <x:td id="ID_7100700" HAlignment="Left" VAlignment="Top" align="left" valign="top">
            <x:p id="ID_7100701">Repair facilities for visiting aircraft</x:p>
          </x:td>
          <x:td id="ID_7100702" HAlignment="Left" VAlignment="Top" align="left" valign="top">&nbsp;</x:td>
        </x:tr>
        <x:tr id="ID_7100703">
          <x:td id="ID_7100704" HAlignment="Left" VAlignment="Top" align="left" valign="top">7</x:td>
          <x:td id="ID_7100705" HAlignment="Left" VAlignment="Top" align="left" valign="top">
            <x:p id="ID_7100706">Remarks</x:p>
          </x:td>
          <x:td id="ID_7100707" HAlignment="Left" VAlignment="Top" align="left" valign="top">&nbsp;</x:td>
        </x:tr>
      </x:tbody>
    </x:table>
  </e:AD-2.4>
  <e:AD-2.5 id="EGEL-AD-2.5" Number="AD 2.5">
    <GreenBorder id="ID_7100709" />
    <e:Title id="ID_7100710">PASSENGER&nbsp;FACILITIES</e:Title>
    <x:table id="ID_7100712" class="">
      <x:tbody id="ID_7100713">
        <x:tr id="ID_7100714">
          <x:td id="ID_7100715" HAlignment="Left" VAlignment="Top" align="left" valign="top">1</x:td>
          <x:td id="ID_7100716" HAlignment="Left" VAlignment="Top" align="left" valign="top">
            <x:p id="ID_7100717">Hotels</x:p>
          </x:td>
          <x:td id="ID_7100718" HAlignment="Left" VAlignment="Top" align="left" valign="top">&nbsp;</x:td>
        </x:tr>
        <x:tr id="ID_7100719">
          <x:td id="ID_7100720" HAlignment="Left" VAlignment="Top" align="left" valign="top">2</x:td>
          <x:td id="ID_7100721" HAlignment="Left" VAlignment="Top" align="left" valign="top">
            <x:p id="ID_7100722">Restaurants</x:p>
          </x:td>
          <x:td id="ID_7100723" HAlignment="Left" VAlignment="Top" align="left" valign="top">&nbsp;</x:td>
        </x:tr>
        <x:tr id="ID_7100724">
          <x:td id="ID_7100725" HAlignment="Left" VAlignment="Top" align="left" valign="top">3</x:td>
          <x:td id="ID_7100726" HAlignment="Left" VAlignment="Top" align="left" valign="top">
            <x:p id="ID_7100727">Transportation</x:p>
          </x:td>
          <x:td id="ID_7100728" HAlignment="Left" VAlignment="Top" align="left" valign="top">&nbsp;</x:td>
        </x:tr>
        <x:tr id="ID_7100729">
          <x:td id="ID_7100730" HAlignment="Left" VAlignment="Top" align="left" valign="top">4</x:td>
          <x:td id="ID_7100731" HAlignment="Left" VAlignment="Top" align="left" valign="top">
            <x:p id="ID_7100732">Medical facilities</x:p>
          </x:td>
          <x:td id="ID_7100733" HAlignment="Left" VAlignment="Top" align="left" valign="top">&nbsp;</x:td>
        </x:tr>
        <x:tr id="ID_7100734">
          <x:td id="ID_7100735" HAlignment="Left" VAlignment="Top" align="left" valign="top">5</x:td>
          <x:td id="ID_7100736" HAlignment="Left" VAlignment="Top" align="left" valign="top">
            <x:p id="ID_7100737">Bank and Post Office</x:p>
          </x:td>
          <x:td id="ID_7100738" HAlignment="Left" VAlignment="Top" align="left" valign="top">&nbsp;</x:td>
        </x:tr>
        <x:tr id="ID_7100739">
          <x:td id="ID_7100740" HAlignment="Left" VAlignment="Top" align="left" valign="top">6</x:td>
          <x:td id="ID_7100741" HAlignment="Left" VAlignment="Top" align="left" valign="top">
            <x:p id="ID_7100742">Tourist Office</x:p>
          </x:td>
          <x:td id="ID_7100743" HAlignment="Left" VAlignment="Top" align="left" valign="top">&nbsp;</x:td>
        </x:tr>
        <x:tr id="ID_7100744">
          <x:td id="ID_7100745" HAlignment="Left" VAlignment="Top" align="left" valign="top">7</x:td>
          <x:td id="ID_7100746" HAlignment="Left" VAlignment="Top" align="left" valign="top">
            <x:p id="ID_7100747">Remarks</x:p>
          </x:td>
          <x:td id="ID_7100748" HAlignment="Left" VAlignment="Top" align="left" valign="top">&nbsp;</x:td>
        </x:tr>
      </x:tbody>
    </x:table>
  </e:AD-2.5>
  <e:AD-2.6 id="EGEL-AD-2.6" Number="AD 2.6">
    <GreenBorder id="ID_7100750" />
    <e:Title id="ID_7100751">RESCUE&nbsp;AND&nbsp;FIRE&nbsp;FIGHTING&nbsp;SERVICES</e:Title>
    <x:table id="ID_7100753" class="">
      <x:tbody id="ID_7100754">
        <x:tr id="ID_7100755">
          <x:td id="ID_7100756" HAlignment="Left" VAlignment="Top" align="left" valign="top">1</x:td>
          <x:td id="ID_7100757" HAlignment="Left" VAlignment="Top" align="left" valign="top">
            <x:p id="ID_7100758">AD category for fire fighting</x:p>
          </x:td>
          <x:td id="ID_7100759" HAlignment="Left" VAlignment="Top" align="left" valign="top">&nbsp;</x:td>
        </x:tr>
        <x:tr id="ID_7100760">
          <x:td id="ID_7100761" HAlignment="Left" VAlignment="Top" align="left" valign="top">2</x:td>
          <x:td id="ID_7100762" HAlignment="Left" VAlignment="Top" align="left" valign="top">
            <x:p id="ID_7100763">Rescue equipment</x:p>
          </x:td>
          <x:td id="ID_7100764" HAlignment="Left" VAlignment="Top" align="left" valign="top">&nbsp;</x:td>
        </x:tr>
        <x:tr id="ID_7100765">
          <x:td id="ID_7100766" HAlignment="Left" VAlignment="Top" align="left" valign="top">3</x:td>
          <x:td id="ID_7100767" HAlignment="Left" VAlignment="Top" align="left" valign="top">
            <x:p id="ID_7100768">Capability for removal of disabled aircraft</x:p>
          </x:td>
          <x:td id="ID_7100769" HAlignment="Left" VAlignment="Top" align="left" valign="top">&nbsp;</x:td>
        </x:tr>
        <x:tr id="ID_7100770">
          <x:td id="ID_7100771" HAlignment="Left" VAlignment="Top" align="left" valign="top">4</x:td>
          <x:td id="ID_7100772" HAlignment="Left" VAlignment="Top" align="left" valign="top">
            <x:p id="ID_7100773">Remarks</x:p>
          </x:td>
          <x:td id="ID_7100774" HAlignment="Left" VAlignment="Top" align="left" valign="top">&nbsp;</x:td>
        </x:tr>
      </x:tbody>
    </x:table>
  </e:AD-2.6>
  <e:AD-2.7 id="EGEL-AD-2.7" Number="AD 2.7">
    <GreenBorder id="ID_7100776" />
    <e:Title id="ID_7100777">SEASONAL&nbsp;AVAILABILITY&nbsp;-&nbsp;CLEARING</e:Title>
    <x:table id="ID_7100779" class="">
      <x:tbody id="ID_7100780">
        <x:tr id="ID_7100781">
          <x:td id="ID_7100782" HAlignment="Left" VAlignment="Top" align="left" valign="top">1</x:td>
          <x:td id="ID_7100783" HAlignment="Left" VAlignment="Top" align="left" valign="top">
            <x:p id="ID_7100784">Types of clearing equipment</x:p>
          </x:td>
          <x:td id="ID_7100785" HAlignment="Left" VAlignment="Top" align="left" valign="top">&nbsp;</x:td>
        </x:tr>
        <x:tr id="ID_7100786">
          <x:td id="ID_7100787" HAlignment="Left" VAlignment="Top" align="left" valign="top">2</x:td>
          <x:td id="ID_7100788" HAlignment="Left" VAlignment="Top" align="left" valign="top">
            <x:p id="ID_7100789">Clearance priorities</x:p>
          </x:td>
          <x:td id="ID_7100790" HAlignment="Left" VAlignment="Top" align="left" valign="top">&nbsp;</x:td>
        </x:tr>
        <x:tr id="ID_7100791">
          <x:td id="ID_7100792" HAlignment="Left" VAlignment="Top" align="left" valign="top">3</x:td>
          <x:td id="ID_7100793" HAlignment="Left" VAlignment="Top" align="left" valign="top">
            <x:p id="ID_7100794">Remarks</x:p>
          </x:td>
          <x:td id="ID_7100795" HAlignment="Left" VAlignment="Top" align="left" valign="top">&nbsp;</x:td>
        </x:tr>
      </x:tbody>
    </x:table>
  </e:AD-2.7>
  <e:AD-2.8 id="EGEL-AD-2.8" Number="AD 2.8">
    <GreenBorder id="ID_7100797" />
    <e:Title id="ID_7100798">APRONS,&nbsp;TAXIWAYS&nbsp;AND&nbsp;CHECK&nbsp;LOCATIONS/POSITIONS&nbsp;DATA</e:Title>
    <x:table id="ID_7100800" class="">
      <x:tbody id="ID_7100801">
        <x:tr id="ID_7100802">
          <x:td id="ID_7100803" HAlignment="Left" VAlignment="Top" align="left" valign="top">1</x:td>
          <x:td id="ID_7100804" HAlignment="Left" VAlignment="Top" align="left" valign="top">
            <x:p id="ID_7100805">Apron surface and strength</x:p>
          </x:td>
          <x:td id="ID_7100806" HAlignment="Left" VAlignment="Top" align="left" valign="top">&nbsp;</x:td>
        </x:tr>
        <x:tr id="ID_7100807">
          <x:td id="ID_7100808" HAlignment="Left" VAlignment="Top" align="left" valign="top">2</x:td>
          <x:td id="ID_7100809" HAlignment="Left" VAlignment="Top" align="left" valign="top">
            <x:p id="ID_7100810">Taxiway width, surface and strength</x:p>
          </x:td>
          <x:td id="ID_7100811" HAlignment="Left" VAlignment="Top" align="left" valign="top">&nbsp;</x:td>
        </x:tr>
        <x:tr id="ID_7100812">
          <x:td id="ID_7100813" HAlignment="Left" VAlignment="Top" align="left" valign="top">3</x:td>
          <x:td id="ID_7100814" HAlignment="Left" VAlignment="Top" align="left" valign="top">
            <x:p id="ID_7100815">Altimeter checkpoint location and elevation</x:p>
          </x:td>
          <x:td id="ID_7100816" HAlignment="Left" VAlignment="Top" align="left" valign="top">&nbsp;</x:td>
        </x:tr>
        <x:tr id="ID_7100817">
          <x:td id="ID_7100818" HAlignment="Left" VAlignment="Top" align="left" valign="top">4</x:td>
          <x:td id="ID_7100819" HAlignment="Left" VAlignment="Top" align="left" valign="top">
            <x:p id="ID_7100820">VOR checkpoints</x:p>
          </x:td>
          <x:td id="ID_7100821" HAlignment="Left" VAlignment="Top" align="left" valign="top">&nbsp;</x:td>
        </x:tr>
        <x:tr id="ID_7100822">
          <x:td id="ID_7100823" HAlignment="Left" VAlignment="Top" align="left" valign="top">5</x:td>
          <x:td id="ID_7100824" HAlignment="Left" VAlignment="Top" align="left" valign="top">
            <x:p id="ID_7100825">INS checkpoints</x:p>
          </x:td>
          <x:td id="ID_7100826" HAlignment="Left" VAlignment="Top" align="left" valign="top">&nbsp;</x:td>
        </x:tr>
        <x:tr id="ID_7100827">
          <x:td id="ID_7100828" HAlignment="Left" VAlignment="Top" align="left" valign="top">6</x:td>
          <x:td id="ID_7100829" HAlignment="Left" VAlignment="Top" align="left" valign="top">
            <x:p id="ID_7100830">Remarks</x:p>
          </x:td>
          <x:td id="ID_7100831" HAlignment="Left" VAlignment="Top" align="left" valign="top">&nbsp;</x:td>
        </x:tr>
      </x:tbody>
    </x:table>
  </e:AD-2.8>
  <e:AD-2.9 id="EGEL-AD-2.9" Number="AD 2.9">
    <GreenBorder id="ID_7100833" />
    <e:Title id="ID_7100834">SURFACE&nbsp;MOVEMENT&nbsp;GUIDANCE&nbsp;AND&nbsp;CONTROL&nbsp;SYSTEM&nbsp;AND&nbsp;MARKINGS</e:Title>
    <x:table id="ID_7100836" class="">
      <x:tbody id="ID_7100837">
        <x:tr id="ID_7100838">
          <x:td id="ID_7100839" HAlignment="Left" VAlignment="Top" align="left" valign="top">1</x:td>
          <x:td id="ID_7100840" HAlignment="Left" VAlignment="Top" align="left" valign="top">
            <x:p id="ID_7100841">Use of aircraft stand ID signs, TWY guide lines and visual docking/parking guidance system of aircraft stands</x:p>
          </x:td>
          <x:td id="ID_7100842" HAlignment="Left" VAlignment="Top" align="left" valign="top">&nbsp;</x:td>
        </x:tr>
        <x:tr id="ID_7100843">
          <x:td id="ID_7100844" HAlignment="Left" VAlignment="Top" align="left" valign="top">2</x:td>
          <x:td id="ID_7100845" HAlignment="Left" VAlignment="Top" align="left" valign="top">
            <x:p id="ID_7100846">Runway and taxiway markings and lighting</x:p>
          </x:td>
          <x:td id="ID_7100847" HAlignment="Left" VAlignment="Top" align="left" valign="top">&nbsp;</x:td>
        </x:tr>
        <x:tr id="ID_7100848">
          <x:td id="ID_7100849" HAlignment="Left" VAlignment="Top" align="left" valign="top">3</x:td>
          <x:td id="ID_7100850" HAlignment="Left" VAlignment="Top" align="left" valign="top">
            <x:p id="ID_7100851">Stop bars</x:p>
          </x:td>
          <x:td id="ID_7100852" HAlignment="Left" VAlignment="Top" align="left" valign="top">&nbsp;</x:td>
        </x:tr>
        <x:tr id="ID_7100853">
          <x:td id="ID_7100854" HAlignment="Left" VAlignment="Top" align="left" valign="top">4</x:td>
          <x:td id="ID_7100855" HAlignment="Left" VAlignment="Top" align="left" valign="top">
            <x:p id="ID_7100856">Remarks</x:p>
          </x:td>
          <x:td id="ID_7100857" HAlignment="Left" VAlignment="Top" align="left" valign="top">&nbsp;</x:td>
        </x:tr>
      </x:tbody>
    </x:table>
  </e:AD-2.9>
  <e:AD-2.10 id="EGEL-AD-2.10" Number="AD 2.10">
    <GreenBorder id="ID_7100859" />
    <e:Title id="ID_7100860">AERODROME&nbsp;OBSTACLES</e:Title>
    <x:table id="ID_7100862" class="">
      <x:thead id="ID_7100863">
        <x:tr id="ID_7100864">
          <x:th id="ID_7100865" HAlignment="Center" VAlignment="Top" colspan="6" align="center" valign="top">
            <x:p id="ID_7100866">In Approach/Take-off areas</x:p>
          </x:th>
        </x:tr>
        <x:tr id="ID_7100867">
          <x:th id="ID_7100868" HAlignment="Left" VAlignment="Top" align="left" valign="top">
            <x:p id="ID_7100869">Obstacle ID/Designation</x:p>
          </x:th>
          <x:th id="ID_7100870" HAlignment="Left" VAlignment="Top" align="left" valign="top">
            <x:p id="ID_7100871">Obstacle Type</x:p>
          </x:th>
          <x:th id="ID_7100872" HAlignment="Left" VAlignment="Top" align="left" valign="top">
            <x:p id="ID_7100873">Obstacle Position</x:p>
          </x:th>
          <x:th id="ID_7100874" HAlignment="Left" VAlignment="Top" align="left" valign="top">
            <x:p id="ID_7100875">Elevation/Height</x:p>
          </x:th>
          <x:th id="ID_7100876" HAlignment="Left" VAlignment="Top" align="left" valign="top">
            <x:p id="ID_7100877">Obstruction Lighting Type/Colour</x:p>
          </x:th>
          <x:th id="ID_7100878" HAlignment="Left" VAlignment="Top" align="left" valign="top">
            <x:p id="ID_7100879">Remarks</x:p>
          </x:th>
        </x:tr>
        <x:tr id="ID_7100880">
          <x:th id="ID_7100881" HAlignment="Left" VAlignment="Top" align="left" valign="top">1</x:th>
          <x:th id="ID_7100882" HAlignment="Left" VAlignment="Top" align="left" valign="top">2</x:th>
          <x:th id="ID_7100883" HAlignment="Left" VAlignment="Top" align="left" valign="top">3</x:th>
          <x:th id="ID_7100884" HAlignment="Left" VAlignment="Top" align="left" valign="top">4</x:th>
          <x:th id="ID_7100885" HAlignment="Left" VAlignment="Top" align="left" valign="top">5</x:th>
          <x:th id="ID_7100886" HAlignment="Left" VAlignment="Top" align="left" valign="top">6</x:th>
        </x:tr>
      </x:thead>
      <x:tbody id="ID_7100887">
        <x:tr id="ID_7100888">
          <x:td id="ID_7100889" HAlignment="Left" VAlignment="Top" align="left" valign="top">&nbsp;</x:td>
          <x:td id="ID_7100890" HAlignment="Left" VAlignment="Top" align="left" valign="top">&nbsp;</x:td>
          <x:td id="ID_7100891" HAlignment="Left" VAlignment="Top" align="left" valign="top">&nbsp;</x:td>
          <x:td id="ID_7100892" HAlignment="Left" VAlignment="Top" align="left" valign="top">&nbsp;</x:td>
          <x:td id="ID_7100893" HAlignment="Left" VAlignment="Top" align="left" valign="top">&nbsp;</x:td>
          <x:td id="ID_7100894" HAlignment="Left" VAlignment="Top" align="left" valign="top">&nbsp;</x:td>
        </x:tr>
      </x:tbody>
    </x:table>
    <x:table id="ID_7100896" class="">
      <x:thead id="ID_7100897">
        <x:tr id="ID_7100898">
          <x:th id="ID_7100899" HAlignment="Center" VAlignment="Top" colspan="6" align="center" valign="top">
            <x:p id="ID_7100900">In circling area and at aerodrome</x:p>
          </x:th>
        </x:tr>
        <x:tr id="ID_7100901">
          <x:th id="ID_7100902" HAlignment="Left" VAlignment="Top" align="left" valign="top">
            <x:p id="ID_7100903">Obstacle ID/Designation</x:p>
          </x:th>
          <x:th id="ID_7100904" HAlignment="Left" VAlignment="Top" align="left" valign="top">
            <x:p id="ID_7100905">Obstacle Type</x:p>
          </x:th>
          <x:th id="ID_7100906" HAlignment="Left" VAlignment="Top" align="left" valign="top">
            <x:p id="ID_7100907">Obstacle Position</x:p>
          </x:th>
          <x:th id="ID_7100908" HAlignment="Left" VAlignment="Top" align="left" valign="top">
            <x:p id="ID_7100909">Elevation/Height</x:p>
          </x:th>
          <x:th id="ID_7100910" HAlignment="Left" VAlignment="Top" align="left" valign="top">
            <x:p id="ID_7100911">Obstruction Lighting Type/Colour</x:p>
          </x:th>
          <x:th id="ID_7100912" HAlignment="Left" VAlignment="Top" align="left" valign="top">
            <x:p id="ID_7100913">Remarks</x:p>
          </x:th>
        </x:tr>
        <x:tr id="ID_7100914">
          <x:th id="ID_7100915" HAlignment="Left" VAlignment="Top" align="left" valign="top">1</x:th>
          <x:th id="ID_7100916" HAlignment="Left" VAlignment="Top" align="left" valign="top">2</x:th>
          <x:th id="ID_7100917" HAlignment="Left" VAlignment="Top" align="left" valign="top">3</x:th>
          <x:th id="ID_7100918" HAlignment="Left" VAlignment="Top" align="left" valign="top">4</x:th>
          <x:th id="ID_7100919" HAlignment="Left" VAlignment="Top" align="left" valign="top">5</x:th>
          <x:th id="ID_7100920" HAlignment="Left" VAlignment="Top" align="left" valign="top">6</x:th>
        </x:tr>
      </x:thead>
      <x:tbody id="ID_7100921">
        <x:tr id="ID_7100922">
          <x:td id="ID_7100923" HAlignment="Left" VAlignment="Top" align="left" valign="top">&nbsp;</x:td>
          <x:td id="ID_7100924" HAlignment="Left" VAlignment="Top" align="left" valign="top">&nbsp;</x:td>
          <x:td id="ID_7100925" HAlignment="Left" VAlignment="Top" align="left" valign="top">&nbsp;</x:td>
          <x:td id="ID_7100926" HAlignment="Left" VAlignment="Top" align="left" valign="top">&nbsp;</x:td>
          <x:td id="ID_7100927" HAlignment="Left" VAlignment="Top" align="left" valign="top">&nbsp;</x:td>
          <x:td id="ID_7100928" HAlignment="Left" VAlignment="Top" align="left" valign="top">&nbsp;</x:td>
        </x:tr>
      </x:tbody>
    </x:table>
  </e:AD-2.10>
  <e:AD-2.11 id="EGEL-AD-2.11" Number="AD 2.11">
    <GreenBorder id="ID_7100930" />
    <e:Title id="ID_7100931">METEOROLOGICAL&nbsp;INFORMATION&nbsp;PROVIDED</e:Title>
    <x:table id="ID_7100933" class="">
      <x:tbody id="ID_7100934">
        <x:tr id="ID_7100935">
          <x:td id="ID_7100936" HAlignment="Left" VAlignment="Top" align="left" valign="top">1</x:td>
          <x:td id="ID_7100937" HAlignment="Left" VAlignment="Top" align="left" valign="top">
            <x:p id="ID_7100938">Associated MET Office</x:p>
          </x:td>
          <x:td id="ID_7100939" HAlignment="Left" VAlignment="Top" align="left" valign="top">&nbsp;</x:td>
        </x:tr>
        <x:tr id="ID_7100940">
          <x:td id="ID_7100941" HAlignment="Left" VAlignment="Top" align="left" valign="top">2</x:td>
          <x:td id="ID_7100942" HAlignment="Left" VAlignment="Top" align="left" valign="top">
            <x:p id="ID_7100943">Hours of service</x:p>
            <x:p id="ID_7100944">MET Office outside hours</x:p>
          </x:td>
          <x:td id="ID_7100945" HAlignment="Left" VAlignment="Top" align="left" valign="top">&nbsp;</x:td>
        </x:tr>
        <x:tr id="ID_7100946">
          <x:td id="ID_7100947" HAlignment="Left" VAlignment="Top" align="left" valign="top">3</x:td>
          <x:td id="ID_7100948" HAlignment="Left" VAlignment="Top" align="left" valign="top">
            <x:p id="ID_7100949">Office responsible for TAF preparation</x:p>
            <x:p id="ID_7100950">Periods of validity</x:p>
          </x:td>
          <x:td id="ID_7100951" HAlignment="Left" VAlignment="Top" align="left" valign="top">&nbsp;</x:td>
        </x:tr>
        <x:tr id="ID_7100952">
          <x:td id="ID_7100953" HAlignment="Left" VAlignment="Top" align="left" valign="top">4</x:td>
          <x:td id="ID_7100954" HAlignment="Left" VAlignment="Top" align="left" valign="top">
            <x:p id="ID_7100955">Trend forecast</x:p>
            <x:p id="ID_7100956">Interval of issuance</x:p>
          </x:td>
          <x:td id="ID_7100957" HAlignment="Left" VAlignment="Top" align="left" valign="top">&nbsp;</x:td>
        </x:tr>
        <x:tr id="ID_7100958">
          <x:td id="ID_7100959" HAlignment="Left" VAlignment="Top" align="left" valign="top">5</x:td>
          <x:td id="ID_7100960" HAlignment="Left" VAlignment="Top" align="left" valign="top">
            <x:p id="ID_7100961">Briefing/consultation provided</x:p>
          </x:td>
          <x:td id="ID_7100962" HAlignment="Left" VAlignment="Top" align="left" valign="top">&nbsp;</x:td>
        </x:tr>
        <x:tr id="ID_7100963">
          <x:td id="ID_7100964" HAlignment="Left" VAlignment="Top" align="left" valign="top">6</x:td>
          <x:td id="ID_7100965" HAlignment="Left" VAlignment="Top" align="left" valign="top">
            <x:p id="ID_7100966">Flight documentation</x:p>
            <x:p id="ID_7100967">Language(s) used</x:p>
          </x:td>
          <x:td id="ID_7100968" HAlignment="Left" VAlignment="Top" align="left" valign="top">&nbsp;</x:td>
        </x:tr>
        <x:tr id="ID_7100969">
          <x:td id="ID_7100970" HAlignment="Left" VAlignment="Top" align="left" valign="top">7</x:td>
          <x:td id="ID_7100971" HAlignment="Left" VAlignment="Top" align="left" valign="top">
            <x:p id="ID_7100972">Charts and other information available for briefing or consultation</x:p>
          </x:td>
          <x:td id="ID_7100973" HAlignment="Left" VAlignment="Top" align="left" valign="top">&nbsp;</x:td>
        </x:tr>
        <x:tr id="ID_7100974">
          <x:td id="ID_7100975" HAlignment="Left" VAlignment="Top" align="left" valign="top">8</x:td>
          <x:td id="ID_7100976" HAlignment="Left" VAlignment="Top" align="left" valign="top">
            <x:p id="ID_7100977">Supplementary equipment available for providing information</x:p>
          </x:td>
          <x:td id="ID_7100978" HAlignment="Left" VAlignment="Top" align="left" valign="top">&nbsp;</x:td>
        </x:tr>
        <x:tr id="ID_7100979">
          <x:td id="ID_7100980" HAlignment="Left" VAlignment="Top" align="left" valign="top">9</x:td>
          <x:td id="ID_7100981" HAlignment="Left" VAlignment="Top" align="left" valign="top">
            <x:p id="ID_7100982">ATS units provided with information</x:p>
          </x:td>
          <x:td id="ID_7100983" HAlignment="Left" VAlignment="Top" align="left" valign="top">&nbsp;</x:td>
        </x:tr>
        <x:tr id="ID_7100984">
          <x:td id="ID_7100985" HAlignment="Left" VAlignment="Top" align="left" valign="top">10</x:td>
          <x:td id="ID_7100986" HAlignment="Left" VAlignment="Top" align="left" valign="top">
            <x:p id="ID_7100987">Additional information (limitation of service, etc.)</x:p>
          </x:td>
          <x:td id="ID_7100988" HAlignment="Left" VAlignment="Top" align="left" valign="top">&nbsp;</x:td>
        </x:tr>
      </x:tbody>
    </x:table>
  </e:AD-2.11>
  <e:AD-2.12 id="EGEL-AD-2.12" Number="AD 2.12">
    <GreenBorder id="ID_7100990" />
    <e:Title id="ID_7100991">RUNWAY&nbsp;PHYSICAL&nbsp;CHARACTERISTICS</e:Title>
    <x:table id="ID_7100993" class="">
      <x:thead id="ID_7100994">
        <x:tr id="ID_7100995">
          <x:th id="ID_7100996" HAlignment="Left" VAlignment="Top" align="left" valign="top">
            <x:p id="ID_7100997">Designations RWY Number</x:p>
          </x:th>
          <x:th id="ID_7100998" HAlignment="Left" VAlignment="Top" align="left" valign="top">
            <x:p id="ID_7100999">True bearing</x:p>
          </x:th>
          <x:th id="ID_7101000" HAlignment="Left" VAlignment="Top" align="left" valign="top">
            <x:p id="ID_7101001">Dimensions of RWY</x:p>
          </x:th>
          <x:th id="ID_7101002" HAlignment="Left" VAlignment="Top" align="left" valign="top">
            <x:p id="ID_7101003">Surface of RWY/ SWY/ </x:p>
            <x:p id="ID_7101004">Strength (PCN)</x:p>
          </x:th>
          <x:th id="ID_7101005" HAlignment="Left" VAlignment="Top" align="left" valign="top">
            <x:p id="ID_7101006">THR co-ordinates/</x:p>
            <x:p id="ID_7101007">THR Geoid undulation</x:p>
          </x:th>
          <x:th id="ID_7101008" HAlignment="Left" VAlignment="Top" align="left" valign="top">
            <x:p id="ID_7101009">THR elevation/ Highest elevation of TDZ of precision APP RWY</x:p>
          </x:th>
        </x:tr>
        <x:tr id="ID_7101010">
          <x:th id="ID_7101011" HAlignment="Left" VAlignment="Top" align="left" valign="top">1</x:th>
          <x:th id="ID_7101012" HAlignment="Left" VAlignment="Top" align="left" valign="top">2</x:th>
          <x:th id="ID_7101013" HAlignment="Left" VAlignment="Top" align="left" valign="top">3</x:th>
          <x:th id="ID_7101014" HAlignment="Left" VAlignment="Top" align="left" valign="top">4</x:th>
          <x:th id="ID_7101015" HAlignment="Left" VAlignment="Top" align="left" valign="top">5</x:th>
          <x:th id="ID_7101016" HAlignment="Left" VAlignment="Top" align="left" valign="top">6</x:th>
        </x:tr>
      </x:thead>
      <x:tbody id="ID_7101017">
        <x:tr id="ID_7101018">
          <x:td id="ID_7101019" HAlignment="Left" VAlignment="Top" align="left" valign="top">&nbsp;</x:td>
          <x:td id="ID_7101020" HAlignment="Left" VAlignment="Top" align="left" valign="top">&nbsp;</x:td>
          <x:td id="ID_7101021" HAlignment="Left" VAlignment="Top" align="left" valign="top">&nbsp;</x:td>
          <x:td id="ID_7101022" HAlignment="Left" VAlignment="Top" align="left" valign="top">&nbsp;</x:td>
          <x:td id="ID_7101023" HAlignment="Left" VAlignment="Top" align="left" valign="top">&nbsp;</x:td>
          <x:td id="ID_7101024" HAlignment="Left" VAlignment="Top" align="left" valign="top">&nbsp;</x:td>
        </x:tr>
        <x:tr id="ID_7101025">
          <x:td id="ID_7101026" HAlignment="Left" VAlignment="Top" align="left" valign="top">&nbsp;</x:td>
          <x:td id="ID_7101027" HAlignment="Left" VAlignment="Top" align="left" valign="top">&nbsp;</x:td>
          <x:td id="ID_7101028" HAlignment="Left" VAlignment="Top" align="left" valign="top">&nbsp;</x:td>
          <x:td id="ID_7101029" HAlignment="Left" VAlignment="Top" align="left" valign="top">&nbsp;</x:td>
          <x:td id="ID_7101030" HAlignment="Left" VAlignment="Top" align="left" valign="top">&nbsp;</x:td>
          <x:td id="ID_7101031" HAlignment="Left" VAlignment="Top" align="left" valign="top">&nbsp;</x:td>
        </x:tr>
      </x:tbody>
    </x:table>
    <x:table id="ID_7101033" class="">
      <x:thead id="ID_7101034">
        <x:tr id="ID_7101035">
          <x:th id="ID_7101036" HAlignment="Left" VAlignment="Top" colspan="3" align="left" valign="top">
            <x:p id="ID_7101037">Slope of RWY/</x:p>
            <x:p id="ID_7101038">SWY</x:p>
          </x:th>
          <x:th id="ID_7101039" HAlignment="Left" VAlignment="Top" align="left" valign="top">
            <x:p id="ID_7101040">SWY dimensions</x:p>
          </x:th>
          <x:th id="ID_7101041" HAlignment="Left" VAlignment="Top" align="left" valign="top">
            <x:p id="ID_7101042">Clearway dimensions</x:p>
          </x:th>
          <x:th id="ID_7101043" HAlignment="Left" VAlignment="Top" align="left" valign="top">
            <x:p id="ID_7101044">Strip dimensions</x:p>
          </x:th>
          <x:th id="ID_7101045" HAlignment="Left" VAlignment="Top" align="left" valign="top">
            <x:p id="ID_7101046">OFZ</x:p>
          </x:th>
          <x:th id="ID_7101047" HAlignment="Left" VAlignment="Top" align="left" valign="top">
            <x:p id="ID_7101048">Remarks</x:p>
          </x:th>
        </x:tr>
        <x:tr id="ID_7101049">
          <x:th id="ID_7101050" HAlignment="Left" VAlignment="Top" colspan="3" align="left" valign="top">7</x:th>
          <x:th id="ID_7101051" HAlignment="Left" VAlignment="Top" align="left" valign="top">8</x:th>
          <x:th id="ID_7101052" HAlignment="Left" VAlignment="Top" align="left" valign="top">9</x:th>
          <x:th id="ID_7101053" HAlignment="Left" VAlignment="Top" align="left" valign="top">10</x:th>
          <x:th id="ID_7101054" HAlignment="Left" VAlignment="Top" align="left" valign="top">11</x:th>
          <x:th id="ID_7101055" HAlignment="Left" VAlignment="Top" align="left" valign="top">12</x:th>
        </x:tr>
      </x:thead>
      <x:tbody id="ID_7101056">
        <x:tr id="ID_7101057">
          <x:td id="ID_7101058" HAlignment="Left" VAlignment="Top" colspan="3" align="left" valign="top">&nbsp;</x:td>
          <x:td id="ID_7101059" HAlignment="Left" VAlignment="Top" align="left" valign="top">&nbsp;</x:td>
          <x:td id="ID_7101060" HAlignment="Left" VAlignment="Top" align="left" valign="top">&nbsp;</x:td>
          <x:td id="ID_7101061" HAlignment="Left" VAlignment="Top" align="left" valign="top">&nbsp;</x:td>
          <x:td id="ID_7101062" HAlignment="Left" VAlignment="Top" align="left" valign="top">&nbsp;</x:td>
          <x:td id="ID_7101063" HAlignment="Left" VAlignment="Top" align="left" valign="top">&nbsp;</x:td>
        </x:tr>
        <x:tr id="ID_7101064">
          <x:td id="ID_7101065" HAlignment="Left" VAlignment="Top" colspan="3" align="left" valign="top">&nbsp;</x:td>
          <x:td id="ID_7101066" HAlignment="Left" VAlignment="Top" align="left" valign="top">&nbsp;</x:td>
          <x:td id="ID_7101067" HAlignment="Left" VAlignment="Top" align="left" valign="top">&nbsp;</x:td>
          <x:td id="ID_7101068" HAlignment="Left" VAlignment="Top" align="left" valign="top">&nbsp;</x:td>
          <x:td id="ID_7101069" HAlignment="Left" VAlignment="Top" align="left" valign="top">&nbsp;</x:td>
          <x:td id="ID_7101070" HAlignment="Left" VAlignment="Top" align="left" valign="top">&nbsp;</x:td>
        </x:tr>
      </x:tbody>
    </x:table>
  </e:AD-2.12>
  <e:AD-2.13 id="EGEL-AD-2.13" Number="AD 2.13">
    <GreenBorder id="ID_7101072" />
    <e:Title id="ID_7101073">DECLARED&nbsp;DISTANCES</e:Title>
    <x:table id="ID_7101075" class="">
      <x:thead id="ID_7101076">
        <x:tr id="ID_7101077">
          <x:th id="ID_7101078" HAlignment="Left" VAlignment="Top" align="left" valign="top">
            <x:p id="ID_7101079">Runway designator</x:p>
          </x:th>
          <x:th id="ID_7101080" HAlignment="Left" VAlignment="Top" align="left" valign="top">
            <x:p id="ID_7101081">TORA</x:p>
          </x:th>
          <x:th id="ID_7101082" HAlignment="Left" VAlignment="Top" align="left" valign="top">
            <x:p id="ID_7101083">TODA</x:p>
          </x:th>
          <x:th id="ID_7101084" HAlignment="Left" VAlignment="Top" align="left" valign="top">
            <x:p id="ID_7101085">ASDA</x:p>
          </x:th>
          <x:th id="ID_7101086" HAlignment="Left" VAlignment="Top" align="left" valign="top">
            <x:p id="ID_7101087">LDA</x:p>
          </x:th>
          <x:th id="ID_7101088" HAlignment="Left" VAlignment="Top" align="left" valign="top">
            <x:p id="ID_7101089">Remarks</x:p>
          </x:th>
        </x:tr>
        <x:tr id="ID_7101090">
          <x:th id="ID_7101091" HAlignment="Left" VAlignment="Top" align="left" valign="top">1</x:th>
          <x:th id="ID_7101092" HAlignment="Left" VAlignment="Top" align="left" valign="top">2</x:th>
          <x:th id="ID_7101093" HAlignment="Left" VAlignment="Top" align="left" valign="top">3</x:th>
          <x:th id="ID_7101094" HAlignment="Left" VAlignment="Top" align="left" valign="top">4</x:th>
          <x:th id="ID_7101095" HAlignment="Left" VAlignment="Top" align="left" valign="top">5</x:th>
          <x:th id="ID_7101096" HAlignment="Left" VAlignment="Top" align="left" valign="top">6</x:th>
        </x:tr>
      </x:thead>
      <x:tbody id="ID_7101097">
        <x:tr id="ID_7101098">
          <x:td id="ID_7101099" HAlignment="Left" VAlignment="Top" align="left" valign="top">&nbsp;</x:td>
          <x:td id="ID_7101100" HAlignment="Left" VAlignment="Top" align="left" valign="top">&nbsp;</x:td>
          <x:td id="ID_7101101" HAlignment="Left" VAlignment="Top" align="left" valign="top">&nbsp;</x:td>
          <x:td id="ID_7101102" HAlignment="Left" VAlignment="Top" align="left" valign="top">&nbsp;</x:td>
          <x:td id="ID_7101103" HAlignment="Left" VAlignment="Top" align="left" valign="top">&nbsp;</x:td>
          <x:td id="ID_7101104" HAlignment="Left" VAlignment="Top" align="left" valign="top">&nbsp;</x:td>
        </x:tr>
        <x:tr id="ID_7101105">
          <x:td id="ID_7101106" HAlignment="Left" VAlignment="Top" align="left" valign="top">&nbsp;</x:td>
          <x:td id="ID_7101107" HAlignment="Left" VAlignment="Top" align="left" valign="top">&nbsp;</x:td>
          <x:td id="ID_7101108" HAlignment="Left" VAlignment="Top" align="left" valign="top">&nbsp;</x:td>
          <x:td id="ID_7101109" HAlignment="Left" VAlignment="Top" align="left" valign="top">&nbsp;</x:td>
          <x:td id="ID_7101110" HAlignment="Left" VAlignment="Top" align="left" valign="top">&nbsp;</x:td>
          <x:td id="ID_7101111" HAlignment="Left" VAlignment="Top" align="left" valign="top">&nbsp;</x:td>
        </x:tr>
      </x:tbody>
    </x:table>
  </e:AD-2.13>
  <e:AD-2.14 id="EGEL-AD-2.14" Number="AD 2.14">
    <GreenBorder id="ID_7101113" />
    <e:Title id="ID_7101114">APPROACH&nbsp;AND&nbsp;RUNWAY&nbsp;LIGHTING</e:Title>
    <x:table id="ID_7101116" class="">
      <x:thead id="ID_7101117">
        <x:tr id="ID_7101118">
          <x:th id="ID_7101119" HAlignment="Left" VAlignment="Top" align="left" valign="top">
            <x:p id="ID_7101120">RWY</x:p>
          </x:th>
          <x:th id="ID_7101121" HAlignment="Left" VAlignment="Top" align="left" valign="top">
            <x:p id="ID_7101122">Approach Lighting Type/</x:p>
            <x:p id="ID_7101123">Length/</x:p>
            <x:p id="ID_7101124">Intensity</x:p>
          </x:th>
          <x:th id="ID_7101125" HAlignment="Left" VAlignment="Top" align="left" valign="top">
            <x:p id="ID_7101126">Threshold lighting</x:p>
            <x:p id="ID_7101127">Colour/ </x:p>
            <x:p id="ID_7101128">Wing bars</x:p>
          </x:th>
          <x:th id="ID_7101129" HAlignment="Left" VAlignment="Top" align="left" valign="top">
            <x:p id="ID_7101130">VASIS/</x:p>
            <x:p id="ID_7101131">MEHT/</x:p>
            <x:p id="ID_7101132">PAPI</x:p>
          </x:th>
          <x:th id="ID_7101133" HAlignment="Left" VAlignment="Top" align="left" valign="top">
            <x:p id="ID_7101134">TDZ lighting</x:p>
            <x:p id="ID_7101135">Length</x:p>
          </x:th>
          <x:th id="ID_7101136" HAlignment="Left" VAlignment="Top" align="left" valign="top">
            <x:p id="ID_7101137">Runway Centre Line lighting</x:p>
            <x:p id="ID_7101138">Length/</x:p>
            <x:p id="ID_7101139">Spacing/</x:p>
            <x:p id="ID_7101140">Colour/</x:p>
            <x:p id="ID_7101141">Intensity</x:p>
          </x:th>
          <x:th id="ID_7101142" HAlignment="Left" VAlignment="Top" align="left" valign="top">
            <x:p id="ID_7101143">Runway edge lighting</x:p>
            <x:p id="ID_7101144">Length/</x:p>
            <x:p id="ID_7101145">Spacing/</x:p>
            <x:p id="ID_7101146">Colour/</x:p>
            <x:p id="ID_7101147">Intensity</x:p>
          </x:th>
          <x:th id="ID_7101148" HAlignment="Left" VAlignment="Top" align="left" valign="top">
            <x:p id="ID_7101149">Runway end lighting</x:p>
            <x:p id="ID_7101150">Colour/</x:p>
            <x:p id="ID_7101151">Wing bars</x:p>
          </x:th>
          <x:th id="ID_7101152" HAlignment="Left" VAlignment="Top" align="left" valign="top">
            <x:p id="ID_7101153">Stopway lighting</x:p>
            <x:p id="ID_7101154">Length/</x:p>
            <x:p id="ID_7101155">Colour</x:p>
          </x:th>
          <x:th id="ID_7101156" HAlignment="Left" VAlignment="Top" align="left" valign="top">
            <x:p id="ID_7101157">Remarks</x:p>
          </x:th>
        </x:tr>
        <x:tr id="ID_7101158">
          <x:th id="ID_7101159" HAlignment="Left" VAlignment="Top" align="left" valign="top">1</x:th>
          <x:th id="ID_7101160" HAlignment="Left" VAlignment="Top" align="left" valign="top">2</x:th>
          <x:th id="ID_7101161" HAlignment="Left" VAlignment="Top" align="left" valign="top">3</x:th>
          <x:th id="ID_7101162" HAlignment="Left" VAlignment="Top" align="left" valign="top">4</x:th>
          <x:th id="ID_7101163" HAlignment="Left" VAlignment="Top" align="left" valign="top">5</x:th>
          <x:th id="ID_7101164" HAlignment="Left" VAlignment="Top" align="left" valign="top">6</x:th>
          <x:th id="ID_7101165" HAlignment="Left" VAlignment="Top" align="left" valign="top">7</x:th>
          <x:th id="ID_7101166" HAlignment="Left" VAlignment="Top" align="left" valign="top">8</x:th>
          <x:th id="ID_7101167" HAlignment="Left" VAlignment="Top" align="left" valign="top">9</x:th>
          <x:th id="ID_7101168" HAlignment="Left" VAlignment="Top" align="left" valign="top">10</x:th>
        </x:tr>
      </x:thead>
      <x:tbody id="ID_7101169">
        <x:tr id="ID_7101170">
          <x:td id="ID_7101171" HAlignment="Left" VAlignment="Top" align="left" valign="top">&nbsp;</x:td>
          <x:td id="ID_7101172" HAlignment="Left" VAlignment="Top" align="left" valign="top">&nbsp;</x:td>
          <x:td id="ID_7101173" HAlignment="Left" VAlignment="Top" align="left" valign="top">&nbsp;</x:td>
          <x:td id="ID_7101174" HAlignment="Left" VAlignment="Top" align="left" valign="top">&nbsp;</x:td>
          <x:td id="ID_7101175" HAlignment="Left" VAlignment="Top" align="left" valign="top">&nbsp;</x:td>
          <x:td id="ID_7101176" HAlignment="Left" VAlignment="Top" align="left" valign="top">&nbsp;</x:td>
          <x:td id="ID_7101177" HAlignment="Left" VAlignment="Top" align="left" valign="top">&nbsp;</x:td>
          <x:td id="ID_7101178" HAlignment="Left" VAlignment="Top" align="left" valign="top">&nbsp;</x:td>
          <x:td id="ID_7101179" HAlignment="Left" VAlignment="Top" align="left" valign="top">&nbsp;</x:td>
          <x:td id="ID_7101180" HAlignment="Left" VAlignment="Top" align="left" valign="top">&nbsp;</x:td>
        </x:tr>
        <x:tr id="ID_7101181">
          <x:td id="ID_7101182" HAlignment="Left" VAlignment="Top" align="left" valign="top">&nbsp;</x:td>
          <x:td id="ID_7101183" HAlignment="Left" VAlignment="Top" align="left" valign="top">&nbsp;</x:td>
          <x:td id="ID_7101184" HAlignment="Left" VAlignment="Top" align="left" valign="top">&nbsp;</x:td>
          <x:td id="ID_7101185" HAlignment="Left" VAlignment="Top" align="left" valign="top">&nbsp;</x:td>
          <x:td id="ID_7101186" HAlignment="Left" VAlignment="Top" align="left" valign="top">&nbsp;</x:td>
          <x:td id="ID_7101187" HAlignment="Left" VAlignment="Top" align="left" valign="top">&nbsp;</x:td>
          <x:td id="ID_7101188" HAlignment="Left" VAlignment="Top" align="left" valign="top">&nbsp;</x:td>
          <x:td id="ID_7101189" HAlignment="Left" VAlignment="Top" align="left" valign="top">&nbsp;</x:td>
          <x:td id="ID_7101190" HAlignment="Left" VAlignment="Top" align="left" valign="top">&nbsp;</x:td>
          <x:td id="ID_7101191" HAlignment="Left" VAlignment="Top" align="left" valign="top">&nbsp;</x:td>
        </x:tr>
      </x:tbody>
    </x:table>
  </e:AD-2.14>
  <e:AD-2.15 id="EGEL-AD-2.15" Number="AD 2.15">
    <GreenBorder id="ID_7101193" />
    <e:Title id="ID_7101194">OTHER&nbsp;LIGHTING,&nbsp;SECONDARY&nbsp;POWER&nbsp;SUPPLY</e:Title>
    <x:table id="ID_7101196" class="">
      <x:tbody id="ID_7101197">
        <x:tr id="ID_7101198">
          <x:td id="ID_7101199" HAlignment="Left" VAlignment="Top" align="left" valign="top">1</x:td>
          <x:td id="ID_7101200" HAlignment="Left" VAlignment="Top" align="left" valign="top">
            <x:p id="ID_7101201">ABN/IBN location, characteristics and hours of operation</x:p>
          </x:td>
          <x:td id="ID_7101202" HAlignment="Left" VAlignment="Top" align="left" valign="top">&nbsp;</x:td>
        </x:tr>
        <x:tr id="ID_7101203">
          <x:td id="ID_7101204" HAlignment="Left" VAlignment="Top" align="left" valign="top">2</x:td>
          <x:td id="ID_7101205" HAlignment="Left" VAlignment="Top" align="left" valign="top">
            <x:p id="ID_7101206">LDI location and lighting</x:p>
            <x:p id="ID_7101207">Anemometer location and lighting</x:p>
          </x:td>
          <x:td id="ID_7101208" HAlignment="Left" VAlignment="Top" align="left" valign="top">&nbsp;</x:td>
        </x:tr>
        <x:tr id="ID_7101209">
          <x:td id="ID_7101210" HAlignment="Left" VAlignment="Top" align="left" valign="top">3</x:td>
          <x:td id="ID_7101211" HAlignment="Left" VAlignment="Top" align="left" valign="top">
            <x:p id="ID_7101212">TWY edge and centre line lighting</x:p>
          </x:td>
          <x:td id="ID_7101213" HAlignment="Left" VAlignment="Top" align="left" valign="top">&nbsp;</x:td>
        </x:tr>
        <x:tr id="ID_7101214">
          <x:td id="ID_7101215" HAlignment="Left" VAlignment="Top" align="left" valign="top">4</x:td>
          <x:td id="ID_7101216" HAlignment="Left" VAlignment="Top" align="left" valign="top">
            <x:p id="ID_7101217">Secondary power supply/switch-over time</x:p>
          </x:td>
          <x:td id="ID_7101218" HAlignment="Left" VAlignment="Top" align="left" valign="top">&nbsp;</x:td>
        </x:tr>
        <x:tr id="ID_7101219">
          <x:td id="ID_7101220" HAlignment="Left" VAlignment="Top" align="left" valign="top">5</x:td>
          <x:td id="ID_7101221" HAlignment="Left" VAlignment="Top" align="left" valign="top">
            <x:p id="ID_7101222">Remarks</x:p>
          </x:td>
          <x:td id="ID_7101223" HAlignment="Left" VAlignment="Top" align="left" valign="top">&nbsp;</x:td>
        </x:tr>
      </x:tbody>
    </x:table>
  </e:AD-2.15>
  <e:AD-2.16 id="EGEL-AD-2.16" Number="AD 2.16">
    <GreenBorder id="ID_7101225" />
    <e:Title id="ID_7101226">HELICOPTER&nbsp;LANDING&nbsp;AREA</e:Title>
    <x:table id="ID_7101228" class="">
      <x:tbody id="ID_7101229">
        <x:tr id="ID_7101230">
          <x:td id="ID_7101231" HAlignment="Left" VAlignment="Top" align="left" valign="top">1</x:td>
          <x:td id="ID_7101232" HAlignment="Left" VAlignment="Top" align="left" valign="top">
            <x:p id="ID_7101233">Coordinates TLOF or THR of FATO</x:p>
            <x:p id="ID_7101234">Geoid undulation</x:p>
          </x:td>
          <x:td id="ID_7101235" HAlignment="Left" VAlignment="Top" align="left" valign="top">&nbsp;</x:td>
        </x:tr>
        <x:tr id="ID_7101236">
          <x:td id="ID_7101237" HAlignment="Left" VAlignment="Top" align="left" valign="top">2</x:td>
          <x:td id="ID_7101238" HAlignment="Left" VAlignment="Top" align="left" valign="top">
            <x:p id="ID_7101239">TLOF and/or FATO elevation M/FT</x:p>
          </x:td>
          <x:td id="ID_7101240" HAlignment="Left" VAlignment="Top" align="left" valign="top">&nbsp;</x:td>
        </x:tr>
        <x:tr id="ID_7101241">
          <x:td id="ID_7101242" HAlignment="Left" VAlignment="Top" align="left" valign="top">3</x:td>
          <x:td id="ID_7101243" HAlignment="Left" VAlignment="Top" align="left" valign="top">
            <x:p id="ID_7101244">TLOF and FATO area dimensions, surface, strength, marking</x:p>
          </x:td>
          <x:td id="ID_7101245" HAlignment="Left" VAlignment="Top" align="left" valign="top">&nbsp;</x:td>
        </x:tr>
        <x:tr id="ID_7101246">
          <x:td id="ID_7101247" HAlignment="Left" VAlignment="Top" align="left" valign="top">4</x:td>
          <x:td id="ID_7101248" HAlignment="Left" VAlignment="Top" align="left" valign="top">
            <x:p id="ID_7101249">True BRG of FATO</x:p>
          </x:td>
          <x:td id="ID_7101250" HAlignment="Left" VAlignment="Top" align="left" valign="top">&nbsp;</x:td>
        </x:tr>
        <x:tr id="ID_7101251">
          <x:td id="ID_7101252" HAlignment="Left" VAlignment="Top" align="left" valign="top">5</x:td>
          <x:td id="ID_7101253" HAlignment="Left" VAlignment="Top" align="left" valign="top">
            <x:p id="ID_7101254">Declared distance available</x:p>
          </x:td>
          <x:td id="ID_7101255" HAlignment="Left" VAlignment="Top" align="left" valign="top">&nbsp;</x:td>
        </x:tr>
        <x:tr id="ID_7101256">
          <x:td id="ID_7101257" HAlignment="Left" VAlignment="Top" align="left" valign="top">6</x:td>
          <x:td id="ID_7101258" HAlignment="Left" VAlignment="Top" align="left" valign="top">
            <x:p id="ID_7101259">APP and FATO lighting</x:p>
          </x:td>
          <x:td id="ID_7101260" HAlignment="Left" VAlignment="Top" align="left" valign="top">&nbsp;</x:td>
        </x:tr>
        <x:tr id="ID_7101261">
          <x:td id="ID_7101262" HAlignment="Left" VAlignment="Top" align="left" valign="top">7</x:td>
          <x:td id="ID_7101263" HAlignment="Left" VAlignment="Top" align="left" valign="top">
            <x:p id="ID_7101264">Remarks</x:p>
          </x:td>
          <x:td id="ID_7101265" HAlignment="Left" VAlignment="Top" align="left" valign="top">&nbsp;</x:td>
        </x:tr>
      </x:tbody>
    </x:table>
  </e:AD-2.16>
  <e:AD-2.17 id="EGEL-AD-2.17" Number="AD 2.17">
    <GreenBorder id="ID_7101267" />
    <e:Title id="ID_7101268">AIR TRAFFIC SERVICES&nbsp;AIRSPACE</e:Title>
    <x:table id="ID_7101270" class="">
      <x:thead id="ID_7101271">
        <x:tr id="ID_7101272">
          <x:th id="ID_7101273" HAlignment="Left" VAlignment="Top" align="left" valign="top">
            <x:p id="ID_7101274">Designation and</x:p>
            <x:p id="ID_7101275">lateral limits</x:p>
          </x:th>
          <x:th id="ID_7101276" HAlignment="Left" VAlignment="Top" align="left" valign="top">
            <x:p id="ID_7101277">Vertical Limits</x:p>
          </x:th>
          <x:th id="ID_7101278" HAlignment="Left" VAlignment="Top" align="left" valign="top">
            <x:p id="ID_7101279">Airspace Class</x:p>
          </x:th>
          <x:th id="ID_7101280" HAlignment="Left" VAlignment="Top" align="left" valign="top">
            <x:p id="ID_7101281">ATS unit callsign/ language</x:p>
          </x:th>
          <x:th id="ID_7101282" HAlignment="Left" VAlignment="Top" align="left" valign="top">
            <x:p id="ID_7101283">Transition Altitude</x:p>
          </x:th>
          <x:th id="ID_7101284" HAlignment="Left" VAlignment="Top" align="left" valign="top">
            <x:p id="ID_7101285">Hours of Applicability</x:p>
          </x:th>
          <x:th id="ID_7101286" HAlignment="Left" VAlignment="Top" align="left" valign="top">
            <x:p id="ID_7101287">Remarks</x:p>
          </x:th>
        </x:tr>
        <x:tr id="ID_7101288">
          <x:th id="ID_7101289" HAlignment="Left" VAlignment="Top" align="left" valign="top">1</x:th>
          <x:th id="ID_7101290" HAlignment="Left" VAlignment="Top" align="left" valign="top">2</x:th>
          <x:th id="ID_7101291" HAlignment="Left" VAlignment="Top" align="left" valign="top">3</x:th>
          <x:th id="ID_7101292" HAlignment="Left" VAlignment="Top" align="left" valign="top">4</x:th>
          <x:th id="ID_7101293" HAlignment="Left" VAlignment="Top" align="left" valign="top">5</x:th>
          <x:th id="ID_7101294" HAlignment="Left" VAlignment="Top" align="left" valign="top">6</x:th>
          <x:th id="ID_7101295" HAlignment="Left" VAlignment="Top" align="left" valign="top">7</x:th>
        </x:tr>
      </x:thead>
      <x:tbody id="ID_7101296">
        <x:tr id="ID_7101297">
          <x:td id="ID_7101298" HAlignment="Left" VAlignment="Top" align="left" valign="top">&nbsp;</x:td>
          <x:td id="ID_7101299" HAlignment="Left" VAlignment="Top" align="left" valign="top">&nbsp;</x:td>
          <x:td id="ID_7101300" HAlignment="Left" VAlignment="Top" align="left" valign="top">&nbsp;</x:td>
          <x:td id="ID_7101301" HAlignment="Left" VAlignment="Top" align="left" valign="top">&nbsp;</x:td>
          <x:td id="ID_7101302" HAlignment="Left" VAlignment="Top" align="left" valign="top">&nbsp;</x:td>
          <x:td id="ID_7101303" HAlignment="Left" VAlignment="Top" align="left" valign="top">&nbsp;</x:td>
          <x:td id="ID_7101304" HAlignment="Left" VAlignment="Top" align="left" valign="top">&nbsp;</x:td>
        </x:tr>
        <x:tr id="ID_7101305">
          <x:td id="ID_7101306" HAlignment="Left" VAlignment="Top" align="left" valign="top">&nbsp;</x:td>
          <x:td id="ID_7101307" HAlignment="Left" VAlignment="Top" align="left" valign="top">&nbsp;</x:td>
          <x:td id="ID_7101308" HAlignment="Left" VAlignment="Top" align="left" valign="top">&nbsp;</x:td>
          <x:td id="ID_7101309" HAlignment="Left" VAlignment="Top" align="left" valign="top">&nbsp;</x:td>
          <x:td id="ID_7101310" HAlignment="Left" VAlignment="Top" align="left" valign="top">&nbsp;</x:td>
          <x:td id="ID_7101311" HAlignment="Left" VAlignment="Top" align="left" valign="top">&nbsp;</x:td>
          <x:td id="ID_7101312" HAlignment="Left" VAlignment="Top" align="left" valign="top">&nbsp;</x:td>
        </x:tr>
      </x:tbody>
    </x:table>
  </e:AD-2.17>
  <e:AD-2.18 id="EGEL-AD-2.18" Number="AD 2.18">
    <GreenBorder id="ID_7101314" />
    <e:Title id="ID_7101315">AIR TRAFFIC SERVICES&nbsp;COMMUNICATION&nbsp;FACILITIES</e:Title>
    <x:table id="ID_7101317" class="">
      <x:thead id="ID_7101318">
        <x:tr id="ID_7101319">
          <x:th id="ID_7101320" HAlignment="Left" VAlignment="Top" align="left" valign="top">
            <x:p id="ID_7101321">Service designation</x:p>
          </x:th>
          <x:th id="ID_7101322" HAlignment="Left" VAlignment="Top" align="left" valign="top">
            <x:p id="ID_7101323">Callsign</x:p>
          </x:th>
          <x:th id="ID_7101324" HAlignment="Left" VAlignment="Top" align="left" valign="top">
            <x:p id="ID_7101325">Channel(s)</x:p>
          </x:th>
          <x:th id="ID_7101326" HAlignment="Left" VAlignment="Top" align="left" valign="top">
            <x:p id="ID_7101327">Hours of </x:p>
            <x:p id="ID_7101328">Operation</x:p>
          </x:th>
          <x:th id="ID_7101329" HAlignment="Left" VAlignment="Top" align="left" valign="top">
            <x:p id="ID_7101330">Remarks</x:p>
          </x:th>
        </x:tr>
        <x:tr id="ID_7101331">
          <x:th id="ID_7101332" HAlignment="Left" VAlignment="Top" align="left" valign="top">1</x:th>
          <x:th id="ID_7101333" HAlignment="Left" VAlignment="Top" align="left" valign="top">2</x:th>
          <x:th id="ID_7101334" HAlignment="Left" VAlignment="Top" align="left" valign="top">3</x:th>
          <x:th id="ID_7101335" HAlignment="Left" VAlignment="Top" align="left" valign="top">4</x:th>
          <x:th id="ID_7101336" HAlignment="Left" VAlignment="Top" align="left" valign="top">5</x:th>
        </x:tr>
      </x:thead>
      <x:tbody id="ID_7101337">
        <x:tr id="ID_7101338">
          <x:td id="ID_7101339" HAlignment="Left" VAlignment="Top" align="left" valign="top">&nbsp;</x:td>
          <x:td id="ID_7101340" HAlignment="Left" VAlignment="Top" align="left" valign="top">&nbsp;</x:td>
          <x:td id="ID_7101341" HAlignment="Left" VAlignment="Top" align="left" valign="top">&nbsp;</x:td>
          <x:td id="ID_7101342" HAlignment="Left" VAlignment="Top" align="left" valign="top">&nbsp;</x:td>
          <x:td id="ID_7101343" HAlignment="Left" VAlignment="Top" align="left" valign="top">&nbsp;</x:td>
        </x:tr>
        <x:tr id="ID_7101344">
          <x:td id="ID_7101345" HAlignment="Left" VAlignment="Top" align="left" valign="top">&nbsp;</x:td>
          <x:td id="ID_7101346" HAlignment="Left" VAlignment="Top" align="left" valign="top">&nbsp;</x:td>
          <x:td id="ID_7101347" HAlignment="Left" VAlignment="Top" align="left" valign="top">&nbsp;</x:td>
          <x:td id="ID_7101348" HAlignment="Left" VAlignment="Top" align="left" valign="top">&nbsp;</x:td>
          <x:td id="ID_7101349" HAlignment="Left" VAlignment="Top" align="left" valign="top">&nbsp;</x:td>
        </x:tr>
      </x:tbody>
    </x:table>
  </e:AD-2.18>
  <e:AD-2.19 id="EGEL-AD-2.19" Number="AD 2.19">
    <GreenBorder id="ID_7101351" />
    <e:Title id="ID_7101352">RADIO&nbsp;NAVIGATION&nbsp;AND&nbsp;LANDING&nbsp;AIDS</e:Title>
    <x:table id="ID_7101354" class="">
      <x:thead id="ID_7101355">
        <x:tr id="ID_7101356">
          <x:th id="ID_7101357" HAlignment="Left" VAlignment="Top" align="left" valign="top">
            <x:p id="ID_7101358">Type of Aid CAT&nbsp;of&nbsp;ILS/MLS</x:p>
            <x:p id="ID_7101359">(For VOR/ILS/MLS, give VAR)</x:p>
          </x:th>
          <x:th id="ID_7101360" HAlignment="Left" VAlignment="Top" align="left" valign="top">
            <x:p id="ID_7101361">Ident</x:p>
          </x:th>
          <x:th id="ID_7101362" HAlignment="Left" VAlignment="Top" align="left" valign="top">
            <x:p id="ID_7101363">Frequency</x:p>
            <x:p id="ID_7101364">channel number(s), service provider, and reference path identifier(s) (RPI)</x:p>
          </x:th>
          <x:th id="ID_7101365" HAlignment="Left" VAlignment="Top" align="left" valign="top">
            <x:p id="ID_7101366">Hours of Operation</x:p>
          </x:th>
          <x:th id="ID_7101367" HAlignment="Left" VAlignment="Top" align="left" valign="top">
            <x:p id="ID_7101368">Position of transmitting antenna co-ordinates</x:p>
          </x:th>
          <x:th id="ID_7101369" HAlignment="Left" VAlignment="Top" align="left" valign="top">
            <x:p id="ID_7101370">Elevation of DME transmitting antenna</x:p>
            <x:p id="ID_7101371">GBAS, SBAS, LTP, FTP values</x:p>
          </x:th>
          <x:th id="ID_7101372" HAlignment="Left" VAlignment="Top" align="left" valign="top">
            <x:p id="ID_7101373">Remarks</x:p>
          </x:th>
        </x:tr>
        <x:tr id="ID_7101374">
          <x:th id="ID_7101375" HAlignment="Left" VAlignment="Top" align="left" valign="top">1</x:th>
          <x:th id="ID_7101376" HAlignment="Left" VAlignment="Top" align="left" valign="top">2</x:th>
          <x:th id="ID_7101377" HAlignment="Left" VAlignment="Top" align="left" valign="top">3</x:th>
          <x:th id="ID_7101378" HAlignment="Left" VAlignment="Top" align="left" valign="top">4</x:th>
          <x:th id="ID_7101379" HAlignment="Left" VAlignment="Top" align="left" valign="top">5</x:th>
          <x:th id="ID_7101380" HAlignment="Left" VAlignment="Top" align="left" valign="top">6</x:th>
          <x:th id="ID_7101381" HAlignment="Left" VAlignment="Top" align="left" valign="top">7</x:th>
        </x:tr>
      </x:thead>
      <x:tbody id="ID_7101382">
        <x:tr id="ID_7101383">
          <x:td id="ID_7101384" HAlignment="Left" VAlignment="Top" align="left" valign="top">&nbsp;</x:td>
          <x:td id="ID_7101385" HAlignment="Left" VAlignment="Top" align="left" valign="top">&nbsp;</x:td>
          <x:td id="ID_7101386" HAlignment="Left" VAlignment="Top" align="left" valign="top">&nbsp;</x:td>
          <x:td id="ID_7101387" HAlignment="Left" VAlignment="Top" align="left" valign="top">&nbsp;</x:td>
          <x:td id="ID_7101388" HAlignment="Left" VAlignment="Top" align="left" valign="top">&nbsp;</x:td>
          <x:td id="ID_7101389" HAlignment="Left" VAlignment="Top" align="left" valign="top">&nbsp;</x:td>
          <x:td id="ID_7101390" HAlignment="Left" VAlignment="Top" align="left" valign="top">&nbsp;</x:td>
        </x:tr>
      </x:tbody>
    </x:table>
  </e:AD-2.19>
  <e:AD-2.20 id="EGEL-AD-2.20" Number="AD 2.20">
    <GreenBorder id="ID_7101392" />
    <e:Title id="ID_7101393">LOCAL&nbsp;AERODROME&nbsp;REGULATIONS</e:Title>
    <x:div class="RP">
      <x:span class="sdParams" style="display:none;">TRULES_PROC;RULES_PROC_ID;7369</x:span>
      <e:Sub-section Number="1" id="EGEL-AD-2.20.1">
        <e:Title id="ID_7101395">
          <x:strong id="ID_7101396">Airport Regulations</x:strong>
        </e:Title>
        <x:ol id="ID_7101397" class="Numbered">
          <x:li id="ID_7101398">
            <x:p id="ID_7101399">Non radio aircraft must obtain PPR via telephone with Oban Airport Administration prior to flight, Tel. 01631-572910.</x:p>
          </x:li>
          <x:li id="ID_7101400">
            <x:p id="ID_7101401">High visibility jackets mandatory whilst airside.</x:p>
          </x:li>
          <x:li id="ID_7101402">
            <x:p id="ID_7101403">Aircraft that do not require the use of a licensed aerodrome and that wish to operate outside the notified hours of operation must comply with the Argyll and Bute Council Out of Hours Indemnity Scheme. PPR applies to all out of hours flights. Details of the scheme and an application form can be found at: http://www.flyobanairport.co.uk. Pilot information can be obtained from Oban Airport, Tel: 01631-572910.</x:p>
          </x:li>
        </x:ol>
      </e:Sub-section>
      <e:Sub-section Number="2" id="EGEL-AD-2.20.2">
        <e:Title id="ID_7101405">
          <x:strong id="ID_7101406">Ground Movement</x:strong>
        </e:Title>
        <x:ol id="ID_7101407" class="Numbered">
          <x:li id="ID_7101408">
            <x:p id="ID_7101409">Aircrew are advised to use minimum suitable power whilst manoeuvring on the Apron, as the front of the terminal building and personnel can be subject to prop wash.</x:p>
          </x:li>
        </x:ol>
      </e:Sub-section>
      <e:Sub-section Number="3" id="EGEL-AD-2.20.3">
        <e:Title id="ID_7101411">
          <x:strong id="ID_7101412">CAT II/III Operations</x:strong>
        </e:Title>
        <x:p id="ID_7101413">Not applicable</x:p>
      </e:Sub-section>
      <e:Sub-section Number="4" id="EGEL-AD-2.20.4">
        <e:Title id="ID_7101415">
          <x:strong id="ID_7101416">Warnings</x:strong>
        </e:Title>
        <x:ol id="ID_7101417" class="Numbered">
          <x:li id="ID_7101418">
            <x:p id="ID_7101419">Concentrations of Greylag Geese on and around the aerodrome throughout the year.</x:p>
          </x:li>
        </x:ol>
      </e:Sub-section>
      <e:Sub-section Number="5" id="EGEL-AD-2.20.5">
        <e:Title id="ID_7101421">
          <x:strong id="ID_7101422">Helicopter Operations</x:strong>
        </e:Title>
        <x:p id="ID_7101423">Not applicable</x:p>
      </e:Sub-section>
      <e:Sub-section Number="6" id="EGEL-AD-2.20.6">
        <e:Title id="ID_7101425">
          <x:strong id="ID_7101426">Use of Runways</x:strong>
        </e:Title>
        <x:p id="ID_7101427">Not applicable</x:p>
      </e:Sub-section>
      <e:Sub-section Number="7" id="EGEL-AD-2.20.7">
        <e:Title id="ID_7101429">
          <x:strong id="ID_7101430">Training</x:strong>
        </e:Title>
        <x:ol id="ID_7101431" class="Numbered">
          <x:li id="ID_7101432">
            <x:p id="ID_7101433">The use of the airport for training purposes is subject to prior arrangement with Oban Airport Administration, Tel. 01631-572910.</x:p>
          </x:li>
        </x:ol>
      </e:Sub-section>
    </x:div>
  </e:AD-2.20>
  <e:AD-2.21 id="EGEL-AD-2.21" Number="AD 2.21">
    <GreenBorder id="ID_7101435" />
    <e:Title id="ID_7101436">NOISE ABATEMENT PROCEDURES</e:Title>
    <x:div class="RP">
      <x:span class="sdParams" style="display:none;">TRULES_PROC;RULES_PROC_ID;7370</x:span>
      <x:p id="ID_7101437">Not applicable</x:p>
    </x:div>
  </e:AD-2.21>
  <e:AD-2.22 id="EGEL-AD-2.22" Number="AD 2.22">
    <GreenBorder id="ID_7101439" />
    <e:Title id="ID_7101440">FLIGHT PROCEDURES</e:Title>
    <x:div class="RP">
      <x:span class="sdParams" style="display:none;">TRULES_PROC;RULES_PROC_ID;7371</x:span>
      <x:p id="ID_7101441">Not applicable</x:p>
    </x:div>
  </e:AD-2.22>
  <e:AD-2.23 id="EGEL-AD-2.23" Number="AD 2.23">
    <GreenBorder id="ID_7101443" />
    <e:Title id="ID_7101444">ADDITIONAL INFORMATION</e:Title>
    <x:div class="RP">
      <x:span class="sdParams" style="display:none;">TRULES_PROC;RULES_PROC_ID;7372</x:span>
      <x:p id="ID_7101445">Not applicable</x:p>
    </x:div>
  </e:AD-2.23>
  <e:AD-2.24 id="EGEL-AD-2.24" Number="AD 2.24">
    <GreenBorder id="ID_7101447" />
    <e:Title id="ID_7101448">CHARTS RELATED TO AN AERODROME</e:Title>
    <x:table id="ID_7101450" class="">
      <x:tbody id="ID_7101451">
        <x:tr id="ID_7101452">
          <x:td id="ID_7101453" HAlignment="Left" VAlignment="Top" align="left" valign="top">
            <x:p id="ID_7101454">
              <x:em id="ID_7101455" class="Italic">Figure: Aerodrome Chart - ICAO</x:em>
            </x:p>
          </x:td>
        </x:tr>
        <x:tr id="ID_7101456">
          <x:td id="ID_7101457" HAlignment="Left" VAlignment="Top" align="left" valign="top">
            <x:p id="ID_7101458">AD 2-EGAA-2-1</x:p>
          </x:td>
        </x:tr>
        <x:tr id="ID_7101459">
          <x:td id="ID_7101460" HAlignment="Left" VAlignment="Top" align="left" valign="top">&nbsp;</x:td>
        </x:tr>
        <x:tr id="ID_7101461">
          <x:td id="ID_7101462" HAlignment="Left" VAlignment="Top" align="left" valign="top">&nbsp;</x:td>
        </x:tr>
        <x:tr id="ID_7101463">
          <x:td id="ID_7101464" HAlignment="Left" VAlignment="Top" align="left" valign="top">&nbsp;</x:td>
        </x:tr>
        <x:tr id="ID_7101465">
          <x:td id="ID_7101466" HAlignment="Left" VAlignment="Top" align="left" valign="top">&nbsp;</x:td>
        </x:tr>
      </x:tbody>
    </x:table>
  </e:AD-2.24>
</e:Aerodrome>
