<?xml version="1.0" encoding="UTF-8"?>
<e:Aerodrome id="AD-2.EGET" Ref="ICAO-EGET" Title="LERWICK/TINGWALL" xmlns:e="http://www.eurocontrol.int/xmlns/AIM/eAIP" xmlns:x="http://www.w3.org/1999/xhtml" xmlns:xlink="http://www.w3.org/1999/xlink">
  <e:Title />
  <e:AD-2.1 id="EGET-AD-2.1" Number="AD 2.1">
    <GreenBorder id="ID_7122778" />
    <e:Title id="ID_7122779">AERODROME LOCATION INDICATOR AND NAME</e:Title>
    <e:Generated />
  </e:AD-2.1>
  <e:AD-2.2 id="EGET-AD-2.2" Number="AD 2.2">
    <GreenBorder id="ID_7122784" />
    <e:Title id="ID_7122785">AERODROME&nbsp;GEOGRAPHICAL&nbsp;AND&nbsp;ADMINISTRATIVE&nbsp;DATA</e:Title>
    <x:table id="ID_7122787" class="">
      <x:tbody id="ID_7122788">
        <x:tr id="ID_7122789">
          <x:td id="ID_7122790" HAlignment="Left" VAlignment="Top" align="left" valign="top">1</x:td>
          <x:td id="ID_7122791" HAlignment="Left" VAlignment="Top" align="left" valign="top">
            <x:p id="ID_7122792">ARP coordinates and site at AD</x:p>
          </x:td>
          <x:td id="ID_7122793" HAlignment="Left" VAlignment="Top" align="left" valign="top">&nbsp;</x:td>
        </x:tr>
        <x:tr id="ID_7122794">
          <x:td id="ID_7122795" HAlignment="Left" VAlignment="Top" align="left" valign="top">2</x:td>
          <x:td id="ID_7122796" HAlignment="Left" VAlignment="Top" align="left" valign="top">
            <x:p id="ID_7122797">Direction and distance from city</x:p>
          </x:td>
          <x:td id="ID_7122798" HAlignment="Left" VAlignment="Top" align="left" valign="top">&nbsp;</x:td>
        </x:tr>
        <x:tr id="ID_7122799">
          <x:td id="ID_7122800" HAlignment="Left" VAlignment="Top" align="left" valign="top">3</x:td>
          <x:td id="ID_7122801" HAlignment="Left" VAlignment="Top" align="left" valign="top">
            <x:p id="ID_7122802">Elevation / Reference temperature</x:p>
          </x:td>
          <x:td id="ID_7122803" HAlignment="Left" VAlignment="Top" align="left" valign="top">&nbsp;</x:td>
        </x:tr>
        <x:tr id="ID_7122804">
          <x:td id="ID_7122805" HAlignment="Left" VAlignment="Top" align="left" valign="top">4</x:td>
          <x:td id="ID_7122806" HAlignment="Left" VAlignment="Top" align="left" valign="top">
            <x:p id="ID_7122807">Geoid undulation at AD ELEV PSN</x:p>
          </x:td>
          <x:td id="ID_7122808" HAlignment="Left" VAlignment="Top" align="left" valign="top">&nbsp;</x:td>
        </x:tr>
        <x:tr id="ID_7122809">
          <x:td id="ID_7122810" HAlignment="Left" VAlignment="Top" align="left" valign="top">5</x:td>
          <x:td id="ID_7122811" HAlignment="Left" VAlignment="Top" align="left" valign="top">
            <x:p id="ID_7122812">Magnetic Variation / Annual Change</x:p>
          </x:td>
          <x:td id="ID_7122813" HAlignment="Left" VAlignment="Top" align="left" valign="top">&nbsp;</x:td>
        </x:tr>
        <x:tr id="ID_7122814">
          <x:td id="ID_7122815" HAlignment="Left" VAlignment="Top" align="left" valign="top">6</x:td>
          <x:td id="ID_7122816" HAlignment="Left" VAlignment="Top" align="left" valign="top">
            <x:p id="ID_7122817">AD Administration, address, telephone, telefax, AFS, e-mail address, website address</x:p>
          </x:td>
          <x:td id="ID_7122818" HAlignment="Left" VAlignment="Top" align="left" valign="top">&nbsp;</x:td>
        </x:tr>
        <x:tr id="ID_7122819">
          <x:td id="ID_7122820" HAlignment="Left" VAlignment="Top" align="left" valign="top">7</x:td>
          <x:td id="ID_7122821" HAlignment="Left" VAlignment="Top" align="left" valign="top">
            <x:p id="ID_7122822">Types of Traffic permitted (IFR/VFR)</x:p>
          </x:td>
          <x:td id="ID_7122823" HAlignment="Left" VAlignment="Top" align="left" valign="top">&nbsp;</x:td>
        </x:tr>
        <x:tr id="ID_7122824">
          <x:td id="ID_7122825" HAlignment="Left" VAlignment="Top" align="left" valign="top">8</x:td>
          <x:td id="ID_7122826" HAlignment="Left" VAlignment="Top" align="left" valign="top">
            <x:p id="ID_7122827">Remarks</x:p>
          </x:td>
          <x:td id="ID_7122828" HAlignment="Left" VAlignment="Top" align="left" valign="top">&nbsp;</x:td>
        </x:tr>
      </x:tbody>
    </x:table>
  </e:AD-2.2>
  <e:AD-2.3 id="EGET-AD-2.3" Number="AD 2.3">
    <GreenBorder id="ID_7122830" />
    <e:Title id="ID_7122831">OPERATIONAL&nbsp;HOURS</e:Title>
    <x:table id="ID_7122833" class="">
      <x:tbody id="ID_7122834">
        <x:tr id="ID_7122835">
          <x:td id="ID_7122836" HAlignment="Left" VAlignment="Top" align="left" valign="top">1</x:td>
          <x:td id="ID_7122837" HAlignment="Left" VAlignment="Top" align="left" valign="top">
            <x:p id="ID_7122838">Aerodrome Operator</x:p>
          </x:td>
          <x:td id="ID_7122839" HAlignment="Left" VAlignment="Top" align="left" valign="top">&nbsp;</x:td>
        </x:tr>
        <x:tr id="ID_7122840">
          <x:td id="ID_7122841" HAlignment="Left" VAlignment="Top" align="left" valign="top">2</x:td>
          <x:td id="ID_7122842" HAlignment="Left" VAlignment="Top" align="left" valign="top">
            <x:p id="ID_7122843">Customs and Immigration</x:p>
          </x:td>
          <x:td id="ID_7122844" HAlignment="Left" VAlignment="Top" align="left" valign="top">
            <x:p id="ID_7122845" />
          </x:td>
        </x:tr>
        <x:tr id="ID_7122846">
          <x:td id="ID_7122847" HAlignment="Left" VAlignment="Top" align="left" valign="top">3</x:td>
          <x:td id="ID_7122848" HAlignment="Left" VAlignment="Top" align="left" valign="top">
            <x:p id="ID_7122849">Health and sanitation</x:p>
          </x:td>
          <x:td id="ID_7122850" HAlignment="Left" VAlignment="Top" align="left" valign="top">&nbsp;</x:td>
        </x:tr>
        <x:tr id="ID_7122851">
          <x:td id="ID_7122852" HAlignment="Left" VAlignment="Top" align="left" valign="top">4</x:td>
          <x:td id="ID_7122853" HAlignment="Left" VAlignment="Top" align="left" valign="top">
            <x:p id="ID_7122854">AIS Briefing Office</x:p>
          </x:td>
          <x:td id="ID_7122855" HAlignment="Left" VAlignment="Top" align="left" valign="top">&nbsp;</x:td>
        </x:tr>
        <x:tr id="ID_7122856">
          <x:td id="ID_7122857" HAlignment="Left" VAlignment="Top" align="left" valign="top">5</x:td>
          <x:td id="ID_7122858" HAlignment="Left" VAlignment="Top" align="left" valign="top">
            <x:p id="ID_7122859">ATS Reporting Office (ARO)</x:p>
          </x:td>
          <x:td id="ID_7122860" HAlignment="Left" VAlignment="Top" align="left" valign="top">&nbsp;</x:td>
        </x:tr>
        <x:tr id="ID_7122861">
          <x:td id="ID_7122862" HAlignment="Left" VAlignment="Top" align="left" valign="top">6</x:td>
          <x:td id="ID_7122863" HAlignment="Left" VAlignment="Top" align="left" valign="top">
            <x:p id="ID_7122864">MET Briefing Office</x:p>
          </x:td>
          <x:td id="ID_7122865" HAlignment="Left" VAlignment="Top" align="left" valign="top">&nbsp;</x:td>
        </x:tr>
        <x:tr id="ID_7122866">
          <x:td id="ID_7122867" HAlignment="Left" VAlignment="Top" align="left" valign="top">7</x:td>
          <x:td id="ID_7122868" HAlignment="Left" VAlignment="Top" align="left" valign="top">
            <x:p id="ID_7122869">Air Traffic Service</x:p>
          </x:td>
          <x:td id="ID_7122870" HAlignment="Left" VAlignment="Top" align="left" valign="top">&nbsp;</x:td>
        </x:tr>
        <x:tr id="ID_7122871">
          <x:td id="ID_7122872" HAlignment="Left" VAlignment="Top" align="left" valign="top">8</x:td>
          <x:td id="ID_7122873" HAlignment="Left" VAlignment="Top" align="left" valign="top">
            <x:p id="ID_7122874">Fuelling</x:p>
          </x:td>
          <x:td id="ID_7122875" HAlignment="Left" VAlignment="Top" align="left" valign="top">&nbsp;</x:td>
        </x:tr>
        <x:tr id="ID_7122876">
          <x:td id="ID_7122877" HAlignment="Left" VAlignment="Top" align="left" valign="top">9</x:td>
          <x:td id="ID_7122878" HAlignment="Left" VAlignment="Top" align="left" valign="top">
            <x:p id="ID_7122879">Handling</x:p>
          </x:td>
          <x:td id="ID_7122880" HAlignment="Left" VAlignment="Top" align="left" valign="top">&nbsp;</x:td>
        </x:tr>
        <x:tr id="ID_7122881">
          <x:td id="ID_7122882" HAlignment="Left" VAlignment="Top" align="left" valign="top">10</x:td>
          <x:td id="ID_7122883" HAlignment="Left" VAlignment="Top" align="left" valign="top">
            <x:p id="ID_7122884">Security</x:p>
          </x:td>
          <x:td id="ID_7122885" HAlignment="Left" VAlignment="Top" align="left" valign="top">&nbsp;</x:td>
        </x:tr>
        <x:tr id="ID_7122886">
          <x:td id="ID_7122887" HAlignment="Left" VAlignment="Top" align="left" valign="top">11</x:td>
          <x:td id="ID_7122888" HAlignment="Left" VAlignment="Top" align="left" valign="top">
            <x:p id="ID_7122889">De-icing</x:p>
          </x:td>
          <x:td id="ID_7122890" HAlignment="Left" VAlignment="Top" align="left" valign="top">&nbsp;</x:td>
        </x:tr>
        <x:tr id="ID_7122891">
          <x:td id="ID_7122892" HAlignment="Left" VAlignment="Top" align="left" valign="top">12</x:td>
          <x:td id="ID_7122893" HAlignment="Left" VAlignment="Top" align="left" valign="top">
            <x:p id="ID_7122894">Remarks</x:p>
          </x:td>
          <x:td id="ID_7122895" HAlignment="Left" VAlignment="Top" align="left" valign="top">&nbsp;</x:td>
        </x:tr>
      </x:tbody>
    </x:table>
  </e:AD-2.3>
  <e:AD-2.4 id="EGET-AD-2.4" Number="AD 2.4">
    <GreenBorder id="ID_7122897" />
    <e:Title id="ID_7122898">HANDLING&nbsp;SERVICES&nbsp;AND&nbsp;FACILITIES</e:Title>
    <x:table id="ID_7122900" class="">
      <x:tbody id="ID_7122901">
        <x:tr id="ID_7122902">
          <x:td id="ID_7122903" HAlignment="Left" VAlignment="Top" align="left" valign="top">1</x:td>
          <x:td id="ID_7122904" HAlignment="Left" VAlignment="Top" align="left" valign="top">
            <x:p id="ID_7122905">Cargo handling facilities</x:p>
          </x:td>
          <x:td id="ID_7122906" HAlignment="Left" VAlignment="Top" align="left" valign="top">&nbsp;</x:td>
        </x:tr>
        <x:tr id="ID_7122907">
          <x:td id="ID_7122908" HAlignment="Left" VAlignment="Top" align="left" valign="top">2</x:td>
          <x:td id="ID_7122909" HAlignment="Left" VAlignment="Top" align="left" valign="top">
            <x:p id="ID_7122910">Fuel and oil types</x:p>
          </x:td>
          <x:td id="ID_7122911" HAlignment="Left" VAlignment="Top" align="left" valign="top">&nbsp;</x:td>
        </x:tr>
        <x:tr id="ID_7122912">
          <x:td id="ID_7122913" HAlignment="Left" VAlignment="Top" align="left" valign="top">3</x:td>
          <x:td id="ID_7122914" HAlignment="Left" VAlignment="Top" align="left" valign="top">
            <x:p id="ID_7122915">Fuelling facilities/capacity</x:p>
          </x:td>
          <x:td id="ID_7122916" HAlignment="Left" VAlignment="Top" align="left" valign="top">&nbsp;</x:td>
        </x:tr>
        <x:tr id="ID_7122917">
          <x:td id="ID_7122918" HAlignment="Left" VAlignment="Top" align="left" valign="top">4</x:td>
          <x:td id="ID_7122919" HAlignment="Left" VAlignment="Top" align="left" valign="top">
            <x:p id="ID_7122920">De-icing facilities</x:p>
          </x:td>
          <x:td id="ID_7122921" HAlignment="Left" VAlignment="Top" align="left" valign="top">&nbsp;</x:td>
        </x:tr>
        <x:tr id="ID_7122922">
          <x:td id="ID_7122923" HAlignment="Left" VAlignment="Top" align="left" valign="top">5</x:td>
          <x:td id="ID_7122924" HAlignment="Left" VAlignment="Top" align="left" valign="top">
            <x:p id="ID_7122925">Hangar space for visiting aircraft</x:p>
          </x:td>
          <x:td id="ID_7122926" HAlignment="Left" VAlignment="Top" align="left" valign="top">&nbsp;</x:td>
        </x:tr>
        <x:tr id="ID_7122927">
          <x:td id="ID_7122928" HAlignment="Left" VAlignment="Top" align="left" valign="top">6</x:td>
          <x:td id="ID_7122929" HAlignment="Left" VAlignment="Top" align="left" valign="top">
            <x:p id="ID_7122930">Repair facilities for visiting aircraft</x:p>
          </x:td>
          <x:td id="ID_7122931" HAlignment="Left" VAlignment="Top" align="left" valign="top">&nbsp;</x:td>
        </x:tr>
        <x:tr id="ID_7122932">
          <x:td id="ID_7122933" HAlignment="Left" VAlignment="Top" align="left" valign="top">7</x:td>
          <x:td id="ID_7122934" HAlignment="Left" VAlignment="Top" align="left" valign="top">
            <x:p id="ID_7122935">Remarks</x:p>
          </x:td>
          <x:td id="ID_7122936" HAlignment="Left" VAlignment="Top" align="left" valign="top">&nbsp;</x:td>
        </x:tr>
      </x:tbody>
    </x:table>
  </e:AD-2.4>
  <e:AD-2.5 id="EGET-AD-2.5" Number="AD 2.5">
    <GreenBorder id="ID_7122938" />
    <e:Title id="ID_7122939">PASSENGER&nbsp;FACILITIES</e:Title>
    <x:table id="ID_7122941" class="">
      <x:tbody id="ID_7122942">
        <x:tr id="ID_7122943">
          <x:td id="ID_7122944" HAlignment="Left" VAlignment="Top" align="left" valign="top">1</x:td>
          <x:td id="ID_7122945" HAlignment="Left" VAlignment="Top" align="left" valign="top">
            <x:p id="ID_7122946">Hotels</x:p>
          </x:td>
          <x:td id="ID_7122947" HAlignment="Left" VAlignment="Top" align="left" valign="top">&nbsp;</x:td>
        </x:tr>
        <x:tr id="ID_7122948">
          <x:td id="ID_7122949" HAlignment="Left" VAlignment="Top" align="left" valign="top">2</x:td>
          <x:td id="ID_7122950" HAlignment="Left" VAlignment="Top" align="left" valign="top">
            <x:p id="ID_7122951">Restaurants</x:p>
          </x:td>
          <x:td id="ID_7122952" HAlignment="Left" VAlignment="Top" align="left" valign="top">&nbsp;</x:td>
        </x:tr>
        <x:tr id="ID_7122953">
          <x:td id="ID_7122954" HAlignment="Left" VAlignment="Top" align="left" valign="top">3</x:td>
          <x:td id="ID_7122955" HAlignment="Left" VAlignment="Top" align="left" valign="top">
            <x:p id="ID_7122956">Transportation</x:p>
          </x:td>
          <x:td id="ID_7122957" HAlignment="Left" VAlignment="Top" align="left" valign="top">&nbsp;</x:td>
        </x:tr>
        <x:tr id="ID_7122958">
          <x:td id="ID_7122959" HAlignment="Left" VAlignment="Top" align="left" valign="top">4</x:td>
          <x:td id="ID_7122960" HAlignment="Left" VAlignment="Top" align="left" valign="top">
            <x:p id="ID_7122961">Medical facilities</x:p>
          </x:td>
          <x:td id="ID_7122962" HAlignment="Left" VAlignment="Top" align="left" valign="top">&nbsp;</x:td>
        </x:tr>
        <x:tr id="ID_7122963">
          <x:td id="ID_7122964" HAlignment="Left" VAlignment="Top" align="left" valign="top">5</x:td>
          <x:td id="ID_7122965" HAlignment="Left" VAlignment="Top" align="left" valign="top">
            <x:p id="ID_7122966">Bank and Post Office</x:p>
          </x:td>
          <x:td id="ID_7122967" HAlignment="Left" VAlignment="Top" align="left" valign="top">&nbsp;</x:td>
        </x:tr>
        <x:tr id="ID_7122968">
          <x:td id="ID_7122969" HAlignment="Left" VAlignment="Top" align="left" valign="top">6</x:td>
          <x:td id="ID_7122970" HAlignment="Left" VAlignment="Top" align="left" valign="top">
            <x:p id="ID_7122971">Tourist Office</x:p>
          </x:td>
          <x:td id="ID_7122972" HAlignment="Left" VAlignment="Top" align="left" valign="top">&nbsp;</x:td>
        </x:tr>
        <x:tr id="ID_7122973">
          <x:td id="ID_7122974" HAlignment="Left" VAlignment="Top" align="left" valign="top">7</x:td>
          <x:td id="ID_7122975" HAlignment="Left" VAlignment="Top" align="left" valign="top">
            <x:p id="ID_7122976">Remarks</x:p>
          </x:td>
          <x:td id="ID_7122977" HAlignment="Left" VAlignment="Top" align="left" valign="top">&nbsp;</x:td>
        </x:tr>
      </x:tbody>
    </x:table>
  </e:AD-2.5>
  <e:AD-2.6 id="EGET-AD-2.6" Number="AD 2.6">
    <GreenBorder id="ID_7122979" />
    <e:Title id="ID_7122980">RESCUE&nbsp;AND&nbsp;FIRE&nbsp;FIGHTING&nbsp;SERVICES</e:Title>
    <x:table id="ID_7122982" class="">
      <x:tbody id="ID_7122983">
        <x:tr id="ID_7122984">
          <x:td id="ID_7122985" HAlignment="Left" VAlignment="Top" align="left" valign="top">1</x:td>
          <x:td id="ID_7122986" HAlignment="Left" VAlignment="Top" align="left" valign="top">
            <x:p id="ID_7122987">AD category for fire fighting</x:p>
          </x:td>
          <x:td id="ID_7122988" HAlignment="Left" VAlignment="Top" align="left" valign="top">&nbsp;</x:td>
        </x:tr>
        <x:tr id="ID_7122989">
          <x:td id="ID_7122990" HAlignment="Left" VAlignment="Top" align="left" valign="top">2</x:td>
          <x:td id="ID_7122991" HAlignment="Left" VAlignment="Top" align="left" valign="top">
            <x:p id="ID_7122992">Rescue equipment</x:p>
          </x:td>
          <x:td id="ID_7122993" HAlignment="Left" VAlignment="Top" align="left" valign="top">&nbsp;</x:td>
        </x:tr>
        <x:tr id="ID_7122994">
          <x:td id="ID_7122995" HAlignment="Left" VAlignment="Top" align="left" valign="top">3</x:td>
          <x:td id="ID_7122996" HAlignment="Left" VAlignment="Top" align="left" valign="top">
            <x:p id="ID_7122997">Capability for removal of disabled aircraft</x:p>
          </x:td>
          <x:td id="ID_7122998" HAlignment="Left" VAlignment="Top" align="left" valign="top">&nbsp;</x:td>
        </x:tr>
        <x:tr id="ID_7122999">
          <x:td id="ID_7123000" HAlignment="Left" VAlignment="Top" align="left" valign="top">4</x:td>
          <x:td id="ID_7123001" HAlignment="Left" VAlignment="Top" align="left" valign="top">
            <x:p id="ID_7123002">Remarks</x:p>
          </x:td>
          <x:td id="ID_7123003" HAlignment="Left" VAlignment="Top" align="left" valign="top">&nbsp;</x:td>
        </x:tr>
      </x:tbody>
    </x:table>
  </e:AD-2.6>
  <e:AD-2.7 id="EGET-AD-2.7" Number="AD 2.7">
    <GreenBorder id="ID_7123005" />
    <e:Title id="ID_7123006">SEASONAL&nbsp;AVAILABILITY&nbsp;-&nbsp;CLEARING</e:Title>
    <x:table id="ID_7123008" class="">
      <x:tbody id="ID_7123009">
        <x:tr id="ID_7123010">
          <x:td id="ID_7123011" HAlignment="Left" VAlignment="Top" align="left" valign="top">1</x:td>
          <x:td id="ID_7123012" HAlignment="Left" VAlignment="Top" align="left" valign="top">
            <x:p id="ID_7123013">Types of clearing equipment</x:p>
          </x:td>
          <x:td id="ID_7123014" HAlignment="Left" VAlignment="Top" align="left" valign="top">&nbsp;</x:td>
        </x:tr>
        <x:tr id="ID_7123015">
          <x:td id="ID_7123016" HAlignment="Left" VAlignment="Top" align="left" valign="top">2</x:td>
          <x:td id="ID_7123017" HAlignment="Left" VAlignment="Top" align="left" valign="top">
            <x:p id="ID_7123018">Clearance priorities</x:p>
          </x:td>
          <x:td id="ID_7123019" HAlignment="Left" VAlignment="Top" align="left" valign="top">&nbsp;</x:td>
        </x:tr>
        <x:tr id="ID_7123020">
          <x:td id="ID_7123021" HAlignment="Left" VAlignment="Top" align="left" valign="top">3</x:td>
          <x:td id="ID_7123022" HAlignment="Left" VAlignment="Top" align="left" valign="top">
            <x:p id="ID_7123023">Remarks</x:p>
          </x:td>
          <x:td id="ID_7123024" HAlignment="Left" VAlignment="Top" align="left" valign="top">&nbsp;</x:td>
        </x:tr>
      </x:tbody>
    </x:table>
  </e:AD-2.7>
  <e:AD-2.8 id="EGET-AD-2.8" Number="AD 2.8">
    <GreenBorder id="ID_7123026" />
    <e:Title id="ID_7123027">APRONS,&nbsp;TAXIWAYS&nbsp;AND&nbsp;CHECK&nbsp;LOCATIONS/POSITIONS&nbsp;DATA</e:Title>
    <x:table id="ID_7123029" class="">
      <x:tbody id="ID_7123030">
        <x:tr id="ID_7123031">
          <x:td id="ID_7123032" HAlignment="Left" VAlignment="Top" align="left" valign="top">1</x:td>
          <x:td id="ID_7123033" HAlignment="Left" VAlignment="Top" align="left" valign="top">
            <x:p id="ID_7123034">Apron surface and strength</x:p>
          </x:td>
          <x:td id="ID_7123035" HAlignment="Left" VAlignment="Top" align="left" valign="top">&nbsp;</x:td>
        </x:tr>
        <x:tr id="ID_7123036">
          <x:td id="ID_7123037" HAlignment="Left" VAlignment="Top" align="left" valign="top">2</x:td>
          <x:td id="ID_7123038" HAlignment="Left" VAlignment="Top" align="left" valign="top">
            <x:p id="ID_7123039">Taxiway width, surface and strength</x:p>
          </x:td>
          <x:td id="ID_7123040" HAlignment="Left" VAlignment="Top" align="left" valign="top">&nbsp;</x:td>
        </x:tr>
        <x:tr id="ID_7123041">
          <x:td id="ID_7123042" HAlignment="Left" VAlignment="Top" align="left" valign="top">3</x:td>
          <x:td id="ID_7123043" HAlignment="Left" VAlignment="Top" align="left" valign="top">
            <x:p id="ID_7123044">Altimeter checkpoint location and elevation</x:p>
          </x:td>
          <x:td id="ID_7123045" HAlignment="Left" VAlignment="Top" align="left" valign="top">&nbsp;</x:td>
        </x:tr>
        <x:tr id="ID_7123046">
          <x:td id="ID_7123047" HAlignment="Left" VAlignment="Top" align="left" valign="top">4</x:td>
          <x:td id="ID_7123048" HAlignment="Left" VAlignment="Top" align="left" valign="top">
            <x:p id="ID_7123049">VOR checkpoints</x:p>
          </x:td>
          <x:td id="ID_7123050" HAlignment="Left" VAlignment="Top" align="left" valign="top">&nbsp;</x:td>
        </x:tr>
        <x:tr id="ID_7123051">
          <x:td id="ID_7123052" HAlignment="Left" VAlignment="Top" align="left" valign="top">5</x:td>
          <x:td id="ID_7123053" HAlignment="Left" VAlignment="Top" align="left" valign="top">
            <x:p id="ID_7123054">INS checkpoints</x:p>
          </x:td>
          <x:td id="ID_7123055" HAlignment="Left" VAlignment="Top" align="left" valign="top">&nbsp;</x:td>
        </x:tr>
        <x:tr id="ID_7123056">
          <x:td id="ID_7123057" HAlignment="Left" VAlignment="Top" align="left" valign="top">6</x:td>
          <x:td id="ID_7123058" HAlignment="Left" VAlignment="Top" align="left" valign="top">
            <x:p id="ID_7123059">Remarks</x:p>
          </x:td>
          <x:td id="ID_7123060" HAlignment="Left" VAlignment="Top" align="left" valign="top">&nbsp;</x:td>
        </x:tr>
      </x:tbody>
    </x:table>
  </e:AD-2.8>
  <e:AD-2.9 id="EGET-AD-2.9" Number="AD 2.9">
    <GreenBorder id="ID_7123062" />
    <e:Title id="ID_7123063">SURFACE&nbsp;MOVEMENT&nbsp;GUIDANCE&nbsp;AND&nbsp;CONTROL&nbsp;SYSTEM&nbsp;AND&nbsp;MARKINGS</e:Title>
    <x:table id="ID_7123065" class="">
      <x:tbody id="ID_7123066">
        <x:tr id="ID_7123067">
          <x:td id="ID_7123068" HAlignment="Left" VAlignment="Top" align="left" valign="top">1</x:td>
          <x:td id="ID_7123069" HAlignment="Left" VAlignment="Top" align="left" valign="top">
            <x:p id="ID_7123070">Use of aircraft stand ID signs, TWY guide lines and visual docking/parking guidance system of aircraft stands</x:p>
          </x:td>
          <x:td id="ID_7123071" HAlignment="Left" VAlignment="Top" align="left" valign="top">&nbsp;</x:td>
        </x:tr>
        <x:tr id="ID_7123072">
          <x:td id="ID_7123073" HAlignment="Left" VAlignment="Top" align="left" valign="top">2</x:td>
          <x:td id="ID_7123074" HAlignment="Left" VAlignment="Top" align="left" valign="top">
            <x:p id="ID_7123075">Runway and taxiway markings and lighting</x:p>
          </x:td>
          <x:td id="ID_7123076" HAlignment="Left" VAlignment="Top" align="left" valign="top">&nbsp;</x:td>
        </x:tr>
        <x:tr id="ID_7123077">
          <x:td id="ID_7123078" HAlignment="Left" VAlignment="Top" align="left" valign="top">3</x:td>
          <x:td id="ID_7123079" HAlignment="Left" VAlignment="Top" align="left" valign="top">
            <x:p id="ID_7123080">Stop bars</x:p>
          </x:td>
          <x:td id="ID_7123081" HAlignment="Left" VAlignment="Top" align="left" valign="top">&nbsp;</x:td>
        </x:tr>
        <x:tr id="ID_7123082">
          <x:td id="ID_7123083" HAlignment="Left" VAlignment="Top" align="left" valign="top">4</x:td>
          <x:td id="ID_7123084" HAlignment="Left" VAlignment="Top" align="left" valign="top">
            <x:p id="ID_7123085">Remarks</x:p>
          </x:td>
          <x:td id="ID_7123086" HAlignment="Left" VAlignment="Top" align="left" valign="top">&nbsp;</x:td>
        </x:tr>
      </x:tbody>
    </x:table>
  </e:AD-2.9>
  <e:AD-2.10 id="EGET-AD-2.10" Number="AD 2.10">
    <GreenBorder id="ID_7123088" />
    <e:Title id="ID_7123089">AERODROME&nbsp;OBSTACLES</e:Title>
    <x:table id="ID_7123091" class="">
      <x:thead id="ID_7123092">
        <x:tr id="ID_7123093">
          <x:th id="ID_7123094" HAlignment="Center" VAlignment="Top" colspan="6" align="center" valign="top">
            <x:p id="ID_7123095">In Approach/Take-off areas</x:p>
          </x:th>
        </x:tr>
        <x:tr id="ID_7123096">
          <x:th id="ID_7123097" HAlignment="Left" VAlignment="Top" align="left" valign="top">
            <x:p id="ID_7123098">Obstacle ID/Designation</x:p>
          </x:th>
          <x:th id="ID_7123099" HAlignment="Left" VAlignment="Top" align="left" valign="top">
            <x:p id="ID_7123100">Obstacle Type</x:p>
          </x:th>
          <x:th id="ID_7123101" HAlignment="Left" VAlignment="Top" align="left" valign="top">
            <x:p id="ID_7123102">Obstacle Position</x:p>
          </x:th>
          <x:th id="ID_7123103" HAlignment="Left" VAlignment="Top" align="left" valign="top">
            <x:p id="ID_7123104">Elevation/Height</x:p>
          </x:th>
          <x:th id="ID_7123105" HAlignment="Left" VAlignment="Top" align="left" valign="top">
            <x:p id="ID_7123106">Obstruction Lighting Type/Colour</x:p>
          </x:th>
          <x:th id="ID_7123107" HAlignment="Left" VAlignment="Top" align="left" valign="top">
            <x:p id="ID_7123108">Remarks</x:p>
          </x:th>
        </x:tr>
        <x:tr id="ID_7123109">
          <x:th id="ID_7123110" HAlignment="Left" VAlignment="Top" align="left" valign="top">1</x:th>
          <x:th id="ID_7123111" HAlignment="Left" VAlignment="Top" align="left" valign="top">2</x:th>
          <x:th id="ID_7123112" HAlignment="Left" VAlignment="Top" align="left" valign="top">3</x:th>
          <x:th id="ID_7123113" HAlignment="Left" VAlignment="Top" align="left" valign="top">4</x:th>
          <x:th id="ID_7123114" HAlignment="Left" VAlignment="Top" align="left" valign="top">5</x:th>
          <x:th id="ID_7123115" HAlignment="Left" VAlignment="Top" align="left" valign="top">6</x:th>
        </x:tr>
      </x:thead>
      <x:tbody id="ID_7123116">
        <x:tr id="ID_7123117">
          <x:td id="ID_7123118" HAlignment="Left" VAlignment="Top" align="left" valign="top">&nbsp;</x:td>
          <x:td id="ID_7123119" HAlignment="Left" VAlignment="Top" align="left" valign="top">&nbsp;</x:td>
          <x:td id="ID_7123120" HAlignment="Left" VAlignment="Top" align="left" valign="top">&nbsp;</x:td>
          <x:td id="ID_7123121" HAlignment="Left" VAlignment="Top" align="left" valign="top">&nbsp;</x:td>
          <x:td id="ID_7123122" HAlignment="Left" VAlignment="Top" align="left" valign="top">&nbsp;</x:td>
          <x:td id="ID_7123123" HAlignment="Left" VAlignment="Top" align="left" valign="top">&nbsp;</x:td>
        </x:tr>
      </x:tbody>
    </x:table>
    <x:table id="ID_7123125" class="">
      <x:thead id="ID_7123126">
        <x:tr id="ID_7123127">
          <x:th id="ID_7123128" HAlignment="Center" VAlignment="Top" colspan="6" align="center" valign="top">
            <x:p id="ID_7123129">In circling area and at aerodrome</x:p>
          </x:th>
        </x:tr>
        <x:tr id="ID_7123130">
          <x:th id="ID_7123131" HAlignment="Left" VAlignment="Top" align="left" valign="top">
            <x:p id="ID_7123132">Obstacle ID/Designation</x:p>
          </x:th>
          <x:th id="ID_7123133" HAlignment="Left" VAlignment="Top" align="left" valign="top">
            <x:p id="ID_7123134">Obstacle Type</x:p>
          </x:th>
          <x:th id="ID_7123135" HAlignment="Left" VAlignment="Top" align="left" valign="top">
            <x:p id="ID_7123136">Obstacle Position</x:p>
          </x:th>
          <x:th id="ID_7123137" HAlignment="Left" VAlignment="Top" align="left" valign="top">
            <x:p id="ID_7123138">Elevation/Height</x:p>
          </x:th>
          <x:th id="ID_7123139" HAlignment="Left" VAlignment="Top" align="left" valign="top">
            <x:p id="ID_7123140">Obstruction Lighting Type/Colour</x:p>
          </x:th>
          <x:th id="ID_7123141" HAlignment="Left" VAlignment="Top" align="left" valign="top">
            <x:p id="ID_7123142">Remarks</x:p>
          </x:th>
        </x:tr>
        <x:tr id="ID_7123143">
          <x:th id="ID_7123144" HAlignment="Left" VAlignment="Top" align="left" valign="top">1</x:th>
          <x:th id="ID_7123145" HAlignment="Left" VAlignment="Top" align="left" valign="top">2</x:th>
          <x:th id="ID_7123146" HAlignment="Left" VAlignment="Top" align="left" valign="top">3</x:th>
          <x:th id="ID_7123147" HAlignment="Left" VAlignment="Top" align="left" valign="top">4</x:th>
          <x:th id="ID_7123148" HAlignment="Left" VAlignment="Top" align="left" valign="top">5</x:th>
          <x:th id="ID_7123149" HAlignment="Left" VAlignment="Top" align="left" valign="top">6</x:th>
        </x:tr>
      </x:thead>
      <x:tbody id="ID_7123150">
        <x:tr id="ID_7123151">
          <x:td id="ID_7123152" HAlignment="Left" VAlignment="Top" align="left" valign="top">&nbsp;</x:td>
          <x:td id="ID_7123153" HAlignment="Left" VAlignment="Top" align="left" valign="top">&nbsp;</x:td>
          <x:td id="ID_7123154" HAlignment="Left" VAlignment="Top" align="left" valign="top">&nbsp;</x:td>
          <x:td id="ID_7123155" HAlignment="Left" VAlignment="Top" align="left" valign="top">&nbsp;</x:td>
          <x:td id="ID_7123156" HAlignment="Left" VAlignment="Top" align="left" valign="top">&nbsp;</x:td>
          <x:td id="ID_7123157" HAlignment="Left" VAlignment="Top" align="left" valign="top">&nbsp;</x:td>
        </x:tr>
      </x:tbody>
    </x:table>
  </e:AD-2.10>
  <e:AD-2.11 id="EGET-AD-2.11" Number="AD 2.11">
    <GreenBorder id="ID_7123159" />
    <e:Title id="ID_7123160">METEOROLOGICAL&nbsp;INFORMATION&nbsp;PROVIDED</e:Title>
    <x:table id="ID_7123162" class="">
      <x:tbody id="ID_7123163">
        <x:tr id="ID_7123164">
          <x:td id="ID_7123165" HAlignment="Left" VAlignment="Top" align="left" valign="top">1</x:td>
          <x:td id="ID_7123166" HAlignment="Left" VAlignment="Top" align="left" valign="top">
            <x:p id="ID_7123167">Associated MET Office</x:p>
          </x:td>
          <x:td id="ID_7123168" HAlignment="Left" VAlignment="Top" align="left" valign="top">&nbsp;</x:td>
        </x:tr>
        <x:tr id="ID_7123169">
          <x:td id="ID_7123170" HAlignment="Left" VAlignment="Top" align="left" valign="top">2</x:td>
          <x:td id="ID_7123171" HAlignment="Left" VAlignment="Top" align="left" valign="top">
            <x:p id="ID_7123172">Hours of service</x:p>
            <x:p id="ID_7123173">MET Office outside hours</x:p>
          </x:td>
          <x:td id="ID_7123174" HAlignment="Left" VAlignment="Top" align="left" valign="top">&nbsp;</x:td>
        </x:tr>
        <x:tr id="ID_7123175">
          <x:td id="ID_7123176" HAlignment="Left" VAlignment="Top" align="left" valign="top">3</x:td>
          <x:td id="ID_7123177" HAlignment="Left" VAlignment="Top" align="left" valign="top">
            <x:p id="ID_7123178">Office responsible for TAF preparation</x:p>
            <x:p id="ID_7123179">Periods of validity</x:p>
          </x:td>
          <x:td id="ID_7123180" HAlignment="Left" VAlignment="Top" align="left" valign="top">&nbsp;</x:td>
        </x:tr>
        <x:tr id="ID_7123181">
          <x:td id="ID_7123182" HAlignment="Left" VAlignment="Top" align="left" valign="top">4</x:td>
          <x:td id="ID_7123183" HAlignment="Left" VAlignment="Top" align="left" valign="top">
            <x:p id="ID_7123184">Trend forecast</x:p>
            <x:p id="ID_7123185">Interval of issuance</x:p>
          </x:td>
          <x:td id="ID_7123186" HAlignment="Left" VAlignment="Top" align="left" valign="top">&nbsp;</x:td>
        </x:tr>
        <x:tr id="ID_7123187">
          <x:td id="ID_7123188" HAlignment="Left" VAlignment="Top" align="left" valign="top">5</x:td>
          <x:td id="ID_7123189" HAlignment="Left" VAlignment="Top" align="left" valign="top">
            <x:p id="ID_7123190">Briefing/consultation provided</x:p>
          </x:td>
          <x:td id="ID_7123191" HAlignment="Left" VAlignment="Top" align="left" valign="top">&nbsp;</x:td>
        </x:tr>
        <x:tr id="ID_7123192">
          <x:td id="ID_7123193" HAlignment="Left" VAlignment="Top" align="left" valign="top">6</x:td>
          <x:td id="ID_7123194" HAlignment="Left" VAlignment="Top" align="left" valign="top">
            <x:p id="ID_7123195">Flight documentation</x:p>
            <x:p id="ID_7123196">Language(s) used</x:p>
          </x:td>
          <x:td id="ID_7123197" HAlignment="Left" VAlignment="Top" align="left" valign="top">&nbsp;</x:td>
        </x:tr>
        <x:tr id="ID_7123198">
          <x:td id="ID_7123199" HAlignment="Left" VAlignment="Top" align="left" valign="top">7</x:td>
          <x:td id="ID_7123200" HAlignment="Left" VAlignment="Top" align="left" valign="top">
            <x:p id="ID_7123201">Charts and other information available for briefing or consultation</x:p>
          </x:td>
          <x:td id="ID_7123202" HAlignment="Left" VAlignment="Top" align="left" valign="top">&nbsp;</x:td>
        </x:tr>
        <x:tr id="ID_7123203">
          <x:td id="ID_7123204" HAlignment="Left" VAlignment="Top" align="left" valign="top">8</x:td>
          <x:td id="ID_7123205" HAlignment="Left" VAlignment="Top" align="left" valign="top">
            <x:p id="ID_7123206">Supplementary equipment available for providing information</x:p>
          </x:td>
          <x:td id="ID_7123207" HAlignment="Left" VAlignment="Top" align="left" valign="top">&nbsp;</x:td>
        </x:tr>
        <x:tr id="ID_7123208">
          <x:td id="ID_7123209" HAlignment="Left" VAlignment="Top" align="left" valign="top">9</x:td>
          <x:td id="ID_7123210" HAlignment="Left" VAlignment="Top" align="left" valign="top">
            <x:p id="ID_7123211">ATS units provided with information</x:p>
          </x:td>
          <x:td id="ID_7123212" HAlignment="Left" VAlignment="Top" align="left" valign="top">&nbsp;</x:td>
        </x:tr>
        <x:tr id="ID_7123213">
          <x:td id="ID_7123214" HAlignment="Left" VAlignment="Top" align="left" valign="top">10</x:td>
          <x:td id="ID_7123215" HAlignment="Left" VAlignment="Top" align="left" valign="top">
            <x:p id="ID_7123216">Additional information (limitation of service, etc.)</x:p>
          </x:td>
          <x:td id="ID_7123217" HAlignment="Left" VAlignment="Top" align="left" valign="top">&nbsp;</x:td>
        </x:tr>
      </x:tbody>
    </x:table>
  </e:AD-2.11>
  <e:AD-2.12 id="EGET-AD-2.12" Number="AD 2.12">
    <GreenBorder id="ID_7123219" />
    <e:Title id="ID_7123220">RUNWAY&nbsp;PHYSICAL&nbsp;CHARACTERISTICS</e:Title>
    <x:table id="ID_7123222" class="">
      <x:thead id="ID_7123223">
        <x:tr id="ID_7123224">
          <x:th id="ID_7123225" HAlignment="Left" VAlignment="Top" align="left" valign="top">
            <x:p id="ID_7123226">Designations RWY Number</x:p>
          </x:th>
          <x:th id="ID_7123227" HAlignment="Left" VAlignment="Top" align="left" valign="top">
            <x:p id="ID_7123228">True bearing</x:p>
          </x:th>
          <x:th id="ID_7123229" HAlignment="Left" VAlignment="Top" align="left" valign="top">
            <x:p id="ID_7123230">Dimensions of RWY</x:p>
          </x:th>
          <x:th id="ID_7123231" HAlignment="Left" VAlignment="Top" align="left" valign="top">
            <x:p id="ID_7123232">Surface of RWY/ SWY/ </x:p>
            <x:p id="ID_7123233">Strength (PCN)</x:p>
          </x:th>
          <x:th id="ID_7123234" HAlignment="Left" VAlignment="Top" align="left" valign="top">
            <x:p id="ID_7123235">THR co-ordinates/</x:p>
            <x:p id="ID_7123236">THR Geoid undulation</x:p>
          </x:th>
          <x:th id="ID_7123237" HAlignment="Left" VAlignment="Top" align="left" valign="top">
            <x:p id="ID_7123238">THR elevation/ Highest elevation of TDZ of precision APP RWY</x:p>
          </x:th>
        </x:tr>
        <x:tr id="ID_7123239">
          <x:th id="ID_7123240" HAlignment="Left" VAlignment="Top" align="left" valign="top">1</x:th>
          <x:th id="ID_7123241" HAlignment="Left" VAlignment="Top" align="left" valign="top">2</x:th>
          <x:th id="ID_7123242" HAlignment="Left" VAlignment="Top" align="left" valign="top">3</x:th>
          <x:th id="ID_7123243" HAlignment="Left" VAlignment="Top" align="left" valign="top">4</x:th>
          <x:th id="ID_7123244" HAlignment="Left" VAlignment="Top" align="left" valign="top">5</x:th>
          <x:th id="ID_7123245" HAlignment="Left" VAlignment="Top" align="left" valign="top">6</x:th>
        </x:tr>
      </x:thead>
      <x:tbody id="ID_7123246">
        <x:tr id="ID_7123247">
          <x:td id="ID_7123248" HAlignment="Left" VAlignment="Top" align="left" valign="top">&nbsp;</x:td>
          <x:td id="ID_7123249" HAlignment="Left" VAlignment="Top" align="left" valign="top">&nbsp;</x:td>
          <x:td id="ID_7123250" HAlignment="Left" VAlignment="Top" align="left" valign="top">&nbsp;</x:td>
          <x:td id="ID_7123251" HAlignment="Left" VAlignment="Top" align="left" valign="top">&nbsp;</x:td>
          <x:td id="ID_7123252" HAlignment="Left" VAlignment="Top" align="left" valign="top">&nbsp;</x:td>
          <x:td id="ID_7123253" HAlignment="Left" VAlignment="Top" align="left" valign="top">&nbsp;</x:td>
        </x:tr>
        <x:tr id="ID_7123254">
          <x:td id="ID_7123255" HAlignment="Left" VAlignment="Top" align="left" valign="top">&nbsp;</x:td>
          <x:td id="ID_7123256" HAlignment="Left" VAlignment="Top" align="left" valign="top">&nbsp;</x:td>
          <x:td id="ID_7123257" HAlignment="Left" VAlignment="Top" align="left" valign="top">&nbsp;</x:td>
          <x:td id="ID_7123258" HAlignment="Left" VAlignment="Top" align="left" valign="top">&nbsp;</x:td>
          <x:td id="ID_7123259" HAlignment="Left" VAlignment="Top" align="left" valign="top">&nbsp;</x:td>
          <x:td id="ID_7123260" HAlignment="Left" VAlignment="Top" align="left" valign="top">&nbsp;</x:td>
        </x:tr>
      </x:tbody>
    </x:table>
    <x:table id="ID_7123262" class="">
      <x:thead id="ID_7123263">
        <x:tr id="ID_7123264">
          <x:th id="ID_7123265" HAlignment="Left" VAlignment="Top" colspan="3" align="left" valign="top">
            <x:p id="ID_7123266">Slope of RWY/</x:p>
            <x:p id="ID_7123267">SWY</x:p>
          </x:th>
          <x:th id="ID_7123268" HAlignment="Left" VAlignment="Top" align="left" valign="top">
            <x:p id="ID_7123269">SWY dimensions</x:p>
          </x:th>
          <x:th id="ID_7123270" HAlignment="Left" VAlignment="Top" align="left" valign="top">
            <x:p id="ID_7123271">Clearway dimensions</x:p>
          </x:th>
          <x:th id="ID_7123272" HAlignment="Left" VAlignment="Top" align="left" valign="top">
            <x:p id="ID_7123273">Strip dimensions</x:p>
          </x:th>
          <x:th id="ID_7123274" HAlignment="Left" VAlignment="Top" align="left" valign="top">
            <x:p id="ID_7123275">OFZ</x:p>
          </x:th>
          <x:th id="ID_7123276" HAlignment="Left" VAlignment="Top" align="left" valign="top">
            <x:p id="ID_7123277">Remarks</x:p>
          </x:th>
        </x:tr>
        <x:tr id="ID_7123278">
          <x:th id="ID_7123279" HAlignment="Left" VAlignment="Top" colspan="3" align="left" valign="top">7</x:th>
          <x:th id="ID_7123280" HAlignment="Left" VAlignment="Top" align="left" valign="top">8</x:th>
          <x:th id="ID_7123281" HAlignment="Left" VAlignment="Top" align="left" valign="top">9</x:th>
          <x:th id="ID_7123282" HAlignment="Left" VAlignment="Top" align="left" valign="top">10</x:th>
          <x:th id="ID_7123283" HAlignment="Left" VAlignment="Top" align="left" valign="top">11</x:th>
          <x:th id="ID_7123284" HAlignment="Left" VAlignment="Top" align="left" valign="top">12</x:th>
        </x:tr>
      </x:thead>
      <x:tbody id="ID_7123285">
        <x:tr id="ID_7123286">
          <x:td id="ID_7123287" HAlignment="Left" VAlignment="Top" colspan="3" align="left" valign="top">&nbsp;</x:td>
          <x:td id="ID_7123288" HAlignment="Left" VAlignment="Top" align="left" valign="top">&nbsp;</x:td>
          <x:td id="ID_7123289" HAlignment="Left" VAlignment="Top" align="left" valign="top">&nbsp;</x:td>
          <x:td id="ID_7123290" HAlignment="Left" VAlignment="Top" align="left" valign="top">&nbsp;</x:td>
          <x:td id="ID_7123291" HAlignment="Left" VAlignment="Top" align="left" valign="top">&nbsp;</x:td>
          <x:td id="ID_7123292" HAlignment="Left" VAlignment="Top" align="left" valign="top">&nbsp;</x:td>
        </x:tr>
        <x:tr id="ID_7123293">
          <x:td id="ID_7123294" HAlignment="Left" VAlignment="Top" colspan="3" align="left" valign="top">&nbsp;</x:td>
          <x:td id="ID_7123295" HAlignment="Left" VAlignment="Top" align="left" valign="top">&nbsp;</x:td>
          <x:td id="ID_7123296" HAlignment="Left" VAlignment="Top" align="left" valign="top">&nbsp;</x:td>
          <x:td id="ID_7123297" HAlignment="Left" VAlignment="Top" align="left" valign="top">&nbsp;</x:td>
          <x:td id="ID_7123298" HAlignment="Left" VAlignment="Top" align="left" valign="top">&nbsp;</x:td>
          <x:td id="ID_7123299" HAlignment="Left" VAlignment="Top" align="left" valign="top">&nbsp;</x:td>
        </x:tr>
      </x:tbody>
    </x:table>
  </e:AD-2.12>
  <e:AD-2.13 id="EGET-AD-2.13" Number="AD 2.13">
    <GreenBorder id="ID_7123301" />
    <e:Title id="ID_7123302">DECLARED&nbsp;DISTANCES</e:Title>
    <x:table id="ID_7123304" class="">
      <x:thead id="ID_7123305">
        <x:tr id="ID_7123306">
          <x:th id="ID_7123307" HAlignment="Left" VAlignment="Top" align="left" valign="top">
            <x:p id="ID_7123308">Runway designator</x:p>
          </x:th>
          <x:th id="ID_7123309" HAlignment="Left" VAlignment="Top" align="left" valign="top">
            <x:p id="ID_7123310">TORA</x:p>
          </x:th>
          <x:th id="ID_7123311" HAlignment="Left" VAlignment="Top" align="left" valign="top">
            <x:p id="ID_7123312">TODA</x:p>
          </x:th>
          <x:th id="ID_7123313" HAlignment="Left" VAlignment="Top" align="left" valign="top">
            <x:p id="ID_7123314">ASDA</x:p>
          </x:th>
          <x:th id="ID_7123315" HAlignment="Left" VAlignment="Top" align="left" valign="top">
            <x:p id="ID_7123316">LDA</x:p>
          </x:th>
          <x:th id="ID_7123317" HAlignment="Left" VAlignment="Top" align="left" valign="top">
            <x:p id="ID_7123318">Remarks</x:p>
          </x:th>
        </x:tr>
        <x:tr id="ID_7123319">
          <x:th id="ID_7123320" HAlignment="Left" VAlignment="Top" align="left" valign="top">1</x:th>
          <x:th id="ID_7123321" HAlignment="Left" VAlignment="Top" align="left" valign="top">2</x:th>
          <x:th id="ID_7123322" HAlignment="Left" VAlignment="Top" align="left" valign="top">3</x:th>
          <x:th id="ID_7123323" HAlignment="Left" VAlignment="Top" align="left" valign="top">4</x:th>
          <x:th id="ID_7123324" HAlignment="Left" VAlignment="Top" align="left" valign="top">5</x:th>
          <x:th id="ID_7123325" HAlignment="Left" VAlignment="Top" align="left" valign="top">6</x:th>
        </x:tr>
      </x:thead>
      <x:tbody id="ID_7123326">
        <x:tr id="ID_7123327">
          <x:td id="ID_7123328" HAlignment="Left" VAlignment="Top" align="left" valign="top">&nbsp;</x:td>
          <x:td id="ID_7123329" HAlignment="Left" VAlignment="Top" align="left" valign="top">&nbsp;</x:td>
          <x:td id="ID_7123330" HAlignment="Left" VAlignment="Top" align="left" valign="top">&nbsp;</x:td>
          <x:td id="ID_7123331" HAlignment="Left" VAlignment="Top" align="left" valign="top">&nbsp;</x:td>
          <x:td id="ID_7123332" HAlignment="Left" VAlignment="Top" align="left" valign="top">&nbsp;</x:td>
          <x:td id="ID_7123333" HAlignment="Left" VAlignment="Top" align="left" valign="top">&nbsp;</x:td>
        </x:tr>
        <x:tr id="ID_7123334">
          <x:td id="ID_7123335" HAlignment="Left" VAlignment="Top" align="left" valign="top">&nbsp;</x:td>
          <x:td id="ID_7123336" HAlignment="Left" VAlignment="Top" align="left" valign="top">&nbsp;</x:td>
          <x:td id="ID_7123337" HAlignment="Left" VAlignment="Top" align="left" valign="top">&nbsp;</x:td>
          <x:td id="ID_7123338" HAlignment="Left" VAlignment="Top" align="left" valign="top">&nbsp;</x:td>
          <x:td id="ID_7123339" HAlignment="Left" VAlignment="Top" align="left" valign="top">&nbsp;</x:td>
          <x:td id="ID_7123340" HAlignment="Left" VAlignment="Top" align="left" valign="top">&nbsp;</x:td>
        </x:tr>
      </x:tbody>
    </x:table>
  </e:AD-2.13>
  <e:AD-2.14 id="EGET-AD-2.14" Number="AD 2.14">
    <GreenBorder id="ID_7123342" />
    <e:Title id="ID_7123343">APPROACH&nbsp;AND&nbsp;RUNWAY&nbsp;LIGHTING</e:Title>
    <x:table id="ID_7123345" class="">
      <x:thead id="ID_7123346">
        <x:tr id="ID_7123347">
          <x:th id="ID_7123348" HAlignment="Left" VAlignment="Top" align="left" valign="top">
            <x:p id="ID_7123349">RWY</x:p>
          </x:th>
          <x:th id="ID_7123350" HAlignment="Left" VAlignment="Top" align="left" valign="top">
            <x:p id="ID_7123351">Approach Lighting Type/</x:p>
            <x:p id="ID_7123352">Length/</x:p>
            <x:p id="ID_7123353">Intensity</x:p>
          </x:th>
          <x:th id="ID_7123354" HAlignment="Left" VAlignment="Top" align="left" valign="top">
            <x:p id="ID_7123355">Threshold lighting</x:p>
            <x:p id="ID_7123356">Colour/ </x:p>
            <x:p id="ID_7123357">Wing bars</x:p>
          </x:th>
          <x:th id="ID_7123358" HAlignment="Left" VAlignment="Top" align="left" valign="top">
            <x:p id="ID_7123359">VASIS/</x:p>
            <x:p id="ID_7123360">MEHT/</x:p>
            <x:p id="ID_7123361">PAPI</x:p>
          </x:th>
          <x:th id="ID_7123362" HAlignment="Left" VAlignment="Top" align="left" valign="top">
            <x:p id="ID_7123363">TDZ lighting</x:p>
            <x:p id="ID_7123364">Length</x:p>
          </x:th>
          <x:th id="ID_7123365" HAlignment="Left" VAlignment="Top" align="left" valign="top">
            <x:p id="ID_7123366">Runway Centre Line lighting</x:p>
            <x:p id="ID_7123367">Length/</x:p>
            <x:p id="ID_7123368">Spacing/</x:p>
            <x:p id="ID_7123369">Colour/</x:p>
            <x:p id="ID_7123370">Intensity</x:p>
          </x:th>
          <x:th id="ID_7123371" HAlignment="Left" VAlignment="Top" align="left" valign="top">
            <x:p id="ID_7123372">Runway edge lighting</x:p>
            <x:p id="ID_7123373">Length/</x:p>
            <x:p id="ID_7123374">Spacing/</x:p>
            <x:p id="ID_7123375">Colour/</x:p>
            <x:p id="ID_7123376">Intensity</x:p>
          </x:th>
          <x:th id="ID_7123377" HAlignment="Left" VAlignment="Top" align="left" valign="top">
            <x:p id="ID_7123378">Runway end lighting</x:p>
            <x:p id="ID_7123379">Colour/</x:p>
            <x:p id="ID_7123380">Wing bars</x:p>
          </x:th>
          <x:th id="ID_7123381" HAlignment="Left" VAlignment="Top" align="left" valign="top">
            <x:p id="ID_7123382">Stopway lighting</x:p>
            <x:p id="ID_7123383">Length/</x:p>
            <x:p id="ID_7123384">Colour</x:p>
          </x:th>
          <x:th id="ID_7123385" HAlignment="Left" VAlignment="Top" align="left" valign="top">
            <x:p id="ID_7123386">Remarks</x:p>
          </x:th>
        </x:tr>
        <x:tr id="ID_7123387">
          <x:th id="ID_7123388" HAlignment="Left" VAlignment="Top" align="left" valign="top">1</x:th>
          <x:th id="ID_7123389" HAlignment="Left" VAlignment="Top" align="left" valign="top">2</x:th>
          <x:th id="ID_7123390" HAlignment="Left" VAlignment="Top" align="left" valign="top">3</x:th>
          <x:th id="ID_7123391" HAlignment="Left" VAlignment="Top" align="left" valign="top">4</x:th>
          <x:th id="ID_7123392" HAlignment="Left" VAlignment="Top" align="left" valign="top">5</x:th>
          <x:th id="ID_7123393" HAlignment="Left" VAlignment="Top" align="left" valign="top">6</x:th>
          <x:th id="ID_7123394" HAlignment="Left" VAlignment="Top" align="left" valign="top">7</x:th>
          <x:th id="ID_7123395" HAlignment="Left" VAlignment="Top" align="left" valign="top">8</x:th>
          <x:th id="ID_7123396" HAlignment="Left" VAlignment="Top" align="left" valign="top">9</x:th>
          <x:th id="ID_7123397" HAlignment="Left" VAlignment="Top" align="left" valign="top">10</x:th>
        </x:tr>
      </x:thead>
      <x:tbody id="ID_7123398">
        <x:tr id="ID_7123399">
          <x:td id="ID_7123400" HAlignment="Left" VAlignment="Top" align="left" valign="top">&nbsp;</x:td>
          <x:td id="ID_7123401" HAlignment="Left" VAlignment="Top" align="left" valign="top">&nbsp;</x:td>
          <x:td id="ID_7123402" HAlignment="Left" VAlignment="Top" align="left" valign="top">&nbsp;</x:td>
          <x:td id="ID_7123403" HAlignment="Left" VAlignment="Top" align="left" valign="top">&nbsp;</x:td>
          <x:td id="ID_7123404" HAlignment="Left" VAlignment="Top" align="left" valign="top">&nbsp;</x:td>
          <x:td id="ID_7123405" HAlignment="Left" VAlignment="Top" align="left" valign="top">&nbsp;</x:td>
          <x:td id="ID_7123406" HAlignment="Left" VAlignment="Top" align="left" valign="top">&nbsp;</x:td>
          <x:td id="ID_7123407" HAlignment="Left" VAlignment="Top" align="left" valign="top">&nbsp;</x:td>
          <x:td id="ID_7123408" HAlignment="Left" VAlignment="Top" align="left" valign="top">&nbsp;</x:td>
          <x:td id="ID_7123409" HAlignment="Left" VAlignment="Top" align="left" valign="top">&nbsp;</x:td>
        </x:tr>
        <x:tr id="ID_7123410">
          <x:td id="ID_7123411" HAlignment="Left" VAlignment="Top" align="left" valign="top">&nbsp;</x:td>
          <x:td id="ID_7123412" HAlignment="Left" VAlignment="Top" align="left" valign="top">&nbsp;</x:td>
          <x:td id="ID_7123413" HAlignment="Left" VAlignment="Top" align="left" valign="top">&nbsp;</x:td>
          <x:td id="ID_7123414" HAlignment="Left" VAlignment="Top" align="left" valign="top">&nbsp;</x:td>
          <x:td id="ID_7123415" HAlignment="Left" VAlignment="Top" align="left" valign="top">&nbsp;</x:td>
          <x:td id="ID_7123416" HAlignment="Left" VAlignment="Top" align="left" valign="top">&nbsp;</x:td>
          <x:td id="ID_7123417" HAlignment="Left" VAlignment="Top" align="left" valign="top">&nbsp;</x:td>
          <x:td id="ID_7123418" HAlignment="Left" VAlignment="Top" align="left" valign="top">&nbsp;</x:td>
          <x:td id="ID_7123419" HAlignment="Left" VAlignment="Top" align="left" valign="top">&nbsp;</x:td>
          <x:td id="ID_7123420" HAlignment="Left" VAlignment="Top" align="left" valign="top">&nbsp;</x:td>
        </x:tr>
      </x:tbody>
    </x:table>
  </e:AD-2.14>
  <e:AD-2.15 id="EGET-AD-2.15" Number="AD 2.15">
    <GreenBorder id="ID_7123422" />
    <e:Title id="ID_7123423">OTHER&nbsp;LIGHTING,&nbsp;SECONDARY&nbsp;POWER&nbsp;SUPPLY</e:Title>
    <x:table id="ID_7123425" class="">
      <x:tbody id="ID_7123426">
        <x:tr id="ID_7123427">
          <x:td id="ID_7123428" HAlignment="Left" VAlignment="Top" align="left" valign="top">1</x:td>
          <x:td id="ID_7123429" HAlignment="Left" VAlignment="Top" align="left" valign="top">
            <x:p id="ID_7123430">ABN/IBN location, characteristics and hours of operation</x:p>
          </x:td>
          <x:td id="ID_7123431" HAlignment="Left" VAlignment="Top" align="left" valign="top">&nbsp;</x:td>
        </x:tr>
        <x:tr id="ID_7123432">
          <x:td id="ID_7123433" HAlignment="Left" VAlignment="Top" align="left" valign="top">2</x:td>
          <x:td id="ID_7123434" HAlignment="Left" VAlignment="Top" align="left" valign="top">
            <x:p id="ID_7123435">LDI location and lighting</x:p>
            <x:p id="ID_7123436">Anemometer location and lighting</x:p>
          </x:td>
          <x:td id="ID_7123437" HAlignment="Left" VAlignment="Top" align="left" valign="top">&nbsp;</x:td>
        </x:tr>
        <x:tr id="ID_7123438">
          <x:td id="ID_7123439" HAlignment="Left" VAlignment="Top" align="left" valign="top">3</x:td>
          <x:td id="ID_7123440" HAlignment="Left" VAlignment="Top" align="left" valign="top">
            <x:p id="ID_7123441">TWY edge and centre line lighting</x:p>
          </x:td>
          <x:td id="ID_7123442" HAlignment="Left" VAlignment="Top" align="left" valign="top">&nbsp;</x:td>
        </x:tr>
        <x:tr id="ID_7123443">
          <x:td id="ID_7123444" HAlignment="Left" VAlignment="Top" align="left" valign="top">4</x:td>
          <x:td id="ID_7123445" HAlignment="Left" VAlignment="Top" align="left" valign="top">
            <x:p id="ID_7123446">Secondary power supply/switch-over time</x:p>
          </x:td>
          <x:td id="ID_7123447" HAlignment="Left" VAlignment="Top" align="left" valign="top">&nbsp;</x:td>
        </x:tr>
        <x:tr id="ID_7123448">
          <x:td id="ID_7123449" HAlignment="Left" VAlignment="Top" align="left" valign="top">5</x:td>
          <x:td id="ID_7123450" HAlignment="Left" VAlignment="Top" align="left" valign="top">
            <x:p id="ID_7123451">Remarks</x:p>
          </x:td>
          <x:td id="ID_7123452" HAlignment="Left" VAlignment="Top" align="left" valign="top">&nbsp;</x:td>
        </x:tr>
      </x:tbody>
    </x:table>
  </e:AD-2.15>
  <e:AD-2.16 id="EGET-AD-2.16" Number="AD 2.16">
    <GreenBorder id="ID_7123454" />
    <e:Title id="ID_7123455">HELICOPTER&nbsp;LANDING&nbsp;AREA</e:Title>
    <x:table id="ID_7123457" class="">
      <x:tbody id="ID_7123458">
        <x:tr id="ID_7123459">
          <x:td id="ID_7123460" HAlignment="Left" VAlignment="Top" align="left" valign="top">1</x:td>
          <x:td id="ID_7123461" HAlignment="Left" VAlignment="Top" align="left" valign="top">
            <x:p id="ID_7123462">Coordinates TLOF or THR of FATO</x:p>
            <x:p id="ID_7123463">Geoid undulation</x:p>
          </x:td>
          <x:td id="ID_7123464" HAlignment="Left" VAlignment="Top" align="left" valign="top">&nbsp;</x:td>
        </x:tr>
        <x:tr id="ID_7123465">
          <x:td id="ID_7123466" HAlignment="Left" VAlignment="Top" align="left" valign="top">2</x:td>
          <x:td id="ID_7123467" HAlignment="Left" VAlignment="Top" align="left" valign="top">
            <x:p id="ID_7123468">TLOF and/or FATO elevation M/FT</x:p>
          </x:td>
          <x:td id="ID_7123469" HAlignment="Left" VAlignment="Top" align="left" valign="top">&nbsp;</x:td>
        </x:tr>
        <x:tr id="ID_7123470">
          <x:td id="ID_7123471" HAlignment="Left" VAlignment="Top" align="left" valign="top">3</x:td>
          <x:td id="ID_7123472" HAlignment="Left" VAlignment="Top" align="left" valign="top">
            <x:p id="ID_7123473">TLOF and FATO area dimensions, surface, strength, marking</x:p>
          </x:td>
          <x:td id="ID_7123474" HAlignment="Left" VAlignment="Top" align="left" valign="top">&nbsp;</x:td>
        </x:tr>
        <x:tr id="ID_7123475">
          <x:td id="ID_7123476" HAlignment="Left" VAlignment="Top" align="left" valign="top">4</x:td>
          <x:td id="ID_7123477" HAlignment="Left" VAlignment="Top" align="left" valign="top">
            <x:p id="ID_7123478">True BRG of FATO</x:p>
          </x:td>
          <x:td id="ID_7123479" HAlignment="Left" VAlignment="Top" align="left" valign="top">&nbsp;</x:td>
        </x:tr>
        <x:tr id="ID_7123480">
          <x:td id="ID_7123481" HAlignment="Left" VAlignment="Top" align="left" valign="top">5</x:td>
          <x:td id="ID_7123482" HAlignment="Left" VAlignment="Top" align="left" valign="top">
            <x:p id="ID_7123483">Declared distance available</x:p>
          </x:td>
          <x:td id="ID_7123484" HAlignment="Left" VAlignment="Top" align="left" valign="top">&nbsp;</x:td>
        </x:tr>
        <x:tr id="ID_7123485">
          <x:td id="ID_7123486" HAlignment="Left" VAlignment="Top" align="left" valign="top">6</x:td>
          <x:td id="ID_7123487" HAlignment="Left" VAlignment="Top" align="left" valign="top">
            <x:p id="ID_7123488">APP and FATO lighting</x:p>
          </x:td>
          <x:td id="ID_7123489" HAlignment="Left" VAlignment="Top" align="left" valign="top">&nbsp;</x:td>
        </x:tr>
        <x:tr id="ID_7123490">
          <x:td id="ID_7123491" HAlignment="Left" VAlignment="Top" align="left" valign="top">7</x:td>
          <x:td id="ID_7123492" HAlignment="Left" VAlignment="Top" align="left" valign="top">
            <x:p id="ID_7123493">Remarks</x:p>
          </x:td>
          <x:td id="ID_7123494" HAlignment="Left" VAlignment="Top" align="left" valign="top">&nbsp;</x:td>
        </x:tr>
      </x:tbody>
    </x:table>
  </e:AD-2.16>
  <e:AD-2.17 id="EGET-AD-2.17" Number="AD 2.17">
    <GreenBorder id="ID_7123496" />
    <e:Title id="ID_7123497">AIR TRAFFIC SERVICES&nbsp;AIRSPACE</e:Title>
    <x:table id="ID_7123499" class="">
      <x:thead id="ID_7123500">
        <x:tr id="ID_7123501">
          <x:th id="ID_7123502" HAlignment="Left" VAlignment="Top" align="left" valign="top">
            <x:p id="ID_7123503">Designation and</x:p>
            <x:p id="ID_7123504">lateral limits</x:p>
          </x:th>
          <x:th id="ID_7123505" HAlignment="Left" VAlignment="Top" align="left" valign="top">
            <x:p id="ID_7123506">Vertical Limits</x:p>
          </x:th>
          <x:th id="ID_7123507" HAlignment="Left" VAlignment="Top" align="left" valign="top">
            <x:p id="ID_7123508">Airspace Class</x:p>
          </x:th>
          <x:th id="ID_7123509" HAlignment="Left" VAlignment="Top" align="left" valign="top">
            <x:p id="ID_7123510">ATS unit callsign/ language</x:p>
          </x:th>
          <x:th id="ID_7123511" HAlignment="Left" VAlignment="Top" align="left" valign="top">
            <x:p id="ID_7123512">Transition Altitude</x:p>
          </x:th>
          <x:th id="ID_7123513" HAlignment="Left" VAlignment="Top" align="left" valign="top">
            <x:p id="ID_7123514">Hours of Applicability</x:p>
          </x:th>
          <x:th id="ID_7123515" HAlignment="Left" VAlignment="Top" align="left" valign="top">
            <x:p id="ID_7123516">Remarks</x:p>
          </x:th>
        </x:tr>
        <x:tr id="ID_7123517">
          <x:th id="ID_7123518" HAlignment="Left" VAlignment="Top" align="left" valign="top">1</x:th>
          <x:th id="ID_7123519" HAlignment="Left" VAlignment="Top" align="left" valign="top">2</x:th>
          <x:th id="ID_7123520" HAlignment="Left" VAlignment="Top" align="left" valign="top">3</x:th>
          <x:th id="ID_7123521" HAlignment="Left" VAlignment="Top" align="left" valign="top">4</x:th>
          <x:th id="ID_7123522" HAlignment="Left" VAlignment="Top" align="left" valign="top">5</x:th>
          <x:th id="ID_7123523" HAlignment="Left" VAlignment="Top" align="left" valign="top">6</x:th>
          <x:th id="ID_7123524" HAlignment="Left" VAlignment="Top" align="left" valign="top">7</x:th>
        </x:tr>
      </x:thead>
      <x:tbody id="ID_7123525">
        <x:tr id="ID_7123526">
          <x:td id="ID_7123527" HAlignment="Left" VAlignment="Top" align="left" valign="top">&nbsp;</x:td>
          <x:td id="ID_7123528" HAlignment="Left" VAlignment="Top" align="left" valign="top">&nbsp;</x:td>
          <x:td id="ID_7123529" HAlignment="Left" VAlignment="Top" align="left" valign="top">&nbsp;</x:td>
          <x:td id="ID_7123530" HAlignment="Left" VAlignment="Top" align="left" valign="top">&nbsp;</x:td>
          <x:td id="ID_7123531" HAlignment="Left" VAlignment="Top" align="left" valign="top">&nbsp;</x:td>
          <x:td id="ID_7123532" HAlignment="Left" VAlignment="Top" align="left" valign="top">&nbsp;</x:td>
          <x:td id="ID_7123533" HAlignment="Left" VAlignment="Top" align="left" valign="top">&nbsp;</x:td>
        </x:tr>
        <x:tr id="ID_7123534">
          <x:td id="ID_7123535" HAlignment="Left" VAlignment="Top" align="left" valign="top">&nbsp;</x:td>
          <x:td id="ID_7123536" HAlignment="Left" VAlignment="Top" align="left" valign="top">&nbsp;</x:td>
          <x:td id="ID_7123537" HAlignment="Left" VAlignment="Top" align="left" valign="top">&nbsp;</x:td>
          <x:td id="ID_7123538" HAlignment="Left" VAlignment="Top" align="left" valign="top">&nbsp;</x:td>
          <x:td id="ID_7123539" HAlignment="Left" VAlignment="Top" align="left" valign="top">&nbsp;</x:td>
          <x:td id="ID_7123540" HAlignment="Left" VAlignment="Top" align="left" valign="top">&nbsp;</x:td>
          <x:td id="ID_7123541" HAlignment="Left" VAlignment="Top" align="left" valign="top">&nbsp;</x:td>
        </x:tr>
      </x:tbody>
    </x:table>
  </e:AD-2.17>
  <e:AD-2.18 id="EGET-AD-2.18" Number="AD 2.18">
    <GreenBorder id="ID_7123543" />
    <e:Title id="ID_7123544">AIR TRAFFIC SERVICES&nbsp;COMMUNICATION&nbsp;FACILITIES</e:Title>
    <x:table id="ID_7123546" class="">
      <x:thead id="ID_7123547">
        <x:tr id="ID_7123548">
          <x:th id="ID_7123549" HAlignment="Left" VAlignment="Top" align="left" valign="top">
            <x:p id="ID_7123550">Service designation</x:p>
          </x:th>
          <x:th id="ID_7123551" HAlignment="Left" VAlignment="Top" align="left" valign="top">
            <x:p id="ID_7123552">Callsign</x:p>
          </x:th>
          <x:th id="ID_7123553" HAlignment="Left" VAlignment="Top" align="left" valign="top">
            <x:p id="ID_7123554">Channel(s)</x:p>
          </x:th>
          <x:th id="ID_7123555" HAlignment="Left" VAlignment="Top" align="left" valign="top">
            <x:p id="ID_7123556">Hours of </x:p>
            <x:p id="ID_7123557">Operation</x:p>
          </x:th>
          <x:th id="ID_7123558" HAlignment="Left" VAlignment="Top" align="left" valign="top">
            <x:p id="ID_7123559">Remarks</x:p>
          </x:th>
        </x:tr>
        <x:tr id="ID_7123560">
          <x:th id="ID_7123561" HAlignment="Left" VAlignment="Top" align="left" valign="top">1</x:th>
          <x:th id="ID_7123562" HAlignment="Left" VAlignment="Top" align="left" valign="top">2</x:th>
          <x:th id="ID_7123563" HAlignment="Left" VAlignment="Top" align="left" valign="top">3</x:th>
          <x:th id="ID_7123564" HAlignment="Left" VAlignment="Top" align="left" valign="top">4</x:th>
          <x:th id="ID_7123565" HAlignment="Left" VAlignment="Top" align="left" valign="top">5</x:th>
        </x:tr>
      </x:thead>
      <x:tbody id="ID_7123566">
        <x:tr id="ID_7123567">
          <x:td id="ID_7123568" HAlignment="Left" VAlignment="Top" align="left" valign="top">&nbsp;</x:td>
          <x:td id="ID_7123569" HAlignment="Left" VAlignment="Top" align="left" valign="top">&nbsp;</x:td>
          <x:td id="ID_7123570" HAlignment="Left" VAlignment="Top" align="left" valign="top">&nbsp;</x:td>
          <x:td id="ID_7123571" HAlignment="Left" VAlignment="Top" align="left" valign="top">&nbsp;</x:td>
          <x:td id="ID_7123572" HAlignment="Left" VAlignment="Top" align="left" valign="top">&nbsp;</x:td>
        </x:tr>
        <x:tr id="ID_7123573">
          <x:td id="ID_7123574" HAlignment="Left" VAlignment="Top" align="left" valign="top">&nbsp;</x:td>
          <x:td id="ID_7123575" HAlignment="Left" VAlignment="Top" align="left" valign="top">&nbsp;</x:td>
          <x:td id="ID_7123576" HAlignment="Left" VAlignment="Top" align="left" valign="top">&nbsp;</x:td>
          <x:td id="ID_7123577" HAlignment="Left" VAlignment="Top" align="left" valign="top">&nbsp;</x:td>
          <x:td id="ID_7123578" HAlignment="Left" VAlignment="Top" align="left" valign="top">&nbsp;</x:td>
        </x:tr>
      </x:tbody>
    </x:table>
  </e:AD-2.18>
  <e:AD-2.19 id="EGET-AD-2.19" Number="AD 2.19">
    <GreenBorder id="ID_7123580" />
    <e:Title id="ID_7123581">RADIO&nbsp;NAVIGATION&nbsp;AND&nbsp;LANDING&nbsp;AIDS</e:Title>
    <x:table id="ID_7123583" class="">
      <x:thead id="ID_7123584">
        <x:tr id="ID_7123585">
          <x:th id="ID_7123586" HAlignment="Left" VAlignment="Top" align="left" valign="top">
            <x:p id="ID_7123587">Type of Aid CAT&nbsp;of&nbsp;ILS/MLS</x:p>
            <x:p id="ID_7123588">(For VOR/ILS/MLS, give VAR)</x:p>
          </x:th>
          <x:th id="ID_7123589" HAlignment="Left" VAlignment="Top" align="left" valign="top">
            <x:p id="ID_7123590">Ident</x:p>
          </x:th>
          <x:th id="ID_7123591" HAlignment="Left" VAlignment="Top" align="left" valign="top">
            <x:p id="ID_7123592">Frequency</x:p>
            <x:p id="ID_7123593">channel number(s), service provider, and reference path identifier(s) (RPI)</x:p>
          </x:th>
          <x:th id="ID_7123594" HAlignment="Left" VAlignment="Top" align="left" valign="top">
            <x:p id="ID_7123595">Hours of Operation</x:p>
          </x:th>
          <x:th id="ID_7123596" HAlignment="Left" VAlignment="Top" align="left" valign="top">
            <x:p id="ID_7123597">Position of transmitting antenna co-ordinates</x:p>
          </x:th>
          <x:th id="ID_7123598" HAlignment="Left" VAlignment="Top" align="left" valign="top">
            <x:p id="ID_7123599">Elevation of DME transmitting antenna</x:p>
            <x:p id="ID_7123600">GBAS, SBAS, LTP, FTP values</x:p>
          </x:th>
          <x:th id="ID_7123601" HAlignment="Left" VAlignment="Top" align="left" valign="top">
            <x:p id="ID_7123602">Remarks</x:p>
          </x:th>
        </x:tr>
        <x:tr id="ID_7123603">
          <x:th id="ID_7123604" HAlignment="Left" VAlignment="Top" align="left" valign="top">1</x:th>
          <x:th id="ID_7123605" HAlignment="Left" VAlignment="Top" align="left" valign="top">2</x:th>
          <x:th id="ID_7123606" HAlignment="Left" VAlignment="Top" align="left" valign="top">3</x:th>
          <x:th id="ID_7123607" HAlignment="Left" VAlignment="Top" align="left" valign="top">4</x:th>
          <x:th id="ID_7123608" HAlignment="Left" VAlignment="Top" align="left" valign="top">5</x:th>
          <x:th id="ID_7123609" HAlignment="Left" VAlignment="Top" align="left" valign="top">6</x:th>
          <x:th id="ID_7123610" HAlignment="Left" VAlignment="Top" align="left" valign="top">7</x:th>
        </x:tr>
      </x:thead>
      <x:tbody id="ID_7123611">
        <x:tr id="ID_7123612">
          <x:td id="ID_7123613" HAlignment="Left" VAlignment="Top" align="left" valign="top">&nbsp;</x:td>
          <x:td id="ID_7123614" HAlignment="Left" VAlignment="Top" align="left" valign="top">&nbsp;</x:td>
          <x:td id="ID_7123615" HAlignment="Left" VAlignment="Top" align="left" valign="top">&nbsp;</x:td>
          <x:td id="ID_7123616" HAlignment="Left" VAlignment="Top" align="left" valign="top">&nbsp;</x:td>
          <x:td id="ID_7123617" HAlignment="Left" VAlignment="Top" align="left" valign="top">&nbsp;</x:td>
          <x:td id="ID_7123618" HAlignment="Left" VAlignment="Top" align="left" valign="top">&nbsp;</x:td>
          <x:td id="ID_7123619" HAlignment="Left" VAlignment="Top" align="left" valign="top">&nbsp;</x:td>
        </x:tr>
      </x:tbody>
    </x:table>
  </e:AD-2.19>
  <e:AD-2.20 id="EGET-AD-2.20" Number="AD 2.20">
    <GreenBorder id="ID_7123621" />
    <e:Title id="ID_7123622">LOCAL&nbsp;AERODROME&nbsp;REGULATIONS</e:Title>
    <x:div class="RP">
      <x:span class="sdParams" style="display:none;">TRULES_PROC;RULES_PROC_ID;7393</x:span>
      <e:Sub-section Number="1" id="EGET-AD-2.20.1">
        <e:Title id="ID_7123624">Airport Regulations</e:Title>
        <x:ol id="ID_7123625" class="Numbered">
          <x:li id="ID_7123626">
            <x:p id="ID_7123627">Use of Aerodrome is subject to Terms and Conditions of Use. Pilots intending to use Lerwick/Tingwall aerodrome must familiarise themselves and abide by the Terms and Conditions of use. Terms and Conditions can be found at www.shetland.gov.uk/transport/air</x:p>
          </x:li>
          <x:li id="ID_7123628">
            <x:p id="ID_7123629">Prior Permission Required. Pilots intending to use the Aerodrome outside the published opening hours must agree to the limitations of liability, accept the lack of RFFS and ATS and complete an Out of Hours Landing Permit, available at www.shetland.gov.uk/transport/air"</x:p>
          </x:li>
          <x:li id="ID_7123630">
            <x:p id="ID_7123631">Pilots must contact Tingwall Information to request engine start up.</x:p>
          </x:li>
        </x:ol>
      </e:Sub-section>
      <e:Sub-section Number="2" id="EGET-AD-2.20.2">
        <e:Title id="ID_7123633">Ground Movement</e:Title>
        <x:p id="ID_7123634">Not applicable</x:p>
      </e:Sub-section>
      <e:Sub-section Number="3" id="EGET-AD-2.20.3">
        <e:Title id="ID_7123636">CAT II/III Operations</e:Title>
        <x:p id="ID_7123637">Not applicable</x:p>
      </e:Sub-section>
      <e:Sub-section Number="4" id="EGET-AD-2.20.4">
        <e:Title id="ID_7123639">Warnings</e:Title>
        <x:ol id="ID_7123640" class="Numbered">
          <x:li id="ID_7123641">
            <x:p id="ID_7123642">Tingwall Airport has an ATZ, but all airspace is uncontrolled. Tingwall Airport is PPR, with a Flight Information Service only. Strong winds and turbulence may be expected at Tingwall Airport.</x:p>
          </x:li>
          <x:li id="ID_7123643">
            <x:p id="ID_7123644">Pilots are advised to exercise caution with regards to wind shear emanating from the aerodrome and neighbouring buildings immediately to the west of the threshold on Runway 02, or on take-off from Runway 20. This is most evident when wind directions are approximately 220 degrees through 350 degrees.</x:p>
          </x:li>
          <x:li id="ID_7123645">
            <x:p id="ID_7123646">Birds, including geese, gulls and corvids are common. The Visual Control Room has restricted visibility from approximately 210 degrees through 300 degrees, as such, FISOs may be unaware of any bird activity in this zone.</x:p>
          </x:li>
          <x:li id="ID_7123647">
            <x:p id="ID_7123648">Five large wind turbines are sited to the southeast of Tingwall Airport, on Burradale Hill.</x:p>
          </x:li>
        </x:ol>
      </e:Sub-section>
      <e:Sub-section Number="5" id="EGET-AD-2.20.5">
        <e:Title id="ID_7123650">Helicopter Operations</e:Title>
        <x:p id="ID_7123651">Not applicable</x:p>
      </e:Sub-section>
      <e:Sub-section Number="6" id="EGET-AD-2.20.6">
        <e:Title id="ID_7123653">Use of Runways</e:Title>
        <x:p id="ID_7123654">Not applicable</x:p>
      </e:Sub-section>
      <e:Sub-section Number="7" id="EGET-AD-2.20.7">
        <e:Title id="ID_7123656">Training</e:Title>
        <x:p id="ID_7123657">Not applicable</x:p>
      </e:Sub-section>
    </x:div>
  </e:AD-2.20>
  <e:AD-2.21 id="EGET-AD-2.21" Number="AD 2.21">
    <GreenBorder id="ID_7123659" />
    <e:Title id="ID_7123660">NOISE ABATEMENT PROCEDURES</e:Title>
    <x:div class="RP">
      <x:span class="sdParams" style="display:none;">TRULES_PROC;RULES_PROC_ID;7394</x:span>
      <x:p id="ID_7123661">Not applicable</x:p>
    </x:div>
  </e:AD-2.21>
  <e:AD-2.22 id="EGET-AD-2.22" Number="AD 2.22">
    <GreenBorder id="ID_7123663" />
    <e:Title id="ID_7123664">FLIGHT PROCEDURES</e:Title>
    <x:div class="RP">
      <x:span class="sdParams" style="display:none;">TRULES_PROC;RULES_PROC_ID;7395</x:span>
      <x:p id="ID_7123665">Not applicable</x:p>
    </x:div>
  </e:AD-2.22>
  <e:AD-2.23 id="EGET-AD-2.23" Number="AD 2.23">
    <GreenBorder id="ID_7123667" />
    <e:Title id="ID_7123668">ADDITIONAL INFORMATION</e:Title>
    <x:div class="RP">
      <x:span class="sdParams" style="display:none;">TRULES_PROC;RULES_PROC_ID;7396</x:span>
      <x:p id="ID_7123669">Not applicable</x:p>
    </x:div>
  </e:AD-2.23>
  <e:AD-2.24 id="EGET-AD-2.24" Number="AD 2.24">
    <GreenBorder id="ID_7123671" />
    <e:Title id="ID_7123672">CHARTS RELATED TO AN AERODROME</e:Title>
    <x:table id="ID_7123674" class="">
      <x:tbody id="ID_7123675">
        <x:tr id="ID_7123676">
          <x:td id="ID_7123677" HAlignment="Left" VAlignment="Top" align="left" valign="top">
            <x:p id="ID_7123678">
              <x:em id="ID_7123679" class="Italic">Figure: Aerodrome Chart - ICAO</x:em>
            </x:p>
          </x:td>
        </x:tr>
        <x:tr id="ID_7123680">
          <x:td id="ID_7123681" HAlignment="Left" VAlignment="Top" align="left" valign="top">
            <x:p id="ID_7123682">AD 2-EGAA-2-1</x:p>
          </x:td>
        </x:tr>
        <x:tr id="ID_7123683">
          <x:td id="ID_7123684" HAlignment="Left" VAlignment="Top" align="left" valign="top">&nbsp;</x:td>
        </x:tr>
        <x:tr id="ID_7123685">
          <x:td id="ID_7123686" HAlignment="Left" VAlignment="Top" align="left" valign="top">&nbsp;</x:td>
        </x:tr>
        <x:tr id="ID_7123687">
          <x:td id="ID_7123688" HAlignment="Left" VAlignment="Top" align="left" valign="top">&nbsp;</x:td>
        </x:tr>
        <x:tr id="ID_7123689">
          <x:td id="ID_7123690" HAlignment="Left" VAlignment="Top" align="left" valign="top">&nbsp;</x:td>
        </x:tr>
      </x:tbody>
    </x:table>
  </e:AD-2.24>
</e:Aerodrome>
