<?xml version="1.0" encoding="UTF-8"?>
<e:Aerodrome id="AD-2.EGGD" Ref="ICAO-EGGD" xmlns:e="http://www.eurocontrol.int/xmlns/AIM/eAIP" xmlns:x="http://www.w3.org/1999/xhtml" xmlns:xlink="http://www.w3.org/1999/xlink">
  <e:Title />
  <e:AD-2.1 id="EGGD-AD-2.1" Number="AD 2.1">
    <e:Title id="ID_7266112">AERODROME LOCATION INDICATOR AND NAME</e:Title>
    <e:Generated />
  </e:AD-2.1>
  <e:AD-2.2 id="EGGD-AD-2.2" Number="AD 2.2">
    <e:Title id="ID_7266118">AERODROME GEOGRAPHICAL AND ADMINISTRATIVE DATA</e:Title>
    <x:table id="ID_7266120" class="">
      <x:tbody id="ID_7266121">
        <x:tr id="ID_7266122">
          <x:td id="ID_7266123" align="left" valign="top">1</x:td>
          <x:td id="ID_7266124" align="left" valign="top">
            <x:p id="ID_7266125">ARP coordinates and site at AD</x:p>
          </x:td>
          <x:td id="ID_7266126" align="left" valign="top">&nbsp;</x:td>
        </x:tr>
        <x:tr id="ID_7266127">
          <x:td id="ID_7266128" align="left" valign="top">2</x:td>
          <x:td id="ID_7266129" align="left" valign="top">
            <x:p id="ID_7266130">Direction and distance from city</x:p>
          </x:td>
          <x:td id="ID_7266131" align="left" valign="top">&nbsp;</x:td>
        </x:tr>
        <x:tr id="ID_7266132">
          <x:td id="ID_7266133" align="left" valign="top">3</x:td>
          <x:td id="ID_7266134" align="left" valign="top">
            <x:p id="ID_7266135">Elevation / Reference temperature</x:p>
          </x:td>
          <x:td id="ID_7266136" align="left" valign="top">&nbsp;</x:td>
        </x:tr>
        <x:tr id="ID_7266137">
          <x:td id="ID_7266138" align="left" valign="top">4</x:td>
          <x:td id="ID_7266139" align="left" valign="top">
            <x:p id="ID_7266140">Geoid undulation at AD ELEV PSN</x:p>
          </x:td>
          <x:td id="ID_7266141" align="left" valign="top">&nbsp;</x:td>
        </x:tr>
        <x:tr id="ID_7266142">
          <x:td id="ID_7266143" align="left" valign="top">5</x:td>
          <x:td id="ID_7266144" align="left" valign="top">
            <x:p id="ID_7266145">Magnetic Variation / Annual Change</x:p>
          </x:td>
          <x:td id="ID_7266146" align="left" valign="top">&nbsp;</x:td>
        </x:tr>
        <x:tr id="ID_7266147">
          <x:td id="ID_7266148" align="left" valign="top">6</x:td>
          <x:td id="ID_7266149" align="left" valign="top">
            <x:p id="ID_7266150">AD Administration, address, telephone, telefax, AFS, e-mail address, website address</x:p>
          </x:td>
          <x:td id="ID_7266151" align="left" valign="top">&nbsp;</x:td>
        </x:tr>
        <x:tr id="ID_7266152">
          <x:td id="ID_7266153" align="left" valign="top">7</x:td>
          <x:td id="ID_7266154" align="left" valign="top">
            <x:p id="ID_7266155">Types of Traffic permitted (IFR/VFR)</x:p>
          </x:td>
          <x:td id="ID_7266156" align="left" valign="top">&nbsp;</x:td>
        </x:tr>
        <x:tr id="ID_7266157">
          <x:td id="ID_7266158" align="left" valign="top">8</x:td>
          <x:td id="ID_7266159" align="left" valign="top">
            <x:p id="ID_7266160">Remarks</x:p>
          </x:td>
          <x:td id="ID_7266161" align="left" valign="top">&nbsp;</x:td>
        </x:tr>
      </x:tbody>
    </x:table>
  </e:AD-2.2>
  <e:AD-2.3 id="EGGD-AD-2.3" Number="AD 2.3">
    <e:Title id="ID_7266164">OPERATIONAL HOURS</e:Title>
    <x:table id="ID_7266166" class="">
      <x:tbody id="ID_7266167">
        <x:tr id="ID_7266168">
          <x:td id="ID_7266169" align="left" valign="top">1</x:td>
          <x:td id="ID_7266170" align="left" valign="top">
            <x:p id="ID_7266171">Aerodrome Operator</x:p>
          </x:td>
          <x:td id="ID_7266172" align="left" valign="top">&nbsp;</x:td>
        </x:tr>
        <x:tr id="ID_7266173">
          <x:td id="ID_7266174" align="left" valign="top">2</x:td>
          <x:td id="ID_7266175" align="left" valign="top">
            <x:p id="ID_7266176">Customs and Immigration</x:p>
          </x:td>
          <x:td id="ID_7266177" align="left" valign="top">
            <x:p id="ID_7266178" />
          </x:td>
        </x:tr>
        <x:tr id="ID_7266179">
          <x:td id="ID_7266180" align="left" valign="top">3</x:td>
          <x:td id="ID_7266181" align="left" valign="top">
            <x:p id="ID_7266182">Health and sanitation</x:p>
          </x:td>
          <x:td id="ID_7266183" align="left" valign="top">&nbsp;</x:td>
        </x:tr>
        <x:tr id="ID_7266184">
          <x:td id="ID_7266185" align="left" valign="top">4</x:td>
          <x:td id="ID_7266186" align="left" valign="top">
            <x:p id="ID_7266187">AIS Briefing Office</x:p>
          </x:td>
          <x:td id="ID_7266188" align="left" valign="top">&nbsp;</x:td>
        </x:tr>
        <x:tr id="ID_7266189">
          <x:td id="ID_7266190" align="left" valign="top">5</x:td>
          <x:td id="ID_7266191" align="left" valign="top">
            <x:p id="ID_7266192">ATS Reporting Office (ARO)</x:p>
          </x:td>
          <x:td id="ID_7266193" align="left" valign="top">&nbsp;</x:td>
        </x:tr>
        <x:tr id="ID_7266194">
          <x:td id="ID_7266195" align="left" valign="top">6</x:td>
          <x:td id="ID_7266196" align="left" valign="top">
            <x:p id="ID_7266197">MET Briefing Office</x:p>
          </x:td>
          <x:td id="ID_7266198" align="left" valign="top">&nbsp;</x:td>
        </x:tr>
        <x:tr id="ID_7266199">
          <x:td id="ID_7266200" align="left" valign="top">7</x:td>
          <x:td id="ID_7266201" align="left" valign="top">
            <x:p id="ID_7266202">Air Traffic Service</x:p>
          </x:td>
          <x:td id="ID_7266203" align="left" valign="top">&nbsp;</x:td>
        </x:tr>
        <x:tr id="ID_7266204">
          <x:td id="ID_7266205" align="left" valign="top">8</x:td>
          <x:td id="ID_7266206" align="left" valign="top">
            <x:p id="ID_7266207">Fuelling</x:p>
          </x:td>
          <x:td id="ID_7266208" align="left" valign="top">&nbsp;</x:td>
        </x:tr>
        <x:tr id="ID_7266209">
          <x:td id="ID_7266210" align="left" valign="top">9</x:td>
          <x:td id="ID_7266211" align="left" valign="top">
            <x:p id="ID_7266212">Handling</x:p>
          </x:td>
          <x:td id="ID_7266213" align="left" valign="top">&nbsp;</x:td>
        </x:tr>
        <x:tr id="ID_7266214">
          <x:td id="ID_7266215" align="left" valign="top">10</x:td>
          <x:td id="ID_7266216" align="left" valign="top">
            <x:p id="ID_7266217">Security</x:p>
          </x:td>
          <x:td id="ID_7266218" align="left" valign="top">&nbsp;</x:td>
        </x:tr>
        <x:tr id="ID_7266219">
          <x:td id="ID_7266220" align="left" valign="top">11</x:td>
          <x:td id="ID_7266221" align="left" valign="top">
            <x:p id="ID_7266222">De-icing</x:p>
          </x:td>
          <x:td id="ID_7266223" align="left" valign="top">&nbsp;</x:td>
        </x:tr>
        <x:tr id="ID_7266224">
          <x:td id="ID_7266225" align="left" valign="top">12</x:td>
          <x:td id="ID_7266226" align="left" valign="top">
            <x:p id="ID_7266227">Remarks</x:p>
          </x:td>
          <x:td id="ID_7266228" align="left" valign="top">&nbsp;</x:td>
        </x:tr>
      </x:tbody>
    </x:table>
  </e:AD-2.3>
  <e:AD-2.4 id="EGGD-AD-2.4" Number="AD 2.4">
    <e:Title id="ID_7266231">HANDLING SERVICES AND FACILITIES</e:Title>
    <x:table id="ID_7266233" class="">
      <x:tbody id="ID_7266234">
        <x:tr id="ID_7266235">
          <x:td id="ID_7266236" align="left" valign="top">1</x:td>
          <x:td id="ID_7266237" align="left" valign="top">
            <x:p id="ID_7266238">Cargo handling facilities</x:p>
          </x:td>
          <x:td id="ID_7266239" align="left" valign="top">&nbsp;</x:td>
        </x:tr>
        <x:tr id="ID_7266240">
          <x:td id="ID_7266241" align="left" valign="top">2</x:td>
          <x:td id="ID_7266242" align="left" valign="top">
            <x:p id="ID_7266243">Fuel and oil types</x:p>
          </x:td>
          <x:td id="ID_7266244" align="left" valign="top">&nbsp;</x:td>
        </x:tr>
        <x:tr id="ID_7266245">
          <x:td id="ID_7266246" align="left" valign="top">3</x:td>
          <x:td id="ID_7266247" align="left" valign="top">
            <x:p id="ID_7266248">Fuelling facilities/capacity</x:p>
          </x:td>
          <x:td id="ID_7266249" align="left" valign="top">&nbsp;</x:td>
        </x:tr>
        <x:tr id="ID_7266250">
          <x:td id="ID_7266251" align="left" valign="top">4</x:td>
          <x:td id="ID_7266252" align="left" valign="top">
            <x:p id="ID_7266253">De-icing facilities</x:p>
          </x:td>
          <x:td id="ID_7266254" align="left" valign="top">&nbsp;</x:td>
        </x:tr>
        <x:tr id="ID_7266255">
          <x:td id="ID_7266256" align="left" valign="top">5</x:td>
          <x:td id="ID_7266257" align="left" valign="top">
            <x:p id="ID_7266258">Hangar space for visiting aircraft</x:p>
          </x:td>
          <x:td id="ID_7266259" align="left" valign="top">&nbsp;</x:td>
        </x:tr>
        <x:tr id="ID_7266260">
          <x:td id="ID_7266261" align="left" valign="top">6</x:td>
          <x:td id="ID_7266262" align="left" valign="top">
            <x:p id="ID_7266263">Repair facilities for visiting aircraft</x:p>
          </x:td>
          <x:td id="ID_7266264" align="left" valign="top">&nbsp;</x:td>
        </x:tr>
        <x:tr id="ID_7266265">
          <x:td id="ID_7266266" align="left" valign="top">7</x:td>
          <x:td id="ID_7266267" align="left" valign="top">
            <x:p id="ID_7266268">Remarks</x:p>
          </x:td>
          <x:td id="ID_7266269" align="left" valign="top">&nbsp;</x:td>
        </x:tr>
      </x:tbody>
    </x:table>
  </e:AD-2.4>
  <e:AD-2.5 id="EGGD-AD-2.5" Number="AD 2.5">
    <e:Title id="ID_7266272">PASSENGER FACILITIES</e:Title>
    <x:table id="ID_7266274" class="">
      <x:tbody id="ID_7266275">
        <x:tr id="ID_7266276">
          <x:td id="ID_7266277" align="left" valign="top">1</x:td>
          <x:td id="ID_7266278" align="left" valign="top">
            <x:p id="ID_7266279">Hotels</x:p>
          </x:td>
          <x:td id="ID_7266280" align="left" valign="top">&nbsp;</x:td>
        </x:tr>
        <x:tr id="ID_7266281">
          <x:td id="ID_7266282" align="left" valign="top">2</x:td>
          <x:td id="ID_7266283" align="left" valign="top">
            <x:p id="ID_7266284">Restaurants</x:p>
          </x:td>
          <x:td id="ID_7266285" align="left" valign="top">&nbsp;</x:td>
        </x:tr>
        <x:tr id="ID_7266286">
          <x:td id="ID_7266287" align="left" valign="top">3</x:td>
          <x:td id="ID_7266288" align="left" valign="top">
            <x:p id="ID_7266289">Transportation</x:p>
          </x:td>
          <x:td id="ID_7266290" align="left" valign="top">&nbsp;</x:td>
        </x:tr>
        <x:tr id="ID_7266291">
          <x:td id="ID_7266292" align="left" valign="top">4</x:td>
          <x:td id="ID_7266293" align="left" valign="top">
            <x:p id="ID_7266294">Medical facilities</x:p>
          </x:td>
          <x:td id="ID_7266295" align="left" valign="top">&nbsp;</x:td>
        </x:tr>
        <x:tr id="ID_7266296">
          <x:td id="ID_7266297" align="left" valign="top">5</x:td>
          <x:td id="ID_7266298" align="left" valign="top">
            <x:p id="ID_7266299">Bank and Post Office</x:p>
          </x:td>
          <x:td id="ID_7266300" align="left" valign="top">&nbsp;</x:td>
        </x:tr>
        <x:tr id="ID_7266301">
          <x:td id="ID_7266302" align="left" valign="top">6</x:td>
          <x:td id="ID_7266303" align="left" valign="top">
            <x:p id="ID_7266304">Tourist Office</x:p>
          </x:td>
          <x:td id="ID_7266305" align="left" valign="top">&nbsp;</x:td>
        </x:tr>
        <x:tr id="ID_7266306">
          <x:td id="ID_7266307" align="left" valign="top">7</x:td>
          <x:td id="ID_7266308" align="left" valign="top">
            <x:p id="ID_7266309">Remarks</x:p>
          </x:td>
          <x:td id="ID_7266310" align="left" valign="top">&nbsp;</x:td>
        </x:tr>
      </x:tbody>
    </x:table>
  </e:AD-2.5>
  <e:AD-2.6 id="EGGD-AD-2.6" Number="AD 2.6">
    <e:Title id="ID_7266313">RESCUE AND FIRE FIGHTING SERVICES</e:Title>
    <x:table id="ID_7266315" class="">
      <x:tbody id="ID_7266316">
        <x:tr id="ID_7266317">
          <x:td id="ID_7266318" align="left" valign="top">1</x:td>
          <x:td id="ID_7266319" align="left" valign="top">
            <x:p id="ID_7266320">AD category for fire fighting</x:p>
          </x:td>
          <x:td id="ID_7266321" align="left" valign="top">&nbsp;</x:td>
        </x:tr>
        <x:tr id="ID_7266322">
          <x:td id="ID_7266323" align="left" valign="top">2</x:td>
          <x:td id="ID_7266324" align="left" valign="top">
            <x:p id="ID_7266325">Rescue equipment</x:p>
          </x:td>
          <x:td id="ID_7266326" align="left" valign="top">&nbsp;</x:td>
        </x:tr>
        <x:tr id="ID_7266327">
          <x:td id="ID_7266328" align="left" valign="top">3</x:td>
          <x:td id="ID_7266329" align="left" valign="top">
            <x:p id="ID_7266330">Capability for removal of disabled aircraft</x:p>
          </x:td>
          <x:td id="ID_7266331" align="left" valign="top">&nbsp;</x:td>
        </x:tr>
        <x:tr id="ID_7266332">
          <x:td id="ID_7266333" align="left" valign="top">4</x:td>
          <x:td id="ID_7266334" align="left" valign="top">
            <x:p id="ID_7266335">Remarks</x:p>
          </x:td>
          <x:td id="ID_7266336" align="left" valign="top">&nbsp;</x:td>
        </x:tr>
      </x:tbody>
    </x:table>
  </e:AD-2.6>
  <e:AD-2.7 id="EGGD-AD-2.7" Number="AD 2.7">
    <e:Title id="ID_7266339">SEASONAL AVAILABILITY - CLEARING</e:Title>
    <x:table id="ID_7266341" class="">
      <x:tbody id="ID_7266342">
        <x:tr id="ID_7266343">
          <x:td id="ID_7266344" align="left" valign="top">1</x:td>
          <x:td id="ID_7266345" align="left" valign="top">
            <x:p id="ID_7266346">Types of clearing equipment</x:p>
          </x:td>
          <x:td id="ID_7266347" align="left" valign="top">&nbsp;</x:td>
        </x:tr>
        <x:tr id="ID_7266348">
          <x:td id="ID_7266349" align="left" valign="top">2</x:td>
          <x:td id="ID_7266350" align="left" valign="top">
            <x:p id="ID_7266351">Clearance priorities</x:p>
          </x:td>
          <x:td id="ID_7266352" align="left" valign="top">&nbsp;</x:td>
        </x:tr>
        <x:tr id="ID_7266353">
          <x:td id="ID_7266354" align="left" valign="top">3</x:td>
          <x:td id="ID_7266355" align="left" valign="top">
            <x:p id="ID_7266356">Remarks</x:p>
          </x:td>
          <x:td id="ID_7266357" align="left" valign="top">&nbsp;</x:td>
        </x:tr>
      </x:tbody>
    </x:table>
  </e:AD-2.7>
  <e:AD-2.8 id="EGGD-AD-2.8" Number="AD 2.8">
    <e:Title id="ID_7266360">APRONS, TAXIWAYS AND CHECK LOCATIONS/POSITIONS DATA</e:Title>
    <x:table id="ID_7266362" class="">
      <x:tbody id="ID_7266363">
        <x:tr id="ID_7266364">
          <x:td id="ID_7266365" align="left" valign="top">1</x:td>
          <x:td id="ID_7266366" align="left" valign="top">
            <x:p id="ID_7266367">Apron surface and strength</x:p>
          </x:td>
          <x:td id="ID_7266368" align="left" valign="top">&nbsp;</x:td>
        </x:tr>
        <x:tr id="ID_7266369">
          <x:td id="ID_7266370" align="left" valign="top">2</x:td>
          <x:td id="ID_7266371" align="left" valign="top">
            <x:p id="ID_7266372">Taxiway width, surface and strength</x:p>
          </x:td>
          <x:td id="ID_7266373" align="left" valign="top">&nbsp;</x:td>
        </x:tr>
        <x:tr id="ID_7266374">
          <x:td id="ID_7266375" align="left" valign="top">3</x:td>
          <x:td id="ID_7266376" align="left" valign="top">
            <x:p id="ID_7266377">Altimeter checkpoint location and elevation</x:p>
          </x:td>
          <x:td id="ID_7266378" align="left" valign="top">&nbsp;</x:td>
        </x:tr>
        <x:tr id="ID_7266379">
          <x:td id="ID_7266380" align="left" valign="top">4</x:td>
          <x:td id="ID_7266381" align="left" valign="top">
            <x:p id="ID_7266382">VOR checkpoints</x:p>
          </x:td>
          <x:td id="ID_7266383" align="left" valign="top">&nbsp;</x:td>
        </x:tr>
        <x:tr id="ID_7266384">
          <x:td id="ID_7266385" align="left" valign="top">5</x:td>
          <x:td id="ID_7266386" align="left" valign="top">
            <x:p id="ID_7266387">INS checkpoints</x:p>
          </x:td>
          <x:td id="ID_7266388" align="left" valign="top">&nbsp;</x:td>
        </x:tr>
        <x:tr id="ID_7266389">
          <x:td id="ID_7266390" align="left" valign="top">6</x:td>
          <x:td id="ID_7266391" align="left" valign="top">
            <x:p id="ID_7266392">Remarks</x:p>
          </x:td>
          <x:td id="ID_7266393" align="left" valign="top">&nbsp;</x:td>
        </x:tr>
      </x:tbody>
    </x:table>
  </e:AD-2.8>
  <e:AD-2.9 id="EGGD-AD-2.9" Number="AD 2.9">
    <e:Title id="ID_7266396">SURFACE MOVEMENT GUIDANCE AND CONTROL SYSTEM AND MARKINGS</e:Title>
    <x:table id="ID_7266398" class="">
      <x:tbody id="ID_7266399">
        <x:tr id="ID_7266400">
          <x:td id="ID_7266401" align="left" valign="top">1</x:td>
          <x:td id="ID_7266402" align="left" valign="top">
            <x:p id="ID_7266403">Use of aircraft stand ID signs, TWY guide lines and visual docking/parking guidance system of aircraft stands</x:p>
          </x:td>
          <x:td id="ID_7266404" align="left" valign="top">&nbsp;</x:td>
        </x:tr>
        <x:tr id="ID_7266405">
          <x:td id="ID_7266406" align="left" valign="top">2</x:td>
          <x:td id="ID_7266407" align="left" valign="top">
            <x:p id="ID_7266408">Runway and taxiway markings and lighting</x:p>
          </x:td>
          <x:td id="ID_7266409" align="left" valign="top">&nbsp;</x:td>
        </x:tr>
        <x:tr id="ID_7266410">
          <x:td id="ID_7266411" align="left" valign="top">3</x:td>
          <x:td id="ID_7266412" align="left" valign="top">
            <x:p id="ID_7266413">Stop bars</x:p>
          </x:td>
          <x:td id="ID_7266414" align="left" valign="top">&nbsp;</x:td>
        </x:tr>
        <x:tr id="ID_7266415">
          <x:td id="ID_7266416" align="left" valign="top">4</x:td>
          <x:td id="ID_7266417" align="left" valign="top">
            <x:p id="ID_7266418">Remarks</x:p>
          </x:td>
          <x:td id="ID_7266419" align="left" valign="top">&nbsp;</x:td>
        </x:tr>
      </x:tbody>
    </x:table>
  </e:AD-2.9>
  <e:AD-2.10 id="EGGD-AD-2.10" Number="AD 2.10">
    <e:Title id="ID_7266422">AERODROME OBSTACLES</e:Title>
    <x:table id="ID_7266424" class="">
      <x:thead id="ID_7266425">
        <x:tr id="ID_7266426">
          <x:th id="ID_7266427" colspan="6" align="center" valign="top">
            <x:p id="ID_7266428">In Approach/Take-off areas</x:p>
          </x:th>
        </x:tr>
        <x:tr id="ID_7266429">
          <x:th id="ID_7266430" align="left" valign="top">
            <x:p id="ID_7266431">Obstacle ID/Designation</x:p>
          </x:th>
          <x:th id="ID_7266432" align="left" valign="top">
            <x:p id="ID_7266433">Obstacle Type</x:p>
          </x:th>
          <x:th id="ID_7266434" align="left" valign="top">
            <x:p id="ID_7266435">Obstacle Position</x:p>
          </x:th>
          <x:th id="ID_7266436" align="left" valign="top">
            <x:p id="ID_7266437">Elevation/Height</x:p>
          </x:th>
          <x:th id="ID_7266438" align="left" valign="top">
            <x:p id="ID_7266439">Obstruction Lighting Type/Colour</x:p>
          </x:th>
          <x:th id="ID_7266440" align="left" valign="top">
            <x:p id="ID_7266441">Remarks</x:p>
          </x:th>
        </x:tr>
        <x:tr id="ID_7266442">
          <x:th id="ID_7266443" align="left" valign="top">1</x:th>
          <x:th id="ID_7266444" align="left" valign="top">2</x:th>
          <x:th id="ID_7266445" align="left" valign="top">3</x:th>
          <x:th id="ID_7266446" align="left" valign="top">4</x:th>
          <x:th id="ID_7266447" align="left" valign="top">5</x:th>
          <x:th id="ID_7266448" align="left" valign="top">6</x:th>
        </x:tr>
      </x:thead>
      <x:tbody id="ID_7266449">
        <x:tr id="ID_7266450">
          <x:td id="ID_7266451" align="left" valign="top">&nbsp;</x:td>
          <x:td id="ID_7266452" align="left" valign="top">&nbsp;</x:td>
          <x:td id="ID_7266453" align="left" valign="top">&nbsp;</x:td>
          <x:td id="ID_7266454" align="left" valign="top">&nbsp;</x:td>
          <x:td id="ID_7266455" align="left" valign="top">&nbsp;</x:td>
          <x:td id="ID_7266456" align="left" valign="top">&nbsp;</x:td>
        </x:tr>
      </x:tbody>
    </x:table>
    <x:table id="ID_7266458" class="">
      <x:thead id="ID_7266459">
        <x:tr id="ID_7266460">
          <x:th id="ID_7266461" colspan="6" align="center" valign="top">
            <x:p id="ID_7266462">In circling area and at aerodrome</x:p>
          </x:th>
        </x:tr>
        <x:tr id="ID_7266463">
          <x:th id="ID_7266464" align="left" valign="top">
            <x:p id="ID_7266465">Obstacle ID/Designation</x:p>
          </x:th>
          <x:th id="ID_7266466" align="left" valign="top">
            <x:p id="ID_7266467">Obstacle Type</x:p>
          </x:th>
          <x:th id="ID_7266468" align="left" valign="top">
            <x:p id="ID_7266469">Obstacle Position</x:p>
          </x:th>
          <x:th id="ID_7266470" align="left" valign="top">
            <x:p id="ID_7266471">Elevation/Height</x:p>
          </x:th>
          <x:th id="ID_7266472" align="left" valign="top">
            <x:p id="ID_7266473">Obstruction Lighting Type/Colour</x:p>
          </x:th>
          <x:th id="ID_7266474" align="left" valign="top">
            <x:p id="ID_7266475">Remarks</x:p>
          </x:th>
        </x:tr>
        <x:tr id="ID_7266476">
          <x:th id="ID_7266477" align="left" valign="top">1</x:th>
          <x:th id="ID_7266478" align="left" valign="top">2</x:th>
          <x:th id="ID_7266479" align="left" valign="top">3</x:th>
          <x:th id="ID_7266480" align="left" valign="top">4</x:th>
          <x:th id="ID_7266481" align="left" valign="top">5</x:th>
          <x:th id="ID_7266482" align="left" valign="top">6</x:th>
        </x:tr>
      </x:thead>
      <x:tbody id="ID_7266483">
        <x:tr id="ID_7266484">
          <x:td id="ID_7266485" align="left" valign="top">&nbsp;</x:td>
          <x:td id="ID_7266486" align="left" valign="top">&nbsp;</x:td>
          <x:td id="ID_7266487" align="left" valign="top">&nbsp;</x:td>
          <x:td id="ID_7266488" align="left" valign="top">&nbsp;</x:td>
          <x:td id="ID_7266489" align="left" valign="top">&nbsp;</x:td>
          <x:td id="ID_7266490" align="left" valign="top">&nbsp;</x:td>
        </x:tr>
      </x:tbody>
    </x:table>
  </e:AD-2.10>
  <e:AD-2.11 id="EGGD-AD-2.11" Number="AD 2.11">
    <e:Title id="ID_7266493">METEOROLOGICAL INFORMATION PROVIDED</e:Title>
    <x:table id="ID_7266495" class="">
      <x:tbody id="ID_7266496">
        <x:tr id="ID_7266497">
          <x:td id="ID_7266498" align="left" valign="top">1</x:td>
          <x:td id="ID_7266499" align="left" valign="top">
            <x:p id="ID_7266500">Associated MET Office</x:p>
          </x:td>
          <x:td id="ID_7266501" align="left" valign="top">&nbsp;</x:td>
        </x:tr>
        <x:tr id="ID_7266502">
          <x:td id="ID_7266503" align="left" valign="top">2</x:td>
          <x:td id="ID_7266504" align="left" valign="top">
            <x:p id="ID_7266505">Hours of service</x:p>
            <x:p id="ID_7266506">MET Office outside hours</x:p>
          </x:td>
          <x:td id="ID_7266507" align="left" valign="top">&nbsp;</x:td>
        </x:tr>
        <x:tr id="ID_7266508">
          <x:td id="ID_7266509" align="left" valign="top">3</x:td>
          <x:td id="ID_7266510" align="left" valign="top">
            <x:p id="ID_7266511">Office responsible for TAF preparation</x:p>
            <x:p id="ID_7266512">Periods of validity</x:p>
          </x:td>
          <x:td id="ID_7266513" align="left" valign="top">&nbsp;</x:td>
        </x:tr>
        <x:tr id="ID_7266514">
          <x:td id="ID_7266515" align="left" valign="top">4</x:td>
          <x:td id="ID_7266516" align="left" valign="top">
            <x:p id="ID_7266517">Trend forecast</x:p>
            <x:p id="ID_7266518">Interval of issuance</x:p>
          </x:td>
          <x:td id="ID_7266519" align="left" valign="top">&nbsp;</x:td>
        </x:tr>
        <x:tr id="ID_7266520">
          <x:td id="ID_7266521" align="left" valign="top">5</x:td>
          <x:td id="ID_7266522" align="left" valign="top">
            <x:p id="ID_7266523">Briefing/consultation provided</x:p>
          </x:td>
          <x:td id="ID_7266524" align="left" valign="top">&nbsp;</x:td>
        </x:tr>
        <x:tr id="ID_7266525">
          <x:td id="ID_7266526" align="left" valign="top">6</x:td>
          <x:td id="ID_7266527" align="left" valign="top">
            <x:p id="ID_7266528">Flight documentation</x:p>
            <x:p id="ID_7266529">Language(s) used</x:p>
          </x:td>
          <x:td id="ID_7266530" align="left" valign="top">&nbsp;</x:td>
        </x:tr>
        <x:tr id="ID_7266531">
          <x:td id="ID_7266532" align="left" valign="top">7</x:td>
          <x:td id="ID_7266533" align="left" valign="top">
            <x:p id="ID_7266534">Charts and other information available for briefing or consultation</x:p>
          </x:td>
          <x:td id="ID_7266535" align="left" valign="top">&nbsp;</x:td>
        </x:tr>
        <x:tr id="ID_7266536">
          <x:td id="ID_7266537" align="left" valign="top">8</x:td>
          <x:td id="ID_7266538" align="left" valign="top">
            <x:p id="ID_7266539">Supplementary equipment available for providing information</x:p>
          </x:td>
          <x:td id="ID_7266540" align="left" valign="top">&nbsp;</x:td>
        </x:tr>
        <x:tr id="ID_7266541">
          <x:td id="ID_7266542" align="left" valign="top">9</x:td>
          <x:td id="ID_7266543" align="left" valign="top">
            <x:p id="ID_7266544">ATS units provided with information</x:p>
          </x:td>
          <x:td id="ID_7266545" align="left" valign="top">&nbsp;</x:td>
        </x:tr>
        <x:tr id="ID_7266546">
          <x:td id="ID_7266547" align="left" valign="top">10</x:td>
          <x:td id="ID_7266548" align="left" valign="top">
            <x:p id="ID_7266549">Additional information (limitation of service, etc.)</x:p>
          </x:td>
          <x:td id="ID_7266550" align="left" valign="top">&nbsp;</x:td>
        </x:tr>
      </x:tbody>
    </x:table>
  </e:AD-2.11>
  <e:AD-2.12 id="EGGD-AD-2.12" Number="AD 2.12">
    <e:Title id="ID_7266553">RUNWAY PHYSICAL CHARACTERISTICS</e:Title>
    <x:table id="ID_7266555" class="">
      <x:thead id="ID_7266556">
        <x:tr id="ID_7266557">
          <x:th id="ID_7266558" align="left" valign="top">
            <x:p id="ID_7266559">Designations RWY Number</x:p>
          </x:th>
          <x:th id="ID_7266560" align="left" valign="top">
            <x:p id="ID_7266561">True bearing</x:p>
          </x:th>
          <x:th id="ID_7266562" align="left" valign="top">
            <x:p id="ID_7266563">Dimensions of RWY</x:p>
          </x:th>
          <x:th id="ID_7266564" align="left" valign="top">
            <x:p id="ID_7266565">Surface of RWY/ SWY/ </x:p>
            <x:p id="ID_7266566">Strength (PCN)</x:p>
          </x:th>
          <x:th id="ID_7266567" align="left" valign="top">
            <x:p id="ID_7266568">THR co-ordinates/</x:p>
            <x:p id="ID_7266569">THR Geoid undulation</x:p>
          </x:th>
          <x:th id="ID_7266570" align="left" valign="top">
            <x:p id="ID_7266571">THR elevation/ Highest elevation of TDZ of precision APP RWY</x:p>
          </x:th>
        </x:tr>
        <x:tr id="ID_7266572">
          <x:th id="ID_7266573" align="left" valign="top">1</x:th>
          <x:th id="ID_7266574" align="left" valign="top">2</x:th>
          <x:th id="ID_7266575" align="left" valign="top">3</x:th>
          <x:th id="ID_7266576" align="left" valign="top">4</x:th>
          <x:th id="ID_7266577" align="left" valign="top">5</x:th>
          <x:th id="ID_7266578" align="left" valign="top">6</x:th>
        </x:tr>
      </x:thead>
      <x:tbody id="ID_7266579">
        <x:tr id="ID_7266580">
          <x:td id="ID_7266581" align="left" valign="top">&nbsp;</x:td>
          <x:td id="ID_7266582" align="left" valign="top">&nbsp;</x:td>
          <x:td id="ID_7266583" align="left" valign="top">&nbsp;</x:td>
          <x:td id="ID_7266584" align="left" valign="top">&nbsp;</x:td>
          <x:td id="ID_7266585" align="left" valign="top">&nbsp;</x:td>
          <x:td id="ID_7266586" align="left" valign="top">&nbsp;</x:td>
        </x:tr>
        <x:tr id="ID_7266587">
          <x:td id="ID_7266588" align="left" valign="top">&nbsp;</x:td>
          <x:td id="ID_7266589" align="left" valign="top">&nbsp;</x:td>
          <x:td id="ID_7266590" align="left" valign="top">&nbsp;</x:td>
          <x:td id="ID_7266591" align="left" valign="top">&nbsp;</x:td>
          <x:td id="ID_7266592" align="left" valign="top">&nbsp;</x:td>
          <x:td id="ID_7266593" align="left" valign="top">&nbsp;</x:td>
        </x:tr>
      </x:tbody>
    </x:table>
    <x:table id="ID_7266595" class="">
      <x:thead id="ID_7266596">
        <x:tr id="ID_7266597">
          <x:th id="ID_7266598" colspan="3" align="left" valign="top">
            <x:p id="ID_7266599">Slope of RWY/</x:p>
            <x:p id="ID_7266600">SWY</x:p>
          </x:th>
          <x:th id="ID_7266601" align="left" valign="top">
            <x:p id="ID_7266602">SWY dimensions</x:p>
          </x:th>
          <x:th id="ID_7266603" align="left" valign="top">
            <x:p id="ID_7266604">Clearway dimensions</x:p>
          </x:th>
          <x:th id="ID_7266605" align="left" valign="top">
            <x:p id="ID_7266606">Strip dimensions</x:p>
          </x:th>
          <x:th id="ID_7266607" align="left" valign="top">
            <x:p id="ID_7266608">OFZ</x:p>
          </x:th>
          <x:th id="ID_7266609" align="left" valign="top">
            <x:p id="ID_7266610">Remarks</x:p>
          </x:th>
        </x:tr>
        <x:tr id="ID_7266611">
          <x:th id="ID_7266612" colspan="3" align="left" valign="top">7</x:th>
          <x:th id="ID_7266613" align="left" valign="top">8</x:th>
          <x:th id="ID_7266614" align="left" valign="top">9</x:th>
          <x:th id="ID_7266615" align="left" valign="top">10</x:th>
          <x:th id="ID_7266616" align="left" valign="top">11</x:th>
          <x:th id="ID_7266617" align="left" valign="top">12</x:th>
        </x:tr>
      </x:thead>
      <x:tbody id="ID_7266618">
        <x:tr id="ID_7266619">
          <x:td id="ID_7266620" colspan="3" align="left" valign="top">&nbsp;</x:td>
          <x:td id="ID_7266621" align="left" valign="top">&nbsp;</x:td>
          <x:td id="ID_7266622" align="left" valign="top">&nbsp;</x:td>
          <x:td id="ID_7266623" align="left" valign="top">&nbsp;</x:td>
          <x:td id="ID_7266624" align="left" valign="top">&nbsp;</x:td>
          <x:td id="ID_7266625" align="left" valign="top">&nbsp;</x:td>
        </x:tr>
        <x:tr id="ID_7266626">
          <x:td id="ID_7266627" colspan="3" align="left" valign="top">&nbsp;</x:td>
          <x:td id="ID_7266628" align="left" valign="top">&nbsp;</x:td>
          <x:td id="ID_7266629" align="left" valign="top">&nbsp;</x:td>
          <x:td id="ID_7266630" align="left" valign="top">&nbsp;</x:td>
          <x:td id="ID_7266631" align="left" valign="top">&nbsp;</x:td>
          <x:td id="ID_7266632" align="left" valign="top">&nbsp;</x:td>
        </x:tr>
      </x:tbody>
    </x:table>
  </e:AD-2.12>
  <e:AD-2.13 id="EGGD-AD-2.13" Number="AD 2.13">
    <e:Title id="ID_7266635">DECLARED DISTANCES</e:Title>
    <x:table id="ID_7266637" class="">
      <x:thead id="ID_7266638">
        <x:tr id="ID_7266639">
          <x:th id="ID_7266640" align="left" valign="top">
            <x:p id="ID_7266641">Runway designator</x:p>
          </x:th>
          <x:th id="ID_7266642" align="left" valign="top">
            <x:p id="ID_7266643">TORA</x:p>
          </x:th>
          <x:th id="ID_7266644" align="left" valign="top">
            <x:p id="ID_7266645">TODA</x:p>
          </x:th>
          <x:th id="ID_7266646" align="left" valign="top">
            <x:p id="ID_7266647">ASDA</x:p>
          </x:th>
          <x:th id="ID_7266648" align="left" valign="top">
            <x:p id="ID_7266649">LDA</x:p>
          </x:th>
          <x:th id="ID_7266650" align="left" valign="top">
            <x:p id="ID_7266651">Remarks</x:p>
          </x:th>
        </x:tr>
        <x:tr id="ID_7266652">
          <x:th id="ID_7266653" align="left" valign="top">1</x:th>
          <x:th id="ID_7266654" align="left" valign="top">2</x:th>
          <x:th id="ID_7266655" align="left" valign="top">3</x:th>
          <x:th id="ID_7266656" align="left" valign="top">4</x:th>
          <x:th id="ID_7266657" align="left" valign="top">5</x:th>
          <x:th id="ID_7266658" align="left" valign="top">6</x:th>
        </x:tr>
      </x:thead>
      <x:tbody id="ID_7266659">
        <x:tr id="ID_7266660">
          <x:td id="ID_7266661" align="left" valign="top">&nbsp;</x:td>
          <x:td id="ID_7266662" align="left" valign="top">&nbsp;</x:td>
          <x:td id="ID_7266663" align="left" valign="top">&nbsp;</x:td>
          <x:td id="ID_7266664" align="left" valign="top">&nbsp;</x:td>
          <x:td id="ID_7266665" align="left" valign="top">&nbsp;</x:td>
          <x:td id="ID_7266666" align="left" valign="top">&nbsp;</x:td>
        </x:tr>
        <x:tr id="ID_7266667">
          <x:td id="ID_7266668" align="left" valign="top">&nbsp;</x:td>
          <x:td id="ID_7266669" align="left" valign="top">&nbsp;</x:td>
          <x:td id="ID_7266670" align="left" valign="top">&nbsp;</x:td>
          <x:td id="ID_7266671" align="left" valign="top">&nbsp;</x:td>
          <x:td id="ID_7266672" align="left" valign="top">&nbsp;</x:td>
          <x:td id="ID_7266673" align="left" valign="top">&nbsp;</x:td>
        </x:tr>
      </x:tbody>
    </x:table>
  </e:AD-2.13>
  <e:AD-2.14 id="EGGD-AD-2.14" Number="AD 2.14">
    <e:Title id="ID_7266676">APPROACH AND RUNWAY LIGHTING</e:Title>
    <x:table id="ID_7266678" class="">
      <x:thead id="ID_7266679">
        <x:tr id="ID_7266680">
          <x:th id="ID_7266681" align="left" valign="top">
            <x:p id="ID_7266682">RWY</x:p>
          </x:th>
          <x:th id="ID_7266683" align="left" valign="top">
            <x:p id="ID_7266684">Approach Lighting Type/</x:p>
            <x:p id="ID_7266685">Length/</x:p>
            <x:p id="ID_7266686">Intensity</x:p>
          </x:th>
          <x:th id="ID_7266687" align="left" valign="top">
            <x:p id="ID_7266688">Threshold lighting</x:p>
            <x:p id="ID_7266689">Colour/ </x:p>
            <x:p id="ID_7266690">Wing bars</x:p>
          </x:th>
          <x:th id="ID_7266691" align="left" valign="top">
            <x:p id="ID_7266692">VASIS/</x:p>
            <x:p id="ID_7266693">MEHT/</x:p>
            <x:p id="ID_7266694">PAPI</x:p>
          </x:th>
          <x:th id="ID_7266695" align="left" valign="top">
            <x:p id="ID_7266696">TDZ lighting</x:p>
            <x:p id="ID_7266697">Length</x:p>
          </x:th>
          <x:th id="ID_7266698" align="left" valign="top">
            <x:p id="ID_7266699">Runway Centre Line lighting</x:p>
            <x:p id="ID_7266700">Length/</x:p>
            <x:p id="ID_7266701">Spacing/</x:p>
            <x:p id="ID_7266702">Colour/</x:p>
            <x:p id="ID_7266703">Intensity</x:p>
          </x:th>
          <x:th id="ID_7266704" align="left" valign="top">
            <x:p id="ID_7266705">Runway edge lighting</x:p>
            <x:p id="ID_7266706">Length/</x:p>
            <x:p id="ID_7266707">Spacing/</x:p>
            <x:p id="ID_7266708">Colour/</x:p>
            <x:p id="ID_7266709">Intensity</x:p>
          </x:th>
          <x:th id="ID_7266710" align="left" valign="top">
            <x:p id="ID_7266711">Runway end lighting</x:p>
            <x:p id="ID_7266712">Colour/</x:p>
            <x:p id="ID_7266713">Wing bars</x:p>
          </x:th>
          <x:th id="ID_7266714" align="left" valign="top">
            <x:p id="ID_7266715">Stopway lighting</x:p>
            <x:p id="ID_7266716">Length/</x:p>
            <x:p id="ID_7266717">Colour</x:p>
          </x:th>
          <x:th id="ID_7266718" align="left" valign="top">
            <x:p id="ID_7266719">Remarks</x:p>
          </x:th>
        </x:tr>
        <x:tr id="ID_7266720">
          <x:th id="ID_7266721" align="left" valign="top">1</x:th>
          <x:th id="ID_7266722" align="left" valign="top">2</x:th>
          <x:th id="ID_7266723" align="left" valign="top">3</x:th>
          <x:th id="ID_7266724" align="left" valign="top">4</x:th>
          <x:th id="ID_7266725" align="left" valign="top">5</x:th>
          <x:th id="ID_7266726" align="left" valign="top">6</x:th>
          <x:th id="ID_7266727" align="left" valign="top">7</x:th>
          <x:th id="ID_7266728" align="left" valign="top">8</x:th>
          <x:th id="ID_7266729" align="left" valign="top">9</x:th>
          <x:th id="ID_7266730" align="left" valign="top">10</x:th>
        </x:tr>
      </x:thead>
      <x:tbody id="ID_7266731">
        <x:tr id="ID_7266732">
          <x:td id="ID_7266733" align="left" valign="top">&nbsp;</x:td>
          <x:td id="ID_7266734" align="left" valign="top">&nbsp;</x:td>
          <x:td id="ID_7266735" align="left" valign="top">&nbsp;</x:td>
          <x:td id="ID_7266736" align="left" valign="top">&nbsp;</x:td>
          <x:td id="ID_7266737" align="left" valign="top">&nbsp;</x:td>
          <x:td id="ID_7266738" align="left" valign="top">&nbsp;</x:td>
          <x:td id="ID_7266739" align="left" valign="top">&nbsp;</x:td>
          <x:td id="ID_7266740" align="left" valign="top">&nbsp;</x:td>
          <x:td id="ID_7266741" align="left" valign="top">&nbsp;</x:td>
          <x:td id="ID_7266742" align="left" valign="top">&nbsp;</x:td>
        </x:tr>
        <x:tr id="ID_7266743">
          <x:td id="ID_7266744" align="left" valign="top">&nbsp;</x:td>
          <x:td id="ID_7266745" align="left" valign="top">&nbsp;</x:td>
          <x:td id="ID_7266746" align="left" valign="top">&nbsp;</x:td>
          <x:td id="ID_7266747" align="left" valign="top">&nbsp;</x:td>
          <x:td id="ID_7266748" align="left" valign="top">&nbsp;</x:td>
          <x:td id="ID_7266749" align="left" valign="top">&nbsp;</x:td>
          <x:td id="ID_7266750" align="left" valign="top">&nbsp;</x:td>
          <x:td id="ID_7266751" align="left" valign="top">&nbsp;</x:td>
          <x:td id="ID_7266752" align="left" valign="top">&nbsp;</x:td>
          <x:td id="ID_7266753" align="left" valign="top">&nbsp;</x:td>
        </x:tr>
      </x:tbody>
    </x:table>
  </e:AD-2.14>
  <e:AD-2.15 id="EGGD-AD-2.15" Number="AD 2.15">
    <e:Title id="ID_7266756">OTHER LIGHTING, SECONDARY POWER SUPPLY</e:Title>
    <x:table id="ID_7266758" class="">
      <x:tbody id="ID_7266759">
        <x:tr id="ID_7266760">
          <x:td id="ID_7266761" align="left" valign="top">1</x:td>
          <x:td id="ID_7266762" align="left" valign="top">
            <x:p id="ID_7266763">ABN/IBN location, characteristics and hours of operation</x:p>
          </x:td>
          <x:td id="ID_7266764" align="left" valign="top">&nbsp;</x:td>
        </x:tr>
        <x:tr id="ID_7266765">
          <x:td id="ID_7266766" align="left" valign="top">2</x:td>
          <x:td id="ID_7266767" align="left" valign="top">
            <x:p id="ID_7266768">LDI location and lighting</x:p>
            <x:p id="ID_7266769">Anemometer location and lighting</x:p>
          </x:td>
          <x:td id="ID_7266770" align="left" valign="top">&nbsp;</x:td>
        </x:tr>
        <x:tr id="ID_7266771">
          <x:td id="ID_7266772" align="left" valign="top">3</x:td>
          <x:td id="ID_7266773" align="left" valign="top">
            <x:p id="ID_7266774">TWY edge and centre line lighting</x:p>
          </x:td>
          <x:td id="ID_7266775" align="left" valign="top">&nbsp;</x:td>
        </x:tr>
        <x:tr id="ID_7266776">
          <x:td id="ID_7266777" align="left" valign="top">4</x:td>
          <x:td id="ID_7266778" align="left" valign="top">
            <x:p id="ID_7266779">Secondary power supply/switch-over time</x:p>
          </x:td>
          <x:td id="ID_7266780" align="left" valign="top">&nbsp;</x:td>
        </x:tr>
        <x:tr id="ID_7266781">
          <x:td id="ID_7266782" align="left" valign="top">5</x:td>
          <x:td id="ID_7266783" align="left" valign="top">
            <x:p id="ID_7266784">Remarks</x:p>
          </x:td>
          <x:td id="ID_7266785" align="left" valign="top">&nbsp;</x:td>
        </x:tr>
      </x:tbody>
    </x:table>
  </e:AD-2.15>
  <e:AD-2.16 id="EGGD-AD-2.16" Number="AD 2.16">
    <e:Title id="ID_7266788">HELICOPTER LANDING AREA</e:Title>
    <x:table id="ID_7266790" class="">
      <x:tbody id="ID_7266791">
        <x:tr id="ID_7266792">
          <x:td id="ID_7266793" align="left" valign="top">1</x:td>
          <x:td id="ID_7266794" align="left" valign="top">
            <x:p id="ID_7266795">Coordinates TLOF or THR of FATO</x:p>
            <x:p id="ID_7266796">Geoid undulation</x:p>
          </x:td>
          <x:td id="ID_7266797" align="left" valign="top">&nbsp;</x:td>
        </x:tr>
        <x:tr id="ID_7266798">
          <x:td id="ID_7266799" align="left" valign="top">2</x:td>
          <x:td id="ID_7266800" align="left" valign="top">
            <x:p id="ID_7266801">TLOF and/or FATO elevation M/FT</x:p>
          </x:td>
          <x:td id="ID_7266802" align="left" valign="top">&nbsp;</x:td>
        </x:tr>
        <x:tr id="ID_7266803">
          <x:td id="ID_7266804" align="left" valign="top">3</x:td>
          <x:td id="ID_7266805" align="left" valign="top">
            <x:p id="ID_7266806">TLOF and FATO area dimensions, surface, strength, marking</x:p>
          </x:td>
          <x:td id="ID_7266807" align="left" valign="top">&nbsp;</x:td>
        </x:tr>
        <x:tr id="ID_7266808">
          <x:td id="ID_7266809" align="left" valign="top">4</x:td>
          <x:td id="ID_7266810" align="left" valign="top">
            <x:p id="ID_7266811">True BRG of FATO</x:p>
          </x:td>
          <x:td id="ID_7266812" align="left" valign="top">&nbsp;</x:td>
        </x:tr>
        <x:tr id="ID_7266813">
          <x:td id="ID_7266814" align="left" valign="top">5</x:td>
          <x:td id="ID_7266815" align="left" valign="top">
            <x:p id="ID_7266816">Declared distance available</x:p>
          </x:td>
          <x:td id="ID_7266817" align="left" valign="top">&nbsp;</x:td>
        </x:tr>
        <x:tr id="ID_7266818">
          <x:td id="ID_7266819" align="left" valign="top">6</x:td>
          <x:td id="ID_7266820" align="left" valign="top">
            <x:p id="ID_7266821">APP and FATO lighting</x:p>
          </x:td>
          <x:td id="ID_7266822" align="left" valign="top">&nbsp;</x:td>
        </x:tr>
        <x:tr id="ID_7266823">
          <x:td id="ID_7266824" align="left" valign="top">7</x:td>
          <x:td id="ID_7266825" align="left" valign="top">
            <x:p id="ID_7266826">Remarks</x:p>
          </x:td>
          <x:td id="ID_7266827" align="left" valign="top">&nbsp;</x:td>
        </x:tr>
      </x:tbody>
    </x:table>
  </e:AD-2.16>
  <e:AD-2.17 id="EGGD-AD-2.17" Number="AD 2.17">
    <e:Title id="ID_7266830">AIR TRAFFIC SERVICES AIRSPACE</e:Title>
    <x:table id="ID_7266832" class="">
      <x:thead id="ID_7266833">
        <x:tr id="ID_7266834">
          <x:th id="ID_7266835" align="left" valign="top">
            <x:p id="ID_7266836">Designation and</x:p>
            <x:p id="ID_7266837">lateral limits</x:p>
          </x:th>
          <x:th id="ID_7266838" align="left" valign="top">
            <x:p id="ID_7266839">Vertical Limits</x:p>
          </x:th>
          <x:th id="ID_7266840" align="left" valign="top">
            <x:p id="ID_7266841">Airspace Class</x:p>
          </x:th>
          <x:th id="ID_7266842" align="left" valign="top">
            <x:p id="ID_7266843">ATS unit callsign/ language</x:p>
          </x:th>
          <x:th id="ID_7266844" align="left" valign="top">
            <x:p id="ID_7266845">Transition Altitude</x:p>
          </x:th>
          <x:th id="ID_7266846" align="left" valign="top">
            <x:p id="ID_7266847">Hours of Applicability</x:p>
          </x:th>
          <x:th id="ID_7266848" align="left" valign="top">
            <x:p id="ID_7266849">Remarks</x:p>
          </x:th>
        </x:tr>
        <x:tr id="ID_7266850">
          <x:th id="ID_7266851" align="left" valign="top">1</x:th>
          <x:th id="ID_7266852" align="left" valign="top">2</x:th>
          <x:th id="ID_7266853" align="left" valign="top">3</x:th>
          <x:th id="ID_7266854" align="left" valign="top">4</x:th>
          <x:th id="ID_7266855" align="left" valign="top">5</x:th>
          <x:th id="ID_7266856" align="left" valign="top">6</x:th>
          <x:th id="ID_7266857" align="left" valign="top">7</x:th>
        </x:tr>
      </x:thead>
      <x:tbody id="ID_7266858">
        <x:tr id="ID_7266859">
          <x:td id="ID_7266860" align="left" valign="top">&nbsp;</x:td>
          <x:td id="ID_7266861" align="left" valign="top">&nbsp;</x:td>
          <x:td id="ID_7266862" align="left" valign="top">&nbsp;</x:td>
          <x:td id="ID_7266863" align="left" valign="top">&nbsp;</x:td>
          <x:td id="ID_7266864" align="left" valign="top">&nbsp;</x:td>
          <x:td id="ID_7266865" align="left" valign="top">&nbsp;</x:td>
          <x:td id="ID_7266866" align="left" valign="top">&nbsp;</x:td>
        </x:tr>
        <x:tr id="ID_7266867">
          <x:td id="ID_7266868" align="left" valign="top">&nbsp;</x:td>
          <x:td id="ID_7266869" align="left" valign="top">&nbsp;</x:td>
          <x:td id="ID_7266870" align="left" valign="top">&nbsp;</x:td>
          <x:td id="ID_7266871" align="left" valign="top">&nbsp;</x:td>
          <x:td id="ID_7266872" align="left" valign="top">&nbsp;</x:td>
          <x:td id="ID_7266873" align="left" valign="top">&nbsp;</x:td>
          <x:td id="ID_7266874" align="left" valign="top">&nbsp;</x:td>
        </x:tr>
      </x:tbody>
    </x:table>
  </e:AD-2.17>
  <e:AD-2.18 id="EGGD-AD-2.18" Number="AD 2.18">
    <e:Title id="ID_7266877">AIR TRAFFIC SERVICES COMMUNICATION FACILITIES</e:Title>
    <x:table id="ID_7266879" class="">
      <x:thead id="ID_7266880">
        <x:tr id="ID_7266881">
          <x:th id="ID_7266882" align="left" valign="top">
            <x:p id="ID_7266883">Service designation</x:p>
          </x:th>
          <x:th id="ID_7266884" align="left" valign="top">
            <x:p id="ID_7266885">Callsign</x:p>
          </x:th>
          <x:th id="ID_7266886" align="left" valign="top">
            <x:p id="ID_7266887">Channel(s)</x:p>
          </x:th>
          <x:th id="ID_7266888" align="left" valign="top">
            <x:p id="ID_7266889">Hours of </x:p>
            <x:p id="ID_7266890">Operation</x:p>
          </x:th>
          <x:th id="ID_7266891" align="left" valign="top">
            <x:p id="ID_7266892">Remarks</x:p>
          </x:th>
        </x:tr>
        <x:tr id="ID_7266893">
          <x:th id="ID_7266894" align="left" valign="top">1</x:th>
          <x:th id="ID_7266895" align="left" valign="top">2</x:th>
          <x:th id="ID_7266896" align="left" valign="top">3</x:th>
          <x:th id="ID_7266897" align="left" valign="top">4</x:th>
          <x:th id="ID_7266898" align="left" valign="top">5</x:th>
        </x:tr>
      </x:thead>
      <x:tbody id="ID_7266899">
        <x:tr id="ID_7266900">
          <x:td id="ID_7266901" align="left" valign="top">&nbsp;</x:td>
          <x:td id="ID_7266902" align="left" valign="top">&nbsp;</x:td>
          <x:td id="ID_7266903" align="left" valign="top">&nbsp;</x:td>
          <x:td id="ID_7266904" align="left" valign="top">&nbsp;</x:td>
          <x:td id="ID_7266905" align="left" valign="top">&nbsp;</x:td>
        </x:tr>
        <x:tr id="ID_7266906">
          <x:td id="ID_7266907" align="left" valign="top">&nbsp;</x:td>
          <x:td id="ID_7266908" align="left" valign="top">&nbsp;</x:td>
          <x:td id="ID_7266909" align="left" valign="top">&nbsp;</x:td>
          <x:td id="ID_7266910" align="left" valign="top">&nbsp;</x:td>
          <x:td id="ID_7266911" align="left" valign="top">&nbsp;</x:td>
        </x:tr>
      </x:tbody>
    </x:table>
  </e:AD-2.18>
  <e:AD-2.19 id="EGGD-AD-2.19" Number="AD 2.19">
    <e:Title id="ID_7266914">RADIO NAVIGATION AND LANDING AIDS</e:Title>
    <x:table id="ID_7266916" class="">
      <x:thead id="ID_7266917">
        <x:tr id="ID_7266918">
          <x:th id="ID_7266919" align="left" valign="top">
            <x:p id="ID_7266920">Type of Aid CAT of ILS/MLS</x:p>
            <x:p id="ID_7266921">(For VOR/ILS/MLS, give VAR)</x:p>
          </x:th>
          <x:th id="ID_7266922" align="left" valign="top">
            <x:p id="ID_7266923">Ident</x:p>
          </x:th>
          <x:th id="ID_7266924" align="left" valign="top">
            <x:p id="ID_7266925">Frequency</x:p>
            <x:p id="ID_7266926">channel number(s), service provider, and reference path identifier(s) (RPI)</x:p>
          </x:th>
          <x:th id="ID_7266927" align="left" valign="top">
            <x:p id="ID_7266928">Hours of Operation</x:p>
          </x:th>
          <x:th id="ID_7266929" align="left" valign="top">
            <x:p id="ID_7266930">Position of transmitting antenna co-ordinates</x:p>
          </x:th>
          <x:th id="ID_7266931" align="left" valign="top">
            <x:p id="ID_7266932">Elevation of DME transmitting antenna</x:p>
            <x:p id="ID_7266933">GBAS, SBAS, LTP, FTP values</x:p>
          </x:th>
          <x:th id="ID_7266934" align="left" valign="top">
            <x:p id="ID_7266935">Remarks</x:p>
          </x:th>
        </x:tr>
        <x:tr id="ID_7266936">
          <x:th id="ID_7266937" align="left" valign="top">1</x:th>
          <x:th id="ID_7266938" align="left" valign="top">2</x:th>
          <x:th id="ID_7266939" align="left" valign="top">3</x:th>
          <x:th id="ID_7266940" align="left" valign="top">4</x:th>
          <x:th id="ID_7266941" align="left" valign="top">5</x:th>
          <x:th id="ID_7266942" align="left" valign="top">6</x:th>
          <x:th id="ID_7266943" align="left" valign="top">7</x:th>
        </x:tr>
      </x:thead>
      <x:tbody id="ID_7266944">
        <x:tr id="ID_7266945">
          <x:td id="ID_7266946" align="left" valign="top">&nbsp;</x:td>
          <x:td id="ID_7266947" align="left" valign="top">&nbsp;</x:td>
          <x:td id="ID_7266948" align="left" valign="top">&nbsp;</x:td>
          <x:td id="ID_7266949" align="left" valign="top">&nbsp;</x:td>
          <x:td id="ID_7266950" align="left" valign="top">&nbsp;</x:td>
          <x:td id="ID_7266951" align="left" valign="top">&nbsp;</x:td>
          <x:td id="ID_7266952" align="left" valign="top">&nbsp;</x:td>
        </x:tr>
      </x:tbody>
    </x:table>
  </e:AD-2.19>
  <e:AD-2.20 id="EGGD-AD-2.20" Number="AD 2.20">
    <e:Title id="ID_7266955">LOCAL AERODROME REGULATIONS</e:Title>
    <x:div class="RP">
      <x:span class="sdParams" style="display:none;">TRULES_PROC;RULES_PROC_ID;7517</x:span>
      <e:Sub-section Number="1" id="EGGD-AD-2.20.1">
        <e:Title id="ID_7266957">Airport Regulations</e:Title>
        <x:ol id="ID_7266958" class="Numbered">
          <x:li id="ID_7266959">
            <x:p id="ID_7266960">Aircraft unable to communicate by radio with ATC will not be accepted.</x:p>
          </x:li>
          <x:li id="ID_7266961">
            <x:p id="ID_7266962">Aircraft using Bristol Airport are to carry third party insurance cover of not less than £500,000.</x:p>
          </x:li>
          <x:li id="ID_7266963">
            <x:p id="ID_7266964">Due to restricted General Aviation parking facilities, operators of inbound General Aviation flights must pre-notify published handling agents with their ETA and duration of stay.</x:p>
          </x:li>
          <x:li id="ID_7266965">
            <x:p id="ID_7266966">All commercial air transport operators should submit details of proposed flights and schedules to Airport Co-ordination Ltd, who act as agents on behalf of Bristol for this purpose. Tel: 0161-493 1850, Fax: 0161-493 1853, SITA: LONAXCXH. Bristol is an IATA Level 2, schedules-facilitated airport as defined by IATA and the UK Department for Transport. It is a condition of use of Bristol Airport that airlines fully comply with the time allocated by Airport Co-ordination Ltd on behalf of Bristol Airport.</x:p>
          </x:li>
          <x:li id="ID_7266967">
            <x:p id="ID_7266968">Due to limited aircraft stand availability, aircraft wishing to divert to Bristol Airport may not be accepted, except in an emergency.</x:p>
          </x:li>
          <x:li id="ID_7266969">
            <x:p id="ID_7266970">High visibility clothing must be worn on the apron and manoeuvring area at all times, except for passengers under escort.</x:p>
          </x:li>
        </x:ol>
      </e:Sub-section>
      <e:Sub-section Number="2" id="EGGD-AD-2.20.2">
        <e:Title id="ID_7266972">Ground Movement</e:Title>
        <x:ol id="ID_7266973" class="Numbered">
          <x:li id="ID_7266974">
            <x:p id="ID_7266975">Marshalling to stands and start-up procedure for all aircraft on Western and Main aprons is under guidance of the apron marshaller, following clearance from ATC. ATC must be advised if the Aircraft Commander is not in, or loses two-way headset communication with the Ground Crew prior to, or during a pushback.</x:p>
          </x:li>
          <x:li id="ID_7266976">
            <x:p id="ID_7266977">Restrictions are placed upon the ground running of aircraft engines on the Western and Main aprons and anywhere on the aerodrome at night. Operators are advised to contact ATC for details.</x:p>
          </x:li>
          <x:li id="ID_7266978">
            <x:p id="ID_7266979">Most grass areas are unsuitable for parking of aircraft.</x:p>
          </x:li>
          <x:li id="ID_7266980">
            <x:p id="ID_7266981">Grass taxi-link connecting taxiways H and J will be available when promulgated by NOTAM.</x:p>
          </x:li>
          <x:li id="ID_7266982">
            <x:p id="ID_7266983">Bristol Delivery frequency 121.925 MHz may be open during peak daytime hours. 121.925 MHz is not monitored if not operational.</x:p>
          </x:li>
          <x:li id="ID_7266984">
            <x:p id="ID_7266985">Pilots should request airways or departure clearances prior to start. Clearances are available up to 15 minutes before EOBT.</x:p>
          </x:li>
          <x:li id="ID_7266986">
            <x:p id="ID_7266987">B787 and A330 available taxi routes:<x:br/>Departure<x:br/>Runway 09: Taxiway Z to Taxiway G, enter Runway at GX.<x:br/>Runway 27: Taxiway Z to Taxiway A, enter Runway at AX.<x:br/><x:br/>Arrival<x:br/>Runway 09: Runway to vacate either BX (Taxiway B) or AX (Taxiway A) to Taxiway Z to allocated stand.<x:br/>Runway 27: Runway to vacate GX, Taxiways G and Z to allocated stand.</x:p>
          </x:li>
          <x:li id="ID_7266988">
            <x:p id="ID_7266989">B787 and A330 aircraft will not be able to backtrack.</x:p>
          </x:li>
        </x:ol>
      </e:Sub-section>
      <e:Sub-section Number="3" id="EGGD-AD-2.20.3">
        <e:Title id="ID_7266991">CAT II/III Operations</e:Title>
        <x:ol id="ID_7266992" class="Numbered">
          <x:li id="ID_7266993">
            <x:p id="ID_7266994">Runway 27, subject to the serviceability of the equipment, is suitable for Category lll operations by operators whose minima have been accepted by the Civil Aviation Authority.</x:p>
          </x:li>
          <x:li id="ID_7266995">
            <x:p id="ID_7266996">Pilots will be informed by ATIS broadcast or by RTF when Low Visibility Procedures (LVPs) are in operation.</x:p>
          </x:li>
          <x:li id="ID_7266997">
            <x:p id="ID_7266998">Holding points DX, FX and HX will be closed when LVP are in force.</x:p>
          </x:li>
          <x:li id="ID_7266999">
            <x:p id="ID_7267000">Arriving aircraft: After landing all aircraft shall hold, and report, at the GX stopbar.</x:p>
          </x:li>
        </x:ol>
      </e:Sub-section>
      <e:Sub-section Number="4" id="EGGD-AD-2.20.4">
        <e:Title id="ID_7267002">Warnings</e:Title>
        <x:ol id="ID_7267003" class="Numbered">
          <x:li id="ID_7267004">
            <x:p id="ID_7267005">Ground signals are not displayed, except for light signals.</x:p>
          </x:li>
          <x:li id="ID_7267006">
            <x:p id="ID_7267007">Bird Dispersal is carried out on a regular basis, using BABS and pyrotechnic equipment. Pilots are warned, however, that birds may not always be detected on the extreme western end of the aerodrome and on the approaches and departure tracks of all runways. Racing pigeon activity over/close to the airport is evident throughout the year, especially from 1 April to 31 October.</x:p>
          </x:li>
          <x:li id="ID_7267008">
            <x:p id="ID_7267009">Hot air balloon launches take place in VMC from Ashton Court (3 .5 nm north east of the aerodrome) and from Bath (12 nm east of the aerodrome). Balloons may be observed downwind of these sites within the CTR and within or passing beneath the CTA. All hot air balloons within controlled airspace operating above 1000 ft QNH will be in contact with ATC who will notify pilots of known balloon activity which may affect their flights.</x:p>
          </x:li>
          <x:li id="ID_7267010">
            <x:p id="ID_7267011">Glider and hang-glider activity takes place in VMC within designated glider blocks as follows:</x:p>
            <x:ol id="ID_7267012" class="Numbered">
              <x:li id="ID_7267013">
                <x:p id="ID_7267014">Ubley - A small section of the CTR south of Blagdon Lake up to 2500 ft QNH.</x:p>
              </x:li>
              <x:li id="ID_7267015">
                <x:p id="ID_7267016">Halesland blocks A and B - Bristol CTA-5 to the east of Cheddar Reservoir up to 4000 ft QNH and occasionally up to 5000 ft QNH.</x:p>
              </x:li>
              <x:li id="ID_7267017">
                <x:p id="ID_7267018">The Bath Gap - Bristol CTA-6 up to 4500 ft QNH.</x:p>
                <x:p id="ID_7267019">ATC will notify pilots of known glider activity which may affect their flights (this may be via an ATIS message). IFR flights will be vectored to remain clear of active glider blocks and given descent instructions to maintain at least 500 ft above the gliders' maximum operating altitude.</x:p>
              </x:li>
            </x:ol>
          </x:li>
          <x:li id="ID_7267020">
            <x:p id="ID_7267021">Caution, pilots may experience windshear/turbulence, especially if the wind is strong southeasterly (using Runway 09) or strong westerly (using Runway 27).</x:p>
          </x:li>
          <x:li id="ID_7267022">
            <x:p id="ID_7267023">Laser light display at Weston-super-Mare seafront, 10.5 nm west south west of the airport, may affect pilots making approaches to Runway 09 or departing from Runway 27.</x:p>
          </x:li>
          <x:li id="ID_7267024">
            <x:p id="ID_7267025">Small unmanned vehicles (UAVs) may operate from a site within the CTR approximately 3.5 nm north east of the Aerodrome, up to 570 ft amsl within 1 nm of the site.</x:p>
          </x:li>
        </x:ol>
      </e:Sub-section>
      <e:Sub-section Number="5" id="EGGD-AD-2.20.5">
        <e:Title id="ID_7267027">Helicopter Operations</e:Title>
        <x:ol id="ID_7267028" class="Numbered">
          <x:li id="ID_7267029">
            <x:p id="ID_7267030">A noise sensitive area exists immediately to the north of the northern aerodrome boundary, which should not be overflown below 500 ft QFE.</x:p>
          </x:li>
          <x:li id="ID_7267031">
            <x:p id="ID_7267032">Helicopters must arrive/depart using Runway in use. Easterly departures to turn north and follow the A38 after crossing threshold.</x:p>
          </x:li>
          <x:li id="ID_7267033">
            <x:p id="ID_7267034">Westerly departures should not turn north until crossing the aerodrome boundary.</x:p>
          </x:li>
          <x:li id="ID_7267035">
            <x:p id="ID_7267036">Westerly arrivals from the north should approach following the A38 road and join on a right base for Runway 27, avoiding Felton village and the noise sensitive area to the north.</x:p>
          </x:li>
          <x:li id="ID_7267037">
            <x:p id="ID_7267038">Helicopters are not permitted to over-fly any part of the Main or West Apron.</x:p>
          </x:li>
          <x:li id="ID_7267039">
            <x:p id="ID_7267040">Helicopter circuit height is 700 ft QFE.</x:p>
          </x:li>
        </x:ol>
      </e:Sub-section>
      <e:Sub-section Number="6" id="EGGD-AD-2.20.6">
        <e:Title id="ID_7267042">Use of Runways</e:Title>
        <x:p id="ID_7267043">Not applicable.</x:p>
      </e:Sub-section>
      <e:Sub-section Number="7" id="EGGD-AD-2.20.7">
        <e:Title id="ID_7267045">Training</e:Title>
        <x:ol id="ID_7267046" class="Numbered">
          <x:li id="ID_7267047">
            <x:p id="ID_7267048">Use of the aerodrome for training purposes is subject to the following:</x:p>
            <x:ol id="ID_7267049" class="Numbered">
              <x:li id="ID_7267050">
                <x:p id="ID_7267051">Training is not permitted under any circumstances between the hours of 2200 and 0700 daily (one hour earlier during Summer period);</x:p>
              </x:li>
              <x:li id="ID_7267052">
                <x:p id="ID_7267053">a booking system operates for instrument training. Training periods can be booked by application to ATC. Filing of a flight plan does not constitute a booking and failure to make a booking may result in the aircraft being refused use of the facilities. Pilots are to inform ATC of booking cancellations;</x:p>
              </x:li>
              <x:li id="ID_7267054">
                <x:p id="ID_7267055">request for visual circuit training should be made to ATC. These may be refused during periods of high IFR traffic movements;</x:p>
              </x:li>
              <x:li id="ID_7267056">
                <x:p id="ID_7267057">circuit height for non-jet aircraft is 1000 ft (QFE);</x:p>
              </x:li>
              <x:li id="ID_7267058">
                <x:p id="ID_7267059">jet aircraft carrying out circuit training or a 'go-around' from either an instrument or visual approach, are to comply with the Noise Preferential Routeings procedures. Descent from the procedure to a height of not less than 1500 ft (QFE) may be carried out on the downwind leg with further descent in accordance with Noise Preferential Procedures.</x:p>
              </x:li>
            </x:ol>
          </x:li>
        </x:ol>
      </e:Sub-section>
    </x:div>
  </e:AD-2.20>
  <e:AD-2.21 id="EGGD-AD-2.21" Number="AD 2.21">
    <e:Title id="ID_7267062">NOISE ABATEMENT PROCEDURES</e:Title>
    <x:div class="RP">
      <x:span class="sdParams" style="display:none;">TRULES_PROC;RULES_PROC_ID;7518</x:span>
      <x:ol id="ID_7267063" class="Numbered">
        <x:li id="ID_7267064">
          <x:p id="ID_7267065">In exercise of the powers conferred on it by Section 4 of the Civil Aviation Act 2006, Bristol Aerodrome has established a noise control scheme for the purpose of avioding and limiting the effect of noise connected with the taking-off or, as the case may be, landing of aircraft at Bristol Aerodrome. The noise control scheme provides as follows:</x:p>
        </x:li>
        <x:li id="ID_7267066">
          <x:p id="ID_7267067">The following procedures may be departed from only to the extent necessary for avoiding immediate danger and for complying with ATC instructions.</x:p>
          <x:ol id="ID_7267068" class="Numbered">
            <x:li id="ID_7267069">
              <x:p id="ID_7267070">Operators of all aircraft using the airport are to ensure that their aircraft conform to the noise abatement techniques laid down for the type of aircraft and that operations are conducted in a manner calculated to cause the least disturbance practicable in areas surrounding the airport.</x:p>
            </x:li>
            <x:li id="ID_7267071">
              <x:p id="ID_7267072">When operating IFR, any aircraft carrying out a visual approach must not join the final approach track at an altitude of less than 2200 ft (QNH).</x:p>
            </x:li>
          </x:ol>
        </x:li>
        <x:li id="ID_7267073">
          <x:p id="ID_7267074">Unless otherwise instructed by ATC, aircraft using the ILS in IMC or VMC shall not descend below the altitude specified in ii ) or iii) above before intercepting the glide path nor thereafter fly below it. Aircraft approaching without assistance from ILS or radar shall follow a descent path which will not result in its being at any time lower than the approach path which would be followed by an aircraft using the ILS glide path.</x:p>
        </x:li>
        <x:li id="ID_7267075">
          <x:p id="ID_7267076">The Noise Preferential Routeings (NPR) given below are compatible with ATC requirements and shall apply in both VMC and IMC. The tracks are to be flown by all departing aircraft of more than 5700 kg maximum certified weight, unless otherwise instructed by ATC or unless deviations are required in the interests of safety.</x:p>
          <x:p id="ID_7267077">The NPRs are incorporated in the ATC Standard Instrument Departure procedures (SIDs).</x:p>
          <x:table id="ID_7267079" class="">
            <x:thead id="ID_7267080">
              <x:tr id="ID_7267081">
                <x:th id="ID_7267082" align="center" valign="middle">
                  <x:p id="ID_7267083">Take-Off</x:p>
                  <x:p id="ID_7267084">Runway</x:p>
                </x:th>
                <x:th id="ID_7267085" align="center" valign="middle">
                  <x:p id="ID_7267086">NPR</x:p>
                </x:th>
              </x:tr>
            </x:thead>
            <x:tbody id="ID_7267087">
              <x:tr id="ID_7267088">
                <x:td id="ID_7267089" align="left" valign="top">
                  <x:p id="ID_7267090">09</x:p>
                </x:td>
                <x:td id="ID_7267091" align="left" valign="top">
                  <x:p id="ID_7267092">Climb straight ahead to I-BON 4.7 nm DME to be no lower than 3000 ft QNH at this point before commencing the turn.</x:p>
                </x:td>
              </x:tr>
              <x:tr id="ID_7267093">
                <x:td id="ID_7267094" align="left" valign="top">
                  <x:p id="ID_7267095">27</x:p>
                </x:td>
                <x:td id="ID_7267096" align="left" valign="top">
                  <x:p id="ID_7267097">Climb straight ahead to I-BTS 4.5 nm DME to be no lower than 3000 ft QNH at this point before commencing the turn.</x:p>
                </x:td>
              </x:tr>
            </x:tbody>
          </x:table>
          <x:p id="ID_7267098">The obligations of NPRs cease when an altitude of 4000 ft QNH or above has been reached.</x:p>
        </x:li>
        <x:li id="ID_7267099">
          <x:p id="ID_7267100">Jet aircraft and propeller driven aircraft of more than 5700 kg maximum certificated weight making visual approaches to Runway 27 shall intercept final approach track at:</x:p>
          <x:ol id="ID_7267101" class="Numbered">
            <x:li id="ID_7267102">
              <x:p id="ID_7267103">Not less than 3 DME, from the North;</x:p>
            </x:li>
            <x:li id="ID_7267104">
              <x:p id="ID_7267105">Not less than 4 DME, from the South.</x:p>
            </x:li>
          </x:ol>
        </x:li>
        <x:li id="ID_7267106">
          <x:p id="ID_7267107">
            <x:strong id="ID_7267108">Continuous Descent Approaches</x:strong>
          </x:p>
          <x:p id="ID_7267109">Subject to ATC instructions, inbound aircraft are to maintain as high an altitude as practical and adopt a continuous descent profile, when appropriate. ATC will advise pilots of an estimate of the track distance to run to touchdown as soon as possible after first call on the approach frequency.</x:p>
        </x:li>
        <x:li id="ID_7267110">
          <x:p id="ID_7267111">
            <x:strong id="ID_7267112">Aircraft Noise Quota Count System</x:strong>
          </x:p>
          <x:p id="ID_7267113">Night flying restrictions apply restricting the operations of certain types of aircraft during the periods 2300-0700(local). Except in the case of aircraft in distress, all take-offs and landings between these hours are subject to prior application being made to the Airport Co-ordination Ltd. A Night Noise Quota System is in force between 2330-0600. Full details of the Night Noise Quota System and the night flying restrictions are available from Bristol Airside Operations (telephone: 01275 473705).</x:p>
        </x:li>
        <x:li id="ID_7267114">
          <x:p id="ID_7267115">Every aircraft using the airport shall, after take-off or ‘go around’ be operated in the quietest possible manner. Aircraft exceeding 90 dB(A) (103PNdB) by day (0600-2329 local time) and 85 dB(A) (96PNdB) by night (2330-0559 local time) at the noise monitoring points located 6.5 km from the start of roll for runways 09 and 27 will be subject to a penalty as set out in the airport Fees and Charges.</x:p>
        </x:li>
        <x:li id="ID_7267116">
          <x:p id="ID_7267117">Pilots and engineers should restrict the use of Auxiliary Power Units (APU) to the minimum time necessary. The use of APUS is subject to local restrictions set out in Airside Operational Procedures.</x:p>
        </x:li>
        <x:li id="ID_7267118">
          <x:p id="ID_7267119">In order to avoid overflying Felton Village, when departing Runway 09 and requiring to turn left, all aircraft shall climb ahead to 1 nm DME before commencing the left turn.</x:p>
        </x:li>
        <x:li id="ID_7267120">
          <x:p id="ID_7267121">
            <x:strong id="ID_7267122">Light Aircraft Operations</x:strong>
          </x:p>
          <x:ol id="ID_7267123" class="Numbered">
            <x:li id="ID_7267124">
              <x:p id="ID_7267125">Runway 27</x:p>
              <x:ol id="ID_7267126" class="Numbered">
                <x:li id="ID_7267127">
                  <x:p id="ID_7267128">All pilots should arrange their flight so as to minimise noise nuisance.</x:p>
                </x:li>
                <x:li id="ID_7267129">
                  <x:p id="ID_7267130">Circuit direction is normally left hand.</x:p>
                </x:li>
              </x:ol>
            </x:li>
            <x:li id="ID_7267131">
              <x:p id="ID_7267132">Runway 09</x:p>
              <x:ol id="ID_7267133" class="Numbered">
                <x:li id="ID_7267134">
                  <x:p id="ID_7267135">Practice engine failures after take-off by single engined aircraft are not permitted.</x:p>
                </x:li>
                <x:li id="ID_7267136">
                  <x:p id="ID_7267137">Circuit direction is normally right hand only. However, ATC may require non-standard circuit direction for traffic integration.</x:p>
                </x:li>
              </x:ol>
            </x:li>
          </x:ol>
        </x:li>
      </x:ol>
    </x:div>
  </e:AD-2.21>
  <e:AD-2.22 id="EGGD-AD-2.22" Number="AD 2.22">
    <e:Title id="ID_7267140">FLIGHT PROCEDURES</e:Title>
    <x:div class="RP">
      <x:span class="sdParams" style="display:none;">TRULES_PROC;RULES_PROC_ID;7519</x:span>
      <e:Sub-section Number="1" id="EGGD-AD-2.22.1">
        <e:Title id="ID_7267142">Procedures for Inbound Aircraft</e:Title>
        <x:ol id="ID_7267143" class="Numbered">
          <x:li id="ID_7267144">
            <x:p id="ID_7267145">Standard Inbound Routes from Airways.</x:p>
            <x:p id="ID_7267146">Standard Arrival routes for aircraft inbound from the airways system are detailed below:</x:p>
            <x:table id="ID_7267148" class="">
              <x:thead id="ID_7267149">
                <x:tr id="ID_7267150">
                  <x:th id="ID_7267151" align="center" valign="middle">
                    <x:p id="ID_7267152">Approach from</x:p>
                  </x:th>
                  <x:th id="ID_7267153" align="center" valign="middle">
                    <x:p id="ID_7267154">Via</x:p>
                  </x:th>
                  <x:th id="ID_7267155" align="center" valign="middle">
                    <x:p id="ID_7267156">Route</x:p>
                  </x:th>
                </x:tr>
              </x:thead>
              <x:tbody id="ID_7267157">
                <x:tr id="ID_7267158">
                  <x:td id="ID_7267159" align="left" valign="top">
                    <x:p id="ID_7267160">East</x:p>
                  </x:td>
                  <x:td id="ID_7267161" align="left" valign="top">
                    <x:p id="ID_7267162">L9</x:p>
                  </x:td>
                  <x:td id="ID_7267163" align="left" valign="top">
                    <x:p id="ID_7267164">CPT - POMAX -BRI</x:p>
                  </x:td>
                </x:tr>
                <x:tr id="ID_7267165">
                  <x:td id="ID_7267166" align="left" valign="top">
                    <x:p id="ID_7267167">Southwest</x:p>
                  </x:td>
                  <x:td id="ID_7267168" align="left" valign="top">
                    <x:p id="ID_7267169">N864</x:p>
                  </x:td>
                  <x:td id="ID_7267170" align="left" valign="top">
                    <x:p id="ID_7267171">BHD - EXMOR - BRI</x:p>
                  </x:td>
                </x:tr>
                <x:tr id="ID_7267172">
                  <x:td id="ID_7267173" align="left" valign="top">
                    <x:p id="ID_7267174">North</x:p>
                  </x:td>
                  <x:td id="ID_7267175" align="left" valign="top">
                    <x:p id="ID_7267176">N862</x:p>
                  </x:td>
                  <x:td id="ID_7267177" align="left" valign="top">
                    <x:p id="ID_7267178">MONTY/NOKIN - RETSI - RILES - DOBEM - BRI</x:p>
                  </x:td>
                </x:tr>
                <x:tr id="ID_7267179">
                  <x:td id="ID_7267180" align="left" valign="top">
                    <x:p id="ID_7267181">North</x:p>
                  </x:td>
                  <x:td id="ID_7267182" align="left" valign="top">
                    <x:p id="ID_7267183">N864</x:p>
                  </x:td>
                  <x:td id="ID_7267184" align="left" valign="top">
                    <x:p id="ID_7267185">TALGA - BCN - BRI</x:p>
                  </x:td>
                </x:tr>
                <x:tr id="ID_7267186">
                  <x:td id="ID_7267187" align="left" valign="top">
                    <x:p id="ID_7267188">West</x:p>
                  </x:td>
                  <x:td id="ID_7267189" align="left" valign="top">
                    <x:p id="ID_7267190">L9</x:p>
                  </x:td>
                  <x:td id="ID_7267191" align="left" valign="top">
                    <x:p id="ID_7267192">STU - AMMAN - BCN - BRI</x:p>
                  </x:td>
                </x:tr>
              </x:tbody>
            </x:table>
          </x:li>
          <x:li id="ID_7267193">
            <x:p id="ID_7267194">
              <x:strong id="ID_7267195">Inbound Procedure other than on Airways System.</x:strong>
            </x:p>
            <x:ol id="ID_7267196" class="Numbered">
              <x:li id="ID_7267197">
                <x:p id="ID_7267198">VFR and Special VFR aircraft will usually be instructed to route via one of the Visual Reference Points (paragraph 5 refers), not above altitude 2000 ft (aerodrome QNH).</x:p>
              </x:li>
            </x:ol>
          </x:li>
        </x:ol>
      </e:Sub-section>
      <e:Sub-section Number="2" id="EGGD-AD-2.22.2">
        <e:Title id="ID_7267200">Procedure for Outbound Aircraft</e:Title>
        <x:ol id="ID_7267201" class="Numbered">
          <x:li id="ID_7267202">
            <x:p id="ID_7267203">Standard Outbound Routes to Airways.</x:p>
            <x:p id="ID_7267204">Standard outbound routes for aircraft joining the airways system are detailed below:</x:p>
            <x:table id="ID_7267206" class="">
              <x:thead id="ID_7267207">
                <x:tr id="ID_7267208">
                  <x:th id="ID_7267209" align="center" valign="middle">
                    <x:p id="ID_7267210">Departing to</x:p>
                  </x:th>
                  <x:th id="ID_7267211" align="center" valign="middle">
                    <x:p id="ID_7267212">Via</x:p>
                  </x:th>
                  <x:th id="ID_7267213" align="center" valign="middle">
                    <x:p id="ID_7267214">Route</x:p>
                  </x:th>
                </x:tr>
              </x:thead>
              <x:tbody id="ID_7267215">
                <x:tr id="ID_7267216">
                  <x:td id="ID_7267217" align="left" valign="top">
                    <x:p id="ID_7267218">East</x:p>
                  </x:td>
                  <x:td id="ID_7267219" align="left" valign="top">
                    <x:p id="ID_7267220">L9</x:p>
                  </x:td>
                  <x:td id="ID_7267221" align="left" valign="top">
                    <x:p id="ID_7267222">BADIM (RWY 27) /WOTAN (RWY 09) - CPT</x:p>
                  </x:td>
                </x:tr>
                <x:tr id="ID_7267223">
                  <x:td id="ID_7267224" align="left" valign="top">
                    <x:p id="ID_7267225">Southwest</x:p>
                  </x:td>
                  <x:td id="ID_7267226" align="left" valign="top">
                    <x:p id="ID_7267227">N864</x:p>
                  </x:td>
                  <x:td id="ID_7267228" align="left" valign="top">
                    <x:p id="ID_7267229">EXMOR - BHD</x:p>
                  </x:td>
                </x:tr>
                <x:tr id="ID_7267230">
                  <x:td id="ID_7267231" align="left" valign="top">
                    <x:p id="ID_7267232">North</x:p>
                  </x:td>
                  <x:td id="ID_7267233" align="left" valign="top">
                    <x:p id="ID_7267234">N864</x:p>
                  </x:td>
                  <x:td id="ID_7267235" align="left" valign="top">
                    <x:p id="ID_7267236">BCN - TALGA</x:p>
                  </x:td>
                </x:tr>
                <x:tr id="ID_7267237">
                  <x:td id="ID_7267238" align="left" valign="top">
                    <x:p id="ID_7267239">West</x:p>
                  </x:td>
                  <x:td id="ID_7267240" align="left" valign="top">
                    <x:p id="ID_7267241">L9</x:p>
                  </x:td>
                  <x:td id="ID_7267242" align="left" valign="top">
                    <x:p id="ID_7267243">BCN - AMMAN</x:p>
                  </x:td>
                </x:tr>
              </x:tbody>
            </x:table>
          </x:li>
          <x:li id="ID_7267244">
            <x:p id="ID_7267245">Aircraft Outbound to the FIR</x:p>
            <x:ol id="ID_7267246" class="Numbered">
              <x:li id="ID_7267247">
                <x:p id="ID_7267248">IFR aircraft wishing to leave the Bristol CTR/CTA to enter the London FIR will be cleared by the most direct route consistent with the current traffic situation.</x:p>
              </x:li>
              <x:li id="ID_7267249">
                <x:p id="ID_7267250">VFR and Special VFR aircraft will usually be instructed to route via one of the Visual Reference Points, not above 2000 ft ( aerodrome QNH).</x:p>
              </x:li>
            </x:ol>
          </x:li>
        </x:ol>
      </e:Sub-section>
      <e:Sub-section Number="3" id="EGGD-AD-2.22.3">
        <e:Title id="ID_7267252">Special VFR Flights</e:Title>
        <x:ol id="ID_7267253" class="Numbered">
          <x:li id="ID_7267254">
            <x:p id="ID_7267255">Pilots operating on a Special VFR clearance may be given a radar service whilst within the Bristol CTR/CTA if, due to the traffic situation, ATC considers it advisable. It is the responsibility of the pilot to remain at all times in flight conditions which will enable him to determine his flight path and to keep clear of obstacles and to ensure that he is able to comply with the requirements of SERA.3105 Minimum Heights, SERA.5010 Special VFR in control zones and ENR 1.2 paragraph 1.3(l). Pilots must inform the Radar Controller if compliance with the above entails a change of heading or height.</x:p>
          </x:li>
        </x:ol>
      </e:Sub-section>
      <e:Sub-section Number="4" id="EGGD-AD-2.22.4">
        <e:Title id="ID_7267257">Holding</e:Title>
        <x:ol id="ID_7267258" class="Numbered">
          <x:li id="ID_7267259">
            <x:p id="ID_7267260">A 1 minute racetrack procedure, approaching NDB(L) BRI on track 095° turning left at the facility.</x:p>
          </x:li>
        </x:ol>
      </e:Sub-section>
      <e:Sub-section Number="5" id="EGGD-AD-2.22.5">
        <e:Title id="ID_7267262">Visual Reference Points (VRP)</e:Title>
        <x:table id="ID_7267264" class="">
          <x:thead id="ID_7267265">
            <x:tr id="ID_7267266">
              <x:th id="ID_7267267" align="center" valign="middle">
                <x:p id="ID_7267268">VRP</x:p>
              </x:th>
              <x:th id="ID_7267269" align="center" valign="middle">
                <x:p id="ID_7267270">VOR/DME FIX</x:p>
              </x:th>
            </x:tr>
          </x:thead>
          <x:tbody id="ID_7267271">
            <x:tr id="ID_7267272">
              <x:td id="ID_7267273" align="left" valign="top">
                <x:p id="ID_7267274">Barrow Tanks Reservoirs<x:br/>512423N 0023946W</x:p>
              </x:td>
              <x:td id="ID_7267275" align="left" valign="top">
                <x:p id="ID_7267276">BCN 133° / 30 nm.</x:p>
              </x:td>
            </x:tr>
            <x:tr id="ID_7267277">
              <x:td id="ID_7267278" align="left" valign="top">
                <x:p id="ID_7267279">Bath Racecourse<x:br/>512501N 0022415W</x:p>
              </x:td>
              <x:td id="ID_7267280" align="left" valign="top">
                <x:p id="ID_7267281">BCN 122°/37 nm</x:p>
              </x:td>
            </x:tr>
            <x:tr id="ID_7267282">
              <x:td id="ID_7267283" align="left" valign="top">
                <x:p id="ID_7267284">Cheddar Reservoir<x:br/>511647N 0024805W</x:p>
              </x:td>
              <x:td id="ID_7267285" align="left" valign="top">
                <x:p id="ID_7267286">BCN 149°/32 nm</x:p>
              </x:td>
            </x:tr>
            <x:tr id="ID_7267287">
              <x:td id="ID_7267288" align="left" valign="top">
                <x:p id="ID_7267289">Chew Valley<x:br/>511930N 0023542W</x:p>
              </x:td>
              <x:td id="ID_7267290" align="left" valign="top">
                <x:p id="ID_7267291">BCN 136°/35 nm</x:p>
              </x:td>
            </x:tr>
            <x:tr id="ID_7267292">
              <x:td id="ID_7267293" align="left" valign="top">
                <x:p id="ID_7267294">Chippenham<x:br/>512736N 0020724W</x:p>
              </x:td>
              <x:td id="ID_7267295" align="left" valign="top">
                <x:p id="ID_7267296">CPT 268°/34 nm</x:p>
              </x:td>
            </x:tr>
            <x:tr id="ID_7267297">
              <x:td id="ID_7267298" align="left" valign="top">
                <x:p id="ID_7267299">Churchill<x:br/>512000N 0024736W</x:p>
              </x:td>
              <x:td id="ID_7267300" align="left" valign="top">
                <x:p id="ID_7267301">BCN 145°/29 nm</x:p>
              </x:td>
            </x:tr>
            <x:tr id="ID_7267302">
              <x:td id="ID_7267303" align="left" valign="top">
                <x:p id="ID_7267304">Clevedon<x:br/>512621N 0025105W</x:p>
              </x:td>
              <x:td id="ID_7267305" align="left" valign="top">
                <x:p id="ID_7267306">BCN 140°/23 nm</x:p>
              </x:td>
            </x:tr>
            <x:tr id="ID_7267307">
              <x:td id="ID_7267308" align="left" valign="top">
                <x:p id="ID_7267309">Clifton Suspension Bridge<x:br/>512718N 0023740W</x:p>
              </x:td>
              <x:td id="ID_7267310" align="left" valign="top">
                <x:p id="ID_7267311">BCN 126°/28.8 nm</x:p>
              </x:td>
            </x:tr>
            <x:tr id="ID_7267312">
              <x:td id="ID_7267313" align="left" valign="top">
                <x:p id="ID_7267314">Devizes<x:br/>512048N 0015918W</x:p>
              </x:td>
              <x:td id="ID_7267315" align="left" valign="top">
                <x:p id="ID_7267316">CPT 254°/30 nm</x:p>
              </x:td>
            </x:tr>
            <x:tr id="ID_7267317">
              <x:td id="ID_7267318" align="left" valign="top">
                <x:p id="ID_7267319">East Nailsea<x:br/>512548N 0024406W</x:p>
              </x:td>
              <x:td id="ID_7267320" align="left" valign="top">
                <x:p id="ID_7267321">BCN 134°/27 nm</x:p>
              </x:td>
            </x:tr>
            <x:tr id="ID_7267322">
              <x:td id="ID_7267323" align="left" valign="top">
                <x:p id="ID_7267324">Frome<x:br/>511347N 0021913W</x:p>
              </x:td>
              <x:td id="ID_7267325" align="left" valign="top">
                <x:p id="ID_7267326">BCN 132°/46 nm</x:p>
              </x:td>
            </x:tr>
            <x:tr id="ID_7267327">
              <x:td id="ID_7267328" align="left" valign="top">
                <x:p id="ID_7267329">M4 Junction 18<x:br/>513007N 0022100W</x:p>
              </x:td>
              <x:td id="ID_7267330" align="left" valign="top">
                <x:p id="ID_7267331">BCN 113°/37 nm</x:p>
              </x:td>
            </x:tr>
            <x:tr id="ID_7267332">
              <x:td id="ID_7267333" align="left" valign="top">
                <x:p id="ID_7267334">M5 Sedgemoor Services<x:br/>511608N 0025517W</x:p>
              </x:td>
              <x:td id="ID_7267335" align="left" valign="top">
                <x:p id="ID_7267336">BCN 157°/30 nm</x:p>
              </x:td>
            </x:tr>
            <x:tr id="ID_7267337">
              <x:td id="ID_7267338" align="left" valign="top">
                <x:p id="ID_7267339">M5 Avon Bridge<x:br/>512920N 0024135W</x:p>
              </x:td>
              <x:td id="ID_7267340" align="left" valign="top">
                <x:p id="ID_7267341">BCN 126°/26 nm</x:p>
              </x:td>
            </x:tr>
            <x:tr id="ID_7267342">
              <x:td id="ID_7267343" align="left" valign="top">
                <x:p id="ID_7267344">Old Severn Bridge (M48)<x:br/>513640N 0023837W</x:p>
              </x:td>
              <x:td id="ID_7267345" align="left" valign="top">
                <x:p id="ID_7267346">BCN 109°/24 nm</x:p>
              </x:td>
            </x:tr>
            <x:tr id="ID_7267347">
              <x:td id="ID_7267348" align="left" valign="top">
                <x:p id="ID_7267349">Radstock<x:br/>511732N 0022655W</x:p>
                <x:p id="ID_7267350" />
              </x:td>
              <x:td id="ID_7267351" align="left" valign="top">
                <x:p id="ID_7267352">BCN 132°/40 nm</x:p>
              </x:td>
            </x:tr>
            <x:tr id="ID_7267353">
              <x:td id="ID_7267354" align="left" valign="top">
                <x:p id="ID_7267355">Wells Mast<x:br/>511413N 0023731W</x:p>
              </x:td>
              <x:td id="ID_7267356" align="left" valign="top">
                <x:p id="ID_7267357">BCN 143°/38 nm</x:p>
              </x:td>
            </x:tr>
            <x:tr id="ID_7267358">
              <x:td id="ID_7267359" align="left" valign="top">
                <x:p id="ID_7267360">Weston Aerodrome<x:br/>512016N 0025633W</x:p>
              </x:td>
              <x:td id="ID_7267361" align="left" valign="top">
                <x:p id="ID_7267362">BCN 155°/26 nm</x:p>
              </x:td>
            </x:tr>
          </x:tbody>
        </x:table>
        <x:div id="ID_7267363" class="Note">
          <x:p id="ID_7267364">Note: The Wells Mast is referred to as the Mendip mast at AIP ENR 5.4. Pilots are advised to use caution when routing via this VRP due to the nature of this lighted Air Navigation Obstacle at height 1009 ft agl, 2003 ft amsl.</x:p>
        </x:div>
        <x:div id="ID_7267365" class="Note">
          <x:p id="ID_7267366">Note: Aircraft entering the Bristol CTR/CTA via M5 Avon Bridge, Cheddar Reservoir, Clifton Suspension Bridge and Chew Valley VRPs may be required to hold at East Nailsea, Barrow Tanks Reservoirs or Churchill VRPs as appropriate.</x:p>
        </x:div>
      </e:Sub-section>
      <e:Sub-section Number="6" id="EGGD-AD-2.22.6">
        <e:Title id="ID_7267368">Radio Communications Failure Procedure</e:Title>
        <x:ol id="ID_7267369" class="Numbered">
          <x:li id="ID_7267370">
            <x:p id="ID_7267371">In the event of complete radio communication failure in an aircraft the pilot will adopt the appropriate procedure notified at ENR 1.1.3. The route to be followed when leaving the CTR/CTA in accordance with this procedure is as follows:</x:p>
            <x:table id="ID_7267373" class="">
              <x:thead id="ID_7267374">
                <x:tr id="ID_7267375">
                  <x:th id="ID_7267376" align="center" valign="middle">
                    <x:p id="ID_7267377">Position at time of decision</x:p>
                  </x:th>
                  <x:th id="ID_7267378" align="center" valign="middle">
                    <x:p id="ID_7267379">Route</x:p>
                  </x:th>
                </x:tr>
              </x:thead>
              <x:tbody id="ID_7267380">
                <x:tr id="ID_7267381">
                  <x:td id="ID_7267382" align="left" valign="middle">
                    <x:p id="ID_7267383">NDB BRI</x:p>
                  </x:td>
                  <x:td id="ID_7267384" align="left" valign="top">
                    <x:p id="ID_7267385">Track 180°(T) at 3000 ft or last assigned level by ATC if higher</x:p>
                  </x:td>
                </x:tr>
              </x:tbody>
            </x:table>
          </x:li>
        </x:ol>
      </e:Sub-section>
    </x:div>
  </e:AD-2.22>
  <e:AD-2.23 id="EGGD-AD-2.23" Number="AD 2.23">
    <e:Title id="ID_7267388">ADDITIONAL INFORMATION</e:Title>
    <x:div class="RP">
      <x:span class="sdParams" style="display:none;">TRULES_PROC;RULES_PROC_ID;7520</x:span>
      <x:p id="ID_7267389">Not applicable.</x:p>
    </x:div>
  </e:AD-2.23>
  <e:AD-2.24 id="EGGD-AD-2.24" Number="AD 2.24">
    <e:Title id="ID_7267392">CHARTS RELATED TO AN AERODROME</e:Title>
    <x:table id="ID_7267394" class="">
      <x:tbody id="ID_7267395">
        <x:tr id="ID_7267396">
          <x:td id="ID_7267397" align="left" valign="top">
            <x:p id="ID_7267398">
              <x:em id="ID_7267399" class="Italic">Figure: Aerodrome Chart - ICAO</x:em>
            </x:p>
          </x:td>
        </x:tr>
        <x:tr id="ID_7267400">
          <x:td id="ID_7267401" align="left" valign="top">
            <x:p id="ID_7267402">AD 2-EGAA-2-1</x:p>
          </x:td>
        </x:tr>
        <x:tr id="ID_7267403">
          <x:td id="ID_7267404" align="left" valign="top">&nbsp;</x:td>
        </x:tr>
        <x:tr id="ID_7267405">
          <x:td id="ID_7267406" align="left" valign="top">&nbsp;</x:td>
        </x:tr>
        <x:tr id="ID_7267407">
          <x:td id="ID_7267408" align="left" valign="top">&nbsp;</x:td>
        </x:tr>
        <x:tr id="ID_7267409">
          <x:td id="ID_7267410" align="left" valign="top">&nbsp;</x:td>
        </x:tr>
      </x:tbody>
    </x:table>
  </e:AD-2.24>
</e:Aerodrome>
