<?xml version="1.0" encoding="UTF-8"?>
<e:Aerodrome id="AD-2.EGPE" Ref="ICAO-EGPE" Title="INVERNESS" xmlns:e="http://www.eurocontrol.int/xmlns/AIM/eAIP" xmlns:x="http://www.w3.org/1999/xhtml" xmlns:xlink="http://www.w3.org/1999/xlink">
  <e:Title />
  <e:AD-2.1 id="EGPE-AD-2.1" Number="AD 2.1">
    <GreenBorder id="ID_7312026" />
    <e:Title id="ID_7312027">AERODROME LOCATION INDICATOR AND NAME</e:Title>
    <e:Generated />
  </e:AD-2.1>
  <e:AD-2.2 id="EGPE-AD-2.2" Number="AD 2.2">
    <GreenBorder id="ID_7312032" />
    <e:Title id="ID_7312033">AERODROME&nbsp;GEOGRAPHICAL&nbsp;AND&nbsp;ADMINISTRATIVE&nbsp;DATA</e:Title>
    <x:table id="ID_7312035" class="">
      <x:tbody id="ID_7312036">
        <x:tr id="ID_7312037">
          <x:td id="ID_7312038" HAlignment="Left" VAlignment="Top" align="left" valign="top">1</x:td>
          <x:td id="ID_7312039" HAlignment="Left" VAlignment="Top" align="left" valign="top">
            <x:p id="ID_7312040">ARP coordinates and site at AD</x:p>
          </x:td>
          <x:td id="ID_7312041" HAlignment="Left" VAlignment="Top" align="left" valign="top">&nbsp;</x:td>
        </x:tr>
        <x:tr id="ID_7312042">
          <x:td id="ID_7312043" HAlignment="Left" VAlignment="Top" align="left" valign="top">2</x:td>
          <x:td id="ID_7312044" HAlignment="Left" VAlignment="Top" align="left" valign="top">
            <x:p id="ID_7312045">Direction and distance from city</x:p>
          </x:td>
          <x:td id="ID_7312046" HAlignment="Left" VAlignment="Top" align="left" valign="top">&nbsp;</x:td>
        </x:tr>
        <x:tr id="ID_7312047">
          <x:td id="ID_7312048" HAlignment="Left" VAlignment="Top" align="left" valign="top">3</x:td>
          <x:td id="ID_7312049" HAlignment="Left" VAlignment="Top" align="left" valign="top">
            <x:p id="ID_7312050">Elevation / Reference temperature</x:p>
          </x:td>
          <x:td id="ID_7312051" HAlignment="Left" VAlignment="Top" align="left" valign="top">&nbsp;</x:td>
        </x:tr>
        <x:tr id="ID_7312052">
          <x:td id="ID_7312053" HAlignment="Left" VAlignment="Top" align="left" valign="top">4</x:td>
          <x:td id="ID_7312054" HAlignment="Left" VAlignment="Top" align="left" valign="top">
            <x:p id="ID_7312055">Geoid undulation at AD ELEV PSN</x:p>
          </x:td>
          <x:td id="ID_7312056" HAlignment="Left" VAlignment="Top" align="left" valign="top">&nbsp;</x:td>
        </x:tr>
        <x:tr id="ID_7312057">
          <x:td id="ID_7312058" HAlignment="Left" VAlignment="Top" align="left" valign="top">5</x:td>
          <x:td id="ID_7312059" HAlignment="Left" VAlignment="Top" align="left" valign="top">
            <x:p id="ID_7312060">Magnetic Variation / Annual Change</x:p>
          </x:td>
          <x:td id="ID_7312061" HAlignment="Left" VAlignment="Top" align="left" valign="top">&nbsp;</x:td>
        </x:tr>
        <x:tr id="ID_7312062">
          <x:td id="ID_7312063" HAlignment="Left" VAlignment="Top" align="left" valign="top">6</x:td>
          <x:td id="ID_7312064" HAlignment="Left" VAlignment="Top" align="left" valign="top">
            <x:p id="ID_7312065">AD Administration, address, telephone, telefax, AFS, e-mail address, website address</x:p>
          </x:td>
          <x:td id="ID_7312066" HAlignment="Left" VAlignment="Top" align="left" valign="top">&nbsp;</x:td>
        </x:tr>
        <x:tr id="ID_7312067">
          <x:td id="ID_7312068" HAlignment="Left" VAlignment="Top" align="left" valign="top">7</x:td>
          <x:td id="ID_7312069" HAlignment="Left" VAlignment="Top" align="left" valign="top">
            <x:p id="ID_7312070">Types of Traffic permitted (IFR/VFR)</x:p>
          </x:td>
          <x:td id="ID_7312071" HAlignment="Left" VAlignment="Top" align="left" valign="top">&nbsp;</x:td>
        </x:tr>
        <x:tr id="ID_7312072">
          <x:td id="ID_7312073" HAlignment="Left" VAlignment="Top" align="left" valign="top">8</x:td>
          <x:td id="ID_7312074" HAlignment="Left" VAlignment="Top" align="left" valign="top">
            <x:p id="ID_7312075">Remarks</x:p>
          </x:td>
          <x:td id="ID_7312076" HAlignment="Left" VAlignment="Top" align="left" valign="top">&nbsp;</x:td>
        </x:tr>
      </x:tbody>
    </x:table>
  </e:AD-2.2>
  <e:AD-2.3 id="EGPE-AD-2.3" Number="AD 2.3">
    <GreenBorder id="ID_7312078" />
    <e:Title id="ID_7312079">OPERATIONAL&nbsp;HOURS</e:Title>
    <x:table id="ID_7312081" class="">
      <x:tbody id="ID_7312082">
        <x:tr id="ID_7312083">
          <x:td id="ID_7312084" HAlignment="Left" VAlignment="Top" align="left" valign="top">1</x:td>
          <x:td id="ID_7312085" HAlignment="Left" VAlignment="Top" align="left" valign="top">
            <x:p id="ID_7312086">Aerodrome Operator</x:p>
          </x:td>
          <x:td id="ID_7312087" HAlignment="Left" VAlignment="Top" align="left" valign="top">&nbsp;</x:td>
        </x:tr>
        <x:tr id="ID_7312088">
          <x:td id="ID_7312089" HAlignment="Left" VAlignment="Top" align="left" valign="top">2</x:td>
          <x:td id="ID_7312090" HAlignment="Left" VAlignment="Top" align="left" valign="top">
            <x:p id="ID_7312091">Customs and Immigration</x:p>
          </x:td>
          <x:td id="ID_7312092" HAlignment="Left" VAlignment="Top" align="left" valign="top">
            <x:p id="ID_7312093" />
          </x:td>
        </x:tr>
        <x:tr id="ID_7312094">
          <x:td id="ID_7312095" HAlignment="Left" VAlignment="Top" align="left" valign="top">3</x:td>
          <x:td id="ID_7312096" HAlignment="Left" VAlignment="Top" align="left" valign="top">
            <x:p id="ID_7312097">Health and sanitation</x:p>
          </x:td>
          <x:td id="ID_7312098" HAlignment="Left" VAlignment="Top" align="left" valign="top">&nbsp;</x:td>
        </x:tr>
        <x:tr id="ID_7312099">
          <x:td id="ID_7312100" HAlignment="Left" VAlignment="Top" align="left" valign="top">4</x:td>
          <x:td id="ID_7312101" HAlignment="Left" VAlignment="Top" align="left" valign="top">
            <x:p id="ID_7312102">AIS Briefing Office</x:p>
          </x:td>
          <x:td id="ID_7312103" HAlignment="Left" VAlignment="Top" align="left" valign="top">&nbsp;</x:td>
        </x:tr>
        <x:tr id="ID_7312104">
          <x:td id="ID_7312105" HAlignment="Left" VAlignment="Top" align="left" valign="top">5</x:td>
          <x:td id="ID_7312106" HAlignment="Left" VAlignment="Top" align="left" valign="top">
            <x:p id="ID_7312107">ATS Reporting Office (ARO)</x:p>
          </x:td>
          <x:td id="ID_7312108" HAlignment="Left" VAlignment="Top" align="left" valign="top">&nbsp;</x:td>
        </x:tr>
        <x:tr id="ID_7312109">
          <x:td id="ID_7312110" HAlignment="Left" VAlignment="Top" align="left" valign="top">6</x:td>
          <x:td id="ID_7312111" HAlignment="Left" VAlignment="Top" align="left" valign="top">
            <x:p id="ID_7312112">MET Briefing Office</x:p>
          </x:td>
          <x:td id="ID_7312113" HAlignment="Left" VAlignment="Top" align="left" valign="top">&nbsp;</x:td>
        </x:tr>
        <x:tr id="ID_7312114">
          <x:td id="ID_7312115" HAlignment="Left" VAlignment="Top" align="left" valign="top">7</x:td>
          <x:td id="ID_7312116" HAlignment="Left" VAlignment="Top" align="left" valign="top">
            <x:p id="ID_7312117">Air Traffic Service</x:p>
          </x:td>
          <x:td id="ID_7312118" HAlignment="Left" VAlignment="Top" align="left" valign="top">&nbsp;</x:td>
        </x:tr>
        <x:tr id="ID_7312119">
          <x:td id="ID_7312120" HAlignment="Left" VAlignment="Top" align="left" valign="top">8</x:td>
          <x:td id="ID_7312121" HAlignment="Left" VAlignment="Top" align="left" valign="top">
            <x:p id="ID_7312122">Fuelling</x:p>
          </x:td>
          <x:td id="ID_7312123" HAlignment="Left" VAlignment="Top" align="left" valign="top">&nbsp;</x:td>
        </x:tr>
        <x:tr id="ID_7312124">
          <x:td id="ID_7312125" HAlignment="Left" VAlignment="Top" align="left" valign="top">9</x:td>
          <x:td id="ID_7312126" HAlignment="Left" VAlignment="Top" align="left" valign="top">
            <x:p id="ID_7312127">Handling</x:p>
          </x:td>
          <x:td id="ID_7312128" HAlignment="Left" VAlignment="Top" align="left" valign="top">&nbsp;</x:td>
        </x:tr>
        <x:tr id="ID_7312129">
          <x:td id="ID_7312130" HAlignment="Left" VAlignment="Top" align="left" valign="top">10</x:td>
          <x:td id="ID_7312131" HAlignment="Left" VAlignment="Top" align="left" valign="top">
            <x:p id="ID_7312132">Security</x:p>
          </x:td>
          <x:td id="ID_7312133" HAlignment="Left" VAlignment="Top" align="left" valign="top">&nbsp;</x:td>
        </x:tr>
        <x:tr id="ID_7312134">
          <x:td id="ID_7312135" HAlignment="Left" VAlignment="Top" align="left" valign="top">11</x:td>
          <x:td id="ID_7312136" HAlignment="Left" VAlignment="Top" align="left" valign="top">
            <x:p id="ID_7312137">De-icing</x:p>
          </x:td>
          <x:td id="ID_7312138" HAlignment="Left" VAlignment="Top" align="left" valign="top">&nbsp;</x:td>
        </x:tr>
        <x:tr id="ID_7312139">
          <x:td id="ID_7312140" HAlignment="Left" VAlignment="Top" align="left" valign="top">12</x:td>
          <x:td id="ID_7312141" HAlignment="Left" VAlignment="Top" align="left" valign="top">
            <x:p id="ID_7312142">Remarks</x:p>
          </x:td>
          <x:td id="ID_7312143" HAlignment="Left" VAlignment="Top" align="left" valign="top">&nbsp;</x:td>
        </x:tr>
      </x:tbody>
    </x:table>
  </e:AD-2.3>
  <e:AD-2.4 id="EGPE-AD-2.4" Number="AD 2.4">
    <GreenBorder id="ID_7312145" />
    <e:Title id="ID_7312146">HANDLING&nbsp;SERVICES&nbsp;AND&nbsp;FACILITIES</e:Title>
    <x:table id="ID_7312148" class="">
      <x:tbody id="ID_7312149">
        <x:tr id="ID_7312150">
          <x:td id="ID_7312151" HAlignment="Left" VAlignment="Top" align="left" valign="top">1</x:td>
          <x:td id="ID_7312152" HAlignment="Left" VAlignment="Top" align="left" valign="top">
            <x:p id="ID_7312153">Cargo handling facilities</x:p>
          </x:td>
          <x:td id="ID_7312154" HAlignment="Left" VAlignment="Top" align="left" valign="top">&nbsp;</x:td>
        </x:tr>
        <x:tr id="ID_7312155">
          <x:td id="ID_7312156" HAlignment="Left" VAlignment="Top" align="left" valign="top">2</x:td>
          <x:td id="ID_7312157" HAlignment="Left" VAlignment="Top" align="left" valign="top">
            <x:p id="ID_7312158">Fuel and oil types</x:p>
          </x:td>
          <x:td id="ID_7312159" HAlignment="Left" VAlignment="Top" align="left" valign="top">&nbsp;</x:td>
        </x:tr>
        <x:tr id="ID_7312160">
          <x:td id="ID_7312161" HAlignment="Left" VAlignment="Top" align="left" valign="top">3</x:td>
          <x:td id="ID_7312162" HAlignment="Left" VAlignment="Top" align="left" valign="top">
            <x:p id="ID_7312163">Fuelling facilities/capacity</x:p>
          </x:td>
          <x:td id="ID_7312164" HAlignment="Left" VAlignment="Top" align="left" valign="top">&nbsp;</x:td>
        </x:tr>
        <x:tr id="ID_7312165">
          <x:td id="ID_7312166" HAlignment="Left" VAlignment="Top" align="left" valign="top">4</x:td>
          <x:td id="ID_7312167" HAlignment="Left" VAlignment="Top" align="left" valign="top">
            <x:p id="ID_7312168">De-icing facilities</x:p>
          </x:td>
          <x:td id="ID_7312169" HAlignment="Left" VAlignment="Top" align="left" valign="top">&nbsp;</x:td>
        </x:tr>
        <x:tr id="ID_7312170">
          <x:td id="ID_7312171" HAlignment="Left" VAlignment="Top" align="left" valign="top">5</x:td>
          <x:td id="ID_7312172" HAlignment="Left" VAlignment="Top" align="left" valign="top">
            <x:p id="ID_7312173">Hangar space for visiting aircraft</x:p>
          </x:td>
          <x:td id="ID_7312174" HAlignment="Left" VAlignment="Top" align="left" valign="top">&nbsp;</x:td>
        </x:tr>
        <x:tr id="ID_7312175">
          <x:td id="ID_7312176" HAlignment="Left" VAlignment="Top" align="left" valign="top">6</x:td>
          <x:td id="ID_7312177" HAlignment="Left" VAlignment="Top" align="left" valign="top">
            <x:p id="ID_7312178">Repair facilities for visiting aircraft</x:p>
          </x:td>
          <x:td id="ID_7312179" HAlignment="Left" VAlignment="Top" align="left" valign="top">&nbsp;</x:td>
        </x:tr>
        <x:tr id="ID_7312180">
          <x:td id="ID_7312181" HAlignment="Left" VAlignment="Top" align="left" valign="top">7</x:td>
          <x:td id="ID_7312182" HAlignment="Left" VAlignment="Top" align="left" valign="top">
            <x:p id="ID_7312183">Remarks</x:p>
          </x:td>
          <x:td id="ID_7312184" HAlignment="Left" VAlignment="Top" align="left" valign="top">&nbsp;</x:td>
        </x:tr>
      </x:tbody>
    </x:table>
  </e:AD-2.4>
  <e:AD-2.5 id="EGPE-AD-2.5" Number="AD 2.5">
    <GreenBorder id="ID_7312186" />
    <e:Title id="ID_7312187">PASSENGER&nbsp;FACILITIES</e:Title>
    <x:table id="ID_7312189" class="">
      <x:tbody id="ID_7312190">
        <x:tr id="ID_7312191">
          <x:td id="ID_7312192" HAlignment="Left" VAlignment="Top" align="left" valign="top">1</x:td>
          <x:td id="ID_7312193" HAlignment="Left" VAlignment="Top" align="left" valign="top">
            <x:p id="ID_7312194">Hotels</x:p>
          </x:td>
          <x:td id="ID_7312195" HAlignment="Left" VAlignment="Top" align="left" valign="top">&nbsp;</x:td>
        </x:tr>
        <x:tr id="ID_7312196">
          <x:td id="ID_7312197" HAlignment="Left" VAlignment="Top" align="left" valign="top">2</x:td>
          <x:td id="ID_7312198" HAlignment="Left" VAlignment="Top" align="left" valign="top">
            <x:p id="ID_7312199">Restaurants</x:p>
          </x:td>
          <x:td id="ID_7312200" HAlignment="Left" VAlignment="Top" align="left" valign="top">&nbsp;</x:td>
        </x:tr>
        <x:tr id="ID_7312201">
          <x:td id="ID_7312202" HAlignment="Left" VAlignment="Top" align="left" valign="top">3</x:td>
          <x:td id="ID_7312203" HAlignment="Left" VAlignment="Top" align="left" valign="top">
            <x:p id="ID_7312204">Transportation</x:p>
          </x:td>
          <x:td id="ID_7312205" HAlignment="Left" VAlignment="Top" align="left" valign="top">&nbsp;</x:td>
        </x:tr>
        <x:tr id="ID_7312206">
          <x:td id="ID_7312207" HAlignment="Left" VAlignment="Top" align="left" valign="top">4</x:td>
          <x:td id="ID_7312208" HAlignment="Left" VAlignment="Top" align="left" valign="top">
            <x:p id="ID_7312209">Medical facilities</x:p>
          </x:td>
          <x:td id="ID_7312210" HAlignment="Left" VAlignment="Top" align="left" valign="top">&nbsp;</x:td>
        </x:tr>
        <x:tr id="ID_7312211">
          <x:td id="ID_7312212" HAlignment="Left" VAlignment="Top" align="left" valign="top">5</x:td>
          <x:td id="ID_7312213" HAlignment="Left" VAlignment="Top" align="left" valign="top">
            <x:p id="ID_7312214">Bank and Post Office</x:p>
          </x:td>
          <x:td id="ID_7312215" HAlignment="Left" VAlignment="Top" align="left" valign="top">&nbsp;</x:td>
        </x:tr>
        <x:tr id="ID_7312216">
          <x:td id="ID_7312217" HAlignment="Left" VAlignment="Top" align="left" valign="top">6</x:td>
          <x:td id="ID_7312218" HAlignment="Left" VAlignment="Top" align="left" valign="top">
            <x:p id="ID_7312219">Tourist Office</x:p>
          </x:td>
          <x:td id="ID_7312220" HAlignment="Left" VAlignment="Top" align="left" valign="top">&nbsp;</x:td>
        </x:tr>
        <x:tr id="ID_7312221">
          <x:td id="ID_7312222" HAlignment="Left" VAlignment="Top" align="left" valign="top">7</x:td>
          <x:td id="ID_7312223" HAlignment="Left" VAlignment="Top" align="left" valign="top">
            <x:p id="ID_7312224">Remarks</x:p>
          </x:td>
          <x:td id="ID_7312225" HAlignment="Left" VAlignment="Top" align="left" valign="top">&nbsp;</x:td>
        </x:tr>
      </x:tbody>
    </x:table>
  </e:AD-2.5>
  <e:AD-2.6 id="EGPE-AD-2.6" Number="AD 2.6">
    <GreenBorder id="ID_7312227" />
    <e:Title id="ID_7312228">RESCUE&nbsp;AND&nbsp;FIRE&nbsp;FIGHTING&nbsp;SERVICES</e:Title>
    <x:table id="ID_7312230" class="">
      <x:tbody id="ID_7312231">
        <x:tr id="ID_7312232">
          <x:td id="ID_7312233" HAlignment="Left" VAlignment="Top" align="left" valign="top">1</x:td>
          <x:td id="ID_7312234" HAlignment="Left" VAlignment="Top" align="left" valign="top">
            <x:p id="ID_7312235">AD category for fire fighting</x:p>
          </x:td>
          <x:td id="ID_7312236" HAlignment="Left" VAlignment="Top" align="left" valign="top">&nbsp;</x:td>
        </x:tr>
        <x:tr id="ID_7312237">
          <x:td id="ID_7312238" HAlignment="Left" VAlignment="Top" align="left" valign="top">2</x:td>
          <x:td id="ID_7312239" HAlignment="Left" VAlignment="Top" align="left" valign="top">
            <x:p id="ID_7312240">Rescue equipment</x:p>
          </x:td>
          <x:td id="ID_7312241" HAlignment="Left" VAlignment="Top" align="left" valign="top">&nbsp;</x:td>
        </x:tr>
        <x:tr id="ID_7312242">
          <x:td id="ID_7312243" HAlignment="Left" VAlignment="Top" align="left" valign="top">3</x:td>
          <x:td id="ID_7312244" HAlignment="Left" VAlignment="Top" align="left" valign="top">
            <x:p id="ID_7312245">Capability for removal of disabled aircraft</x:p>
          </x:td>
          <x:td id="ID_7312246" HAlignment="Left" VAlignment="Top" align="left" valign="top">&nbsp;</x:td>
        </x:tr>
        <x:tr id="ID_7312247">
          <x:td id="ID_7312248" HAlignment="Left" VAlignment="Top" align="left" valign="top">4</x:td>
          <x:td id="ID_7312249" HAlignment="Left" VAlignment="Top" align="left" valign="top">
            <x:p id="ID_7312250">Remarks</x:p>
          </x:td>
          <x:td id="ID_7312251" HAlignment="Left" VAlignment="Top" align="left" valign="top">&nbsp;</x:td>
        </x:tr>
      </x:tbody>
    </x:table>
  </e:AD-2.6>
  <e:AD-2.7 id="EGPE-AD-2.7" Number="AD 2.7">
    <GreenBorder id="ID_7312253" />
    <e:Title id="ID_7312254">SEASONAL&nbsp;AVAILABILITY&nbsp;-&nbsp;CLEARING</e:Title>
    <x:table id="ID_7312256" class="">
      <x:tbody id="ID_7312257">
        <x:tr id="ID_7312258">
          <x:td id="ID_7312259" HAlignment="Left" VAlignment="Top" align="left" valign="top">1</x:td>
          <x:td id="ID_7312260" HAlignment="Left" VAlignment="Top" align="left" valign="top">
            <x:p id="ID_7312261">Types of clearing equipment</x:p>
          </x:td>
          <x:td id="ID_7312262" HAlignment="Left" VAlignment="Top" align="left" valign="top">&nbsp;</x:td>
        </x:tr>
        <x:tr id="ID_7312263">
          <x:td id="ID_7312264" HAlignment="Left" VAlignment="Top" align="left" valign="top">2</x:td>
          <x:td id="ID_7312265" HAlignment="Left" VAlignment="Top" align="left" valign="top">
            <x:p id="ID_7312266">Clearance priorities</x:p>
          </x:td>
          <x:td id="ID_7312267" HAlignment="Left" VAlignment="Top" align="left" valign="top">&nbsp;</x:td>
        </x:tr>
        <x:tr id="ID_7312268">
          <x:td id="ID_7312269" HAlignment="Left" VAlignment="Top" align="left" valign="top">3</x:td>
          <x:td id="ID_7312270" HAlignment="Left" VAlignment="Top" align="left" valign="top">
            <x:p id="ID_7312271">Remarks</x:p>
          </x:td>
          <x:td id="ID_7312272" HAlignment="Left" VAlignment="Top" align="left" valign="top">&nbsp;</x:td>
        </x:tr>
      </x:tbody>
    </x:table>
  </e:AD-2.7>
  <e:AD-2.8 id="EGPE-AD-2.8" Number="AD 2.8">
    <GreenBorder id="ID_7312274" />
    <e:Title id="ID_7312275">APRONS,&nbsp;TAXIWAYS&nbsp;AND&nbsp;CHECK&nbsp;LOCATIONS/POSITIONS&nbsp;DATA</e:Title>
    <x:table id="ID_7312277" class="">
      <x:tbody id="ID_7312278">
        <x:tr id="ID_7312279">
          <x:td id="ID_7312280" HAlignment="Left" VAlignment="Top" align="left" valign="top">1</x:td>
          <x:td id="ID_7312281" HAlignment="Left" VAlignment="Top" align="left" valign="top">
            <x:p id="ID_7312282">Apron surface and strength</x:p>
          </x:td>
          <x:td id="ID_7312283" HAlignment="Left" VAlignment="Top" align="left" valign="top">&nbsp;</x:td>
        </x:tr>
        <x:tr id="ID_7312284">
          <x:td id="ID_7312285" HAlignment="Left" VAlignment="Top" align="left" valign="top">2</x:td>
          <x:td id="ID_7312286" HAlignment="Left" VAlignment="Top" align="left" valign="top">
            <x:p id="ID_7312287">Taxiway width, surface and strength</x:p>
          </x:td>
          <x:td id="ID_7312288" HAlignment="Left" VAlignment="Top" align="left" valign="top">&nbsp;</x:td>
        </x:tr>
        <x:tr id="ID_7312289">
          <x:td id="ID_7312290" HAlignment="Left" VAlignment="Top" align="left" valign="top">3</x:td>
          <x:td id="ID_7312291" HAlignment="Left" VAlignment="Top" align="left" valign="top">
            <x:p id="ID_7312292">Altimeter checkpoint location and elevation</x:p>
          </x:td>
          <x:td id="ID_7312293" HAlignment="Left" VAlignment="Top" align="left" valign="top">&nbsp;</x:td>
        </x:tr>
        <x:tr id="ID_7312294">
          <x:td id="ID_7312295" HAlignment="Left" VAlignment="Top" align="left" valign="top">4</x:td>
          <x:td id="ID_7312296" HAlignment="Left" VAlignment="Top" align="left" valign="top">
            <x:p id="ID_7312297">VOR checkpoints</x:p>
          </x:td>
          <x:td id="ID_7312298" HAlignment="Left" VAlignment="Top" align="left" valign="top">&nbsp;</x:td>
        </x:tr>
        <x:tr id="ID_7312299">
          <x:td id="ID_7312300" HAlignment="Left" VAlignment="Top" align="left" valign="top">5</x:td>
          <x:td id="ID_7312301" HAlignment="Left" VAlignment="Top" align="left" valign="top">
            <x:p id="ID_7312302">INS checkpoints</x:p>
          </x:td>
          <x:td id="ID_7312303" HAlignment="Left" VAlignment="Top" align="left" valign="top">&nbsp;</x:td>
        </x:tr>
        <x:tr id="ID_7312304">
          <x:td id="ID_7312305" HAlignment="Left" VAlignment="Top" align="left" valign="top">6</x:td>
          <x:td id="ID_7312306" HAlignment="Left" VAlignment="Top" align="left" valign="top">
            <x:p id="ID_7312307">Remarks</x:p>
          </x:td>
          <x:td id="ID_7312308" HAlignment="Left" VAlignment="Top" align="left" valign="top">&nbsp;</x:td>
        </x:tr>
      </x:tbody>
    </x:table>
  </e:AD-2.8>
  <e:AD-2.9 id="EGPE-AD-2.9" Number="AD 2.9">
    <GreenBorder id="ID_7312310" />
    <e:Title id="ID_7312311">SURFACE&nbsp;MOVEMENT&nbsp;GUIDANCE&nbsp;AND&nbsp;CONTROL&nbsp;SYSTEM&nbsp;AND&nbsp;MARKINGS</e:Title>
    <x:table id="ID_7312313" class="">
      <x:tbody id="ID_7312314">
        <x:tr id="ID_7312315">
          <x:td id="ID_7312316" HAlignment="Left" VAlignment="Top" align="left" valign="top">1</x:td>
          <x:td id="ID_7312317" HAlignment="Left" VAlignment="Top" align="left" valign="top">
            <x:p id="ID_7312318">Use of aircraft stand ID signs, TWY guide lines and visual docking/parking guidance system of aircraft stands</x:p>
          </x:td>
          <x:td id="ID_7312319" HAlignment="Left" VAlignment="Top" align="left" valign="top">&nbsp;</x:td>
        </x:tr>
        <x:tr id="ID_7312320">
          <x:td id="ID_7312321" HAlignment="Left" VAlignment="Top" align="left" valign="top">2</x:td>
          <x:td id="ID_7312322" HAlignment="Left" VAlignment="Top" align="left" valign="top">
            <x:p id="ID_7312323">Runway and taxiway markings and lighting</x:p>
          </x:td>
          <x:td id="ID_7312324" HAlignment="Left" VAlignment="Top" align="left" valign="top">&nbsp;</x:td>
        </x:tr>
        <x:tr id="ID_7312325">
          <x:td id="ID_7312326" HAlignment="Left" VAlignment="Top" align="left" valign="top">3</x:td>
          <x:td id="ID_7312327" HAlignment="Left" VAlignment="Top" align="left" valign="top">
            <x:p id="ID_7312328">Stop bars</x:p>
          </x:td>
          <x:td id="ID_7312329" HAlignment="Left" VAlignment="Top" align="left" valign="top">&nbsp;</x:td>
        </x:tr>
        <x:tr id="ID_7312330">
          <x:td id="ID_7312331" HAlignment="Left" VAlignment="Top" align="left" valign="top">4</x:td>
          <x:td id="ID_7312332" HAlignment="Left" VAlignment="Top" align="left" valign="top">
            <x:p id="ID_7312333">Remarks</x:p>
          </x:td>
          <x:td id="ID_7312334" HAlignment="Left" VAlignment="Top" align="left" valign="top">&nbsp;</x:td>
        </x:tr>
      </x:tbody>
    </x:table>
  </e:AD-2.9>
  <e:AD-2.10 id="EGPE-AD-2.10" Number="AD 2.10">
    <GreenBorder id="ID_7312336" />
    <e:Title id="ID_7312337">AERODROME&nbsp;OBSTACLES</e:Title>
    <x:table id="ID_7312339" class="">
      <x:thead id="ID_7312340">
        <x:tr id="ID_7312341">
          <x:th id="ID_7312342" HAlignment="Center" VAlignment="Top" colspan="6" align="center" valign="top">
            <x:p id="ID_7312343">In Approach/Take-off areas</x:p>
          </x:th>
        </x:tr>
        <x:tr id="ID_7312344">
          <x:th id="ID_7312345" HAlignment="Left" VAlignment="Top" align="left" valign="top">
            <x:p id="ID_7312346">Obstacle ID/Designation</x:p>
          </x:th>
          <x:th id="ID_7312347" HAlignment="Left" VAlignment="Top" align="left" valign="top">
            <x:p id="ID_7312348">Obstacle Type</x:p>
          </x:th>
          <x:th id="ID_7312349" HAlignment="Left" VAlignment="Top" align="left" valign="top">
            <x:p id="ID_7312350">Obstacle Position</x:p>
          </x:th>
          <x:th id="ID_7312351" HAlignment="Left" VAlignment="Top" align="left" valign="top">
            <x:p id="ID_7312352">Elevation/Height</x:p>
          </x:th>
          <x:th id="ID_7312353" HAlignment="Left" VAlignment="Top" align="left" valign="top">
            <x:p id="ID_7312354">Obstruction Lighting Type/Colour</x:p>
          </x:th>
          <x:th id="ID_7312355" HAlignment="Left" VAlignment="Top" align="left" valign="top">
            <x:p id="ID_7312356">Remarks</x:p>
          </x:th>
        </x:tr>
        <x:tr id="ID_7312357">
          <x:th id="ID_7312358" HAlignment="Left" VAlignment="Top" align="left" valign="top">1</x:th>
          <x:th id="ID_7312359" HAlignment="Left" VAlignment="Top" align="left" valign="top">2</x:th>
          <x:th id="ID_7312360" HAlignment="Left" VAlignment="Top" align="left" valign="top">3</x:th>
          <x:th id="ID_7312361" HAlignment="Left" VAlignment="Top" align="left" valign="top">4</x:th>
          <x:th id="ID_7312362" HAlignment="Left" VAlignment="Top" align="left" valign="top">5</x:th>
          <x:th id="ID_7312363" HAlignment="Left" VAlignment="Top" align="left" valign="top">6</x:th>
        </x:tr>
      </x:thead>
      <x:tbody id="ID_7312364">
        <x:tr id="ID_7312365">
          <x:td id="ID_7312366" HAlignment="Left" VAlignment="Top" align="left" valign="top">&nbsp;</x:td>
          <x:td id="ID_7312367" HAlignment="Left" VAlignment="Top" align="left" valign="top">&nbsp;</x:td>
          <x:td id="ID_7312368" HAlignment="Left" VAlignment="Top" align="left" valign="top">&nbsp;</x:td>
          <x:td id="ID_7312369" HAlignment="Left" VAlignment="Top" align="left" valign="top">&nbsp;</x:td>
          <x:td id="ID_7312370" HAlignment="Left" VAlignment="Top" align="left" valign="top">&nbsp;</x:td>
          <x:td id="ID_7312371" HAlignment="Left" VAlignment="Top" align="left" valign="top">&nbsp;</x:td>
        </x:tr>
      </x:tbody>
    </x:table>
    <x:table id="ID_7312373" class="">
      <x:thead id="ID_7312374">
        <x:tr id="ID_7312375">
          <x:th id="ID_7312376" HAlignment="Center" VAlignment="Top" colspan="6" align="center" valign="top">
            <x:p id="ID_7312377">In circling area and at aerodrome</x:p>
          </x:th>
        </x:tr>
        <x:tr id="ID_7312378">
          <x:th id="ID_7312379" HAlignment="Left" VAlignment="Top" align="left" valign="top">
            <x:p id="ID_7312380">Obstacle ID/Designation</x:p>
          </x:th>
          <x:th id="ID_7312381" HAlignment="Left" VAlignment="Top" align="left" valign="top">
            <x:p id="ID_7312382">Obstacle Type</x:p>
          </x:th>
          <x:th id="ID_7312383" HAlignment="Left" VAlignment="Top" align="left" valign="top">
            <x:p id="ID_7312384">Obstacle Position</x:p>
          </x:th>
          <x:th id="ID_7312385" HAlignment="Left" VAlignment="Top" align="left" valign="top">
            <x:p id="ID_7312386">Elevation/Height</x:p>
          </x:th>
          <x:th id="ID_7312387" HAlignment="Left" VAlignment="Top" align="left" valign="top">
            <x:p id="ID_7312388">Obstruction Lighting Type/Colour</x:p>
          </x:th>
          <x:th id="ID_7312389" HAlignment="Left" VAlignment="Top" align="left" valign="top">
            <x:p id="ID_7312390">Remarks</x:p>
          </x:th>
        </x:tr>
        <x:tr id="ID_7312391">
          <x:th id="ID_7312392" HAlignment="Left" VAlignment="Top" align="left" valign="top">1</x:th>
          <x:th id="ID_7312393" HAlignment="Left" VAlignment="Top" align="left" valign="top">2</x:th>
          <x:th id="ID_7312394" HAlignment="Left" VAlignment="Top" align="left" valign="top">3</x:th>
          <x:th id="ID_7312395" HAlignment="Left" VAlignment="Top" align="left" valign="top">4</x:th>
          <x:th id="ID_7312396" HAlignment="Left" VAlignment="Top" align="left" valign="top">5</x:th>
          <x:th id="ID_7312397" HAlignment="Left" VAlignment="Top" align="left" valign="top">6</x:th>
        </x:tr>
      </x:thead>
      <x:tbody id="ID_7312398">
        <x:tr id="ID_7312399">
          <x:td id="ID_7312400" HAlignment="Left" VAlignment="Top" align="left" valign="top">&nbsp;</x:td>
          <x:td id="ID_7312401" HAlignment="Left" VAlignment="Top" align="left" valign="top">&nbsp;</x:td>
          <x:td id="ID_7312402" HAlignment="Left" VAlignment="Top" align="left" valign="top">&nbsp;</x:td>
          <x:td id="ID_7312403" HAlignment="Left" VAlignment="Top" align="left" valign="top">&nbsp;</x:td>
          <x:td id="ID_7312404" HAlignment="Left" VAlignment="Top" align="left" valign="top">&nbsp;</x:td>
          <x:td id="ID_7312405" HAlignment="Left" VAlignment="Top" align="left" valign="top">&nbsp;</x:td>
        </x:tr>
      </x:tbody>
    </x:table>
  </e:AD-2.10>
  <e:AD-2.11 id="EGPE-AD-2.11" Number="AD 2.11">
    <GreenBorder id="ID_7312407" />
    <e:Title id="ID_7312408">METEOROLOGICAL&nbsp;INFORMATION&nbsp;PROVIDED</e:Title>
    <x:table id="ID_7312410" class="">
      <x:tbody id="ID_7312411">
        <x:tr id="ID_7312412">
          <x:td id="ID_7312413" HAlignment="Left" VAlignment="Top" align="left" valign="top">1</x:td>
          <x:td id="ID_7312414" HAlignment="Left" VAlignment="Top" align="left" valign="top">
            <x:p id="ID_7312415">Associated MET Office</x:p>
          </x:td>
          <x:td id="ID_7312416" HAlignment="Left" VAlignment="Top" align="left" valign="top">&nbsp;</x:td>
        </x:tr>
        <x:tr id="ID_7312417">
          <x:td id="ID_7312418" HAlignment="Left" VAlignment="Top" align="left" valign="top">2</x:td>
          <x:td id="ID_7312419" HAlignment="Left" VAlignment="Top" align="left" valign="top">
            <x:p id="ID_7312420">Hours of service</x:p>
            <x:p id="ID_7312421">MET Office outside hours</x:p>
          </x:td>
          <x:td id="ID_7312422" HAlignment="Left" VAlignment="Top" align="left" valign="top">&nbsp;</x:td>
        </x:tr>
        <x:tr id="ID_7312423">
          <x:td id="ID_7312424" HAlignment="Left" VAlignment="Top" align="left" valign="top">3</x:td>
          <x:td id="ID_7312425" HAlignment="Left" VAlignment="Top" align="left" valign="top">
            <x:p id="ID_7312426">Office responsible for TAF preparation</x:p>
            <x:p id="ID_7312427">Periods of validity</x:p>
          </x:td>
          <x:td id="ID_7312428" HAlignment="Left" VAlignment="Top" align="left" valign="top">&nbsp;</x:td>
        </x:tr>
        <x:tr id="ID_7312429">
          <x:td id="ID_7312430" HAlignment="Left" VAlignment="Top" align="left" valign="top">4</x:td>
          <x:td id="ID_7312431" HAlignment="Left" VAlignment="Top" align="left" valign="top">
            <x:p id="ID_7312432">Trend forecast</x:p>
            <x:p id="ID_7312433">Interval of issuance</x:p>
          </x:td>
          <x:td id="ID_7312434" HAlignment="Left" VAlignment="Top" align="left" valign="top">&nbsp;</x:td>
        </x:tr>
        <x:tr id="ID_7312435">
          <x:td id="ID_7312436" HAlignment="Left" VAlignment="Top" align="left" valign="top">5</x:td>
          <x:td id="ID_7312437" HAlignment="Left" VAlignment="Top" align="left" valign="top">
            <x:p id="ID_7312438">Briefing/consultation provided</x:p>
          </x:td>
          <x:td id="ID_7312439" HAlignment="Left" VAlignment="Top" align="left" valign="top">&nbsp;</x:td>
        </x:tr>
        <x:tr id="ID_7312440">
          <x:td id="ID_7312441" HAlignment="Left" VAlignment="Top" align="left" valign="top">6</x:td>
          <x:td id="ID_7312442" HAlignment="Left" VAlignment="Top" align="left" valign="top">
            <x:p id="ID_7312443">Flight documentation</x:p>
            <x:p id="ID_7312444">Language(s) used</x:p>
          </x:td>
          <x:td id="ID_7312445" HAlignment="Left" VAlignment="Top" align="left" valign="top">&nbsp;</x:td>
        </x:tr>
        <x:tr id="ID_7312446">
          <x:td id="ID_7312447" HAlignment="Left" VAlignment="Top" align="left" valign="top">7</x:td>
          <x:td id="ID_7312448" HAlignment="Left" VAlignment="Top" align="left" valign="top">
            <x:p id="ID_7312449">Charts and other information available for briefing or consultation</x:p>
          </x:td>
          <x:td id="ID_7312450" HAlignment="Left" VAlignment="Top" align="left" valign="top">&nbsp;</x:td>
        </x:tr>
        <x:tr id="ID_7312451">
          <x:td id="ID_7312452" HAlignment="Left" VAlignment="Top" align="left" valign="top">8</x:td>
          <x:td id="ID_7312453" HAlignment="Left" VAlignment="Top" align="left" valign="top">
            <x:p id="ID_7312454">Supplementary equipment available for providing information</x:p>
          </x:td>
          <x:td id="ID_7312455" HAlignment="Left" VAlignment="Top" align="left" valign="top">&nbsp;</x:td>
        </x:tr>
        <x:tr id="ID_7312456">
          <x:td id="ID_7312457" HAlignment="Left" VAlignment="Top" align="left" valign="top">9</x:td>
          <x:td id="ID_7312458" HAlignment="Left" VAlignment="Top" align="left" valign="top">
            <x:p id="ID_7312459">ATS units provided with information</x:p>
          </x:td>
          <x:td id="ID_7312460" HAlignment="Left" VAlignment="Top" align="left" valign="top">&nbsp;</x:td>
        </x:tr>
        <x:tr id="ID_7312461">
          <x:td id="ID_7312462" HAlignment="Left" VAlignment="Top" align="left" valign="top">10</x:td>
          <x:td id="ID_7312463" HAlignment="Left" VAlignment="Top" align="left" valign="top">
            <x:p id="ID_7312464">Additional information (limitation of service, etc.)</x:p>
          </x:td>
          <x:td id="ID_7312465" HAlignment="Left" VAlignment="Top" align="left" valign="top">&nbsp;</x:td>
        </x:tr>
      </x:tbody>
    </x:table>
  </e:AD-2.11>
  <e:AD-2.12 id="EGPE-AD-2.12" Number="AD 2.12">
    <GreenBorder id="ID_7312467" />
    <e:Title id="ID_7312468">RUNWAY&nbsp;PHYSICAL&nbsp;CHARACTERISTICS</e:Title>
    <x:table id="ID_7312470" class="">
      <x:thead id="ID_7312471">
        <x:tr id="ID_7312472">
          <x:th id="ID_7312473" HAlignment="Left" VAlignment="Top" align="left" valign="top">
            <x:p id="ID_7312474">Designations RWY Number</x:p>
          </x:th>
          <x:th id="ID_7312475" HAlignment="Left" VAlignment="Top" align="left" valign="top">
            <x:p id="ID_7312476">True bearing</x:p>
          </x:th>
          <x:th id="ID_7312477" HAlignment="Left" VAlignment="Top" align="left" valign="top">
            <x:p id="ID_7312478">Dimensions of RWY</x:p>
          </x:th>
          <x:th id="ID_7312479" HAlignment="Left" VAlignment="Top" align="left" valign="top">
            <x:p id="ID_7312480">Surface of RWY/ SWY/ </x:p>
            <x:p id="ID_7312481">Strength (PCN)</x:p>
          </x:th>
          <x:th id="ID_7312482" HAlignment="Left" VAlignment="Top" align="left" valign="top">
            <x:p id="ID_7312483">THR co-ordinates/</x:p>
            <x:p id="ID_7312484">THR Geoid undulation</x:p>
          </x:th>
          <x:th id="ID_7312485" HAlignment="Left" VAlignment="Top" align="left" valign="top">
            <x:p id="ID_7312486">THR elevation/ Highest elevation of TDZ of precision APP RWY</x:p>
          </x:th>
        </x:tr>
        <x:tr id="ID_7312487">
          <x:th id="ID_7312488" HAlignment="Left" VAlignment="Top" align="left" valign="top">1</x:th>
          <x:th id="ID_7312489" HAlignment="Left" VAlignment="Top" align="left" valign="top">2</x:th>
          <x:th id="ID_7312490" HAlignment="Left" VAlignment="Top" align="left" valign="top">3</x:th>
          <x:th id="ID_7312491" HAlignment="Left" VAlignment="Top" align="left" valign="top">4</x:th>
          <x:th id="ID_7312492" HAlignment="Left" VAlignment="Top" align="left" valign="top">5</x:th>
          <x:th id="ID_7312493" HAlignment="Left" VAlignment="Top" align="left" valign="top">6</x:th>
        </x:tr>
      </x:thead>
      <x:tbody id="ID_7312494">
        <x:tr id="ID_7312495">
          <x:td id="ID_7312496" HAlignment="Left" VAlignment="Top" align="left" valign="top">&nbsp;</x:td>
          <x:td id="ID_7312497" HAlignment="Left" VAlignment="Top" align="left" valign="top">&nbsp;</x:td>
          <x:td id="ID_7312498" HAlignment="Left" VAlignment="Top" align="left" valign="top">&nbsp;</x:td>
          <x:td id="ID_7312499" HAlignment="Left" VAlignment="Top" align="left" valign="top">&nbsp;</x:td>
          <x:td id="ID_7312500" HAlignment="Left" VAlignment="Top" align="left" valign="top">&nbsp;</x:td>
          <x:td id="ID_7312501" HAlignment="Left" VAlignment="Top" align="left" valign="top">&nbsp;</x:td>
        </x:tr>
        <x:tr id="ID_7312502">
          <x:td id="ID_7312503" HAlignment="Left" VAlignment="Top" align="left" valign="top">&nbsp;</x:td>
          <x:td id="ID_7312504" HAlignment="Left" VAlignment="Top" align="left" valign="top">&nbsp;</x:td>
          <x:td id="ID_7312505" HAlignment="Left" VAlignment="Top" align="left" valign="top">&nbsp;</x:td>
          <x:td id="ID_7312506" HAlignment="Left" VAlignment="Top" align="left" valign="top">&nbsp;</x:td>
          <x:td id="ID_7312507" HAlignment="Left" VAlignment="Top" align="left" valign="top">&nbsp;</x:td>
          <x:td id="ID_7312508" HAlignment="Left" VAlignment="Top" align="left" valign="top">&nbsp;</x:td>
        </x:tr>
      </x:tbody>
    </x:table>
    <x:table id="ID_7312510" class="">
      <x:thead id="ID_7312511">
        <x:tr id="ID_7312512">
          <x:th id="ID_7312513" HAlignment="Left" VAlignment="Top" colspan="3" align="left" valign="top">
            <x:p id="ID_7312514">Slope of RWY/</x:p>
            <x:p id="ID_7312515">SWY</x:p>
          </x:th>
          <x:th id="ID_7312516" HAlignment="Left" VAlignment="Top" align="left" valign="top">
            <x:p id="ID_7312517">SWY dimensions</x:p>
          </x:th>
          <x:th id="ID_7312518" HAlignment="Left" VAlignment="Top" align="left" valign="top">
            <x:p id="ID_7312519">Clearway dimensions</x:p>
          </x:th>
          <x:th id="ID_7312520" HAlignment="Left" VAlignment="Top" align="left" valign="top">
            <x:p id="ID_7312521">Strip dimensions</x:p>
          </x:th>
          <x:th id="ID_7312522" HAlignment="Left" VAlignment="Top" align="left" valign="top">
            <x:p id="ID_7312523">OFZ</x:p>
          </x:th>
          <x:th id="ID_7312524" HAlignment="Left" VAlignment="Top" align="left" valign="top">
            <x:p id="ID_7312525">Remarks</x:p>
          </x:th>
        </x:tr>
        <x:tr id="ID_7312526">
          <x:th id="ID_7312527" HAlignment="Left" VAlignment="Top" colspan="3" align="left" valign="top">7</x:th>
          <x:th id="ID_7312528" HAlignment="Left" VAlignment="Top" align="left" valign="top">8</x:th>
          <x:th id="ID_7312529" HAlignment="Left" VAlignment="Top" align="left" valign="top">9</x:th>
          <x:th id="ID_7312530" HAlignment="Left" VAlignment="Top" align="left" valign="top">10</x:th>
          <x:th id="ID_7312531" HAlignment="Left" VAlignment="Top" align="left" valign="top">11</x:th>
          <x:th id="ID_7312532" HAlignment="Left" VAlignment="Top" align="left" valign="top">12</x:th>
        </x:tr>
      </x:thead>
      <x:tbody id="ID_7312533">
        <x:tr id="ID_7312534">
          <x:td id="ID_7312535" HAlignment="Left" VAlignment="Top" colspan="3" align="left" valign="top">&nbsp;</x:td>
          <x:td id="ID_7312536" HAlignment="Left" VAlignment="Top" align="left" valign="top">&nbsp;</x:td>
          <x:td id="ID_7312537" HAlignment="Left" VAlignment="Top" align="left" valign="top">&nbsp;</x:td>
          <x:td id="ID_7312538" HAlignment="Left" VAlignment="Top" align="left" valign="top">&nbsp;</x:td>
          <x:td id="ID_7312539" HAlignment="Left" VAlignment="Top" align="left" valign="top">&nbsp;</x:td>
          <x:td id="ID_7312540" HAlignment="Left" VAlignment="Top" align="left" valign="top">&nbsp;</x:td>
        </x:tr>
        <x:tr id="ID_7312541">
          <x:td id="ID_7312542" HAlignment="Left" VAlignment="Top" colspan="3" align="left" valign="top">&nbsp;</x:td>
          <x:td id="ID_7312543" HAlignment="Left" VAlignment="Top" align="left" valign="top">&nbsp;</x:td>
          <x:td id="ID_7312544" HAlignment="Left" VAlignment="Top" align="left" valign="top">&nbsp;</x:td>
          <x:td id="ID_7312545" HAlignment="Left" VAlignment="Top" align="left" valign="top">&nbsp;</x:td>
          <x:td id="ID_7312546" HAlignment="Left" VAlignment="Top" align="left" valign="top">&nbsp;</x:td>
          <x:td id="ID_7312547" HAlignment="Left" VAlignment="Top" align="left" valign="top">&nbsp;</x:td>
        </x:tr>
      </x:tbody>
    </x:table>
  </e:AD-2.12>
  <e:AD-2.13 id="EGPE-AD-2.13" Number="AD 2.13">
    <GreenBorder id="ID_7312549" />
    <e:Title id="ID_7312550">DECLARED&nbsp;DISTANCES</e:Title>
    <x:table id="ID_7312552" class="">
      <x:thead id="ID_7312553">
        <x:tr id="ID_7312554">
          <x:th id="ID_7312555" HAlignment="Left" VAlignment="Top" align="left" valign="top">
            <x:p id="ID_7312556">Runway designator</x:p>
          </x:th>
          <x:th id="ID_7312557" HAlignment="Left" VAlignment="Top" align="left" valign="top">
            <x:p id="ID_7312558">TORA</x:p>
          </x:th>
          <x:th id="ID_7312559" HAlignment="Left" VAlignment="Top" align="left" valign="top">
            <x:p id="ID_7312560">TODA</x:p>
          </x:th>
          <x:th id="ID_7312561" HAlignment="Left" VAlignment="Top" align="left" valign="top">
            <x:p id="ID_7312562">ASDA</x:p>
          </x:th>
          <x:th id="ID_7312563" HAlignment="Left" VAlignment="Top" align="left" valign="top">
            <x:p id="ID_7312564">LDA</x:p>
          </x:th>
          <x:th id="ID_7312565" HAlignment="Left" VAlignment="Top" align="left" valign="top">
            <x:p id="ID_7312566">Remarks</x:p>
          </x:th>
        </x:tr>
        <x:tr id="ID_7312567">
          <x:th id="ID_7312568" HAlignment="Left" VAlignment="Top" align="left" valign="top">1</x:th>
          <x:th id="ID_7312569" HAlignment="Left" VAlignment="Top" align="left" valign="top">2</x:th>
          <x:th id="ID_7312570" HAlignment="Left" VAlignment="Top" align="left" valign="top">3</x:th>
          <x:th id="ID_7312571" HAlignment="Left" VAlignment="Top" align="left" valign="top">4</x:th>
          <x:th id="ID_7312572" HAlignment="Left" VAlignment="Top" align="left" valign="top">5</x:th>
          <x:th id="ID_7312573" HAlignment="Left" VAlignment="Top" align="left" valign="top">6</x:th>
        </x:tr>
      </x:thead>
      <x:tbody id="ID_7312574">
        <x:tr id="ID_7312575">
          <x:td id="ID_7312576" HAlignment="Left" VAlignment="Top" align="left" valign="top">&nbsp;</x:td>
          <x:td id="ID_7312577" HAlignment="Left" VAlignment="Top" align="left" valign="top">&nbsp;</x:td>
          <x:td id="ID_7312578" HAlignment="Left" VAlignment="Top" align="left" valign="top">&nbsp;</x:td>
          <x:td id="ID_7312579" HAlignment="Left" VAlignment="Top" align="left" valign="top">&nbsp;</x:td>
          <x:td id="ID_7312580" HAlignment="Left" VAlignment="Top" align="left" valign="top">&nbsp;</x:td>
          <x:td id="ID_7312581" HAlignment="Left" VAlignment="Top" align="left" valign="top">&nbsp;</x:td>
        </x:tr>
        <x:tr id="ID_7312582">
          <x:td id="ID_7312583" HAlignment="Left" VAlignment="Top" align="left" valign="top">&nbsp;</x:td>
          <x:td id="ID_7312584" HAlignment="Left" VAlignment="Top" align="left" valign="top">&nbsp;</x:td>
          <x:td id="ID_7312585" HAlignment="Left" VAlignment="Top" align="left" valign="top">&nbsp;</x:td>
          <x:td id="ID_7312586" HAlignment="Left" VAlignment="Top" align="left" valign="top">&nbsp;</x:td>
          <x:td id="ID_7312587" HAlignment="Left" VAlignment="Top" align="left" valign="top">&nbsp;</x:td>
          <x:td id="ID_7312588" HAlignment="Left" VAlignment="Top" align="left" valign="top">&nbsp;</x:td>
        </x:tr>
      </x:tbody>
    </x:table>
  </e:AD-2.13>
  <e:AD-2.14 id="EGPE-AD-2.14" Number="AD 2.14">
    <GreenBorder id="ID_7312590" />
    <e:Title id="ID_7312591">APPROACH&nbsp;AND&nbsp;RUNWAY&nbsp;LIGHTING</e:Title>
    <x:table id="ID_7312593" class="">
      <x:thead id="ID_7312594">
        <x:tr id="ID_7312595">
          <x:th id="ID_7312596" HAlignment="Left" VAlignment="Top" align="left" valign="top">
            <x:p id="ID_7312597">RWY</x:p>
          </x:th>
          <x:th id="ID_7312598" HAlignment="Left" VAlignment="Top" align="left" valign="top">
            <x:p id="ID_7312599">Approach Lighting Type/</x:p>
            <x:p id="ID_7312600">Length/</x:p>
            <x:p id="ID_7312601">Intensity</x:p>
          </x:th>
          <x:th id="ID_7312602" HAlignment="Left" VAlignment="Top" align="left" valign="top">
            <x:p id="ID_7312603">Threshold lighting</x:p>
            <x:p id="ID_7312604">Colour/ </x:p>
            <x:p id="ID_7312605">Wing bars</x:p>
          </x:th>
          <x:th id="ID_7312606" HAlignment="Left" VAlignment="Top" align="left" valign="top">
            <x:p id="ID_7312607">VASIS/</x:p>
            <x:p id="ID_7312608">MEHT/</x:p>
            <x:p id="ID_7312609">PAPI</x:p>
          </x:th>
          <x:th id="ID_7312610" HAlignment="Left" VAlignment="Top" align="left" valign="top">
            <x:p id="ID_7312611">TDZ lighting</x:p>
            <x:p id="ID_7312612">Length</x:p>
          </x:th>
          <x:th id="ID_7312613" HAlignment="Left" VAlignment="Top" align="left" valign="top">
            <x:p id="ID_7312614">Runway Centre Line lighting</x:p>
            <x:p id="ID_7312615">Length/</x:p>
            <x:p id="ID_7312616">Spacing/</x:p>
            <x:p id="ID_7312617">Colour/</x:p>
            <x:p id="ID_7312618">Intensity</x:p>
          </x:th>
          <x:th id="ID_7312619" HAlignment="Left" VAlignment="Top" align="left" valign="top">
            <x:p id="ID_7312620">Runway edge lighting</x:p>
            <x:p id="ID_7312621">Length/</x:p>
            <x:p id="ID_7312622">Spacing/</x:p>
            <x:p id="ID_7312623">Colour/</x:p>
            <x:p id="ID_7312624">Intensity</x:p>
          </x:th>
          <x:th id="ID_7312625" HAlignment="Left" VAlignment="Top" align="left" valign="top">
            <x:p id="ID_7312626">Runway end lighting</x:p>
            <x:p id="ID_7312627">Colour/</x:p>
            <x:p id="ID_7312628">Wing bars</x:p>
          </x:th>
          <x:th id="ID_7312629" HAlignment="Left" VAlignment="Top" align="left" valign="top">
            <x:p id="ID_7312630">Stopway lighting</x:p>
            <x:p id="ID_7312631">Length/</x:p>
            <x:p id="ID_7312632">Colour</x:p>
          </x:th>
          <x:th id="ID_7312633" HAlignment="Left" VAlignment="Top" align="left" valign="top">
            <x:p id="ID_7312634">Remarks</x:p>
          </x:th>
        </x:tr>
        <x:tr id="ID_7312635">
          <x:th id="ID_7312636" HAlignment="Left" VAlignment="Top" align="left" valign="top">1</x:th>
          <x:th id="ID_7312637" HAlignment="Left" VAlignment="Top" align="left" valign="top">2</x:th>
          <x:th id="ID_7312638" HAlignment="Left" VAlignment="Top" align="left" valign="top">3</x:th>
          <x:th id="ID_7312639" HAlignment="Left" VAlignment="Top" align="left" valign="top">4</x:th>
          <x:th id="ID_7312640" HAlignment="Left" VAlignment="Top" align="left" valign="top">5</x:th>
          <x:th id="ID_7312641" HAlignment="Left" VAlignment="Top" align="left" valign="top">6</x:th>
          <x:th id="ID_7312642" HAlignment="Left" VAlignment="Top" align="left" valign="top">7</x:th>
          <x:th id="ID_7312643" HAlignment="Left" VAlignment="Top" align="left" valign="top">8</x:th>
          <x:th id="ID_7312644" HAlignment="Left" VAlignment="Top" align="left" valign="top">9</x:th>
          <x:th id="ID_7312645" HAlignment="Left" VAlignment="Top" align="left" valign="top">10</x:th>
        </x:tr>
      </x:thead>
      <x:tbody id="ID_7312646">
        <x:tr id="ID_7312647">
          <x:td id="ID_7312648" HAlignment="Left" VAlignment="Top" align="left" valign="top">&nbsp;</x:td>
          <x:td id="ID_7312649" HAlignment="Left" VAlignment="Top" align="left" valign="top">&nbsp;</x:td>
          <x:td id="ID_7312650" HAlignment="Left" VAlignment="Top" align="left" valign="top">&nbsp;</x:td>
          <x:td id="ID_7312651" HAlignment="Left" VAlignment="Top" align="left" valign="top">&nbsp;</x:td>
          <x:td id="ID_7312652" HAlignment="Left" VAlignment="Top" align="left" valign="top">&nbsp;</x:td>
          <x:td id="ID_7312653" HAlignment="Left" VAlignment="Top" align="left" valign="top">&nbsp;</x:td>
          <x:td id="ID_7312654" HAlignment="Left" VAlignment="Top" align="left" valign="top">&nbsp;</x:td>
          <x:td id="ID_7312655" HAlignment="Left" VAlignment="Top" align="left" valign="top">&nbsp;</x:td>
          <x:td id="ID_7312656" HAlignment="Left" VAlignment="Top" align="left" valign="top">&nbsp;</x:td>
          <x:td id="ID_7312657" HAlignment="Left" VAlignment="Top" align="left" valign="top">&nbsp;</x:td>
        </x:tr>
        <x:tr id="ID_7312658">
          <x:td id="ID_7312659" HAlignment="Left" VAlignment="Top" align="left" valign="top">&nbsp;</x:td>
          <x:td id="ID_7312660" HAlignment="Left" VAlignment="Top" align="left" valign="top">&nbsp;</x:td>
          <x:td id="ID_7312661" HAlignment="Left" VAlignment="Top" align="left" valign="top">&nbsp;</x:td>
          <x:td id="ID_7312662" HAlignment="Left" VAlignment="Top" align="left" valign="top">&nbsp;</x:td>
          <x:td id="ID_7312663" HAlignment="Left" VAlignment="Top" align="left" valign="top">&nbsp;</x:td>
          <x:td id="ID_7312664" HAlignment="Left" VAlignment="Top" align="left" valign="top">&nbsp;</x:td>
          <x:td id="ID_7312665" HAlignment="Left" VAlignment="Top" align="left" valign="top">&nbsp;</x:td>
          <x:td id="ID_7312666" HAlignment="Left" VAlignment="Top" align="left" valign="top">&nbsp;</x:td>
          <x:td id="ID_7312667" HAlignment="Left" VAlignment="Top" align="left" valign="top">&nbsp;</x:td>
          <x:td id="ID_7312668" HAlignment="Left" VAlignment="Top" align="left" valign="top">&nbsp;</x:td>
        </x:tr>
      </x:tbody>
    </x:table>
  </e:AD-2.14>
  <e:AD-2.15 id="EGPE-AD-2.15" Number="AD 2.15">
    <GreenBorder id="ID_7312670" />
    <e:Title id="ID_7312671">OTHER&nbsp;LIGHTING,&nbsp;SECONDARY&nbsp;POWER&nbsp;SUPPLY</e:Title>
    <x:table id="ID_7312673" class="">
      <x:tbody id="ID_7312674">
        <x:tr id="ID_7312675">
          <x:td id="ID_7312676" HAlignment="Left" VAlignment="Top" align="left" valign="top">1</x:td>
          <x:td id="ID_7312677" HAlignment="Left" VAlignment="Top" align="left" valign="top">
            <x:p id="ID_7312678">ABN/IBN location, characteristics and hours of operation</x:p>
          </x:td>
          <x:td id="ID_7312679" HAlignment="Left" VAlignment="Top" align="left" valign="top">&nbsp;</x:td>
        </x:tr>
        <x:tr id="ID_7312680">
          <x:td id="ID_7312681" HAlignment="Left" VAlignment="Top" align="left" valign="top">2</x:td>
          <x:td id="ID_7312682" HAlignment="Left" VAlignment="Top" align="left" valign="top">
            <x:p id="ID_7312683">LDI location and lighting</x:p>
            <x:p id="ID_7312684">Anemometer location and lighting</x:p>
          </x:td>
          <x:td id="ID_7312685" HAlignment="Left" VAlignment="Top" align="left" valign="top">&nbsp;</x:td>
        </x:tr>
        <x:tr id="ID_7312686">
          <x:td id="ID_7312687" HAlignment="Left" VAlignment="Top" align="left" valign="top">3</x:td>
          <x:td id="ID_7312688" HAlignment="Left" VAlignment="Top" align="left" valign="top">
            <x:p id="ID_7312689">TWY edge and centre line lighting</x:p>
          </x:td>
          <x:td id="ID_7312690" HAlignment="Left" VAlignment="Top" align="left" valign="top">&nbsp;</x:td>
        </x:tr>
        <x:tr id="ID_7312691">
          <x:td id="ID_7312692" HAlignment="Left" VAlignment="Top" align="left" valign="top">4</x:td>
          <x:td id="ID_7312693" HAlignment="Left" VAlignment="Top" align="left" valign="top">
            <x:p id="ID_7312694">Secondary power supply/switch-over time</x:p>
          </x:td>
          <x:td id="ID_7312695" HAlignment="Left" VAlignment="Top" align="left" valign="top">&nbsp;</x:td>
        </x:tr>
        <x:tr id="ID_7312696">
          <x:td id="ID_7312697" HAlignment="Left" VAlignment="Top" align="left" valign="top">5</x:td>
          <x:td id="ID_7312698" HAlignment="Left" VAlignment="Top" align="left" valign="top">
            <x:p id="ID_7312699">Remarks</x:p>
          </x:td>
          <x:td id="ID_7312700" HAlignment="Left" VAlignment="Top" align="left" valign="top">&nbsp;</x:td>
        </x:tr>
      </x:tbody>
    </x:table>
  </e:AD-2.15>
  <e:AD-2.16 id="EGPE-AD-2.16" Number="AD 2.16">
    <GreenBorder id="ID_7312702" />
    <e:Title id="ID_7312703">HELICOPTER&nbsp;LANDING&nbsp;AREA</e:Title>
    <x:table id="ID_7312705" class="">
      <x:tbody id="ID_7312706">
        <x:tr id="ID_7312707">
          <x:td id="ID_7312708" HAlignment="Left" VAlignment="Top" align="left" valign="top">1</x:td>
          <x:td id="ID_7312709" HAlignment="Left" VAlignment="Top" align="left" valign="top">
            <x:p id="ID_7312710">Coordinates TLOF or THR of FATO</x:p>
            <x:p id="ID_7312711">Geoid undulation</x:p>
          </x:td>
          <x:td id="ID_7312712" HAlignment="Left" VAlignment="Top" align="left" valign="top">&nbsp;</x:td>
        </x:tr>
        <x:tr id="ID_7312713">
          <x:td id="ID_7312714" HAlignment="Left" VAlignment="Top" align="left" valign="top">2</x:td>
          <x:td id="ID_7312715" HAlignment="Left" VAlignment="Top" align="left" valign="top">
            <x:p id="ID_7312716">TLOF and/or FATO elevation M/FT</x:p>
          </x:td>
          <x:td id="ID_7312717" HAlignment="Left" VAlignment="Top" align="left" valign="top">&nbsp;</x:td>
        </x:tr>
        <x:tr id="ID_7312718">
          <x:td id="ID_7312719" HAlignment="Left" VAlignment="Top" align="left" valign="top">3</x:td>
          <x:td id="ID_7312720" HAlignment="Left" VAlignment="Top" align="left" valign="top">
            <x:p id="ID_7312721">TLOF and FATO area dimensions, surface, strength, marking</x:p>
          </x:td>
          <x:td id="ID_7312722" HAlignment="Left" VAlignment="Top" align="left" valign="top">&nbsp;</x:td>
        </x:tr>
        <x:tr id="ID_7312723">
          <x:td id="ID_7312724" HAlignment="Left" VAlignment="Top" align="left" valign="top">4</x:td>
          <x:td id="ID_7312725" HAlignment="Left" VAlignment="Top" align="left" valign="top">
            <x:p id="ID_7312726">True BRG of FATO</x:p>
          </x:td>
          <x:td id="ID_7312727" HAlignment="Left" VAlignment="Top" align="left" valign="top">&nbsp;</x:td>
        </x:tr>
        <x:tr id="ID_7312728">
          <x:td id="ID_7312729" HAlignment="Left" VAlignment="Top" align="left" valign="top">5</x:td>
          <x:td id="ID_7312730" HAlignment="Left" VAlignment="Top" align="left" valign="top">
            <x:p id="ID_7312731">Declared distance available</x:p>
          </x:td>
          <x:td id="ID_7312732" HAlignment="Left" VAlignment="Top" align="left" valign="top">&nbsp;</x:td>
        </x:tr>
        <x:tr id="ID_7312733">
          <x:td id="ID_7312734" HAlignment="Left" VAlignment="Top" align="left" valign="top">6</x:td>
          <x:td id="ID_7312735" HAlignment="Left" VAlignment="Top" align="left" valign="top">
            <x:p id="ID_7312736">APP and FATO lighting</x:p>
          </x:td>
          <x:td id="ID_7312737" HAlignment="Left" VAlignment="Top" align="left" valign="top">&nbsp;</x:td>
        </x:tr>
        <x:tr id="ID_7312738">
          <x:td id="ID_7312739" HAlignment="Left" VAlignment="Top" align="left" valign="top">7</x:td>
          <x:td id="ID_7312740" HAlignment="Left" VAlignment="Top" align="left" valign="top">
            <x:p id="ID_7312741">Remarks</x:p>
          </x:td>
          <x:td id="ID_7312742" HAlignment="Left" VAlignment="Top" align="left" valign="top">&nbsp;</x:td>
        </x:tr>
      </x:tbody>
    </x:table>
  </e:AD-2.16>
  <e:AD-2.17 id="EGPE-AD-2.17" Number="AD 2.17">
    <GreenBorder id="ID_7312744" />
    <e:Title id="ID_7312745">AIR TRAFFIC SERVICES&nbsp;AIRSPACE</e:Title>
    <x:table id="ID_7312747" class="">
      <x:thead id="ID_7312748">
        <x:tr id="ID_7312749">
          <x:th id="ID_7312750" HAlignment="Left" VAlignment="Top" align="left" valign="top">
            <x:p id="ID_7312751">Designation and</x:p>
            <x:p id="ID_7312752">lateral limits</x:p>
          </x:th>
          <x:th id="ID_7312753" HAlignment="Left" VAlignment="Top" align="left" valign="top">
            <x:p id="ID_7312754">Vertical Limits</x:p>
          </x:th>
          <x:th id="ID_7312755" HAlignment="Left" VAlignment="Top" align="left" valign="top">
            <x:p id="ID_7312756">Airspace Class</x:p>
          </x:th>
          <x:th id="ID_7312757" HAlignment="Left" VAlignment="Top" align="left" valign="top">
            <x:p id="ID_7312758">ATS unit callsign/ language</x:p>
          </x:th>
          <x:th id="ID_7312759" HAlignment="Left" VAlignment="Top" align="left" valign="top">
            <x:p id="ID_7312760">Transition Altitude</x:p>
          </x:th>
          <x:th id="ID_7312761" HAlignment="Left" VAlignment="Top" align="left" valign="top">
            <x:p id="ID_7312762">Hours of Applicability</x:p>
          </x:th>
          <x:th id="ID_7312763" HAlignment="Left" VAlignment="Top" align="left" valign="top">
            <x:p id="ID_7312764">Remarks</x:p>
          </x:th>
        </x:tr>
        <x:tr id="ID_7312765">
          <x:th id="ID_7312766" HAlignment="Left" VAlignment="Top" align="left" valign="top">1</x:th>
          <x:th id="ID_7312767" HAlignment="Left" VAlignment="Top" align="left" valign="top">2</x:th>
          <x:th id="ID_7312768" HAlignment="Left" VAlignment="Top" align="left" valign="top">3</x:th>
          <x:th id="ID_7312769" HAlignment="Left" VAlignment="Top" align="left" valign="top">4</x:th>
          <x:th id="ID_7312770" HAlignment="Left" VAlignment="Top" align="left" valign="top">5</x:th>
          <x:th id="ID_7312771" HAlignment="Left" VAlignment="Top" align="left" valign="top">6</x:th>
          <x:th id="ID_7312772" HAlignment="Left" VAlignment="Top" align="left" valign="top">7</x:th>
        </x:tr>
      </x:thead>
      <x:tbody id="ID_7312773">
        <x:tr id="ID_7312774">
          <x:td id="ID_7312775" HAlignment="Left" VAlignment="Top" align="left" valign="top">&nbsp;</x:td>
          <x:td id="ID_7312776" HAlignment="Left" VAlignment="Top" align="left" valign="top">&nbsp;</x:td>
          <x:td id="ID_7312777" HAlignment="Left" VAlignment="Top" align="left" valign="top">&nbsp;</x:td>
          <x:td id="ID_7312778" HAlignment="Left" VAlignment="Top" align="left" valign="top">&nbsp;</x:td>
          <x:td id="ID_7312779" HAlignment="Left" VAlignment="Top" align="left" valign="top">&nbsp;</x:td>
          <x:td id="ID_7312780" HAlignment="Left" VAlignment="Top" align="left" valign="top">&nbsp;</x:td>
          <x:td id="ID_7312781" HAlignment="Left" VAlignment="Top" align="left" valign="top">&nbsp;</x:td>
        </x:tr>
        <x:tr id="ID_7312782">
          <x:td id="ID_7312783" HAlignment="Left" VAlignment="Top" align="left" valign="top">&nbsp;</x:td>
          <x:td id="ID_7312784" HAlignment="Left" VAlignment="Top" align="left" valign="top">&nbsp;</x:td>
          <x:td id="ID_7312785" HAlignment="Left" VAlignment="Top" align="left" valign="top">&nbsp;</x:td>
          <x:td id="ID_7312786" HAlignment="Left" VAlignment="Top" align="left" valign="top">&nbsp;</x:td>
          <x:td id="ID_7312787" HAlignment="Left" VAlignment="Top" align="left" valign="top">&nbsp;</x:td>
          <x:td id="ID_7312788" HAlignment="Left" VAlignment="Top" align="left" valign="top">&nbsp;</x:td>
          <x:td id="ID_7312789" HAlignment="Left" VAlignment="Top" align="left" valign="top">&nbsp;</x:td>
        </x:tr>
      </x:tbody>
    </x:table>
  </e:AD-2.17>
  <e:AD-2.18 id="EGPE-AD-2.18" Number="AD 2.18">
    <GreenBorder id="ID_7312791" />
    <e:Title id="ID_7312792">AIR TRAFFIC SERVICES&nbsp;COMMUNICATION&nbsp;FACILITIES</e:Title>
    <x:table id="ID_7312794" class="">
      <x:thead id="ID_7312795">
        <x:tr id="ID_7312796">
          <x:th id="ID_7312797" HAlignment="Left" VAlignment="Top" align="left" valign="top">
            <x:p id="ID_7312798">Service designation</x:p>
          </x:th>
          <x:th id="ID_7312799" HAlignment="Left" VAlignment="Top" align="left" valign="top">
            <x:p id="ID_7312800">Callsign</x:p>
          </x:th>
          <x:th id="ID_7312801" HAlignment="Left" VAlignment="Top" align="left" valign="top">
            <x:p id="ID_7312802">Channel(s)</x:p>
          </x:th>
          <x:th id="ID_7312803" HAlignment="Left" VAlignment="Top" align="left" valign="top">
            <x:p id="ID_7312804">Hours of </x:p>
            <x:p id="ID_7312805">Operation</x:p>
          </x:th>
          <x:th id="ID_7312806" HAlignment="Left" VAlignment="Top" align="left" valign="top">
            <x:p id="ID_7312807">Remarks</x:p>
          </x:th>
        </x:tr>
        <x:tr id="ID_7312808">
          <x:th id="ID_7312809" HAlignment="Left" VAlignment="Top" align="left" valign="top">1</x:th>
          <x:th id="ID_7312810" HAlignment="Left" VAlignment="Top" align="left" valign="top">2</x:th>
          <x:th id="ID_7312811" HAlignment="Left" VAlignment="Top" align="left" valign="top">3</x:th>
          <x:th id="ID_7312812" HAlignment="Left" VAlignment="Top" align="left" valign="top">4</x:th>
          <x:th id="ID_7312813" HAlignment="Left" VAlignment="Top" align="left" valign="top">5</x:th>
        </x:tr>
      </x:thead>
      <x:tbody id="ID_7312814">
        <x:tr id="ID_7312815">
          <x:td id="ID_7312816" HAlignment="Left" VAlignment="Top" align="left" valign="top">&nbsp;</x:td>
          <x:td id="ID_7312817" HAlignment="Left" VAlignment="Top" align="left" valign="top">&nbsp;</x:td>
          <x:td id="ID_7312818" HAlignment="Left" VAlignment="Top" align="left" valign="top">&nbsp;</x:td>
          <x:td id="ID_7312819" HAlignment="Left" VAlignment="Top" align="left" valign="top">&nbsp;</x:td>
          <x:td id="ID_7312820" HAlignment="Left" VAlignment="Top" align="left" valign="top">&nbsp;</x:td>
        </x:tr>
        <x:tr id="ID_7312821">
          <x:td id="ID_7312822" HAlignment="Left" VAlignment="Top" align="left" valign="top">&nbsp;</x:td>
          <x:td id="ID_7312823" HAlignment="Left" VAlignment="Top" align="left" valign="top">&nbsp;</x:td>
          <x:td id="ID_7312824" HAlignment="Left" VAlignment="Top" align="left" valign="top">&nbsp;</x:td>
          <x:td id="ID_7312825" HAlignment="Left" VAlignment="Top" align="left" valign="top">&nbsp;</x:td>
          <x:td id="ID_7312826" HAlignment="Left" VAlignment="Top" align="left" valign="top">&nbsp;</x:td>
        </x:tr>
      </x:tbody>
    </x:table>
  </e:AD-2.18>
  <e:AD-2.19 id="EGPE-AD-2.19" Number="AD 2.19">
    <GreenBorder id="ID_7312828" />
    <e:Title id="ID_7312829">RADIO&nbsp;NAVIGATION&nbsp;AND&nbsp;LANDING&nbsp;AIDS</e:Title>
    <x:table id="ID_7312831" class="">
      <x:thead id="ID_7312832">
        <x:tr id="ID_7312833">
          <x:th id="ID_7312834" HAlignment="Left" VAlignment="Top" align="left" valign="top">
            <x:p id="ID_7312835">Type of Aid CAT&nbsp;of&nbsp;ILS/MLS</x:p>
            <x:p id="ID_7312836">(For VOR/ILS/MLS, give VAR)</x:p>
          </x:th>
          <x:th id="ID_7312837" HAlignment="Left" VAlignment="Top" align="left" valign="top">
            <x:p id="ID_7312838">Ident</x:p>
          </x:th>
          <x:th id="ID_7312839" HAlignment="Left" VAlignment="Top" align="left" valign="top">
            <x:p id="ID_7312840">Frequency</x:p>
            <x:p id="ID_7312841">channel number(s), service provider, and reference path identifier(s) (RPI)</x:p>
          </x:th>
          <x:th id="ID_7312842" HAlignment="Left" VAlignment="Top" align="left" valign="top">
            <x:p id="ID_7312843">Hours of Operation</x:p>
          </x:th>
          <x:th id="ID_7312844" HAlignment="Left" VAlignment="Top" align="left" valign="top">
            <x:p id="ID_7312845">Position of transmitting antenna co-ordinates</x:p>
          </x:th>
          <x:th id="ID_7312846" HAlignment="Left" VAlignment="Top" align="left" valign="top">
            <x:p id="ID_7312847">Elevation of DME transmitting antenna</x:p>
            <x:p id="ID_7312848">GBAS, SBAS, LTP, FTP values</x:p>
          </x:th>
          <x:th id="ID_7312849" HAlignment="Left" VAlignment="Top" align="left" valign="top">
            <x:p id="ID_7312850">Remarks</x:p>
          </x:th>
        </x:tr>
        <x:tr id="ID_7312851">
          <x:th id="ID_7312852" HAlignment="Left" VAlignment="Top" align="left" valign="top">1</x:th>
          <x:th id="ID_7312853" HAlignment="Left" VAlignment="Top" align="left" valign="top">2</x:th>
          <x:th id="ID_7312854" HAlignment="Left" VAlignment="Top" align="left" valign="top">3</x:th>
          <x:th id="ID_7312855" HAlignment="Left" VAlignment="Top" align="left" valign="top">4</x:th>
          <x:th id="ID_7312856" HAlignment="Left" VAlignment="Top" align="left" valign="top">5</x:th>
          <x:th id="ID_7312857" HAlignment="Left" VAlignment="Top" align="left" valign="top">6</x:th>
          <x:th id="ID_7312858" HAlignment="Left" VAlignment="Top" align="left" valign="top">7</x:th>
        </x:tr>
      </x:thead>
      <x:tbody id="ID_7312859">
        <x:tr id="ID_7312860">
          <x:td id="ID_7312861" HAlignment="Left" VAlignment="Top" align="left" valign="top">&nbsp;</x:td>
          <x:td id="ID_7312862" HAlignment="Left" VAlignment="Top" align="left" valign="top">&nbsp;</x:td>
          <x:td id="ID_7312863" HAlignment="Left" VAlignment="Top" align="left" valign="top">&nbsp;</x:td>
          <x:td id="ID_7312864" HAlignment="Left" VAlignment="Top" align="left" valign="top">&nbsp;</x:td>
          <x:td id="ID_7312865" HAlignment="Left" VAlignment="Top" align="left" valign="top">&nbsp;</x:td>
          <x:td id="ID_7312866" HAlignment="Left" VAlignment="Top" align="left" valign="top">&nbsp;</x:td>
          <x:td id="ID_7312867" HAlignment="Left" VAlignment="Top" align="left" valign="top">&nbsp;</x:td>
        </x:tr>
      </x:tbody>
    </x:table>
  </e:AD-2.19>
  <e:AD-2.20 id="EGPE-AD-2.20" Number="AD 2.20">
    <GreenBorder id="ID_7312869" />
    <e:Title id="ID_7312870">LOCAL&nbsp;AERODROME&nbsp;REGULATIONS</e:Title>
    <x:div class="RP">
      <x:span class="sdParams" style="display:none;">TRULES_PROC;RULES_PROC_ID;7557</x:span>
      <e:Sub-section Number="1" id="EGPE-AD-2.20.1">
        <e:Title id="ID_7312872">
          <x:strong id="ID_7312873">Airport Regulations</x:strong>
        </e:Title>
        <x:ol id="ID_7312874" class="Numbered">
          <x:li id="ID_7312875">
            <x:p id="ID_7312876">All operators of domestic flights whose MAUW is 3000 kg or greater, and international flights (including executive and private General Aviation, Channel Islands and Republic of Ireland flights) regardless of MAUW, must make prior arrangements with a handling agent.</x:p>
          </x:li>
          <x:li id="ID_7312877">
            <x:p id="ID_7312878">Inverness Airport is strictly PPR outside published hours. Requests should be made to Inverness Apron Operations Tel: +44 (0)1667-464307, Mobile: +44 (0)7917-071144 or e-mail: invernessapronoperations@hial.co.uk.</x:p>
          </x:li>
          <x:li id="ID_7312879">
            <x:p id="ID_7312880">Smoking airside is strictly prohibited.</x:p>
          </x:li>
          <x:li id="ID_7312881">
            <x:p id="ID_7312882">Use of Inverness aerodrome is subject to standard Terms and Conditions of Use, which can be requested from the aerodrome.</x:p>
          </x:li>
          <x:li id="ID_7312883">
            <x:p id="ID_7312884">In order to comply with airport regulations, all persons entering airside areas on foot are required to wear high visibility clothing, appropriate PPEs and be in possession/display an appropriate and valid HIAL ID pass.</x:p>
          </x:li>
          <x:li id="ID_7312885">
            <x:p id="ID_7312886">All aircraft using Inverness Aerodrome or its facilities are required to have third party liability insurance cover. Proof of this insurance should be available for inspection at any time whilst the aircraft is on the aerodrome.</x:p>
          </x:li>
        </x:ol>
      </e:Sub-section>
      <e:Sub-section Number="2" id="EGPE-AD-2.20.2">
        <e:Title id="ID_7312888">
          <x:strong id="ID_7312889">Ground Movement</x:strong>
        </e:Title>
        <x:ol id="ID_7312890" class="Numbered">
          <x:li id="ID_7312891">
            <x:p id="ID_7312892">The taxiway between the north end of the south apron and threshold Runway 11 is available for use only by aircraft with a wingspan up to but not including 36 m.</x:p>
          </x:li>
          <x:li id="ID_7312893">
            <x:p id="ID_7312894">To permit crossing of Taxiway Echo through the North Apron by non-radio equipped vehicles, two crossings are installed, indicated by black/white checked edges. One, at the north end, leads to the GA Terminal, Landing Fee Office and Flight Plan Centre, the other to AFS and the Terminal Building. These crossings are not available during Stage 2 LVP operations, ATC will advise. In addition a pedestrian crossing has been marked, green in colour with ‘walking man’ symbols, between the two vehicle crossings. All pedestrians, wishing to cross Taxiway Echo are required to use the pedestrian or vehicular crossings.</x:p>
          </x:li>
          <x:li id="ID_7312895">
            <x:p id="ID_7312896">All ground movement west of Hold D is at the pilots discretion. Only Inverness based aircraft, aircraft under tow to Hangar 3, or aircraft for which previous arrangements have been made with a handling agent or Apron Control (07917-071144), are permitted west of Hold D.</x:p>
          </x:li>
          <x:li id="ID_7312897">
            <x:p id="ID_7312898">Aircrew are requested to use minimum power settings whilst turning to leave the parking stands on either apron in order to avoid blast injury to personnel or blast damage to other aircraft.</x:p>
          </x:li>
          <x:li id="ID_7312899">
            <x:p id="ID_7312900">Push-back not available at Inverness, so marshalling is routinely provided to all aircraft movements to or from South Apron. Therefore, pilots of inbound aircraft are not to turn off Taxiway Alpha prior to parking, nor are pilots of outbound aircraft to request taxi, unless they are in visual contact with, and receiving guidance from, the Duty Marshaller. In the event that no marshaller is in sight at the appointed time, the pilot should hold position and advise ATC of the situation. In such circumstances ATC may instruct the pilot to await the marshaller, or, if the delay is likely to be excessive, advise the pilot to park or leave the apron at his discretion. This instruction will be in respect of other aircraft movements and will take no account of vehicle and personnel movements on the apron.</x:p>
          </x:li>
          <x:li id="ID_7312901">
            <x:p id="ID_7312902">ATC will issue clearances to vehicles on the TWR VHF frequency, which is cross-coupled to the UHF GMC frequency. Pilots will not hear responses from drivers.</x:p>
          </x:li>
          <x:li id="ID_7312903">
            <x:p id="ID_7312904">Only aircraft operating to and from the SAR Apron are permitted to use the G Taxiway.</x:p>
          </x:li>
        </x:ol>
      </e:Sub-section>
      <e:Sub-section Number="3" id="EGPE-AD-2.20.3">
        <e:Title id="ID_7312906">
          <x:strong id="ID_7312907">CAT II/III Operations</x:strong>
        </e:Title>
        <x:p id="ID_7312908">Not applicable</x:p>
      </e:Sub-section>
      <e:Sub-section Number="4" id="EGPE-AD-2.20.4">
        <e:Title id="ID_7312910">
          <x:strong id="ID_7312911">Warnings</x:strong>
        </e:Title>
        <x:ol id="ID_7312912" class="Numbered">
          <x:li id="ID_7312913">
            <x:p id="ID_7312914">No ground signals except light signals.</x:p>
          </x:li>
          <x:li id="ID_7312915">
            <x:p id="ID_7312916">Caution should be exercised when taxiing to hangars Nº 1 and 2 due to the close proximity of an adjacent security fence.</x:p>
          </x:li>
          <x:li id="ID_7312917">
            <x:p id="ID_7312918">Despite the presence of a deer fence, roe deer are occasionally seen on the airport. Pilots are requested to report the location of any animals sighted to ATC.</x:p>
          </x:li>
          <x:li id="ID_7312919">
            <x:p id="ID_7312920">Due to coastal location, birds are a hazard throughout most of the year. This hazard level is raised during the migration season when large numbers of wintering wildfowl transit across approaches to feeding locations on farmland adjacent to the airport.</x:p>
          </x:li>
          <x:li id="ID_7312921">
            <x:p id="ID_7312922">In a strong southerly airstream, severe turbulance may occur below 4000 ft. In lee wave conditions, the turbulance may be particularly bad at very low levels</x:p>
          </x:li>
          <x:li id="ID_7312923">
            <x:p id="ID_7312924">High ground to the South 1500 ft at 5 nm rising to 2018 ft at 7.4 nm.</x:p>
          </x:li>
          <x:li id="ID_7312925">
            <x:p id="ID_7312926">Paragliding and Hang gliding takes place at Alturlie Point in an area known as the Alturlie Box (573118.29N 0040850.83W - 573106.00N 0040755.59W - 573042.84N 0040812.67W - 573045.90N 0040914.11W - 573118.29N 0040850.83W). Due to the serious risks presented by wake turbulence, helicopter pilots should avoid overflying or operating in close proximity to this area at low level. The status of the Alturlie Box is available from ATC.</x:p>
          </x:li>
          <x:li id="ID_7312927">
            <x:p id="ID_7312928">All pilots should be aware of the activities of a dangerous nature between Fort George (EG D702) and the Black Isle SFC - 500 ft during the operating hours of EG D702.</x:p>
          </x:li>
          <x:li id="ID_7312929">
            <x:p id="ID_7312930">Pilots of aircraft with a MTOW exceeding 2000 kg are requested to carry out all 180 degree turns on the concrete portion of RWY 05/23 (Approx. first 220 m from threshold 23, full runway width).</x:p>
          </x:li>
        </x:ol>
      </e:Sub-section>
      <e:Sub-section Number="5" id="EGPE-AD-2.20.5">
        <e:Title id="ID_7312932">
          <x:strong id="ID_7312933">Helicopter Operations</x:strong>
        </e:Title>
        <x:ol id="ID_7312934" class="Numbered">
          <x:li id="ID_7312935">
            <x:p id="ID_7312936">Helicopters are expected to make approaches to, and departures from, notified runways. Those with wheeled undercarriages will be treated similarly to fixed wing aircraft and must ground taxi whilst within the apron/taxiway area. For skid-equipped helicopters, the aiming point will generally be Runway 11 threshold followed by hover taxiing to one of the four marked helipads for parking. Two, (H1 and H2) are provided on the west side of the North apron, H3 and H4 being marked on the northern end of the grass area to the east of the North apron. If all of these are in use, helicopters can expect to park on the east side of the North apron. No hover taxiing by helicopters is permitted west of Hold D.</x:p>
          </x:li>
          <x:li id="ID_7312937">
            <x:p id="ID_7312938">Exceptionally, if weather conditions make lengthy hover taxiing undesirable, departure into wind over the grass area west of Runway 11/29 will be permitted. Overflying the aprons and Terminal building is to be avoided.</x:p>
          </x:li>
        </x:ol>
      </e:Sub-section>
      <e:Sub-section Number="6" id="EGPE-AD-2.20.6">
        <e:Title id="ID_7312940">Use of Runways</e:Title>
        <x:ol id="ID_7312941" class="Numbered">
          <x:li id="ID_7312942">
            <x:p id="ID_7312943">Runway Departure Restriction – Except where an AOC holder has a less restrictive State authorised take-off minima, departures in RVR conditions of less than 400 m are not permitted.</x:p>
          </x:li>
          <x:li id="ID_7312944">
            <x:p id="ID_7312945">Runway 11/29 is not available during night hours to aircraft requiring a licensed aerodrome.</x:p>
          </x:li>
        </x:ol>
      </e:Sub-section>
      <e:Sub-section Number="7" id="EGPE-AD-2.20.7">
        <e:Title id="ID_7312947">
          <x:strong id="ID_7312948">Training</x:strong>
        </e:Title>
        <x:ol id="ID_7312949" class="Numbered">
          <x:li id="ID_7312950">
            <x:p id="ID_7312951">Practice engine failures after departure by single engine aircraft are permitted when Runway 23 is in use provided the aircraft has passed the aerodrome access road.</x:p>
          </x:li>
          <x:li id="ID_7312952">
            <x:p id="ID_7312953">Asymmetric training by multi-engined aircraft is permitted following departure or go-around on any runway, provided that the aircraft concerned will not descend below 500 ft QFE (or QNH equivalent) during such maneouvres.</x:p>
          </x:li>
          <x:li id="ID_7312954">
            <x:p id="ID_7312955">All training by visiting aircraft must be pre-booked with ATC on 01667-464293.</x:p>
          </x:li>
          <x:li id="ID_7312956">
            <x:p id="ID_7312957">The following procedures are applicable for visual circuit training aircraft only with a MTOW of 5700 kg or more:</x:p>
            <x:ol id="ID_7312958" class="Numbered">
              <x:li id="ID_7312959">
                <x:p id="ID_7312960">Circuit training shall only be permitted between 0800-1900 (local) Mon-Fri and between 0900-1800 Sat/Sun;</x:p>
              </x:li>
              <x:li id="ID_7312961">
                <x:p id="ID_7312962">In the event of continuous circuit flying for 2 hours, a 30 minute break from circuit training shall occur for all aircraft with a MTOW of 5700 kg or more;</x:p>
              </x:li>
              <x:li id="ID_7312963">
                <x:p id="ID_7312964">Circuit direction will be frequently varied by ATC;</x:p>
              </x:li>
              <x:li id="ID_7312965">
                <x:p id="ID_7312966">Where possible, pilots shall avoid overflying surrounding villages and/or hamlets whilst operating in the circuit. This is particularly important for those portions of the flight that are operated below 1000 ft. Examples of such locations are, but not limited to:</x:p>
                <x:ol id="ID_7312967" class="Itemised">
                  <x:li id="ID_7312968">
                    <x:p id="ID_7312969">Croy</x:p>
                  </x:li>
                  <x:li id="ID_7312970">
                    <x:p id="ID_7312971">Treeton</x:p>
                  </x:li>
                  <x:li id="ID_7312972">
                    <x:p id="ID_7312973">Dalcross Castle</x:p>
                  </x:li>
                  <x:li id="ID_7312974">
                    <x:p id="ID_7312975">Holme Rose</x:p>
                  </x:li>
                  <x:li id="ID_7312976">
                    <x:p id="ID_7312977">Ardersier</x:p>
                  </x:li>
                </x:ol>
              </x:li>
            </x:ol>
          </x:li>
        </x:ol>
      </e:Sub-section>
    </x:div>
  </e:AD-2.20>
  <e:AD-2.21 id="EGPE-AD-2.21" Number="AD 2.21">
    <GreenBorder id="ID_7312979" />
    <e:Title id="ID_7312980">NOISE ABATEMENT PROCEDURES</e:Title>
    <x:div class="RP">
      <x:span class="sdParams" style="display:none;">TRULES_PROC;RULES_PROC_ID;7558</x:span>
      <x:p id="ID_7312981">Not applicable</x:p>
    </x:div>
  </e:AD-2.21>
  <e:AD-2.22 id="EGPE-AD-2.22" Number="AD 2.22">
    <GreenBorder id="ID_7312983" />
    <e:Title id="ID_7312984">FLIGHT PROCEDURES</e:Title>
    <x:div class="RP">
      <x:span class="sdParams" style="display:none;">TRULES_PROC;RULES_PROC_ID;7559</x:span>
      <e:Sub-section Number="1" id="EGPE-AD-2.22.1">
        <e:Title id="ID_7312986">
          <x:strong id="ID_7312987">Instrument Approach Procedures</x:strong>
        </e:Title>
        <x:ol id="ID_7312988" class="Numbered">
          <x:li id="ID_7312989">
            <x:p id="ID_7312990">Instrument Approach Procedures (IAP) for this aerodrome are established outside controlled airspace. See ENR 1.5.</x:p>
          </x:li>
        </x:ol>
      </e:Sub-section>
      <e:Sub-section Number="2" id="EGPE-AD-2.22.2">
        <e:Title id="ID_7312992">
          <x:strong id="ID_7312993">Restrictive Areas</x:strong>
        </e:Title>
        <x:ol id="ID_7312994" class="Numbered">
          <x:li id="ID_7312995">
            <x:p id="ID_7312996">Inverness airport is situated adjacent to RAF Lossiemouth, and Danger Area EG D703, Tain Range. IFR flights may require extended vectoring due to military activity in the area.</x:p>
          </x:li>
        </x:ol>
      </e:Sub-section>
      <e:Sub-section Number="3" id="EGPE-AD-2.22.3">
        <e:Title id="ID_7312998">
          <x:strong id="ID_7312999">North Atlantic Departures</x:strong>
        </e:Title>
        <x:ol id="ID_7313000" class="Numbered">
          <x:li id="ID_7313001">
            <x:p id="ID_7313002">Due to the proximity of the Shanwick Oceanic boundary to Inverness, pilots must consider timescales for requesting Oceanic clearance. Refer to ENR 2-2 for details.</x:p>
          </x:li>
          <x:li id="ID_7313003">
            <x:p id="ID_7313004">Pilots are reminded that the Oceanic clearance (including level allocation) is valid only from the OCA Entry Point.<x:strong id="ID_7313006"> Domestic ATC Clearance to the OCA Entry point is issued separately.</x:strong></x:p>
          </x:li>
        </x:ol>
      </e:Sub-section>
      <e:Sub-section Number="4" id="EGPE-AD-2.22.4">
        <e:Title id="ID_7313008">
          <x:strong id="ID_7313009">Air Traffic Services Outside Controlled Airspace</x:strong>
        </e:Title>
        <x:ol id="ID_7313010" class="Numbered">
          <x:li id="ID_7313011">
            <x:p id="ID_7313012">Pilots of aircraft filing VFR flight plans or booking out VFR shall endeavour to notify ATC prior to departure if a Deconfliction Service is likely to be requested.</x:p>
          </x:li>
          <x:li id="ID_7313013">
            <x:p id="ID_7313014">Pilots of aircraft filing IFR flight plans or booking out IFR shall notify ATC prior to departure if any service other than a Deconfliction Service is likely to be requested.</x:p>
          </x:li>
          <x:li id="ID_7313015">
            <x:p id="ID_7313016">This does not preclude pilots from requesting any appropriate service once airborne.</x:p>
          </x:li>
        </x:ol>
      </e:Sub-section>
      <e:Sub-section Number="5" id="EGPE-AD-2.22.5">
        <e:Title id="ID_7313018">
          <x:strong id="ID_7313019">Visual Reference Points (VRP)</x:strong>
        </e:Title>
        <x:ol id="ID_7313020" class="Numbered">
          <x:li id="ID_7313021">
            <x:p id="ID_7313022">Visual Reference Points are established for use by aerodrome and enroute traffic as follows:</x:p>
            <x:table id="ID_7313024" class="">
              <x:thead id="ID_7313025">
                <x:tr id="ID_7313026">
                  <x:th id="ID_7313027" HAlignment="Center" VAlignment="Top" align="center" valign="top">
                    <x:p id="ID_7313028">
                      <x:strong id="ID_7313029">VRP</x:strong>
                    </x:p>
                  </x:th>
                  <x:th id="ID_7313030" HAlignment="Center" VAlignment="Top" align="center" valign="top">
                    <x:p id="ID_7313031">
                      <x:strong id="ID_7313032">Co-ordinates</x:strong>
                    </x:p>
                  </x:th>
                </x:tr>
              </x:thead>
              <x:tbody id="ID_7313033">
                <x:tr id="ID_7313034">
                  <x:td id="ID_7313035" HAlignment="Left" VAlignment="Top" align="left" valign="top">
                    <x:p id="ID_7313036">Invergordon</x:p>
                  </x:td>
                  <x:td id="ID_7313037" HAlignment="Left" VAlignment="Top" align="left" valign="top">
                    <x:p id="ID_7313038">574132N 0041003W</x:p>
                  </x:td>
                </x:tr>
                <x:tr id="ID_7313039">
                  <x:td id="ID_7313040" HAlignment="Left" VAlignment="Top" align="left" valign="top">
                    <x:p id="ID_7313041">Lochindorb</x:p>
                  </x:td>
                  <x:td id="ID_7313042" HAlignment="Left" VAlignment="Top" align="left" valign="top">
                    <x:p id="ID_7313043">572410N 0034257W</x:p>
                  </x:td>
                </x:tr>
                <x:tr id="ID_7313044">
                  <x:td id="ID_7313045" HAlignment="Left" VAlignment="Top" align="left" valign="top">
                    <x:p id="ID_7313046">Tomatin</x:p>
                  </x:td>
                  <x:td id="ID_7313047" HAlignment="Left" VAlignment="Top" align="left" valign="top">
                    <x:p id="ID_7313048">572002N 0035930W</x:p>
                  </x:td>
                </x:tr>
                <x:tr id="ID_7313049">
                  <x:td id="ID_7313050" HAlignment="Left" VAlignment="Top" align="left" valign="top">
                    <x:p id="ID_7313051">Dores</x:p>
                  </x:td>
                  <x:td id="ID_7313052" HAlignment="Left" VAlignment="Top" align="left" valign="top">
                    <x:p id="ID_7313053">572255N 0041955W</x:p>
                  </x:td>
                </x:tr>
                <x:tr id="ID_7313054">
                  <x:td id="ID_7313055" HAlignment="Left" VAlignment="Top" align="left" valign="top">
                    <x:p id="ID_7313056">Dingwall</x:p>
                  </x:td>
                  <x:td id="ID_7313057" HAlignment="Left" VAlignment="Top" align="left" valign="top">
                    <x:p id="ID_7313058">573558N 0042553W</x:p>
                  </x:td>
                </x:tr>
              </x:tbody>
            </x:table>
          </x:li>
        </x:ol>
      </e:Sub-section>
    </x:div>
  </e:AD-2.22>
  <e:AD-2.23 id="EGPE-AD-2.23" Number="AD 2.23">
    <GreenBorder id="ID_7313060" />
    <e:Title id="ID_7313061">ADDITIONAL INFORMATION</e:Title>
    <x:div class="RP">
      <x:span class="sdParams" style="display:none;">TRULES_PROC;RULES_PROC_ID;7560</x:span>
      <x:p id="ID_7313062">Not applicable</x:p>
    </x:div>
  </e:AD-2.23>
  <e:AD-2.24 id="EGPE-AD-2.24" Number="AD 2.24">
    <GreenBorder id="ID_7313064" />
    <e:Title id="ID_7313065">CHARTS RELATED TO AN AERODROME</e:Title>
    <x:table id="ID_7313067" class="">
      <x:tbody id="ID_7313068">
        <x:tr id="ID_7313069">
          <x:td id="ID_7313070" HAlignment="Left" VAlignment="Top" align="left" valign="top">
            <x:p id="ID_7313071">
              <x:em id="ID_7313072" class="Italic">Figure: Aerodrome Chart - ICAO</x:em>
            </x:p>
          </x:td>
        </x:tr>
        <x:tr id="ID_7313073">
          <x:td id="ID_7313074" HAlignment="Left" VAlignment="Top" align="left" valign="top">
            <x:p id="ID_7313075">AD 2-EGAA-2-1</x:p>
          </x:td>
        </x:tr>
        <x:tr id="ID_7313076">
          <x:td id="ID_7313077" HAlignment="Left" VAlignment="Top" align="left" valign="top">&nbsp;</x:td>
        </x:tr>
        <x:tr id="ID_7313078">
          <x:td id="ID_7313079" HAlignment="Left" VAlignment="Top" align="left" valign="top">&nbsp;</x:td>
        </x:tr>
        <x:tr id="ID_7313080">
          <x:td id="ID_7313081" HAlignment="Left" VAlignment="Top" align="left" valign="top">&nbsp;</x:td>
        </x:tr>
        <x:tr id="ID_7313082">
          <x:td id="ID_7313083" HAlignment="Left" VAlignment="Top" align="left" valign="top">&nbsp;</x:td>
        </x:tr>
      </x:tbody>
    </x:table>
  </e:AD-2.24>
</e:Aerodrome>
