<?xml version="1.0" encoding="UTF-8"?>
<e:Aerodrome id="AD-2.EGCK" Ref="ICAO-EGCK" xmlns:e="http://www.eurocontrol.int/xmlns/AIM/eAIP" xmlns:x="http://www.w3.org/1999/xhtml" xmlns:xlink="http://www.w3.org/1999/xlink">
  <e:Title />
  <e:AD-2.1 id="EGCK-AD-2.1" Number="AD 2.1">
    <e:Title id="ID_7387976">AERODROME LOCATION INDICATOR AND NAME</e:Title>
    <e:Generated />
  </e:AD-2.1>
  <e:AD-2.2 id="EGCK-AD-2.2" Number="AD 2.2">
    <e:Title id="ID_7387982">AERODROME GEOGRAPHICAL AND ADMINISTRATIVE DATA</e:Title>
    <x:table id="ID_7387984" class="">
      <x:tbody id="ID_7387985">
        <x:tr id="ID_7387986">
          <x:td id="ID_7387987" align="left" valign="top">1</x:td>
          <x:td id="ID_7387988" align="left" valign="top">
            <x:p id="ID_7387989">ARP coordinates and site at AD</x:p>
          </x:td>
          <x:td id="ID_7387990" align="left" valign="top">&nbsp;</x:td>
        </x:tr>
        <x:tr id="ID_7387991">
          <x:td id="ID_7387992" align="left" valign="top">2</x:td>
          <x:td id="ID_7387993" align="left" valign="top">
            <x:p id="ID_7387994">Direction and distance from city</x:p>
          </x:td>
          <x:td id="ID_7387995" align="left" valign="top">&nbsp;</x:td>
        </x:tr>
        <x:tr id="ID_7387996">
          <x:td id="ID_7387997" align="left" valign="top">3</x:td>
          <x:td id="ID_7387998" align="left" valign="top">
            <x:p id="ID_7387999">Elevation / Reference temperature</x:p>
          </x:td>
          <x:td id="ID_7388000" align="left" valign="top">&nbsp;</x:td>
        </x:tr>
        <x:tr id="ID_7388001">
          <x:td id="ID_7388002" align="left" valign="top">4</x:td>
          <x:td id="ID_7388003" align="left" valign="top">
            <x:p id="ID_7388004">Geoid undulation at AD ELEV PSN</x:p>
          </x:td>
          <x:td id="ID_7388005" align="left" valign="top">&nbsp;</x:td>
        </x:tr>
        <x:tr id="ID_7388006">
          <x:td id="ID_7388007" align="left" valign="top">5</x:td>
          <x:td id="ID_7388008" align="left" valign="top">
            <x:p id="ID_7388009">Magnetic Variation / Annual Change</x:p>
          </x:td>
          <x:td id="ID_7388010" align="left" valign="top">&nbsp;</x:td>
        </x:tr>
        <x:tr id="ID_7388011">
          <x:td id="ID_7388012" align="left" valign="top">6</x:td>
          <x:td id="ID_7388013" align="left" valign="top">
            <x:p id="ID_7388014">AD Administration, address, telephone, telefax, AFS, e-mail address, website address</x:p>
          </x:td>
          <x:td id="ID_7388015" align="left" valign="top">&nbsp;</x:td>
        </x:tr>
        <x:tr id="ID_7388016">
          <x:td id="ID_7388017" align="left" valign="top">7</x:td>
          <x:td id="ID_7388018" align="left" valign="top">
            <x:p id="ID_7388019">Types of Traffic permitted (IFR/VFR)</x:p>
          </x:td>
          <x:td id="ID_7388020" align="left" valign="top">&nbsp;</x:td>
        </x:tr>
        <x:tr id="ID_7388021">
          <x:td id="ID_7388022" align="left" valign="top">8</x:td>
          <x:td id="ID_7388023" align="left" valign="top">
            <x:p id="ID_7388024">Remarks</x:p>
          </x:td>
          <x:td id="ID_7388025" align="left" valign="top">&nbsp;</x:td>
        </x:tr>
      </x:tbody>
    </x:table>
  </e:AD-2.2>
  <e:AD-2.3 id="EGCK-AD-2.3" Number="AD 2.3">
    <e:Title id="ID_7388028">OPERATIONAL HOURS</e:Title>
    <x:table id="ID_7388030" class="">
      <x:tbody id="ID_7388031">
        <x:tr id="ID_7388032">
          <x:td id="ID_7388033" align="left" valign="top">1</x:td>
          <x:td id="ID_7388034" align="left" valign="top">
            <x:p id="ID_7388035">Aerodrome Operator</x:p>
          </x:td>
          <x:td id="ID_7388036" align="left" valign="top">&nbsp;</x:td>
        </x:tr>
        <x:tr id="ID_7388037">
          <x:td id="ID_7388038" align="left" valign="top">2</x:td>
          <x:td id="ID_7388039" align="left" valign="top">
            <x:p id="ID_7388040">Customs and Immigration</x:p>
          </x:td>
          <x:td id="ID_7388041" align="left" valign="top">
            <x:p id="ID_7388042" />
          </x:td>
        </x:tr>
        <x:tr id="ID_7388043">
          <x:td id="ID_7388044" align="left" valign="top">3</x:td>
          <x:td id="ID_7388045" align="left" valign="top">
            <x:p id="ID_7388046">Health and sanitation</x:p>
          </x:td>
          <x:td id="ID_7388047" align="left" valign="top">&nbsp;</x:td>
        </x:tr>
        <x:tr id="ID_7388048">
          <x:td id="ID_7388049" align="left" valign="top">4</x:td>
          <x:td id="ID_7388050" align="left" valign="top">
            <x:p id="ID_7388051">AIS Briefing Office</x:p>
          </x:td>
          <x:td id="ID_7388052" align="left" valign="top">&nbsp;</x:td>
        </x:tr>
        <x:tr id="ID_7388053">
          <x:td id="ID_7388054" align="left" valign="top">5</x:td>
          <x:td id="ID_7388055" align="left" valign="top">
            <x:p id="ID_7388056">ATS Reporting Office (ARO)</x:p>
          </x:td>
          <x:td id="ID_7388057" align="left" valign="top">&nbsp;</x:td>
        </x:tr>
        <x:tr id="ID_7388058">
          <x:td id="ID_7388059" align="left" valign="top">6</x:td>
          <x:td id="ID_7388060" align="left" valign="top">
            <x:p id="ID_7388061">MET Briefing Office</x:p>
          </x:td>
          <x:td id="ID_7388062" align="left" valign="top">&nbsp;</x:td>
        </x:tr>
        <x:tr id="ID_7388063">
          <x:td id="ID_7388064" align="left" valign="top">7</x:td>
          <x:td id="ID_7388065" align="left" valign="top">
            <x:p id="ID_7388066">Air Traffic Service</x:p>
          </x:td>
          <x:td id="ID_7388067" align="left" valign="top">&nbsp;</x:td>
        </x:tr>
        <x:tr id="ID_7388068">
          <x:td id="ID_7388069" align="left" valign="top">8</x:td>
          <x:td id="ID_7388070" align="left" valign="top">
            <x:p id="ID_7388071">Fuelling</x:p>
          </x:td>
          <x:td id="ID_7388072" align="left" valign="top">&nbsp;</x:td>
        </x:tr>
        <x:tr id="ID_7388073">
          <x:td id="ID_7388074" align="left" valign="top">9</x:td>
          <x:td id="ID_7388075" align="left" valign="top">
            <x:p id="ID_7388076">Handling</x:p>
          </x:td>
          <x:td id="ID_7388077" align="left" valign="top">&nbsp;</x:td>
        </x:tr>
        <x:tr id="ID_7388078">
          <x:td id="ID_7388079" align="left" valign="top">10</x:td>
          <x:td id="ID_7388080" align="left" valign="top">
            <x:p id="ID_7388081">Security</x:p>
          </x:td>
          <x:td id="ID_7388082" align="left" valign="top">&nbsp;</x:td>
        </x:tr>
        <x:tr id="ID_7388083">
          <x:td id="ID_7388084" align="left" valign="top">11</x:td>
          <x:td id="ID_7388085" align="left" valign="top">
            <x:p id="ID_7388086">De-icing</x:p>
          </x:td>
          <x:td id="ID_7388087" align="left" valign="top">&nbsp;</x:td>
        </x:tr>
        <x:tr id="ID_7388088">
          <x:td id="ID_7388089" align="left" valign="top">12</x:td>
          <x:td id="ID_7388090" align="left" valign="top">
            <x:p id="ID_7388091">Remarks</x:p>
          </x:td>
          <x:td id="ID_7388092" align="left" valign="top">&nbsp;</x:td>
        </x:tr>
      </x:tbody>
    </x:table>
  </e:AD-2.3>
  <e:AD-2.4 id="EGCK-AD-2.4" Number="AD 2.4">
    <e:Title id="ID_7388095">HANDLING SERVICES AND FACILITIES</e:Title>
    <x:table id="ID_7388097" class="">
      <x:tbody id="ID_7388098">
        <x:tr id="ID_7388099">
          <x:td id="ID_7388100" align="left" valign="top">1</x:td>
          <x:td id="ID_7388101" align="left" valign="top">
            <x:p id="ID_7388102">Cargo handling facilities</x:p>
          </x:td>
          <x:td id="ID_7388103" align="left" valign="top">&nbsp;</x:td>
        </x:tr>
        <x:tr id="ID_7388104">
          <x:td id="ID_7388105" align="left" valign="top">2</x:td>
          <x:td id="ID_7388106" align="left" valign="top">
            <x:p id="ID_7388107">Fuel and oil types</x:p>
          </x:td>
          <x:td id="ID_7388108" align="left" valign="top">&nbsp;</x:td>
        </x:tr>
        <x:tr id="ID_7388109">
          <x:td id="ID_7388110" align="left" valign="top">3</x:td>
          <x:td id="ID_7388111" align="left" valign="top">
            <x:p id="ID_7388112">Fuelling facilities/capacity</x:p>
          </x:td>
          <x:td id="ID_7388113" align="left" valign="top">&nbsp;</x:td>
        </x:tr>
        <x:tr id="ID_7388114">
          <x:td id="ID_7388115" align="left" valign="top">4</x:td>
          <x:td id="ID_7388116" align="left" valign="top">
            <x:p id="ID_7388117">De-icing facilities</x:p>
          </x:td>
          <x:td id="ID_7388118" align="left" valign="top">&nbsp;</x:td>
        </x:tr>
        <x:tr id="ID_7388119">
          <x:td id="ID_7388120" align="left" valign="top">5</x:td>
          <x:td id="ID_7388121" align="left" valign="top">
            <x:p id="ID_7388122">Hangar space for visiting aircraft</x:p>
          </x:td>
          <x:td id="ID_7388123" align="left" valign="top">&nbsp;</x:td>
        </x:tr>
        <x:tr id="ID_7388124">
          <x:td id="ID_7388125" align="left" valign="top">6</x:td>
          <x:td id="ID_7388126" align="left" valign="top">
            <x:p id="ID_7388127">Repair facilities for visiting aircraft</x:p>
          </x:td>
          <x:td id="ID_7388128" align="left" valign="top">&nbsp;</x:td>
        </x:tr>
        <x:tr id="ID_7388129">
          <x:td id="ID_7388130" align="left" valign="top">7</x:td>
          <x:td id="ID_7388131" align="left" valign="top">
            <x:p id="ID_7388132">Remarks</x:p>
          </x:td>
          <x:td id="ID_7388133" align="left" valign="top">&nbsp;</x:td>
        </x:tr>
      </x:tbody>
    </x:table>
  </e:AD-2.4>
  <e:AD-2.5 id="EGCK-AD-2.5" Number="AD 2.5">
    <e:Title id="ID_7388136">PASSENGER FACILITIES</e:Title>
    <x:table id="ID_7388138" class="">
      <x:tbody id="ID_7388139">
        <x:tr id="ID_7388140">
          <x:td id="ID_7388141" align="left" valign="top">1</x:td>
          <x:td id="ID_7388142" align="left" valign="top">
            <x:p id="ID_7388143">Hotels</x:p>
          </x:td>
          <x:td id="ID_7388144" align="left" valign="top">&nbsp;</x:td>
        </x:tr>
        <x:tr id="ID_7388145">
          <x:td id="ID_7388146" align="left" valign="top">2</x:td>
          <x:td id="ID_7388147" align="left" valign="top">
            <x:p id="ID_7388148">Restaurants</x:p>
          </x:td>
          <x:td id="ID_7388149" align="left" valign="top">&nbsp;</x:td>
        </x:tr>
        <x:tr id="ID_7388150">
          <x:td id="ID_7388151" align="left" valign="top">3</x:td>
          <x:td id="ID_7388152" align="left" valign="top">
            <x:p id="ID_7388153">Transportation</x:p>
          </x:td>
          <x:td id="ID_7388154" align="left" valign="top">&nbsp;</x:td>
        </x:tr>
        <x:tr id="ID_7388155">
          <x:td id="ID_7388156" align="left" valign="top">4</x:td>
          <x:td id="ID_7388157" align="left" valign="top">
            <x:p id="ID_7388158">Medical facilities</x:p>
          </x:td>
          <x:td id="ID_7388159" align="left" valign="top">&nbsp;</x:td>
        </x:tr>
        <x:tr id="ID_7388160">
          <x:td id="ID_7388161" align="left" valign="top">5</x:td>
          <x:td id="ID_7388162" align="left" valign="top">
            <x:p id="ID_7388163">Bank and Post Office</x:p>
          </x:td>
          <x:td id="ID_7388164" align="left" valign="top">&nbsp;</x:td>
        </x:tr>
        <x:tr id="ID_7388165">
          <x:td id="ID_7388166" align="left" valign="top">6</x:td>
          <x:td id="ID_7388167" align="left" valign="top">
            <x:p id="ID_7388168">Tourist Office</x:p>
          </x:td>
          <x:td id="ID_7388169" align="left" valign="top">&nbsp;</x:td>
        </x:tr>
        <x:tr id="ID_7388170">
          <x:td id="ID_7388171" align="left" valign="top">7</x:td>
          <x:td id="ID_7388172" align="left" valign="top">
            <x:p id="ID_7388173">Remarks</x:p>
          </x:td>
          <x:td id="ID_7388174" align="left" valign="top">&nbsp;</x:td>
        </x:tr>
      </x:tbody>
    </x:table>
  </e:AD-2.5>
  <e:AD-2.6 id="EGCK-AD-2.6" Number="AD 2.6">
    <e:Title id="ID_7388177">RESCUE AND FIRE FIGHTING SERVICES</e:Title>
    <x:table id="ID_7388179" class="">
      <x:tbody id="ID_7388180">
        <x:tr id="ID_7388181">
          <x:td id="ID_7388182" align="left" valign="top">1</x:td>
          <x:td id="ID_7388183" align="left" valign="top">
            <x:p id="ID_7388184">AD category for fire fighting</x:p>
          </x:td>
          <x:td id="ID_7388185" align="left" valign="top">&nbsp;</x:td>
        </x:tr>
        <x:tr id="ID_7388186">
          <x:td id="ID_7388187" align="left" valign="top">2</x:td>
          <x:td id="ID_7388188" align="left" valign="top">
            <x:p id="ID_7388189">Rescue equipment</x:p>
          </x:td>
          <x:td id="ID_7388190" align="left" valign="top">&nbsp;</x:td>
        </x:tr>
        <x:tr id="ID_7388191">
          <x:td id="ID_7388192" align="left" valign="top">3</x:td>
          <x:td id="ID_7388193" align="left" valign="top">
            <x:p id="ID_7388194">Capability for removal of disabled aircraft</x:p>
          </x:td>
          <x:td id="ID_7388195" align="left" valign="top">&nbsp;</x:td>
        </x:tr>
        <x:tr id="ID_7388196">
          <x:td id="ID_7388197" align="left" valign="top">4</x:td>
          <x:td id="ID_7388198" align="left" valign="top">
            <x:p id="ID_7388199">Remarks</x:p>
          </x:td>
          <x:td id="ID_7388200" align="left" valign="top">&nbsp;</x:td>
        </x:tr>
      </x:tbody>
    </x:table>
  </e:AD-2.6>
  <e:AD-2.7 id="EGCK-AD-2.7" Number="AD 2.7">
    <e:Title id="ID_7388203">SEASONAL AVAILABILITY - CLEARING</e:Title>
    <x:table id="ID_7388205" class="">
      <x:tbody id="ID_7388206">
        <x:tr id="ID_7388207">
          <x:td id="ID_7388208" align="left" valign="top">1</x:td>
          <x:td id="ID_7388209" align="left" valign="top">
            <x:p id="ID_7388210">Types of clearing equipment</x:p>
          </x:td>
          <x:td id="ID_7388211" align="left" valign="top">&nbsp;</x:td>
        </x:tr>
        <x:tr id="ID_7388212">
          <x:td id="ID_7388213" align="left" valign="top">2</x:td>
          <x:td id="ID_7388214" align="left" valign="top">
            <x:p id="ID_7388215">Clearance priorities</x:p>
          </x:td>
          <x:td id="ID_7388216" align="left" valign="top">&nbsp;</x:td>
        </x:tr>
        <x:tr id="ID_7388217">
          <x:td id="ID_7388218" align="left" valign="top">3</x:td>
          <x:td id="ID_7388219" align="left" valign="top">
            <x:p id="ID_7388220">Remarks</x:p>
          </x:td>
          <x:td id="ID_7388221" align="left" valign="top">&nbsp;</x:td>
        </x:tr>
      </x:tbody>
    </x:table>
  </e:AD-2.7>
  <e:AD-2.8 id="EGCK-AD-2.8" Number="AD 2.8">
    <e:Title id="ID_7388224">APRONS, TAXIWAYS AND CHECK LOCATIONS/POSITIONS DATA</e:Title>
    <x:table id="ID_7388226" class="">
      <x:tbody id="ID_7388227">
        <x:tr id="ID_7388228">
          <x:td id="ID_7388229" align="left" valign="top">1</x:td>
          <x:td id="ID_7388230" align="left" valign="top">
            <x:p id="ID_7388231">Apron surface and strength</x:p>
          </x:td>
          <x:td id="ID_7388232" align="left" valign="top">&nbsp;</x:td>
        </x:tr>
        <x:tr id="ID_7388233">
          <x:td id="ID_7388234" align="left" valign="top">2</x:td>
          <x:td id="ID_7388235" align="left" valign="top">
            <x:p id="ID_7388236">Taxiway width, surface and strength</x:p>
          </x:td>
          <x:td id="ID_7388237" align="left" valign="top">&nbsp;</x:td>
        </x:tr>
        <x:tr id="ID_7388238">
          <x:td id="ID_7388239" align="left" valign="top">3</x:td>
          <x:td id="ID_7388240" align="left" valign="top">
            <x:p id="ID_7388241">Altimeter checkpoint location and elevation</x:p>
          </x:td>
          <x:td id="ID_7388242" align="left" valign="top">&nbsp;</x:td>
        </x:tr>
        <x:tr id="ID_7388243">
          <x:td id="ID_7388244" align="left" valign="top">4</x:td>
          <x:td id="ID_7388245" align="left" valign="top">
            <x:p id="ID_7388246">VOR checkpoints</x:p>
          </x:td>
          <x:td id="ID_7388247" align="left" valign="top">&nbsp;</x:td>
        </x:tr>
        <x:tr id="ID_7388248">
          <x:td id="ID_7388249" align="left" valign="top">5</x:td>
          <x:td id="ID_7388250" align="left" valign="top">
            <x:p id="ID_7388251">INS checkpoints</x:p>
          </x:td>
          <x:td id="ID_7388252" align="left" valign="top">&nbsp;</x:td>
        </x:tr>
        <x:tr id="ID_7388253">
          <x:td id="ID_7388254" align="left" valign="top">6</x:td>
          <x:td id="ID_7388255" align="left" valign="top">
            <x:p id="ID_7388256">Remarks</x:p>
          </x:td>
          <x:td id="ID_7388257" align="left" valign="top">&nbsp;</x:td>
        </x:tr>
      </x:tbody>
    </x:table>
  </e:AD-2.8>
  <e:AD-2.9 id="EGCK-AD-2.9" Number="AD 2.9">
    <e:Title id="ID_7388260">SURFACE MOVEMENT GUIDANCE AND CONTROL SYSTEM AND MARKINGS</e:Title>
    <x:table id="ID_7388262" class="">
      <x:tbody id="ID_7388263">
        <x:tr id="ID_7388264">
          <x:td id="ID_7388265" align="left" valign="top">1</x:td>
          <x:td id="ID_7388266" align="left" valign="top">
            <x:p id="ID_7388267">Use of aircraft stand ID signs, TWY guide lines and visual docking/parking guidance system of aircraft stands</x:p>
          </x:td>
          <x:td id="ID_7388268" align="left" valign="top">&nbsp;</x:td>
        </x:tr>
        <x:tr id="ID_7388269">
          <x:td id="ID_7388270" align="left" valign="top">2</x:td>
          <x:td id="ID_7388271" align="left" valign="top">
            <x:p id="ID_7388272">Runway and taxiway markings and lighting</x:p>
          </x:td>
          <x:td id="ID_7388273" align="left" valign="top">&nbsp;</x:td>
        </x:tr>
        <x:tr id="ID_7388274">
          <x:td id="ID_7388275" align="left" valign="top">3</x:td>
          <x:td id="ID_7388276" align="left" valign="top">
            <x:p id="ID_7388277">Stop bars</x:p>
          </x:td>
          <x:td id="ID_7388278" align="left" valign="top">&nbsp;</x:td>
        </x:tr>
        <x:tr id="ID_7388279">
          <x:td id="ID_7388280" align="left" valign="top">4</x:td>
          <x:td id="ID_7388281" align="left" valign="top">
            <x:p id="ID_7388282">Remarks</x:p>
          </x:td>
          <x:td id="ID_7388283" align="left" valign="top">&nbsp;</x:td>
        </x:tr>
      </x:tbody>
    </x:table>
  </e:AD-2.9>
  <e:AD-2.10 id="EGCK-AD-2.10" Number="AD 2.10">
    <e:Title id="ID_7388286">AERODROME OBSTACLES</e:Title>
    <x:table id="ID_7388288" class="">
      <x:thead id="ID_7388289">
        <x:tr id="ID_7388290">
          <x:th id="ID_7388291" colspan="6" align="center" valign="top">
            <x:p id="ID_7388292">In Approach/Take-off areas</x:p>
          </x:th>
        </x:tr>
        <x:tr id="ID_7388293">
          <x:th id="ID_7388294" align="left" valign="top">
            <x:p id="ID_7388295">Obstacle ID/Designation</x:p>
          </x:th>
          <x:th id="ID_7388296" align="left" valign="top">
            <x:p id="ID_7388297">Obstacle Type</x:p>
          </x:th>
          <x:th id="ID_7388298" align="left" valign="top">
            <x:p id="ID_7388299">Obstacle Position</x:p>
          </x:th>
          <x:th id="ID_7388300" align="left" valign="top">
            <x:p id="ID_7388301">Elevation/Height</x:p>
          </x:th>
          <x:th id="ID_7388302" align="left" valign="top">
            <x:p id="ID_7388303">Obstruction Lighting Type/Colour</x:p>
          </x:th>
          <x:th id="ID_7388304" align="left" valign="top">
            <x:p id="ID_7388305">Remarks</x:p>
          </x:th>
        </x:tr>
        <x:tr id="ID_7388306">
          <x:th id="ID_7388307" align="left" valign="top">1</x:th>
          <x:th id="ID_7388308" align="left" valign="top">2</x:th>
          <x:th id="ID_7388309" align="left" valign="top">3</x:th>
          <x:th id="ID_7388310" align="left" valign="top">4</x:th>
          <x:th id="ID_7388311" align="left" valign="top">5</x:th>
          <x:th id="ID_7388312" align="left" valign="top">6</x:th>
        </x:tr>
      </x:thead>
      <x:tbody id="ID_7388313">
        <x:tr id="ID_7388314">
          <x:td id="ID_7388315" align="left" valign="top">&nbsp;</x:td>
          <x:td id="ID_7388316" align="left" valign="top">&nbsp;</x:td>
          <x:td id="ID_7388317" align="left" valign="top">&nbsp;</x:td>
          <x:td id="ID_7388318" align="left" valign="top">&nbsp;</x:td>
          <x:td id="ID_7388319" align="left" valign="top">&nbsp;</x:td>
          <x:td id="ID_7388320" align="left" valign="top">&nbsp;</x:td>
        </x:tr>
      </x:tbody>
    </x:table>
    <x:table id="ID_7388322" class="">
      <x:thead id="ID_7388323">
        <x:tr id="ID_7388324">
          <x:th id="ID_7388325" colspan="6" align="center" valign="top">
            <x:p id="ID_7388326">In circling area and at aerodrome</x:p>
          </x:th>
        </x:tr>
        <x:tr id="ID_7388327">
          <x:th id="ID_7388328" align="left" valign="top">
            <x:p id="ID_7388329">Obstacle ID/Designation</x:p>
          </x:th>
          <x:th id="ID_7388330" align="left" valign="top">
            <x:p id="ID_7388331">Obstacle Type</x:p>
          </x:th>
          <x:th id="ID_7388332" align="left" valign="top">
            <x:p id="ID_7388333">Obstacle Position</x:p>
          </x:th>
          <x:th id="ID_7388334" align="left" valign="top">
            <x:p id="ID_7388335">Elevation/Height</x:p>
          </x:th>
          <x:th id="ID_7388336" align="left" valign="top">
            <x:p id="ID_7388337">Obstruction Lighting Type/Colour</x:p>
          </x:th>
          <x:th id="ID_7388338" align="left" valign="top">
            <x:p id="ID_7388339">Remarks</x:p>
          </x:th>
        </x:tr>
        <x:tr id="ID_7388340">
          <x:th id="ID_7388341" align="left" valign="top">1</x:th>
          <x:th id="ID_7388342" align="left" valign="top">2</x:th>
          <x:th id="ID_7388343" align="left" valign="top">3</x:th>
          <x:th id="ID_7388344" align="left" valign="top">4</x:th>
          <x:th id="ID_7388345" align="left" valign="top">5</x:th>
          <x:th id="ID_7388346" align="left" valign="top">6</x:th>
        </x:tr>
      </x:thead>
      <x:tbody id="ID_7388347">
        <x:tr id="ID_7388348">
          <x:td id="ID_7388349" align="left" valign="top">&nbsp;</x:td>
          <x:td id="ID_7388350" align="left" valign="top">&nbsp;</x:td>
          <x:td id="ID_7388351" align="left" valign="top">&nbsp;</x:td>
          <x:td id="ID_7388352" align="left" valign="top">&nbsp;</x:td>
          <x:td id="ID_7388353" align="left" valign="top">&nbsp;</x:td>
          <x:td id="ID_7388354" align="left" valign="top">&nbsp;</x:td>
        </x:tr>
      </x:tbody>
    </x:table>
  </e:AD-2.10>
  <e:AD-2.11 id="EGCK-AD-2.11" Number="AD 2.11">
    <e:Title id="ID_7388357">METEOROLOGICAL INFORMATION PROVIDED</e:Title>
    <x:table id="ID_7388359" class="">
      <x:tbody id="ID_7388360">
        <x:tr id="ID_7388361">
          <x:td id="ID_7388362" align="left" valign="top">1</x:td>
          <x:td id="ID_7388363" align="left" valign="top">
            <x:p id="ID_7388364">Associated MET Office</x:p>
          </x:td>
          <x:td id="ID_7388365" align="left" valign="top">&nbsp;</x:td>
        </x:tr>
        <x:tr id="ID_7388366">
          <x:td id="ID_7388367" align="left" valign="top">2</x:td>
          <x:td id="ID_7388368" align="left" valign="top">
            <x:p id="ID_7388369">Hours of service</x:p>
            <x:p id="ID_7388370">MET Office outside hours</x:p>
          </x:td>
          <x:td id="ID_7388371" align="left" valign="top">&nbsp;</x:td>
        </x:tr>
        <x:tr id="ID_7388372">
          <x:td id="ID_7388373" align="left" valign="top">3</x:td>
          <x:td id="ID_7388374" align="left" valign="top">
            <x:p id="ID_7388375">Office responsible for TAF preparation</x:p>
            <x:p id="ID_7388376">Periods of validity</x:p>
          </x:td>
          <x:td id="ID_7388377" align="left" valign="top">&nbsp;</x:td>
        </x:tr>
        <x:tr id="ID_7388378">
          <x:td id="ID_7388379" align="left" valign="top">4</x:td>
          <x:td id="ID_7388380" align="left" valign="top">
            <x:p id="ID_7388381">Trend forecast</x:p>
            <x:p id="ID_7388382">Interval of issuance</x:p>
          </x:td>
          <x:td id="ID_7388383" align="left" valign="top">&nbsp;</x:td>
        </x:tr>
        <x:tr id="ID_7388384">
          <x:td id="ID_7388385" align="left" valign="top">5</x:td>
          <x:td id="ID_7388386" align="left" valign="top">
            <x:p id="ID_7388387">Briefing/consultation provided</x:p>
          </x:td>
          <x:td id="ID_7388388" align="left" valign="top">&nbsp;</x:td>
        </x:tr>
        <x:tr id="ID_7388389">
          <x:td id="ID_7388390" align="left" valign="top">6</x:td>
          <x:td id="ID_7388391" align="left" valign="top">
            <x:p id="ID_7388392">Flight documentation</x:p>
            <x:p id="ID_7388393">Language(s) used</x:p>
          </x:td>
          <x:td id="ID_7388394" align="left" valign="top">&nbsp;</x:td>
        </x:tr>
        <x:tr id="ID_7388395">
          <x:td id="ID_7388396" align="left" valign="top">7</x:td>
          <x:td id="ID_7388397" align="left" valign="top">
            <x:p id="ID_7388398">Charts and other information available for briefing or consultation</x:p>
          </x:td>
          <x:td id="ID_7388399" align="left" valign="top">&nbsp;</x:td>
        </x:tr>
        <x:tr id="ID_7388400">
          <x:td id="ID_7388401" align="left" valign="top">8</x:td>
          <x:td id="ID_7388402" align="left" valign="top">
            <x:p id="ID_7388403">Supplementary equipment available for providing information</x:p>
          </x:td>
          <x:td id="ID_7388404" align="left" valign="top">&nbsp;</x:td>
        </x:tr>
        <x:tr id="ID_7388405">
          <x:td id="ID_7388406" align="left" valign="top">9</x:td>
          <x:td id="ID_7388407" align="left" valign="top">
            <x:p id="ID_7388408">ATS units provided with information</x:p>
          </x:td>
          <x:td id="ID_7388409" align="left" valign="top">&nbsp;</x:td>
        </x:tr>
        <x:tr id="ID_7388410">
          <x:td id="ID_7388411" align="left" valign="top">10</x:td>
          <x:td id="ID_7388412" align="left" valign="top">
            <x:p id="ID_7388413">Additional information (limitation of service, etc.)</x:p>
          </x:td>
          <x:td id="ID_7388414" align="left" valign="top">&nbsp;</x:td>
        </x:tr>
      </x:tbody>
    </x:table>
  </e:AD-2.11>
  <e:AD-2.12 id="EGCK-AD-2.12" Number="AD 2.12">
    <e:Title id="ID_7388417">RUNWAY PHYSICAL CHARACTERISTICS</e:Title>
    <x:table id="ID_7388419" class="">
      <x:thead id="ID_7388420">
        <x:tr id="ID_7388421">
          <x:th id="ID_7388422" align="left" valign="top">
            <x:p id="ID_7388423">Designations RWY Number</x:p>
          </x:th>
          <x:th id="ID_7388424" align="left" valign="top">
            <x:p id="ID_7388425">True bearing</x:p>
          </x:th>
          <x:th id="ID_7388426" align="left" valign="top">
            <x:p id="ID_7388427">Dimensions of RWY</x:p>
          </x:th>
          <x:th id="ID_7388428" align="left" valign="top">
            <x:p id="ID_7388429">Surface of RWY/ SWY/ </x:p>
            <x:p id="ID_7388430">Strength (PCN)</x:p>
          </x:th>
          <x:th id="ID_7388431" align="left" valign="top">
            <x:p id="ID_7388432">THR co-ordinates/</x:p>
            <x:p id="ID_7388433">THR Geoid undulation</x:p>
          </x:th>
          <x:th id="ID_7388434" align="left" valign="top">
            <x:p id="ID_7388435">THR elevation/ Highest elevation of TDZ of precision APP RWY</x:p>
          </x:th>
        </x:tr>
        <x:tr id="ID_7388436">
          <x:th id="ID_7388437" align="left" valign="top">1</x:th>
          <x:th id="ID_7388438" align="left" valign="top">2</x:th>
          <x:th id="ID_7388439" align="left" valign="top">3</x:th>
          <x:th id="ID_7388440" align="left" valign="top">4</x:th>
          <x:th id="ID_7388441" align="left" valign="top">5</x:th>
          <x:th id="ID_7388442" align="left" valign="top">6</x:th>
        </x:tr>
      </x:thead>
      <x:tbody id="ID_7388443">
        <x:tr id="ID_7388444">
          <x:td id="ID_7388445" align="left" valign="top">&nbsp;</x:td>
          <x:td id="ID_7388446" align="left" valign="top">&nbsp;</x:td>
          <x:td id="ID_7388447" align="left" valign="top">&nbsp;</x:td>
          <x:td id="ID_7388448" align="left" valign="top">&nbsp;</x:td>
          <x:td id="ID_7388449" align="left" valign="top">&nbsp;</x:td>
          <x:td id="ID_7388450" align="left" valign="top">&nbsp;</x:td>
        </x:tr>
        <x:tr id="ID_7388451">
          <x:td id="ID_7388452" align="left" valign="top">&nbsp;</x:td>
          <x:td id="ID_7388453" align="left" valign="top">&nbsp;</x:td>
          <x:td id="ID_7388454" align="left" valign="top">&nbsp;</x:td>
          <x:td id="ID_7388455" align="left" valign="top">&nbsp;</x:td>
          <x:td id="ID_7388456" align="left" valign="top">&nbsp;</x:td>
          <x:td id="ID_7388457" align="left" valign="top">&nbsp;</x:td>
        </x:tr>
      </x:tbody>
    </x:table>
    <x:table id="ID_7388459" class="">
      <x:thead id="ID_7388460">
        <x:tr id="ID_7388461">
          <x:th id="ID_7388462" colspan="3" align="left" valign="top">
            <x:p id="ID_7388463">Slope of RWY/</x:p>
            <x:p id="ID_7388464">SWY</x:p>
          </x:th>
          <x:th id="ID_7388465" align="left" valign="top">
            <x:p id="ID_7388466">SWY dimensions</x:p>
          </x:th>
          <x:th id="ID_7388467" align="left" valign="top">
            <x:p id="ID_7388468">Clearway dimensions</x:p>
          </x:th>
          <x:th id="ID_7388469" align="left" valign="top">
            <x:p id="ID_7388470">Strip dimensions</x:p>
          </x:th>
          <x:th id="ID_7388471" align="left" valign="top">
            <x:p id="ID_7388472">OFZ</x:p>
          </x:th>
          <x:th id="ID_7388473" align="left" valign="top">
            <x:p id="ID_7388474">Remarks</x:p>
          </x:th>
        </x:tr>
        <x:tr id="ID_7388475">
          <x:th id="ID_7388476" colspan="3" align="left" valign="top">7</x:th>
          <x:th id="ID_7388477" align="left" valign="top">8</x:th>
          <x:th id="ID_7388478" align="left" valign="top">9</x:th>
          <x:th id="ID_7388479" align="left" valign="top">10</x:th>
          <x:th id="ID_7388480" align="left" valign="top">11</x:th>
          <x:th id="ID_7388481" align="left" valign="top">12</x:th>
        </x:tr>
      </x:thead>
      <x:tbody id="ID_7388482">
        <x:tr id="ID_7388483">
          <x:td id="ID_7388484" colspan="3" align="left" valign="top">&nbsp;</x:td>
          <x:td id="ID_7388485" align="left" valign="top">&nbsp;</x:td>
          <x:td id="ID_7388486" align="left" valign="top">&nbsp;</x:td>
          <x:td id="ID_7388487" align="left" valign="top">&nbsp;</x:td>
          <x:td id="ID_7388488" align="left" valign="top">&nbsp;</x:td>
          <x:td id="ID_7388489" align="left" valign="top">&nbsp;</x:td>
        </x:tr>
        <x:tr id="ID_7388490">
          <x:td id="ID_7388491" colspan="3" align="left" valign="top">&nbsp;</x:td>
          <x:td id="ID_7388492" align="left" valign="top">&nbsp;</x:td>
          <x:td id="ID_7388493" align="left" valign="top">&nbsp;</x:td>
          <x:td id="ID_7388494" align="left" valign="top">&nbsp;</x:td>
          <x:td id="ID_7388495" align="left" valign="top">&nbsp;</x:td>
          <x:td id="ID_7388496" align="left" valign="top">&nbsp;</x:td>
        </x:tr>
      </x:tbody>
    </x:table>
  </e:AD-2.12>
  <e:AD-2.13 id="EGCK-AD-2.13" Number="AD 2.13">
    <e:Title id="ID_7388499">DECLARED DISTANCES</e:Title>
    <x:table id="ID_7388501" class="">
      <x:thead id="ID_7388502">
        <x:tr id="ID_7388503">
          <x:th id="ID_7388504" align="left" valign="top">
            <x:p id="ID_7388505">Runway designator</x:p>
          </x:th>
          <x:th id="ID_7388506" align="left" valign="top">
            <x:p id="ID_7388507">TORA</x:p>
          </x:th>
          <x:th id="ID_7388508" align="left" valign="top">
            <x:p id="ID_7388509">TODA</x:p>
          </x:th>
          <x:th id="ID_7388510" align="left" valign="top">
            <x:p id="ID_7388511">ASDA</x:p>
          </x:th>
          <x:th id="ID_7388512" align="left" valign="top">
            <x:p id="ID_7388513">LDA</x:p>
          </x:th>
          <x:th id="ID_7388514" align="left" valign="top">
            <x:p id="ID_7388515">Remarks</x:p>
          </x:th>
        </x:tr>
        <x:tr id="ID_7388516">
          <x:th id="ID_7388517" align="left" valign="top">1</x:th>
          <x:th id="ID_7388518" align="left" valign="top">2</x:th>
          <x:th id="ID_7388519" align="left" valign="top">3</x:th>
          <x:th id="ID_7388520" align="left" valign="top">4</x:th>
          <x:th id="ID_7388521" align="left" valign="top">5</x:th>
          <x:th id="ID_7388522" align="left" valign="top">6</x:th>
        </x:tr>
      </x:thead>
      <x:tbody id="ID_7388523">
        <x:tr id="ID_7388524">
          <x:td id="ID_7388525" align="left" valign="top">&nbsp;</x:td>
          <x:td id="ID_7388526" align="left" valign="top">&nbsp;</x:td>
          <x:td id="ID_7388527" align="left" valign="top">&nbsp;</x:td>
          <x:td id="ID_7388528" align="left" valign="top">&nbsp;</x:td>
          <x:td id="ID_7388529" align="left" valign="top">&nbsp;</x:td>
          <x:td id="ID_7388530" align="left" valign="top">&nbsp;</x:td>
        </x:tr>
        <x:tr id="ID_7388531">
          <x:td id="ID_7388532" align="left" valign="top">&nbsp;</x:td>
          <x:td id="ID_7388533" align="left" valign="top">&nbsp;</x:td>
          <x:td id="ID_7388534" align="left" valign="top">&nbsp;</x:td>
          <x:td id="ID_7388535" align="left" valign="top">&nbsp;</x:td>
          <x:td id="ID_7388536" align="left" valign="top">&nbsp;</x:td>
          <x:td id="ID_7388537" align="left" valign="top">&nbsp;</x:td>
        </x:tr>
      </x:tbody>
    </x:table>
  </e:AD-2.13>
  <e:AD-2.14 id="EGCK-AD-2.14" Number="AD 2.14">
    <e:Title id="ID_7388540">APPROACH AND RUNWAY LIGHTING</e:Title>
    <x:table id="ID_7388542" class="">
      <x:thead id="ID_7388543">
        <x:tr id="ID_7388544">
          <x:th id="ID_7388545" align="left" valign="top">
            <x:p id="ID_7388546">RWY</x:p>
          </x:th>
          <x:th id="ID_7388547" align="left" valign="top">
            <x:p id="ID_7388548">Approach Lighting Type/</x:p>
            <x:p id="ID_7388549">Length/</x:p>
            <x:p id="ID_7388550">Intensity</x:p>
          </x:th>
          <x:th id="ID_7388551" align="left" valign="top">
            <x:p id="ID_7388552">Threshold lighting</x:p>
            <x:p id="ID_7388553">Colour/ </x:p>
            <x:p id="ID_7388554">Wing bars</x:p>
          </x:th>
          <x:th id="ID_7388555" align="left" valign="top">
            <x:p id="ID_7388556">VASIS/</x:p>
            <x:p id="ID_7388557">MEHT/</x:p>
            <x:p id="ID_7388558">PAPI</x:p>
          </x:th>
          <x:th id="ID_7388559" align="left" valign="top">
            <x:p id="ID_7388560">TDZ lighting</x:p>
            <x:p id="ID_7388561">Length</x:p>
          </x:th>
          <x:th id="ID_7388562" align="left" valign="top">
            <x:p id="ID_7388563">Runway Centre Line lighting</x:p>
            <x:p id="ID_7388564">Length/</x:p>
            <x:p id="ID_7388565">Spacing/</x:p>
            <x:p id="ID_7388566">Colour/</x:p>
            <x:p id="ID_7388567">Intensity</x:p>
          </x:th>
          <x:th id="ID_7388568" align="left" valign="top">
            <x:p id="ID_7388569">Runway edge lighting</x:p>
            <x:p id="ID_7388570">Length/</x:p>
            <x:p id="ID_7388571">Spacing/</x:p>
            <x:p id="ID_7388572">Colour/</x:p>
            <x:p id="ID_7388573">Intensity</x:p>
          </x:th>
          <x:th id="ID_7388574" align="left" valign="top">
            <x:p id="ID_7388575">Runway end lighting</x:p>
            <x:p id="ID_7388576">Colour/</x:p>
            <x:p id="ID_7388577">Wing bars</x:p>
          </x:th>
          <x:th id="ID_7388578" align="left" valign="top">
            <x:p id="ID_7388579">Stopway lighting</x:p>
            <x:p id="ID_7388580">Length/</x:p>
            <x:p id="ID_7388581">Colour</x:p>
          </x:th>
          <x:th id="ID_7388582" align="left" valign="top">
            <x:p id="ID_7388583">Remarks</x:p>
          </x:th>
        </x:tr>
        <x:tr id="ID_7388584">
          <x:th id="ID_7388585" align="left" valign="top">1</x:th>
          <x:th id="ID_7388586" align="left" valign="top">2</x:th>
          <x:th id="ID_7388587" align="left" valign="top">3</x:th>
          <x:th id="ID_7388588" align="left" valign="top">4</x:th>
          <x:th id="ID_7388589" align="left" valign="top">5</x:th>
          <x:th id="ID_7388590" align="left" valign="top">6</x:th>
          <x:th id="ID_7388591" align="left" valign="top">7</x:th>
          <x:th id="ID_7388592" align="left" valign="top">8</x:th>
          <x:th id="ID_7388593" align="left" valign="top">9</x:th>
          <x:th id="ID_7388594" align="left" valign="top">10</x:th>
        </x:tr>
      </x:thead>
      <x:tbody id="ID_7388595">
        <x:tr id="ID_7388596">
          <x:td id="ID_7388597" align="left" valign="top">&nbsp;</x:td>
          <x:td id="ID_7388598" align="left" valign="top">&nbsp;</x:td>
          <x:td id="ID_7388599" align="left" valign="top">&nbsp;</x:td>
          <x:td id="ID_7388600" align="left" valign="top">&nbsp;</x:td>
          <x:td id="ID_7388601" align="left" valign="top">&nbsp;</x:td>
          <x:td id="ID_7388602" align="left" valign="top">&nbsp;</x:td>
          <x:td id="ID_7388603" align="left" valign="top">&nbsp;</x:td>
          <x:td id="ID_7388604" align="left" valign="top">&nbsp;</x:td>
          <x:td id="ID_7388605" align="left" valign="top">&nbsp;</x:td>
          <x:td id="ID_7388606" align="left" valign="top">&nbsp;</x:td>
        </x:tr>
        <x:tr id="ID_7388607">
          <x:td id="ID_7388608" align="left" valign="top">&nbsp;</x:td>
          <x:td id="ID_7388609" align="left" valign="top">&nbsp;</x:td>
          <x:td id="ID_7388610" align="left" valign="top">&nbsp;</x:td>
          <x:td id="ID_7388611" align="left" valign="top">&nbsp;</x:td>
          <x:td id="ID_7388612" align="left" valign="top">&nbsp;</x:td>
          <x:td id="ID_7388613" align="left" valign="top">&nbsp;</x:td>
          <x:td id="ID_7388614" align="left" valign="top">&nbsp;</x:td>
          <x:td id="ID_7388615" align="left" valign="top">&nbsp;</x:td>
          <x:td id="ID_7388616" align="left" valign="top">&nbsp;</x:td>
          <x:td id="ID_7388617" align="left" valign="top">&nbsp;</x:td>
        </x:tr>
      </x:tbody>
    </x:table>
  </e:AD-2.14>
  <e:AD-2.15 id="EGCK-AD-2.15" Number="AD 2.15">
    <e:Title id="ID_7388620">OTHER LIGHTING, SECONDARY POWER SUPPLY</e:Title>
    <x:table id="ID_7388622" class="">
      <x:tbody id="ID_7388623">
        <x:tr id="ID_7388624">
          <x:td id="ID_7388625" align="left" valign="top">1</x:td>
          <x:td id="ID_7388626" align="left" valign="top">
            <x:p id="ID_7388627">ABN/IBN location, characteristics and hours of operation</x:p>
          </x:td>
          <x:td id="ID_7388628" align="left" valign="top">&nbsp;</x:td>
        </x:tr>
        <x:tr id="ID_7388629">
          <x:td id="ID_7388630" align="left" valign="top">2</x:td>
          <x:td id="ID_7388631" align="left" valign="top">
            <x:p id="ID_7388632">LDI location and lighting</x:p>
            <x:p id="ID_7388633">Anemometer location and lighting</x:p>
          </x:td>
          <x:td id="ID_7388634" align="left" valign="top">&nbsp;</x:td>
        </x:tr>
        <x:tr id="ID_7388635">
          <x:td id="ID_7388636" align="left" valign="top">3</x:td>
          <x:td id="ID_7388637" align="left" valign="top">
            <x:p id="ID_7388638">TWY edge and centre line lighting</x:p>
          </x:td>
          <x:td id="ID_7388639" align="left" valign="top">&nbsp;</x:td>
        </x:tr>
        <x:tr id="ID_7388640">
          <x:td id="ID_7388641" align="left" valign="top">4</x:td>
          <x:td id="ID_7388642" align="left" valign="top">
            <x:p id="ID_7388643">Secondary power supply/switch-over time</x:p>
          </x:td>
          <x:td id="ID_7388644" align="left" valign="top">&nbsp;</x:td>
        </x:tr>
        <x:tr id="ID_7388645">
          <x:td id="ID_7388646" align="left" valign="top">5</x:td>
          <x:td id="ID_7388647" align="left" valign="top">
            <x:p id="ID_7388648">Remarks</x:p>
          </x:td>
          <x:td id="ID_7388649" align="left" valign="top">&nbsp;</x:td>
        </x:tr>
      </x:tbody>
    </x:table>
  </e:AD-2.15>
  <e:AD-2.16 id="EGCK-AD-2.16" Number="AD 2.16">
    <e:Title id="ID_7388652">HELICOPTER LANDING AREA</e:Title>
    <x:table id="ID_7388654" class="">
      <x:tbody id="ID_7388655">
        <x:tr id="ID_7388656">
          <x:td id="ID_7388657" align="left" valign="top">1</x:td>
          <x:td id="ID_7388658" align="left" valign="top">
            <x:p id="ID_7388659">Coordinates TLOF or THR of FATO</x:p>
            <x:p id="ID_7388660">Geoid undulation</x:p>
          </x:td>
          <x:td id="ID_7388661" align="left" valign="top">&nbsp;</x:td>
        </x:tr>
        <x:tr id="ID_7388662">
          <x:td id="ID_7388663" align="left" valign="top">2</x:td>
          <x:td id="ID_7388664" align="left" valign="top">
            <x:p id="ID_7388665">TLOF and/or FATO elevation M/FT</x:p>
          </x:td>
          <x:td id="ID_7388666" align="left" valign="top">&nbsp;</x:td>
        </x:tr>
        <x:tr id="ID_7388667">
          <x:td id="ID_7388668" align="left" valign="top">3</x:td>
          <x:td id="ID_7388669" align="left" valign="top">
            <x:p id="ID_7388670">TLOF and FATO area dimensions, surface, strength, marking</x:p>
          </x:td>
          <x:td id="ID_7388671" align="left" valign="top">&nbsp;</x:td>
        </x:tr>
        <x:tr id="ID_7388672">
          <x:td id="ID_7388673" align="left" valign="top">4</x:td>
          <x:td id="ID_7388674" align="left" valign="top">
            <x:p id="ID_7388675">True BRG of FATO</x:p>
          </x:td>
          <x:td id="ID_7388676" align="left" valign="top">&nbsp;</x:td>
        </x:tr>
        <x:tr id="ID_7388677">
          <x:td id="ID_7388678" align="left" valign="top">5</x:td>
          <x:td id="ID_7388679" align="left" valign="top">
            <x:p id="ID_7388680">Declared distance available</x:p>
          </x:td>
          <x:td id="ID_7388681" align="left" valign="top">&nbsp;</x:td>
        </x:tr>
        <x:tr id="ID_7388682">
          <x:td id="ID_7388683" align="left" valign="top">6</x:td>
          <x:td id="ID_7388684" align="left" valign="top">
            <x:p id="ID_7388685">APP and FATO lighting</x:p>
          </x:td>
          <x:td id="ID_7388686" align="left" valign="top">&nbsp;</x:td>
        </x:tr>
        <x:tr id="ID_7388687">
          <x:td id="ID_7388688" align="left" valign="top">7</x:td>
          <x:td id="ID_7388689" align="left" valign="top">
            <x:p id="ID_7388690">Remarks</x:p>
          </x:td>
          <x:td id="ID_7388691" align="left" valign="top">&nbsp;</x:td>
        </x:tr>
      </x:tbody>
    </x:table>
  </e:AD-2.16>
  <e:AD-2.17 id="EGCK-AD-2.17" Number="AD 2.17">
    <e:Title id="ID_7388694">AIR TRAFFIC SERVICES AIRSPACE</e:Title>
    <x:table id="ID_7388696" class="">
      <x:thead id="ID_7388697">
        <x:tr id="ID_7388698">
          <x:th id="ID_7388699" align="left" valign="top">
            <x:p id="ID_7388700">Designation and</x:p>
            <x:p id="ID_7388701">lateral limits</x:p>
          </x:th>
          <x:th id="ID_7388702" align="left" valign="top">
            <x:p id="ID_7388703">Vertical Limits</x:p>
          </x:th>
          <x:th id="ID_7388704" align="left" valign="top">
            <x:p id="ID_7388705">Airspace Class</x:p>
          </x:th>
          <x:th id="ID_7388706" align="left" valign="top">
            <x:p id="ID_7388707">ATS unit callsign/ language</x:p>
          </x:th>
          <x:th id="ID_7388708" align="left" valign="top">
            <x:p id="ID_7388709">Transition Altitude</x:p>
          </x:th>
          <x:th id="ID_7388710" align="left" valign="top">
            <x:p id="ID_7388711">Hours of Applicability</x:p>
          </x:th>
          <x:th id="ID_7388712" align="left" valign="top">
            <x:p id="ID_7388713">Remarks</x:p>
          </x:th>
        </x:tr>
        <x:tr id="ID_7388714">
          <x:th id="ID_7388715" align="left" valign="top">1</x:th>
          <x:th id="ID_7388716" align="left" valign="top">2</x:th>
          <x:th id="ID_7388717" align="left" valign="top">3</x:th>
          <x:th id="ID_7388718" align="left" valign="top">4</x:th>
          <x:th id="ID_7388719" align="left" valign="top">5</x:th>
          <x:th id="ID_7388720" align="left" valign="top">6</x:th>
          <x:th id="ID_7388721" align="left" valign="top">7</x:th>
        </x:tr>
      </x:thead>
      <x:tbody id="ID_7388722">
        <x:tr id="ID_7388723">
          <x:td id="ID_7388724" align="left" valign="top">&nbsp;</x:td>
          <x:td id="ID_7388725" align="left" valign="top">&nbsp;</x:td>
          <x:td id="ID_7388726" align="left" valign="top">&nbsp;</x:td>
          <x:td id="ID_7388727" align="left" valign="top">&nbsp;</x:td>
          <x:td id="ID_7388728" align="left" valign="top">&nbsp;</x:td>
          <x:td id="ID_7388729" align="left" valign="top">&nbsp;</x:td>
          <x:td id="ID_7388730" align="left" valign="top">&nbsp;</x:td>
        </x:tr>
        <x:tr id="ID_7388731">
          <x:td id="ID_7388732" align="left" valign="top">&nbsp;</x:td>
          <x:td id="ID_7388733" align="left" valign="top">&nbsp;</x:td>
          <x:td id="ID_7388734" align="left" valign="top">&nbsp;</x:td>
          <x:td id="ID_7388735" align="left" valign="top">&nbsp;</x:td>
          <x:td id="ID_7388736" align="left" valign="top">&nbsp;</x:td>
          <x:td id="ID_7388737" align="left" valign="top">&nbsp;</x:td>
          <x:td id="ID_7388738" align="left" valign="top">&nbsp;</x:td>
        </x:tr>
      </x:tbody>
    </x:table>
  </e:AD-2.17>
  <e:AD-2.18 id="EGCK-AD-2.18" Number="AD 2.18">
    <e:Title id="ID_7388741">AIR TRAFFIC SERVICES COMMUNICATION FACILITIES</e:Title>
    <x:table id="ID_7388743" class="">
      <x:thead id="ID_7388744">
        <x:tr id="ID_7388745">
          <x:th id="ID_7388746" align="left" valign="top">
            <x:p id="ID_7388747">Service designation</x:p>
          </x:th>
          <x:th id="ID_7388748" align="left" valign="top">
            <x:p id="ID_7388749">Callsign</x:p>
          </x:th>
          <x:th id="ID_7388750" align="left" valign="top">
            <x:p id="ID_7388751">Channel(s)</x:p>
          </x:th>
          <x:th id="ID_7388752" align="left" valign="top">
            <x:p id="ID_7388753">Hours of </x:p>
            <x:p id="ID_7388754">Operation</x:p>
          </x:th>
          <x:th id="ID_7388755" align="left" valign="top">
            <x:p id="ID_7388756">Remarks</x:p>
          </x:th>
        </x:tr>
        <x:tr id="ID_7388757">
          <x:th id="ID_7388758" align="left" valign="top">1</x:th>
          <x:th id="ID_7388759" align="left" valign="top">2</x:th>
          <x:th id="ID_7388760" align="left" valign="top">3</x:th>
          <x:th id="ID_7388761" align="left" valign="top">4</x:th>
          <x:th id="ID_7388762" align="left" valign="top">5</x:th>
        </x:tr>
      </x:thead>
      <x:tbody id="ID_7388763">
        <x:tr id="ID_7388764">
          <x:td id="ID_7388765" align="left" valign="top">&nbsp;</x:td>
          <x:td id="ID_7388766" align="left" valign="top">&nbsp;</x:td>
          <x:td id="ID_7388767" align="left" valign="top">&nbsp;</x:td>
          <x:td id="ID_7388768" align="left" valign="top">&nbsp;</x:td>
          <x:td id="ID_7388769" align="left" valign="top">&nbsp;</x:td>
        </x:tr>
        <x:tr id="ID_7388770">
          <x:td id="ID_7388771" align="left" valign="top">&nbsp;</x:td>
          <x:td id="ID_7388772" align="left" valign="top">&nbsp;</x:td>
          <x:td id="ID_7388773" align="left" valign="top">&nbsp;</x:td>
          <x:td id="ID_7388774" align="left" valign="top">&nbsp;</x:td>
          <x:td id="ID_7388775" align="left" valign="top">&nbsp;</x:td>
        </x:tr>
      </x:tbody>
    </x:table>
  </e:AD-2.18>
  <e:AD-2.19 id="EGCK-AD-2.19" Number="AD 2.19">
    <e:Title id="ID_7388778">RADIO NAVIGATION AND LANDING AIDS</e:Title>
    <x:table id="ID_7388780" class="">
      <x:thead id="ID_7388781">
        <x:tr id="ID_7388782">
          <x:th id="ID_7388783" align="left" valign="top">
            <x:p id="ID_7388784">Type of Aid CAT of ILS/MLS</x:p>
            <x:p id="ID_7388785">(For VOR/ILS/MLS, give VAR)</x:p>
          </x:th>
          <x:th id="ID_7388786" align="left" valign="top">
            <x:p id="ID_7388787">Ident</x:p>
          </x:th>
          <x:th id="ID_7388788" align="left" valign="top">
            <x:p id="ID_7388789">Frequency</x:p>
            <x:p id="ID_7388790">channel number(s), service provider, and reference path identifier(s) (RPI)</x:p>
          </x:th>
          <x:th id="ID_7388791" align="left" valign="top">
            <x:p id="ID_7388792">Hours of Operation</x:p>
          </x:th>
          <x:th id="ID_7388793" align="left" valign="top">
            <x:p id="ID_7388794">Position of transmitting antenna co-ordinates</x:p>
          </x:th>
          <x:th id="ID_7388795" align="left" valign="top">
            <x:p id="ID_7388796">Elevation of DME transmitting antenna</x:p>
            <x:p id="ID_7388797">GBAS, SBAS, LTP, FTP values</x:p>
          </x:th>
          <x:th id="ID_7388798" align="left" valign="top">
            <x:p id="ID_7388799">Remarks</x:p>
          </x:th>
        </x:tr>
        <x:tr id="ID_7388800">
          <x:th id="ID_7388801" align="left" valign="top">1</x:th>
          <x:th id="ID_7388802" align="left" valign="top">2</x:th>
          <x:th id="ID_7388803" align="left" valign="top">3</x:th>
          <x:th id="ID_7388804" align="left" valign="top">4</x:th>
          <x:th id="ID_7388805" align="left" valign="top">5</x:th>
          <x:th id="ID_7388806" align="left" valign="top">6</x:th>
          <x:th id="ID_7388807" align="left" valign="top">7</x:th>
        </x:tr>
      </x:thead>
      <x:tbody id="ID_7388808">
        <x:tr id="ID_7388809">
          <x:td id="ID_7388810" align="left" valign="top">&nbsp;</x:td>
          <x:td id="ID_7388811" align="left" valign="top">&nbsp;</x:td>
          <x:td id="ID_7388812" align="left" valign="top">&nbsp;</x:td>
          <x:td id="ID_7388813" align="left" valign="top">&nbsp;</x:td>
          <x:td id="ID_7388814" align="left" valign="top">&nbsp;</x:td>
          <x:td id="ID_7388815" align="left" valign="top">&nbsp;</x:td>
          <x:td id="ID_7388816" align="left" valign="top">&nbsp;</x:td>
        </x:tr>
      </x:tbody>
    </x:table>
  </e:AD-2.19>
  <e:AD-2.20 id="EGCK-AD-2.20" Number="AD 2.20">
    <e:Title id="ID_7388819">LOCAL AERODROME REGULATIONS</e:Title>
    <x:div class="RP">
      <x:span class="sdParams" style="display:none;">TRULES_PROC;RULES_PROC_ID;7625</x:span>
      <e:Sub-section Number="1" id="EGCK-AD-2.20.1">
        <e:Title id="ID_7388821">Airport Regulations</e:Title>
        <x:ol id="ID_7388822" class="Numbered">
          <x:li id="ID_7388823">
            <x:p id="ID_7388824">All pilots and personnel, except for passengers and other persons that are being escorted, shall wear high visibility clothing at all times whilst airside.</x:p>
          </x:li>
          <x:li id="ID_7388825">
            <x:p id="ID_7388826">Smoking airside strictly prohibited.</x:p>
          </x:li>
          <x:li id="ID_7388827">
            <x:p id="ID_7388828">Not available to aircraft unable to communicate by radio with A/G. Aircraft with radio failure must follow standard radio failure procedures.</x:p>
          </x:li>
          <x:li id="ID_7388829">
            <x:p id="ID_7388830">Each aircraft commander is responsible for the safety of their passengers and other crew members. To ensure the safety of passengers and crew members, the aircraft commander (or other competent crew member) is to supervise and escort passengers whilst airside</x:p>
          </x:li>
          <x:li id="ID_7388831">
            <x:p id="ID_7388832">All movements outside published hours are subject to the out of hours conditions published on the airport website.</x:p>
          </x:li>
        </x:ol>
      </e:Sub-section>
      <e:Sub-section Number="2" id="EGCK-AD-2.20.2">
        <e:Title id="ID_7388834">Ground Movement</e:Title>
        <x:ol id="ID_7388835" class="Numbered">
          <x:li id="ID_7388836">
            <x:p id="ID_7388837">Taxilanes A and C have been introduced between Stands 1 to 10. Aircraft using these taxilanes must not have a wingspan in excess of 17 m. Aircraft must adhere strictly to the yellow centre-line along the taxilane as maximum clearance from the centre-line to obstruction within the taxilane is 14 m. Aircraft parking on Stands 1 to 10 must park north of the yellow markings on the stand to ensure taxilane clearance is maintained at all times.</x:p>
          </x:li>
          <x:li id="ID_7388838">
            <x:p id="ID_7388839">The responsibility for wingtip clearance during taxiing and parking remains with the flight crew.</x:p>
          </x:li>
          <x:li id="ID_7388840">
            <x:p id="ID_7388841">Aircraft should only taxi on paved surfaces, aircraft using the grass to taxi onto their stand do so at the discretion of the flight crew.</x:p>
          </x:li>
          <x:li id="ID_7388842">
            <x:p id="ID_7388843">Pilots must exercise caution and moderate taxiing speeds on Taxi Lanes A, B, C due to the possible presence of pedestrians and intense aircraft movements.</x:p>
          </x:li>
          <x:li id="ID_7388844">
            <x:p id="ID_7388845">All parking is self-manoeuvring, assistance available on request.</x:p>
          </x:li>
        </x:ol>
      </e:Sub-section>
      <e:Sub-section Number="3" id="EGCK-AD-2.20.3">
        <e:Title id="ID_7388847">CAT II/III Operations</e:Title>
        <x:p id="ID_7388848">Not applicable</x:p>
      </e:Sub-section>
      <e:Sub-section Number="4" id="EGCK-AD-2.20.4">
        <e:Title id="ID_7388850">Warnings</e:Title>
        <x:ol id="ID_7388851" class="Numbered">
          <x:li id="ID_7388852">
            <x:p id="ID_7388853">Turbulance might on occassion be experienced when there is an easterly wind.</x:p>
          </x:li>
          <x:li id="ID_7388854">
            <x:p id="ID_7388855">High ground beyond 6 nm southeast of the aerodrome rising to 3560 ft aal/amsl.</x:p>
          </x:li>
          <x:li id="ID_7388856">
            <x:p id="ID_7388857">Runway 07 take-off; Beyond 11000 m there is mountainous terrain, rising to 3560 ft.</x:p>
          </x:li>
          <x:li id="ID_7388858">
            <x:p id="ID_7388859">Due to RSPB reserve 1 km south of the aerodrome, between September-March, there will be increased bird activity.</x:p>
          </x:li>
          <x:li id="ID_7388860">
            <x:p id="ID_7388861">Air Ambulance and Coastguard helicopter operations are based at Caernarfon and will be given the appropriate priority over other traffic when operating. These operations may occur H24 including outside of the operating hours of the aerodrome and pilots are to make a blind call on Caernarfon Radio 122.250 MHz when the aerodrome is published as closed and they are transiting through or close to the ATZ.</x:p>
          </x:li>
          <x:li id="ID_7388862">
            <x:p id="ID_7388863">During periods of heavy rain, runways are liable to have patches of standing water.</x:p>
          </x:li>
          <x:li id="ID_7388864">
            <x:p id="ID_7388865">Light aircraft are warned of the possible effect of wake turbulence by preceding helicopters on approach or departure.</x:p>
          </x:li>
          <x:li id="ID_7388866">
            <x:p id="ID_7388867">Light aircraft should also be aware of the possible effect of rotor downwash generated by large helicopters operating on the aerodrome, including the home based S92 SAR Helicopters.</x:p>
          </x:li>
        </x:ol>
      </e:Sub-section>
      <e:Sub-section Number="5" id="EGCK-AD-2.20.5">
        <e:Title id="ID_7388869">Helicopter Operations</e:Title>
        <x:ol id="ID_7388870" class="Numbered">
          <x:li id="ID_7388871">
            <x:p id="ID_7388872">No helicopter movements within 300 metres, downwind of the wind turbines.</x:p>
          </x:li>
        </x:ol>
      </e:Sub-section>
      <e:Sub-section Number="6" id="EGCK-AD-2.20.6">
        <e:Title id="ID_7388874">Use of Runways</e:Title>
        <x:ol id="ID_7388875" class="Numbered">
          <x:li id="ID_7388876">
            <x:p id="ID_7388877">Runway 02/20 is unlicensed and unavailable for aircraft requiring the use of a licenced runway. For details including dimensions and declared distances contact the aerodrome.</x:p>
          </x:li>
          <x:li id="ID_7388878">
            <x:p id="ID_7388879">All CAT operations to make the approach to the licensed Runway 07/25.</x:p>
          </x:li>
          <x:li id="ID_7388880">
            <x:p id="ID_7388881">Circuit Directions: Runways 07 and 20 – LH, Runways 25 and 02 – RH.</x:p>
          </x:li>
        </x:ol>
      </e:Sub-section>
      <e:Sub-section Number="7" id="EGCK-AD-2.20.7">
        <e:Title id="ID_7388883">Training</e:Title>
        <x:p id="ID_7388884">Not applicable</x:p>
      </e:Sub-section>
    </x:div>
  </e:AD-2.20>
  <e:AD-2.21 id="EGCK-AD-2.21" Number="AD 2.21">
    <e:Title id="ID_7388887">NOISE ABATEMENT PROCEDURES</e:Title>
    <x:div class="RP">
      <x:span class="sdParams" style="display:none;">TRULES_PROC;RULES_PROC_ID;7626</x:span>
      <x:p id="ID_7388888">Helicopters must not overfly any caravan site within the ATZ below 1000 ft on the QFE.</x:p>
    </x:div>
  </e:AD-2.21>
  <e:AD-2.22 id="EGCK-AD-2.22" Number="AD 2.22">
    <e:Title id="ID_7388891">FLIGHT PROCEDURES</e:Title>
    <x:div class="RP">
      <x:span class="sdParams" style="display:none;">TRULES_PROC;RULES_PROC_ID;7627</x:span>
      <x:ol id="ID_7388892" class="Numbered">
        <x:li id="ID_7388893">
          <x:p id="ID_7388894">The aerodrome is in the vicinity of the Valley MATZ. Civil aircraft are to fly at 1500 ft or below (Holyhead QNH) in the Menai Straits area.</x:p>
        </x:li>
        <x:li id="ID_7388895">
          <x:p id="ID_7388896">
            <x:strong id="ID_7388897">Arriving aircraft. </x:strong>Aircraft should call Valley ATC on 125.225 MHz at least 15 minutes before ETA Caernarfon ATZ boundary.</x:p>
        </x:li>
        <x:li id="ID_7388899">
          <x:p id="ID_7388900">
            <x:strong id="ID_7388901">Departing aircraft. </x:strong>Unless otherwise instructed, departing aircraft should call Valley ATC on 125.225 MHz immediately after take-off.</x:p>
        </x:li>
        <x:li id="ID_7388903">
          <x:p id="ID_7388904">Circuit height: 800 ft aal. Aircraft are requested to join overhead not above 1300 ft aal. Circuit direction: Runway 07 - LH, Runway 25 - RH.</x:p>
        </x:li>
      </x:ol>
    </x:div>
  </e:AD-2.22>
  <e:AD-2.23 id="EGCK-AD-2.23" Number="AD 2.23">
    <e:Title id="ID_7388907">ADDITIONAL INFORMATION</e:Title>
    <x:div class="RP">
      <x:span class="sdParams" style="display:none;">TRULES_PROC;RULES_PROC_ID;7628</x:span>
      <x:p id="ID_7388908">Not applicable</x:p>
    </x:div>
  </e:AD-2.23>
  <e:AD-2.24 id="EGCK-AD-2.24" Number="AD 2.24">
    <e:Title id="ID_7388911">CHARTS RELATED TO AN AERODROME</e:Title>
    <x:table id="ID_7388913" class="">
      <x:tbody id="ID_7388914">
        <x:tr id="ID_7388915">
          <x:td id="ID_7388916" align="left" valign="top">
            <x:p id="ID_7388917">
              <x:em id="ID_7388918" class="Italic">Figure: Aerodrome Chart - ICAO</x:em>
            </x:p>
          </x:td>
        </x:tr>
        <x:tr id="ID_7388919">
          <x:td id="ID_7388920" align="left" valign="top">
            <x:p id="ID_7388921">AD 2-EGAA-2-1</x:p>
          </x:td>
        </x:tr>
        <x:tr id="ID_7388922">
          <x:td id="ID_7388923" align="left" valign="top">&nbsp;</x:td>
        </x:tr>
        <x:tr id="ID_7388924">
          <x:td id="ID_7388925" align="left" valign="top">&nbsp;</x:td>
        </x:tr>
        <x:tr id="ID_7388926">
          <x:td id="ID_7388927" align="left" valign="top">&nbsp;</x:td>
        </x:tr>
        <x:tr id="ID_7388928">
          <x:td id="ID_7388929" align="left" valign="top">&nbsp;</x:td>
        </x:tr>
      </x:tbody>
    </x:table>
  </e:AD-2.24>
</e:Aerodrome>
