<?xml version="1.0" encoding="UTF-8"?>
<e:Aerodrome id="AD-2.EGSM" Ref="ICAO-EGSM" Title="BECCLES" xmlns:e="http://www.eurocontrol.int/xmlns/AIM/eAIP" xmlns:x="http://www.w3.org/1999/xhtml" xmlns:xlink="http://www.w3.org/1999/xlink">
  <e:Title />
  <e:AD-2.1 id="EGSM-AD-2.1" Number="AD 2.1">
    <GreenBorder id="ID_7188021" />
    <e:Title id="ID_7188022">AERODROME LOCATION INDICATOR AND NAME</e:Title>
    <e:Generated />
  </e:AD-2.1>
  <e:AD-2.2 id="EGSM-AD-2.2" Number="AD 2.2">
    <GreenBorder id="ID_7188027" />
    <e:Title id="ID_7188028">AERODROME&nbsp;GEOGRAPHICAL&nbsp;AND&nbsp;ADMINISTRATIVE&nbsp;DATA</e:Title>
    <x:table id="ID_7188030" class="">
      <x:tbody id="ID_7188031">
        <x:tr id="ID_7188032">
          <x:td id="ID_7188033" HAlignment="Left" VAlignment="Top" align="left" valign="top">1</x:td>
          <x:td id="ID_7188034" HAlignment="Left" VAlignment="Top" align="left" valign="top">
            <x:p id="ID_7188035">ARP coordinates and site at AD</x:p>
          </x:td>
          <x:td id="ID_7188036" HAlignment="Left" VAlignment="Top" align="left" valign="top">&nbsp;</x:td>
        </x:tr>
        <x:tr id="ID_7188037">
          <x:td id="ID_7188038" HAlignment="Left" VAlignment="Top" align="left" valign="top">2</x:td>
          <x:td id="ID_7188039" HAlignment="Left" VAlignment="Top" align="left" valign="top">
            <x:p id="ID_7188040">Direction and distance from city</x:p>
          </x:td>
          <x:td id="ID_7188041" HAlignment="Left" VAlignment="Top" align="left" valign="top">&nbsp;</x:td>
        </x:tr>
        <x:tr id="ID_7188042">
          <x:td id="ID_7188043" HAlignment="Left" VAlignment="Top" align="left" valign="top">3</x:td>
          <x:td id="ID_7188044" HAlignment="Left" VAlignment="Top" align="left" valign="top">
            <x:p id="ID_7188045">Elevation / Reference temperature</x:p>
          </x:td>
          <x:td id="ID_7188046" HAlignment="Left" VAlignment="Top" align="left" valign="top">&nbsp;</x:td>
        </x:tr>
        <x:tr id="ID_7188047">
          <x:td id="ID_7188048" HAlignment="Left" VAlignment="Top" align="left" valign="top">4</x:td>
          <x:td id="ID_7188049" HAlignment="Left" VAlignment="Top" align="left" valign="top">
            <x:p id="ID_7188050">Geoid undulation at AD ELEV PSN</x:p>
          </x:td>
          <x:td id="ID_7188051" HAlignment="Left" VAlignment="Top" align="left" valign="top">&nbsp;</x:td>
        </x:tr>
        <x:tr id="ID_7188052">
          <x:td id="ID_7188053" HAlignment="Left" VAlignment="Top" align="left" valign="top">5</x:td>
          <x:td id="ID_7188054" HAlignment="Left" VAlignment="Top" align="left" valign="top">
            <x:p id="ID_7188055">Magnetic Variation / Annual Change</x:p>
          </x:td>
          <x:td id="ID_7188056" HAlignment="Left" VAlignment="Top" align="left" valign="top">&nbsp;</x:td>
        </x:tr>
        <x:tr id="ID_7188057">
          <x:td id="ID_7188058" HAlignment="Left" VAlignment="Top" align="left" valign="top">6</x:td>
          <x:td id="ID_7188059" HAlignment="Left" VAlignment="Top" align="left" valign="top">
            <x:p id="ID_7188060">AD Administration, address, telephone, telefax, AFS, e-mail address, website address</x:p>
          </x:td>
          <x:td id="ID_7188061" HAlignment="Left" VAlignment="Top" align="left" valign="top">&nbsp;</x:td>
        </x:tr>
        <x:tr id="ID_7188062">
          <x:td id="ID_7188063" HAlignment="Left" VAlignment="Top" align="left" valign="top">7</x:td>
          <x:td id="ID_7188064" HAlignment="Left" VAlignment="Top" align="left" valign="top">
            <x:p id="ID_7188065">Types of Traffic permitted (IFR/VFR)</x:p>
          </x:td>
          <x:td id="ID_7188066" HAlignment="Left" VAlignment="Top" align="left" valign="top">&nbsp;</x:td>
        </x:tr>
        <x:tr id="ID_7188067">
          <x:td id="ID_7188068" HAlignment="Left" VAlignment="Top" align="left" valign="top">8</x:td>
          <x:td id="ID_7188069" HAlignment="Left" VAlignment="Top" align="left" valign="top">
            <x:p id="ID_7188070">Remarks</x:p>
          </x:td>
          <x:td id="ID_7188071" HAlignment="Left" VAlignment="Top" align="left" valign="top">&nbsp;</x:td>
        </x:tr>
      </x:tbody>
    </x:table>
  </e:AD-2.2>
  <e:AD-2.3 id="EGSM-AD-2.3" Number="AD 2.3">
    <GreenBorder id="ID_7188073" />
    <e:Title id="ID_7188074">OPERATIONAL&nbsp;HOURS</e:Title>
    <x:table id="ID_7188076" class="">
      <x:tbody id="ID_7188077">
        <x:tr id="ID_7188078">
          <x:td id="ID_7188079" HAlignment="Left" VAlignment="Top" align="left" valign="top">1</x:td>
          <x:td id="ID_7188080" HAlignment="Left" VAlignment="Top" align="left" valign="top">
            <x:p id="ID_7188081">Aerodrome Operator</x:p>
          </x:td>
          <x:td id="ID_7188082" HAlignment="Left" VAlignment="Top" align="left" valign="top">&nbsp;</x:td>
        </x:tr>
        <x:tr id="ID_7188083">
          <x:td id="ID_7188084" HAlignment="Left" VAlignment="Top" align="left" valign="top">2</x:td>
          <x:td id="ID_7188085" HAlignment="Left" VAlignment="Top" align="left" valign="top">
            <x:p id="ID_7188086">Customs and Immigration</x:p>
          </x:td>
          <x:td id="ID_7188087" HAlignment="Left" VAlignment="Top" align="left" valign="top">
            <x:p id="ID_7188088" />
          </x:td>
        </x:tr>
        <x:tr id="ID_7188089">
          <x:td id="ID_7188090" HAlignment="Left" VAlignment="Top" align="left" valign="top">3</x:td>
          <x:td id="ID_7188091" HAlignment="Left" VAlignment="Top" align="left" valign="top">
            <x:p id="ID_7188092">Health and sanitation</x:p>
          </x:td>
          <x:td id="ID_7188093" HAlignment="Left" VAlignment="Top" align="left" valign="top">&nbsp;</x:td>
        </x:tr>
        <x:tr id="ID_7188094">
          <x:td id="ID_7188095" HAlignment="Left" VAlignment="Top" align="left" valign="top">4</x:td>
          <x:td id="ID_7188096" HAlignment="Left" VAlignment="Top" align="left" valign="top">
            <x:p id="ID_7188097">AIS Briefing Office</x:p>
          </x:td>
          <x:td id="ID_7188098" HAlignment="Left" VAlignment="Top" align="left" valign="top">&nbsp;</x:td>
        </x:tr>
        <x:tr id="ID_7188099">
          <x:td id="ID_7188100" HAlignment="Left" VAlignment="Top" align="left" valign="top">5</x:td>
          <x:td id="ID_7188101" HAlignment="Left" VAlignment="Top" align="left" valign="top">
            <x:p id="ID_7188102">ATS Reporting Office (ARO)</x:p>
          </x:td>
          <x:td id="ID_7188103" HAlignment="Left" VAlignment="Top" align="left" valign="top">&nbsp;</x:td>
        </x:tr>
        <x:tr id="ID_7188104">
          <x:td id="ID_7188105" HAlignment="Left" VAlignment="Top" align="left" valign="top">6</x:td>
          <x:td id="ID_7188106" HAlignment="Left" VAlignment="Top" align="left" valign="top">
            <x:p id="ID_7188107">MET Briefing Office</x:p>
          </x:td>
          <x:td id="ID_7188108" HAlignment="Left" VAlignment="Top" align="left" valign="top">&nbsp;</x:td>
        </x:tr>
        <x:tr id="ID_7188109">
          <x:td id="ID_7188110" HAlignment="Left" VAlignment="Top" align="left" valign="top">7</x:td>
          <x:td id="ID_7188111" HAlignment="Left" VAlignment="Top" align="left" valign="top">
            <x:p id="ID_7188112">Air Traffic Service</x:p>
          </x:td>
          <x:td id="ID_7188113" HAlignment="Left" VAlignment="Top" align="left" valign="top">&nbsp;</x:td>
        </x:tr>
        <x:tr id="ID_7188114">
          <x:td id="ID_7188115" HAlignment="Left" VAlignment="Top" align="left" valign="top">8</x:td>
          <x:td id="ID_7188116" HAlignment="Left" VAlignment="Top" align="left" valign="top">
            <x:p id="ID_7188117">Fuelling</x:p>
          </x:td>
          <x:td id="ID_7188118" HAlignment="Left" VAlignment="Top" align="left" valign="top">&nbsp;</x:td>
        </x:tr>
        <x:tr id="ID_7188119">
          <x:td id="ID_7188120" HAlignment="Left" VAlignment="Top" align="left" valign="top">9</x:td>
          <x:td id="ID_7188121" HAlignment="Left" VAlignment="Top" align="left" valign="top">
            <x:p id="ID_7188122">Handling</x:p>
          </x:td>
          <x:td id="ID_7188123" HAlignment="Left" VAlignment="Top" align="left" valign="top">&nbsp;</x:td>
        </x:tr>
        <x:tr id="ID_7188124">
          <x:td id="ID_7188125" HAlignment="Left" VAlignment="Top" align="left" valign="top">10</x:td>
          <x:td id="ID_7188126" HAlignment="Left" VAlignment="Top" align="left" valign="top">
            <x:p id="ID_7188127">Security</x:p>
          </x:td>
          <x:td id="ID_7188128" HAlignment="Left" VAlignment="Top" align="left" valign="top">&nbsp;</x:td>
        </x:tr>
        <x:tr id="ID_7188129">
          <x:td id="ID_7188130" HAlignment="Left" VAlignment="Top" align="left" valign="top">11</x:td>
          <x:td id="ID_7188131" HAlignment="Left" VAlignment="Top" align="left" valign="top">
            <x:p id="ID_7188132">De-icing</x:p>
          </x:td>
          <x:td id="ID_7188133" HAlignment="Left" VAlignment="Top" align="left" valign="top">&nbsp;</x:td>
        </x:tr>
        <x:tr id="ID_7188134">
          <x:td id="ID_7188135" HAlignment="Left" VAlignment="Top" align="left" valign="top">12</x:td>
          <x:td id="ID_7188136" HAlignment="Left" VAlignment="Top" align="left" valign="top">
            <x:p id="ID_7188137">Remarks</x:p>
          </x:td>
          <x:td id="ID_7188138" HAlignment="Left" VAlignment="Top" align="left" valign="top">&nbsp;</x:td>
        </x:tr>
      </x:tbody>
    </x:table>
  </e:AD-2.3>
  <e:AD-2.4 id="EGSM-AD-2.4" Number="AD 2.4">
    <GreenBorder id="ID_7188140" />
    <e:Title id="ID_7188141">HANDLING&nbsp;SERVICES&nbsp;AND&nbsp;FACILITIES</e:Title>
    <x:table id="ID_7188143" class="">
      <x:tbody id="ID_7188144">
        <x:tr id="ID_7188145">
          <x:td id="ID_7188146" HAlignment="Left" VAlignment="Top" align="left" valign="top">1</x:td>
          <x:td id="ID_7188147" HAlignment="Left" VAlignment="Top" align="left" valign="top">
            <x:p id="ID_7188148">Cargo handling facilities</x:p>
          </x:td>
          <x:td id="ID_7188149" HAlignment="Left" VAlignment="Top" align="left" valign="top">&nbsp;</x:td>
        </x:tr>
        <x:tr id="ID_7188150">
          <x:td id="ID_7188151" HAlignment="Left" VAlignment="Top" align="left" valign="top">2</x:td>
          <x:td id="ID_7188152" HAlignment="Left" VAlignment="Top" align="left" valign="top">
            <x:p id="ID_7188153">Fuel and oil types</x:p>
          </x:td>
          <x:td id="ID_7188154" HAlignment="Left" VAlignment="Top" align="left" valign="top">&nbsp;</x:td>
        </x:tr>
        <x:tr id="ID_7188155">
          <x:td id="ID_7188156" HAlignment="Left" VAlignment="Top" align="left" valign="top">3</x:td>
          <x:td id="ID_7188157" HAlignment="Left" VAlignment="Top" align="left" valign="top">
            <x:p id="ID_7188158">Fuelling facilities/capacity</x:p>
          </x:td>
          <x:td id="ID_7188159" HAlignment="Left" VAlignment="Top" align="left" valign="top">&nbsp;</x:td>
        </x:tr>
        <x:tr id="ID_7188160">
          <x:td id="ID_7188161" HAlignment="Left" VAlignment="Top" align="left" valign="top">4</x:td>
          <x:td id="ID_7188162" HAlignment="Left" VAlignment="Top" align="left" valign="top">
            <x:p id="ID_7188163">De-icing facilities</x:p>
          </x:td>
          <x:td id="ID_7188164" HAlignment="Left" VAlignment="Top" align="left" valign="top">&nbsp;</x:td>
        </x:tr>
        <x:tr id="ID_7188165">
          <x:td id="ID_7188166" HAlignment="Left" VAlignment="Top" align="left" valign="top">5</x:td>
          <x:td id="ID_7188167" HAlignment="Left" VAlignment="Top" align="left" valign="top">
            <x:p id="ID_7188168">Hangar space for visiting aircraft</x:p>
          </x:td>
          <x:td id="ID_7188169" HAlignment="Left" VAlignment="Top" align="left" valign="top">&nbsp;</x:td>
        </x:tr>
        <x:tr id="ID_7188170">
          <x:td id="ID_7188171" HAlignment="Left" VAlignment="Top" align="left" valign="top">6</x:td>
          <x:td id="ID_7188172" HAlignment="Left" VAlignment="Top" align="left" valign="top">
            <x:p id="ID_7188173">Repair facilities for visiting aircraft</x:p>
          </x:td>
          <x:td id="ID_7188174" HAlignment="Left" VAlignment="Top" align="left" valign="top">&nbsp;</x:td>
        </x:tr>
        <x:tr id="ID_7188175">
          <x:td id="ID_7188176" HAlignment="Left" VAlignment="Top" align="left" valign="top">7</x:td>
          <x:td id="ID_7188177" HAlignment="Left" VAlignment="Top" align="left" valign="top">
            <x:p id="ID_7188178">Remarks</x:p>
          </x:td>
          <x:td id="ID_7188179" HAlignment="Left" VAlignment="Top" align="left" valign="top">&nbsp;</x:td>
        </x:tr>
      </x:tbody>
    </x:table>
  </e:AD-2.4>
  <e:AD-2.5 id="EGSM-AD-2.5" Number="AD 2.5">
    <GreenBorder id="ID_7188181" />
    <e:Title id="ID_7188182">PASSENGER&nbsp;FACILITIES</e:Title>
    <x:table id="ID_7188184" class="">
      <x:tbody id="ID_7188185">
        <x:tr id="ID_7188186">
          <x:td id="ID_7188187" HAlignment="Left" VAlignment="Top" align="left" valign="top">1</x:td>
          <x:td id="ID_7188188" HAlignment="Left" VAlignment="Top" align="left" valign="top">
            <x:p id="ID_7188189">Hotels</x:p>
          </x:td>
          <x:td id="ID_7188190" HAlignment="Left" VAlignment="Top" align="left" valign="top">&nbsp;</x:td>
        </x:tr>
        <x:tr id="ID_7188191">
          <x:td id="ID_7188192" HAlignment="Left" VAlignment="Top" align="left" valign="top">2</x:td>
          <x:td id="ID_7188193" HAlignment="Left" VAlignment="Top" align="left" valign="top">
            <x:p id="ID_7188194">Restaurants</x:p>
          </x:td>
          <x:td id="ID_7188195" HAlignment="Left" VAlignment="Top" align="left" valign="top">&nbsp;</x:td>
        </x:tr>
        <x:tr id="ID_7188196">
          <x:td id="ID_7188197" HAlignment="Left" VAlignment="Top" align="left" valign="top">3</x:td>
          <x:td id="ID_7188198" HAlignment="Left" VAlignment="Top" align="left" valign="top">
            <x:p id="ID_7188199">Transportation</x:p>
          </x:td>
          <x:td id="ID_7188200" HAlignment="Left" VAlignment="Top" align="left" valign="top">&nbsp;</x:td>
        </x:tr>
        <x:tr id="ID_7188201">
          <x:td id="ID_7188202" HAlignment="Left" VAlignment="Top" align="left" valign="top">4</x:td>
          <x:td id="ID_7188203" HAlignment="Left" VAlignment="Top" align="left" valign="top">
            <x:p id="ID_7188204">Medical facilities</x:p>
          </x:td>
          <x:td id="ID_7188205" HAlignment="Left" VAlignment="Top" align="left" valign="top">&nbsp;</x:td>
        </x:tr>
        <x:tr id="ID_7188206">
          <x:td id="ID_7188207" HAlignment="Left" VAlignment="Top" align="left" valign="top">5</x:td>
          <x:td id="ID_7188208" HAlignment="Left" VAlignment="Top" align="left" valign="top">
            <x:p id="ID_7188209">Bank and Post Office</x:p>
          </x:td>
          <x:td id="ID_7188210" HAlignment="Left" VAlignment="Top" align="left" valign="top">&nbsp;</x:td>
        </x:tr>
        <x:tr id="ID_7188211">
          <x:td id="ID_7188212" HAlignment="Left" VAlignment="Top" align="left" valign="top">6</x:td>
          <x:td id="ID_7188213" HAlignment="Left" VAlignment="Top" align="left" valign="top">
            <x:p id="ID_7188214">Tourist Office</x:p>
          </x:td>
          <x:td id="ID_7188215" HAlignment="Left" VAlignment="Top" align="left" valign="top">&nbsp;</x:td>
        </x:tr>
        <x:tr id="ID_7188216">
          <x:td id="ID_7188217" HAlignment="Left" VAlignment="Top" align="left" valign="top">7</x:td>
          <x:td id="ID_7188218" HAlignment="Left" VAlignment="Top" align="left" valign="top">
            <x:p id="ID_7188219">Remarks</x:p>
          </x:td>
          <x:td id="ID_7188220" HAlignment="Left" VAlignment="Top" align="left" valign="top">&nbsp;</x:td>
        </x:tr>
      </x:tbody>
    </x:table>
  </e:AD-2.5>
  <e:AD-2.6 id="EGSM-AD-2.6" Number="AD 2.6">
    <GreenBorder id="ID_7188222" />
    <e:Title id="ID_7188223">RESCUE&nbsp;AND&nbsp;FIRE&nbsp;FIGHTING&nbsp;SERVICES</e:Title>
    <x:table id="ID_7188225" class="">
      <x:tbody id="ID_7188226">
        <x:tr id="ID_7188227">
          <x:td id="ID_7188228" HAlignment="Left" VAlignment="Top" align="left" valign="top">1</x:td>
          <x:td id="ID_7188229" HAlignment="Left" VAlignment="Top" align="left" valign="top">
            <x:p id="ID_7188230">AD category for fire fighting</x:p>
          </x:td>
          <x:td id="ID_7188231" HAlignment="Left" VAlignment="Top" align="left" valign="top">&nbsp;</x:td>
        </x:tr>
        <x:tr id="ID_7188232">
          <x:td id="ID_7188233" HAlignment="Left" VAlignment="Top" align="left" valign="top">2</x:td>
          <x:td id="ID_7188234" HAlignment="Left" VAlignment="Top" align="left" valign="top">
            <x:p id="ID_7188235">Rescue equipment</x:p>
          </x:td>
          <x:td id="ID_7188236" HAlignment="Left" VAlignment="Top" align="left" valign="top">&nbsp;</x:td>
        </x:tr>
        <x:tr id="ID_7188237">
          <x:td id="ID_7188238" HAlignment="Left" VAlignment="Top" align="left" valign="top">3</x:td>
          <x:td id="ID_7188239" HAlignment="Left" VAlignment="Top" align="left" valign="top">
            <x:p id="ID_7188240">Capability for removal of disabled aircraft</x:p>
          </x:td>
          <x:td id="ID_7188241" HAlignment="Left" VAlignment="Top" align="left" valign="top">&nbsp;</x:td>
        </x:tr>
        <x:tr id="ID_7188242">
          <x:td id="ID_7188243" HAlignment="Left" VAlignment="Top" align="left" valign="top">4</x:td>
          <x:td id="ID_7188244" HAlignment="Left" VAlignment="Top" align="left" valign="top">
            <x:p id="ID_7188245">Remarks</x:p>
          </x:td>
          <x:td id="ID_7188246" HAlignment="Left" VAlignment="Top" align="left" valign="top">&nbsp;</x:td>
        </x:tr>
      </x:tbody>
    </x:table>
  </e:AD-2.6>
  <e:AD-2.7 id="EGSM-AD-2.7" Number="AD 2.7">
    <GreenBorder id="ID_7188248" />
    <e:Title id="ID_7188249">SEASONAL&nbsp;AVAILABILITY&nbsp;-&nbsp;CLEARING</e:Title>
    <x:table id="ID_7188251" class="">
      <x:tbody id="ID_7188252">
        <x:tr id="ID_7188253">
          <x:td id="ID_7188254" HAlignment="Left" VAlignment="Top" align="left" valign="top">1</x:td>
          <x:td id="ID_7188255" HAlignment="Left" VAlignment="Top" align="left" valign="top">
            <x:p id="ID_7188256">Types of clearing equipment</x:p>
          </x:td>
          <x:td id="ID_7188257" HAlignment="Left" VAlignment="Top" align="left" valign="top">&nbsp;</x:td>
        </x:tr>
        <x:tr id="ID_7188258">
          <x:td id="ID_7188259" HAlignment="Left" VAlignment="Top" align="left" valign="top">2</x:td>
          <x:td id="ID_7188260" HAlignment="Left" VAlignment="Top" align="left" valign="top">
            <x:p id="ID_7188261">Clearance priorities</x:p>
          </x:td>
          <x:td id="ID_7188262" HAlignment="Left" VAlignment="Top" align="left" valign="top">&nbsp;</x:td>
        </x:tr>
        <x:tr id="ID_7188263">
          <x:td id="ID_7188264" HAlignment="Left" VAlignment="Top" align="left" valign="top">3</x:td>
          <x:td id="ID_7188265" HAlignment="Left" VAlignment="Top" align="left" valign="top">
            <x:p id="ID_7188266">Remarks</x:p>
          </x:td>
          <x:td id="ID_7188267" HAlignment="Left" VAlignment="Top" align="left" valign="top">&nbsp;</x:td>
        </x:tr>
      </x:tbody>
    </x:table>
  </e:AD-2.7>
  <e:AD-2.8 id="EGSM-AD-2.8" Number="AD 2.8">
    <GreenBorder id="ID_7188269" />
    <e:Title id="ID_7188270">APRONS,&nbsp;TAXIWAYS&nbsp;AND&nbsp;CHECK&nbsp;LOCATIONS/POSITIONS&nbsp;DATA</e:Title>
    <x:table id="ID_7188272" class="">
      <x:tbody id="ID_7188273">
        <x:tr id="ID_7188274">
          <x:td id="ID_7188275" HAlignment="Left" VAlignment="Top" align="left" valign="top">1</x:td>
          <x:td id="ID_7188276" HAlignment="Left" VAlignment="Top" align="left" valign="top">
            <x:p id="ID_7188277">Apron surface and strength</x:p>
          </x:td>
          <x:td id="ID_7188278" HAlignment="Left" VAlignment="Top" align="left" valign="top">&nbsp;</x:td>
        </x:tr>
        <x:tr id="ID_7188279">
          <x:td id="ID_7188280" HAlignment="Left" VAlignment="Top" align="left" valign="top">2</x:td>
          <x:td id="ID_7188281" HAlignment="Left" VAlignment="Top" align="left" valign="top">
            <x:p id="ID_7188282">Taxiway width, surface and strength</x:p>
          </x:td>
          <x:td id="ID_7188283" HAlignment="Left" VAlignment="Top" align="left" valign="top">&nbsp;</x:td>
        </x:tr>
        <x:tr id="ID_7188284">
          <x:td id="ID_7188285" HAlignment="Left" VAlignment="Top" align="left" valign="top">3</x:td>
          <x:td id="ID_7188286" HAlignment="Left" VAlignment="Top" align="left" valign="top">
            <x:p id="ID_7188287">Altimeter checkpoint location and elevation</x:p>
          </x:td>
          <x:td id="ID_7188288" HAlignment="Left" VAlignment="Top" align="left" valign="top">&nbsp;</x:td>
        </x:tr>
        <x:tr id="ID_7188289">
          <x:td id="ID_7188290" HAlignment="Left" VAlignment="Top" align="left" valign="top">4</x:td>
          <x:td id="ID_7188291" HAlignment="Left" VAlignment="Top" align="left" valign="top">
            <x:p id="ID_7188292">VOR checkpoints</x:p>
          </x:td>
          <x:td id="ID_7188293" HAlignment="Left" VAlignment="Top" align="left" valign="top">&nbsp;</x:td>
        </x:tr>
        <x:tr id="ID_7188294">
          <x:td id="ID_7188295" HAlignment="Left" VAlignment="Top" align="left" valign="top">5</x:td>
          <x:td id="ID_7188296" HAlignment="Left" VAlignment="Top" align="left" valign="top">
            <x:p id="ID_7188297">INS checkpoints</x:p>
          </x:td>
          <x:td id="ID_7188298" HAlignment="Left" VAlignment="Top" align="left" valign="top">&nbsp;</x:td>
        </x:tr>
        <x:tr id="ID_7188299">
          <x:td id="ID_7188300" HAlignment="Left" VAlignment="Top" align="left" valign="top">6</x:td>
          <x:td id="ID_7188301" HAlignment="Left" VAlignment="Top" align="left" valign="top">
            <x:p id="ID_7188302">Remarks</x:p>
          </x:td>
          <x:td id="ID_7188303" HAlignment="Left" VAlignment="Top" align="left" valign="top">&nbsp;</x:td>
        </x:tr>
      </x:tbody>
    </x:table>
  </e:AD-2.8>
  <e:AD-2.9 id="EGSM-AD-2.9" Number="AD 2.9">
    <GreenBorder id="ID_7188305" />
    <e:Title id="ID_7188306">SURFACE&nbsp;MOVEMENT&nbsp;GUIDANCE&nbsp;AND&nbsp;CONTROL&nbsp;SYSTEM&nbsp;AND&nbsp;MARKINGS</e:Title>
    <x:table id="ID_7188308" class="">
      <x:tbody id="ID_7188309">
        <x:tr id="ID_7188310">
          <x:td id="ID_7188311" HAlignment="Left" VAlignment="Top" align="left" valign="top">1</x:td>
          <x:td id="ID_7188312" HAlignment="Left" VAlignment="Top" align="left" valign="top">
            <x:p id="ID_7188313">Use of aircraft stand ID signs, TWY guide lines and visual docking/parking guidance system of aircraft stands</x:p>
          </x:td>
          <x:td id="ID_7188314" HAlignment="Left" VAlignment="Top" align="left" valign="top">&nbsp;</x:td>
        </x:tr>
        <x:tr id="ID_7188315">
          <x:td id="ID_7188316" HAlignment="Left" VAlignment="Top" align="left" valign="top">2</x:td>
          <x:td id="ID_7188317" HAlignment="Left" VAlignment="Top" align="left" valign="top">
            <x:p id="ID_7188318">Runway and taxiway markings and lighting</x:p>
          </x:td>
          <x:td id="ID_7188319" HAlignment="Left" VAlignment="Top" align="left" valign="top">&nbsp;</x:td>
        </x:tr>
        <x:tr id="ID_7188320">
          <x:td id="ID_7188321" HAlignment="Left" VAlignment="Top" align="left" valign="top">3</x:td>
          <x:td id="ID_7188322" HAlignment="Left" VAlignment="Top" align="left" valign="top">
            <x:p id="ID_7188323">Stop bars</x:p>
          </x:td>
          <x:td id="ID_7188324" HAlignment="Left" VAlignment="Top" align="left" valign="top">&nbsp;</x:td>
        </x:tr>
        <x:tr id="ID_7188325">
          <x:td id="ID_7188326" HAlignment="Left" VAlignment="Top" align="left" valign="top">4</x:td>
          <x:td id="ID_7188327" HAlignment="Left" VAlignment="Top" align="left" valign="top">
            <x:p id="ID_7188328">Remarks</x:p>
          </x:td>
          <x:td id="ID_7188329" HAlignment="Left" VAlignment="Top" align="left" valign="top">&nbsp;</x:td>
        </x:tr>
      </x:tbody>
    </x:table>
  </e:AD-2.9>
  <e:AD-2.10 id="EGSM-AD-2.10" Number="AD 2.10">
    <GreenBorder id="ID_7188331" />
    <e:Title id="ID_7188332">AERODROME&nbsp;OBSTACLES</e:Title>
    <x:table id="ID_7188334" class="">
      <x:thead id="ID_7188335">
        <x:tr id="ID_7188336">
          <x:th id="ID_7188337" HAlignment="Center" VAlignment="Top" colspan="6" align="center" valign="top">
            <x:p id="ID_7188338">In Approach/Take-off areas</x:p>
          </x:th>
        </x:tr>
        <x:tr id="ID_7188339">
          <x:th id="ID_7188340" HAlignment="Left" VAlignment="Top" align="left" valign="top">
            <x:p id="ID_7188341">Obstacle ID/Designation</x:p>
          </x:th>
          <x:th id="ID_7188342" HAlignment="Left" VAlignment="Top" align="left" valign="top">
            <x:p id="ID_7188343">Obstacle Type</x:p>
          </x:th>
          <x:th id="ID_7188344" HAlignment="Left" VAlignment="Top" align="left" valign="top">
            <x:p id="ID_7188345">Obstacle Position</x:p>
          </x:th>
          <x:th id="ID_7188346" HAlignment="Left" VAlignment="Top" align="left" valign="top">
            <x:p id="ID_7188347">Elevation/Height</x:p>
          </x:th>
          <x:th id="ID_7188348" HAlignment="Left" VAlignment="Top" align="left" valign="top">
            <x:p id="ID_7188349">Obstruction Lighting Type/Colour</x:p>
          </x:th>
          <x:th id="ID_7188350" HAlignment="Left" VAlignment="Top" align="left" valign="top">
            <x:p id="ID_7188351">Remarks</x:p>
          </x:th>
        </x:tr>
        <x:tr id="ID_7188352">
          <x:th id="ID_7188353" HAlignment="Left" VAlignment="Top" align="left" valign="top">1</x:th>
          <x:th id="ID_7188354" HAlignment="Left" VAlignment="Top" align="left" valign="top">2</x:th>
          <x:th id="ID_7188355" HAlignment="Left" VAlignment="Top" align="left" valign="top">3</x:th>
          <x:th id="ID_7188356" HAlignment="Left" VAlignment="Top" align="left" valign="top">4</x:th>
          <x:th id="ID_7188357" HAlignment="Left" VAlignment="Top" align="left" valign="top">5</x:th>
          <x:th id="ID_7188358" HAlignment="Left" VAlignment="Top" align="left" valign="top">6</x:th>
        </x:tr>
      </x:thead>
      <x:tbody id="ID_7188359">
        <x:tr id="ID_7188360">
          <x:td id="ID_7188361" HAlignment="Left" VAlignment="Top" align="left" valign="top">&nbsp;</x:td>
          <x:td id="ID_7188362" HAlignment="Left" VAlignment="Top" align="left" valign="top">&nbsp;</x:td>
          <x:td id="ID_7188363" HAlignment="Left" VAlignment="Top" align="left" valign="top">&nbsp;</x:td>
          <x:td id="ID_7188364" HAlignment="Left" VAlignment="Top" align="left" valign="top">&nbsp;</x:td>
          <x:td id="ID_7188365" HAlignment="Left" VAlignment="Top" align="left" valign="top">&nbsp;</x:td>
          <x:td id="ID_7188366" HAlignment="Left" VAlignment="Top" align="left" valign="top">&nbsp;</x:td>
        </x:tr>
      </x:tbody>
    </x:table>
    <x:table id="ID_7188368" class="">
      <x:thead id="ID_7188369">
        <x:tr id="ID_7188370">
          <x:th id="ID_7188371" HAlignment="Center" VAlignment="Top" colspan="6" align="center" valign="top">
            <x:p id="ID_7188372">In circling area and at aerodrome</x:p>
          </x:th>
        </x:tr>
        <x:tr id="ID_7188373">
          <x:th id="ID_7188374" HAlignment="Left" VAlignment="Top" align="left" valign="top">
            <x:p id="ID_7188375">Obstacle ID/Designation</x:p>
          </x:th>
          <x:th id="ID_7188376" HAlignment="Left" VAlignment="Top" align="left" valign="top">
            <x:p id="ID_7188377">Obstacle Type</x:p>
          </x:th>
          <x:th id="ID_7188378" HAlignment="Left" VAlignment="Top" align="left" valign="top">
            <x:p id="ID_7188379">Obstacle Position</x:p>
          </x:th>
          <x:th id="ID_7188380" HAlignment="Left" VAlignment="Top" align="left" valign="top">
            <x:p id="ID_7188381">Elevation/Height</x:p>
          </x:th>
          <x:th id="ID_7188382" HAlignment="Left" VAlignment="Top" align="left" valign="top">
            <x:p id="ID_7188383">Obstruction Lighting Type/Colour</x:p>
          </x:th>
          <x:th id="ID_7188384" HAlignment="Left" VAlignment="Top" align="left" valign="top">
            <x:p id="ID_7188385">Remarks</x:p>
          </x:th>
        </x:tr>
        <x:tr id="ID_7188386">
          <x:th id="ID_7188387" HAlignment="Left" VAlignment="Top" align="left" valign="top">1</x:th>
          <x:th id="ID_7188388" HAlignment="Left" VAlignment="Top" align="left" valign="top">2</x:th>
          <x:th id="ID_7188389" HAlignment="Left" VAlignment="Top" align="left" valign="top">3</x:th>
          <x:th id="ID_7188390" HAlignment="Left" VAlignment="Top" align="left" valign="top">4</x:th>
          <x:th id="ID_7188391" HAlignment="Left" VAlignment="Top" align="left" valign="top">5</x:th>
          <x:th id="ID_7188392" HAlignment="Left" VAlignment="Top" align="left" valign="top">6</x:th>
        </x:tr>
      </x:thead>
      <x:tbody id="ID_7188393">
        <x:tr id="ID_7188394">
          <x:td id="ID_7188395" HAlignment="Left" VAlignment="Top" align="left" valign="top">&nbsp;</x:td>
          <x:td id="ID_7188396" HAlignment="Left" VAlignment="Top" align="left" valign="top">&nbsp;</x:td>
          <x:td id="ID_7188397" HAlignment="Left" VAlignment="Top" align="left" valign="top">&nbsp;</x:td>
          <x:td id="ID_7188398" HAlignment="Left" VAlignment="Top" align="left" valign="top">&nbsp;</x:td>
          <x:td id="ID_7188399" HAlignment="Left" VAlignment="Top" align="left" valign="top">&nbsp;</x:td>
          <x:td id="ID_7188400" HAlignment="Left" VAlignment="Top" align="left" valign="top">&nbsp;</x:td>
        </x:tr>
      </x:tbody>
    </x:table>
  </e:AD-2.10>
  <e:AD-2.11 id="EGSM-AD-2.11" Number="AD 2.11">
    <GreenBorder id="ID_7188402" />
    <e:Title id="ID_7188403">METEOROLOGICAL&nbsp;INFORMATION&nbsp;PROVIDED</e:Title>
    <x:table id="ID_7188405" class="">
      <x:tbody id="ID_7188406">
        <x:tr id="ID_7188407">
          <x:td id="ID_7188408" HAlignment="Left" VAlignment="Top" align="left" valign="top">1</x:td>
          <x:td id="ID_7188409" HAlignment="Left" VAlignment="Top" align="left" valign="top">
            <x:p id="ID_7188410">Associated MET Office</x:p>
          </x:td>
          <x:td id="ID_7188411" HAlignment="Left" VAlignment="Top" align="left" valign="top">&nbsp;</x:td>
        </x:tr>
        <x:tr id="ID_7188412">
          <x:td id="ID_7188413" HAlignment="Left" VAlignment="Top" align="left" valign="top">2</x:td>
          <x:td id="ID_7188414" HAlignment="Left" VAlignment="Top" align="left" valign="top">
            <x:p id="ID_7188415">Hours of service</x:p>
            <x:p id="ID_7188416">MET Office outside hours</x:p>
          </x:td>
          <x:td id="ID_7188417" HAlignment="Left" VAlignment="Top" align="left" valign="top">&nbsp;</x:td>
        </x:tr>
        <x:tr id="ID_7188418">
          <x:td id="ID_7188419" HAlignment="Left" VAlignment="Top" align="left" valign="top">3</x:td>
          <x:td id="ID_7188420" HAlignment="Left" VAlignment="Top" align="left" valign="top">
            <x:p id="ID_7188421">Office responsible for TAF preparation</x:p>
            <x:p id="ID_7188422">Periods of validity</x:p>
          </x:td>
          <x:td id="ID_7188423" HAlignment="Left" VAlignment="Top" align="left" valign="top">&nbsp;</x:td>
        </x:tr>
        <x:tr id="ID_7188424">
          <x:td id="ID_7188425" HAlignment="Left" VAlignment="Top" align="left" valign="top">4</x:td>
          <x:td id="ID_7188426" HAlignment="Left" VAlignment="Top" align="left" valign="top">
            <x:p id="ID_7188427">Trend forecast</x:p>
            <x:p id="ID_7188428">Interval of issuance</x:p>
          </x:td>
          <x:td id="ID_7188429" HAlignment="Left" VAlignment="Top" align="left" valign="top">&nbsp;</x:td>
        </x:tr>
        <x:tr id="ID_7188430">
          <x:td id="ID_7188431" HAlignment="Left" VAlignment="Top" align="left" valign="top">5</x:td>
          <x:td id="ID_7188432" HAlignment="Left" VAlignment="Top" align="left" valign="top">
            <x:p id="ID_7188433">Briefing/consultation provided</x:p>
          </x:td>
          <x:td id="ID_7188434" HAlignment="Left" VAlignment="Top" align="left" valign="top">&nbsp;</x:td>
        </x:tr>
        <x:tr id="ID_7188435">
          <x:td id="ID_7188436" HAlignment="Left" VAlignment="Top" align="left" valign="top">6</x:td>
          <x:td id="ID_7188437" HAlignment="Left" VAlignment="Top" align="left" valign="top">
            <x:p id="ID_7188438">Flight documentation</x:p>
            <x:p id="ID_7188439">Language(s) used</x:p>
          </x:td>
          <x:td id="ID_7188440" HAlignment="Left" VAlignment="Top" align="left" valign="top">&nbsp;</x:td>
        </x:tr>
        <x:tr id="ID_7188441">
          <x:td id="ID_7188442" HAlignment="Left" VAlignment="Top" align="left" valign="top">7</x:td>
          <x:td id="ID_7188443" HAlignment="Left" VAlignment="Top" align="left" valign="top">
            <x:p id="ID_7188444">Charts and other information available for briefing or consultation</x:p>
          </x:td>
          <x:td id="ID_7188445" HAlignment="Left" VAlignment="Top" align="left" valign="top">&nbsp;</x:td>
        </x:tr>
        <x:tr id="ID_7188446">
          <x:td id="ID_7188447" HAlignment="Left" VAlignment="Top" align="left" valign="top">8</x:td>
          <x:td id="ID_7188448" HAlignment="Left" VAlignment="Top" align="left" valign="top">
            <x:p id="ID_7188449">Supplementary equipment available for providing information</x:p>
          </x:td>
          <x:td id="ID_7188450" HAlignment="Left" VAlignment="Top" align="left" valign="top">&nbsp;</x:td>
        </x:tr>
        <x:tr id="ID_7188451">
          <x:td id="ID_7188452" HAlignment="Left" VAlignment="Top" align="left" valign="top">9</x:td>
          <x:td id="ID_7188453" HAlignment="Left" VAlignment="Top" align="left" valign="top">
            <x:p id="ID_7188454">ATS units provided with information</x:p>
          </x:td>
          <x:td id="ID_7188455" HAlignment="Left" VAlignment="Top" align="left" valign="top">&nbsp;</x:td>
        </x:tr>
        <x:tr id="ID_7188456">
          <x:td id="ID_7188457" HAlignment="Left" VAlignment="Top" align="left" valign="top">10</x:td>
          <x:td id="ID_7188458" HAlignment="Left" VAlignment="Top" align="left" valign="top">
            <x:p id="ID_7188459">Additional information (limitation of service, etc.)</x:p>
          </x:td>
          <x:td id="ID_7188460" HAlignment="Left" VAlignment="Top" align="left" valign="top">&nbsp;</x:td>
        </x:tr>
      </x:tbody>
    </x:table>
  </e:AD-2.11>
  <e:AD-2.12 id="EGSM-AD-2.12" Number="AD 2.12">
    <GreenBorder id="ID_7188462" />
    <e:Title id="ID_7188463">RUNWAY&nbsp;PHYSICAL&nbsp;CHARACTERISTICS</e:Title>
    <x:table id="ID_7188465" class="">
      <x:thead id="ID_7188466">
        <x:tr id="ID_7188467">
          <x:th id="ID_7188468" HAlignment="Left" VAlignment="Top" align="left" valign="top">
            <x:p id="ID_7188469">Designations RWY Number</x:p>
          </x:th>
          <x:th id="ID_7188470" HAlignment="Left" VAlignment="Top" align="left" valign="top">
            <x:p id="ID_7188471">True bearing</x:p>
          </x:th>
          <x:th id="ID_7188472" HAlignment="Left" VAlignment="Top" align="left" valign="top">
            <x:p id="ID_7188473">Dimensions of RWY</x:p>
          </x:th>
          <x:th id="ID_7188474" HAlignment="Left" VAlignment="Top" align="left" valign="top">
            <x:p id="ID_7188475">Surface of RWY/ SWY/ </x:p>
            <x:p id="ID_7188476">Strength (PCN)</x:p>
          </x:th>
          <x:th id="ID_7188477" HAlignment="Left" VAlignment="Top" align="left" valign="top">
            <x:p id="ID_7188478">THR co-ordinates/</x:p>
            <x:p id="ID_7188479">THR Geoid undulation</x:p>
          </x:th>
          <x:th id="ID_7188480" HAlignment="Left" VAlignment="Top" align="left" valign="top">
            <x:p id="ID_7188481">THR elevation/ Highest elevation of TDZ of precision APP RWY</x:p>
          </x:th>
        </x:tr>
        <x:tr id="ID_7188482">
          <x:th id="ID_7188483" HAlignment="Left" VAlignment="Top" align="left" valign="top">1</x:th>
          <x:th id="ID_7188484" HAlignment="Left" VAlignment="Top" align="left" valign="top">2</x:th>
          <x:th id="ID_7188485" HAlignment="Left" VAlignment="Top" align="left" valign="top">3</x:th>
          <x:th id="ID_7188486" HAlignment="Left" VAlignment="Top" align="left" valign="top">4</x:th>
          <x:th id="ID_7188487" HAlignment="Left" VAlignment="Top" align="left" valign="top">5</x:th>
          <x:th id="ID_7188488" HAlignment="Left" VAlignment="Top" align="left" valign="top">6</x:th>
        </x:tr>
      </x:thead>
      <x:tbody id="ID_7188489">
        <x:tr id="ID_7188490">
          <x:td id="ID_7188491" HAlignment="Left" VAlignment="Top" align="left" valign="top">&nbsp;</x:td>
          <x:td id="ID_7188492" HAlignment="Left" VAlignment="Top" align="left" valign="top">&nbsp;</x:td>
          <x:td id="ID_7188493" HAlignment="Left" VAlignment="Top" align="left" valign="top">&nbsp;</x:td>
          <x:td id="ID_7188494" HAlignment="Left" VAlignment="Top" align="left" valign="top">&nbsp;</x:td>
          <x:td id="ID_7188495" HAlignment="Left" VAlignment="Top" align="left" valign="top">&nbsp;</x:td>
          <x:td id="ID_7188496" HAlignment="Left" VAlignment="Top" align="left" valign="top">&nbsp;</x:td>
        </x:tr>
        <x:tr id="ID_7188497">
          <x:td id="ID_7188498" HAlignment="Left" VAlignment="Top" align="left" valign="top">&nbsp;</x:td>
          <x:td id="ID_7188499" HAlignment="Left" VAlignment="Top" align="left" valign="top">&nbsp;</x:td>
          <x:td id="ID_7188500" HAlignment="Left" VAlignment="Top" align="left" valign="top">&nbsp;</x:td>
          <x:td id="ID_7188501" HAlignment="Left" VAlignment="Top" align="left" valign="top">&nbsp;</x:td>
          <x:td id="ID_7188502" HAlignment="Left" VAlignment="Top" align="left" valign="top">&nbsp;</x:td>
          <x:td id="ID_7188503" HAlignment="Left" VAlignment="Top" align="left" valign="top">&nbsp;</x:td>
        </x:tr>
      </x:tbody>
    </x:table>
    <x:table id="ID_7188505" class="">
      <x:thead id="ID_7188506">
        <x:tr id="ID_7188507">
          <x:th id="ID_7188508" HAlignment="Left" VAlignment="Top" colspan="3" align="left" valign="top">
            <x:p id="ID_7188509">Slope of RWY/</x:p>
            <x:p id="ID_7188510">SWY</x:p>
          </x:th>
          <x:th id="ID_7188511" HAlignment="Left" VAlignment="Top" align="left" valign="top">
            <x:p id="ID_7188512">SWY dimensions</x:p>
          </x:th>
          <x:th id="ID_7188513" HAlignment="Left" VAlignment="Top" align="left" valign="top">
            <x:p id="ID_7188514">Clearway dimensions</x:p>
          </x:th>
          <x:th id="ID_7188515" HAlignment="Left" VAlignment="Top" align="left" valign="top">
            <x:p id="ID_7188516">Strip dimensions</x:p>
          </x:th>
          <x:th id="ID_7188517" HAlignment="Left" VAlignment="Top" align="left" valign="top">
            <x:p id="ID_7188518">OFZ</x:p>
          </x:th>
          <x:th id="ID_7188519" HAlignment="Left" VAlignment="Top" align="left" valign="top">
            <x:p id="ID_7188520">Remarks</x:p>
          </x:th>
        </x:tr>
        <x:tr id="ID_7188521">
          <x:th id="ID_7188522" HAlignment="Left" VAlignment="Top" colspan="3" align="left" valign="top">7</x:th>
          <x:th id="ID_7188523" HAlignment="Left" VAlignment="Top" align="left" valign="top">8</x:th>
          <x:th id="ID_7188524" HAlignment="Left" VAlignment="Top" align="left" valign="top">9</x:th>
          <x:th id="ID_7188525" HAlignment="Left" VAlignment="Top" align="left" valign="top">10</x:th>
          <x:th id="ID_7188526" HAlignment="Left" VAlignment="Top" align="left" valign="top">11</x:th>
          <x:th id="ID_7188527" HAlignment="Left" VAlignment="Top" align="left" valign="top">12</x:th>
        </x:tr>
      </x:thead>
      <x:tbody id="ID_7188528">
        <x:tr id="ID_7188529">
          <x:td id="ID_7188530" HAlignment="Left" VAlignment="Top" colspan="3" align="left" valign="top">&nbsp;</x:td>
          <x:td id="ID_7188531" HAlignment="Left" VAlignment="Top" align="left" valign="top">&nbsp;</x:td>
          <x:td id="ID_7188532" HAlignment="Left" VAlignment="Top" align="left" valign="top">&nbsp;</x:td>
          <x:td id="ID_7188533" HAlignment="Left" VAlignment="Top" align="left" valign="top">&nbsp;</x:td>
          <x:td id="ID_7188534" HAlignment="Left" VAlignment="Top" align="left" valign="top">&nbsp;</x:td>
          <x:td id="ID_7188535" HAlignment="Left" VAlignment="Top" align="left" valign="top">&nbsp;</x:td>
        </x:tr>
        <x:tr id="ID_7188536">
          <x:td id="ID_7188537" HAlignment="Left" VAlignment="Top" colspan="3" align="left" valign="top">&nbsp;</x:td>
          <x:td id="ID_7188538" HAlignment="Left" VAlignment="Top" align="left" valign="top">&nbsp;</x:td>
          <x:td id="ID_7188539" HAlignment="Left" VAlignment="Top" align="left" valign="top">&nbsp;</x:td>
          <x:td id="ID_7188540" HAlignment="Left" VAlignment="Top" align="left" valign="top">&nbsp;</x:td>
          <x:td id="ID_7188541" HAlignment="Left" VAlignment="Top" align="left" valign="top">&nbsp;</x:td>
          <x:td id="ID_7188542" HAlignment="Left" VAlignment="Top" align="left" valign="top">&nbsp;</x:td>
        </x:tr>
      </x:tbody>
    </x:table>
  </e:AD-2.12>
  <e:AD-2.13 id="EGSM-AD-2.13" Number="AD 2.13">
    <GreenBorder id="ID_7188544" />
    <e:Title id="ID_7188545">DECLARED&nbsp;DISTANCES</e:Title>
    <x:table id="ID_7188547" class="">
      <x:thead id="ID_7188548">
        <x:tr id="ID_7188549">
          <x:th id="ID_7188550" HAlignment="Left" VAlignment="Top" align="left" valign="top">
            <x:p id="ID_7188551">Runway designator</x:p>
          </x:th>
          <x:th id="ID_7188552" HAlignment="Left" VAlignment="Top" align="left" valign="top">
            <x:p id="ID_7188553">TORA</x:p>
          </x:th>
          <x:th id="ID_7188554" HAlignment="Left" VAlignment="Top" align="left" valign="top">
            <x:p id="ID_7188555">TODA</x:p>
          </x:th>
          <x:th id="ID_7188556" HAlignment="Left" VAlignment="Top" align="left" valign="top">
            <x:p id="ID_7188557">ASDA</x:p>
          </x:th>
          <x:th id="ID_7188558" HAlignment="Left" VAlignment="Top" align="left" valign="top">
            <x:p id="ID_7188559">LDA</x:p>
          </x:th>
          <x:th id="ID_7188560" HAlignment="Left" VAlignment="Top" align="left" valign="top">
            <x:p id="ID_7188561">Remarks</x:p>
          </x:th>
        </x:tr>
        <x:tr id="ID_7188562">
          <x:th id="ID_7188563" HAlignment="Left" VAlignment="Top" align="left" valign="top">1</x:th>
          <x:th id="ID_7188564" HAlignment="Left" VAlignment="Top" align="left" valign="top">2</x:th>
          <x:th id="ID_7188565" HAlignment="Left" VAlignment="Top" align="left" valign="top">3</x:th>
          <x:th id="ID_7188566" HAlignment="Left" VAlignment="Top" align="left" valign="top">4</x:th>
          <x:th id="ID_7188567" HAlignment="Left" VAlignment="Top" align="left" valign="top">5</x:th>
          <x:th id="ID_7188568" HAlignment="Left" VAlignment="Top" align="left" valign="top">6</x:th>
        </x:tr>
      </x:thead>
      <x:tbody id="ID_7188569">
        <x:tr id="ID_7188570">
          <x:td id="ID_7188571" HAlignment="Left" VAlignment="Top" align="left" valign="top">&nbsp;</x:td>
          <x:td id="ID_7188572" HAlignment="Left" VAlignment="Top" align="left" valign="top">&nbsp;</x:td>
          <x:td id="ID_7188573" HAlignment="Left" VAlignment="Top" align="left" valign="top">&nbsp;</x:td>
          <x:td id="ID_7188574" HAlignment="Left" VAlignment="Top" align="left" valign="top">&nbsp;</x:td>
          <x:td id="ID_7188575" HAlignment="Left" VAlignment="Top" align="left" valign="top">&nbsp;</x:td>
          <x:td id="ID_7188576" HAlignment="Left" VAlignment="Top" align="left" valign="top">&nbsp;</x:td>
        </x:tr>
        <x:tr id="ID_7188577">
          <x:td id="ID_7188578" HAlignment="Left" VAlignment="Top" align="left" valign="top">&nbsp;</x:td>
          <x:td id="ID_7188579" HAlignment="Left" VAlignment="Top" align="left" valign="top">&nbsp;</x:td>
          <x:td id="ID_7188580" HAlignment="Left" VAlignment="Top" align="left" valign="top">&nbsp;</x:td>
          <x:td id="ID_7188581" HAlignment="Left" VAlignment="Top" align="left" valign="top">&nbsp;</x:td>
          <x:td id="ID_7188582" HAlignment="Left" VAlignment="Top" align="left" valign="top">&nbsp;</x:td>
          <x:td id="ID_7188583" HAlignment="Left" VAlignment="Top" align="left" valign="top">&nbsp;</x:td>
        </x:tr>
      </x:tbody>
    </x:table>
  </e:AD-2.13>
  <e:AD-2.14 id="EGSM-AD-2.14" Number="AD 2.14">
    <GreenBorder id="ID_7188585" />
    <e:Title id="ID_7188586">APPROACH&nbsp;AND&nbsp;RUNWAY&nbsp;LIGHTING</e:Title>
    <x:table id="ID_7188588" class="">
      <x:thead id="ID_7188589">
        <x:tr id="ID_7188590">
          <x:th id="ID_7188591" HAlignment="Left" VAlignment="Top" align="left" valign="top">
            <x:p id="ID_7188592">RWY</x:p>
          </x:th>
          <x:th id="ID_7188593" HAlignment="Left" VAlignment="Top" align="left" valign="top">
            <x:p id="ID_7188594">Approach Lighting Type/</x:p>
            <x:p id="ID_7188595">Length/</x:p>
            <x:p id="ID_7188596">Intensity</x:p>
          </x:th>
          <x:th id="ID_7188597" HAlignment="Left" VAlignment="Top" align="left" valign="top">
            <x:p id="ID_7188598">Threshold lighting</x:p>
            <x:p id="ID_7188599">Colour/ </x:p>
            <x:p id="ID_7188600">Wing bars</x:p>
          </x:th>
          <x:th id="ID_7188601" HAlignment="Left" VAlignment="Top" align="left" valign="top">
            <x:p id="ID_7188602">VASIS/</x:p>
            <x:p id="ID_7188603">MEHT/</x:p>
            <x:p id="ID_7188604">PAPI</x:p>
          </x:th>
          <x:th id="ID_7188605" HAlignment="Left" VAlignment="Top" align="left" valign="top">
            <x:p id="ID_7188606">TDZ lighting</x:p>
            <x:p id="ID_7188607">Length</x:p>
          </x:th>
          <x:th id="ID_7188608" HAlignment="Left" VAlignment="Top" align="left" valign="top">
            <x:p id="ID_7188609">Runway Centre Line lighting</x:p>
            <x:p id="ID_7188610">Length/</x:p>
            <x:p id="ID_7188611">Spacing/</x:p>
            <x:p id="ID_7188612">Colour/</x:p>
            <x:p id="ID_7188613">Intensity</x:p>
          </x:th>
          <x:th id="ID_7188614" HAlignment="Left" VAlignment="Top" align="left" valign="top">
            <x:p id="ID_7188615">Runway edge lighting</x:p>
            <x:p id="ID_7188616">Length/</x:p>
            <x:p id="ID_7188617">Spacing/</x:p>
            <x:p id="ID_7188618">Colour/</x:p>
            <x:p id="ID_7188619">Intensity</x:p>
          </x:th>
          <x:th id="ID_7188620" HAlignment="Left" VAlignment="Top" align="left" valign="top">
            <x:p id="ID_7188621">Runway end lighting</x:p>
            <x:p id="ID_7188622">Colour/</x:p>
            <x:p id="ID_7188623">Wing bars</x:p>
          </x:th>
          <x:th id="ID_7188624" HAlignment="Left" VAlignment="Top" align="left" valign="top">
            <x:p id="ID_7188625">Stopway lighting</x:p>
            <x:p id="ID_7188626">Length/</x:p>
            <x:p id="ID_7188627">Colour</x:p>
          </x:th>
          <x:th id="ID_7188628" HAlignment="Left" VAlignment="Top" align="left" valign="top">
            <x:p id="ID_7188629">Remarks</x:p>
          </x:th>
        </x:tr>
        <x:tr id="ID_7188630">
          <x:th id="ID_7188631" HAlignment="Left" VAlignment="Top" align="left" valign="top">1</x:th>
          <x:th id="ID_7188632" HAlignment="Left" VAlignment="Top" align="left" valign="top">2</x:th>
          <x:th id="ID_7188633" HAlignment="Left" VAlignment="Top" align="left" valign="top">3</x:th>
          <x:th id="ID_7188634" HAlignment="Left" VAlignment="Top" align="left" valign="top">4</x:th>
          <x:th id="ID_7188635" HAlignment="Left" VAlignment="Top" align="left" valign="top">5</x:th>
          <x:th id="ID_7188636" HAlignment="Left" VAlignment="Top" align="left" valign="top">6</x:th>
          <x:th id="ID_7188637" HAlignment="Left" VAlignment="Top" align="left" valign="top">7</x:th>
          <x:th id="ID_7188638" HAlignment="Left" VAlignment="Top" align="left" valign="top">8</x:th>
          <x:th id="ID_7188639" HAlignment="Left" VAlignment="Top" align="left" valign="top">9</x:th>
          <x:th id="ID_7188640" HAlignment="Left" VAlignment="Top" align="left" valign="top">10</x:th>
        </x:tr>
      </x:thead>
      <x:tbody id="ID_7188641">
        <x:tr id="ID_7188642">
          <x:td id="ID_7188643" HAlignment="Left" VAlignment="Top" align="left" valign="top">&nbsp;</x:td>
          <x:td id="ID_7188644" HAlignment="Left" VAlignment="Top" align="left" valign="top">&nbsp;</x:td>
          <x:td id="ID_7188645" HAlignment="Left" VAlignment="Top" align="left" valign="top">&nbsp;</x:td>
          <x:td id="ID_7188646" HAlignment="Left" VAlignment="Top" align="left" valign="top">&nbsp;</x:td>
          <x:td id="ID_7188647" HAlignment="Left" VAlignment="Top" align="left" valign="top">&nbsp;</x:td>
          <x:td id="ID_7188648" HAlignment="Left" VAlignment="Top" align="left" valign="top">&nbsp;</x:td>
          <x:td id="ID_7188649" HAlignment="Left" VAlignment="Top" align="left" valign="top">&nbsp;</x:td>
          <x:td id="ID_7188650" HAlignment="Left" VAlignment="Top" align="left" valign="top">&nbsp;</x:td>
          <x:td id="ID_7188651" HAlignment="Left" VAlignment="Top" align="left" valign="top">&nbsp;</x:td>
          <x:td id="ID_7188652" HAlignment="Left" VAlignment="Top" align="left" valign="top">&nbsp;</x:td>
        </x:tr>
        <x:tr id="ID_7188653">
          <x:td id="ID_7188654" HAlignment="Left" VAlignment="Top" align="left" valign="top">&nbsp;</x:td>
          <x:td id="ID_7188655" HAlignment="Left" VAlignment="Top" align="left" valign="top">&nbsp;</x:td>
          <x:td id="ID_7188656" HAlignment="Left" VAlignment="Top" align="left" valign="top">&nbsp;</x:td>
          <x:td id="ID_7188657" HAlignment="Left" VAlignment="Top" align="left" valign="top">&nbsp;</x:td>
          <x:td id="ID_7188658" HAlignment="Left" VAlignment="Top" align="left" valign="top">&nbsp;</x:td>
          <x:td id="ID_7188659" HAlignment="Left" VAlignment="Top" align="left" valign="top">&nbsp;</x:td>
          <x:td id="ID_7188660" HAlignment="Left" VAlignment="Top" align="left" valign="top">&nbsp;</x:td>
          <x:td id="ID_7188661" HAlignment="Left" VAlignment="Top" align="left" valign="top">&nbsp;</x:td>
          <x:td id="ID_7188662" HAlignment="Left" VAlignment="Top" align="left" valign="top">&nbsp;</x:td>
          <x:td id="ID_7188663" HAlignment="Left" VAlignment="Top" align="left" valign="top">&nbsp;</x:td>
        </x:tr>
      </x:tbody>
    </x:table>
  </e:AD-2.14>
  <e:AD-2.15 id="EGSM-AD-2.15" Number="AD 2.15">
    <GreenBorder id="ID_7188665" />
    <e:Title id="ID_7188666">OTHER&nbsp;LIGHTING,&nbsp;SECONDARY&nbsp;POWER&nbsp;SUPPLY</e:Title>
    <x:table id="ID_7188668" class="">
      <x:tbody id="ID_7188669">
        <x:tr id="ID_7188670">
          <x:td id="ID_7188671" HAlignment="Left" VAlignment="Top" align="left" valign="top">1</x:td>
          <x:td id="ID_7188672" HAlignment="Left" VAlignment="Top" align="left" valign="top">
            <x:p id="ID_7188673">ABN/IBN location, characteristics and hours of operation</x:p>
          </x:td>
          <x:td id="ID_7188674" HAlignment="Left" VAlignment="Top" align="left" valign="top">&nbsp;</x:td>
        </x:tr>
        <x:tr id="ID_7188675">
          <x:td id="ID_7188676" HAlignment="Left" VAlignment="Top" align="left" valign="top">2</x:td>
          <x:td id="ID_7188677" HAlignment="Left" VAlignment="Top" align="left" valign="top">
            <x:p id="ID_7188678">LDI location and lighting</x:p>
            <x:p id="ID_7188679">Anemometer location and lighting</x:p>
          </x:td>
          <x:td id="ID_7188680" HAlignment="Left" VAlignment="Top" align="left" valign="top">&nbsp;</x:td>
        </x:tr>
        <x:tr id="ID_7188681">
          <x:td id="ID_7188682" HAlignment="Left" VAlignment="Top" align="left" valign="top">3</x:td>
          <x:td id="ID_7188683" HAlignment="Left" VAlignment="Top" align="left" valign="top">
            <x:p id="ID_7188684">TWY edge and centre line lighting</x:p>
          </x:td>
          <x:td id="ID_7188685" HAlignment="Left" VAlignment="Top" align="left" valign="top">&nbsp;</x:td>
        </x:tr>
        <x:tr id="ID_7188686">
          <x:td id="ID_7188687" HAlignment="Left" VAlignment="Top" align="left" valign="top">4</x:td>
          <x:td id="ID_7188688" HAlignment="Left" VAlignment="Top" align="left" valign="top">
            <x:p id="ID_7188689">Secondary power supply/switch-over time</x:p>
          </x:td>
          <x:td id="ID_7188690" HAlignment="Left" VAlignment="Top" align="left" valign="top">&nbsp;</x:td>
        </x:tr>
        <x:tr id="ID_7188691">
          <x:td id="ID_7188692" HAlignment="Left" VAlignment="Top" align="left" valign="top">5</x:td>
          <x:td id="ID_7188693" HAlignment="Left" VAlignment="Top" align="left" valign="top">
            <x:p id="ID_7188694">Remarks</x:p>
          </x:td>
          <x:td id="ID_7188695" HAlignment="Left" VAlignment="Top" align="left" valign="top">&nbsp;</x:td>
        </x:tr>
      </x:tbody>
    </x:table>
  </e:AD-2.15>
  <e:AD-2.16 id="EGSM-AD-2.16" Number="AD 2.16">
    <GreenBorder id="ID_7188697" />
    <e:Title id="ID_7188698">HELICOPTER&nbsp;LANDING&nbsp;AREA</e:Title>
    <x:table id="ID_7188700" class="">
      <x:tbody id="ID_7188701">
        <x:tr id="ID_7188702">
          <x:td id="ID_7188703" HAlignment="Left" VAlignment="Top" align="left" valign="top">1</x:td>
          <x:td id="ID_7188704" HAlignment="Left" VAlignment="Top" align="left" valign="top">
            <x:p id="ID_7188705">Coordinates TLOF or THR of FATO</x:p>
            <x:p id="ID_7188706">Geoid undulation</x:p>
          </x:td>
          <x:td id="ID_7188707" HAlignment="Left" VAlignment="Top" align="left" valign="top">&nbsp;</x:td>
        </x:tr>
        <x:tr id="ID_7188708">
          <x:td id="ID_7188709" HAlignment="Left" VAlignment="Top" align="left" valign="top">2</x:td>
          <x:td id="ID_7188710" HAlignment="Left" VAlignment="Top" align="left" valign="top">
            <x:p id="ID_7188711">TLOF and/or FATO elevation M/FT</x:p>
          </x:td>
          <x:td id="ID_7188712" HAlignment="Left" VAlignment="Top" align="left" valign="top">&nbsp;</x:td>
        </x:tr>
        <x:tr id="ID_7188713">
          <x:td id="ID_7188714" HAlignment="Left" VAlignment="Top" align="left" valign="top">3</x:td>
          <x:td id="ID_7188715" HAlignment="Left" VAlignment="Top" align="left" valign="top">
            <x:p id="ID_7188716">TLOF and FATO area dimensions, surface, strength, marking</x:p>
          </x:td>
          <x:td id="ID_7188717" HAlignment="Left" VAlignment="Top" align="left" valign="top">&nbsp;</x:td>
        </x:tr>
        <x:tr id="ID_7188718">
          <x:td id="ID_7188719" HAlignment="Left" VAlignment="Top" align="left" valign="top">4</x:td>
          <x:td id="ID_7188720" HAlignment="Left" VAlignment="Top" align="left" valign="top">
            <x:p id="ID_7188721">True BRG of FATO</x:p>
          </x:td>
          <x:td id="ID_7188722" HAlignment="Left" VAlignment="Top" align="left" valign="top">&nbsp;</x:td>
        </x:tr>
        <x:tr id="ID_7188723">
          <x:td id="ID_7188724" HAlignment="Left" VAlignment="Top" align="left" valign="top">5</x:td>
          <x:td id="ID_7188725" HAlignment="Left" VAlignment="Top" align="left" valign="top">
            <x:p id="ID_7188726">Declared distance available</x:p>
          </x:td>
          <x:td id="ID_7188727" HAlignment="Left" VAlignment="Top" align="left" valign="top">&nbsp;</x:td>
        </x:tr>
        <x:tr id="ID_7188728">
          <x:td id="ID_7188729" HAlignment="Left" VAlignment="Top" align="left" valign="top">6</x:td>
          <x:td id="ID_7188730" HAlignment="Left" VAlignment="Top" align="left" valign="top">
            <x:p id="ID_7188731">APP and FATO lighting</x:p>
          </x:td>
          <x:td id="ID_7188732" HAlignment="Left" VAlignment="Top" align="left" valign="top">&nbsp;</x:td>
        </x:tr>
        <x:tr id="ID_7188733">
          <x:td id="ID_7188734" HAlignment="Left" VAlignment="Top" align="left" valign="top">7</x:td>
          <x:td id="ID_7188735" HAlignment="Left" VAlignment="Top" align="left" valign="top">
            <x:p id="ID_7188736">Remarks</x:p>
          </x:td>
          <x:td id="ID_7188737" HAlignment="Left" VAlignment="Top" align="left" valign="top">&nbsp;</x:td>
        </x:tr>
      </x:tbody>
    </x:table>
  </e:AD-2.16>
  <e:AD-2.17 id="EGSM-AD-2.17" Number="AD 2.17">
    <GreenBorder id="ID_7188739" />
    <e:Title id="ID_7188740">AIR TRAFFIC SERVICES&nbsp;AIRSPACE</e:Title>
    <x:table id="ID_7188742" class="">
      <x:thead id="ID_7188743">
        <x:tr id="ID_7188744">
          <x:th id="ID_7188745" HAlignment="Left" VAlignment="Top" align="left" valign="top">
            <x:p id="ID_7188746">Designation and</x:p>
            <x:p id="ID_7188747">lateral limits</x:p>
          </x:th>
          <x:th id="ID_7188748" HAlignment="Left" VAlignment="Top" align="left" valign="top">
            <x:p id="ID_7188749">Vertical Limits</x:p>
          </x:th>
          <x:th id="ID_7188750" HAlignment="Left" VAlignment="Top" align="left" valign="top">
            <x:p id="ID_7188751">Airspace Class</x:p>
          </x:th>
          <x:th id="ID_7188752" HAlignment="Left" VAlignment="Top" align="left" valign="top">
            <x:p id="ID_7188753">ATS unit callsign/ language</x:p>
          </x:th>
          <x:th id="ID_7188754" HAlignment="Left" VAlignment="Top" align="left" valign="top">
            <x:p id="ID_7188755">Transition Altitude</x:p>
          </x:th>
          <x:th id="ID_7188756" HAlignment="Left" VAlignment="Top" align="left" valign="top">
            <x:p id="ID_7188757">Hours of Applicability</x:p>
          </x:th>
          <x:th id="ID_7188758" HAlignment="Left" VAlignment="Top" align="left" valign="top">
            <x:p id="ID_7188759">Remarks</x:p>
          </x:th>
        </x:tr>
        <x:tr id="ID_7188760">
          <x:th id="ID_7188761" HAlignment="Left" VAlignment="Top" align="left" valign="top">1</x:th>
          <x:th id="ID_7188762" HAlignment="Left" VAlignment="Top" align="left" valign="top">2</x:th>
          <x:th id="ID_7188763" HAlignment="Left" VAlignment="Top" align="left" valign="top">3</x:th>
          <x:th id="ID_7188764" HAlignment="Left" VAlignment="Top" align="left" valign="top">4</x:th>
          <x:th id="ID_7188765" HAlignment="Left" VAlignment="Top" align="left" valign="top">5</x:th>
          <x:th id="ID_7188766" HAlignment="Left" VAlignment="Top" align="left" valign="top">6</x:th>
          <x:th id="ID_7188767" HAlignment="Left" VAlignment="Top" align="left" valign="top">7</x:th>
        </x:tr>
      </x:thead>
      <x:tbody id="ID_7188768">
        <x:tr id="ID_7188769">
          <x:td id="ID_7188770" HAlignment="Left" VAlignment="Top" align="left" valign="top">&nbsp;</x:td>
          <x:td id="ID_7188771" HAlignment="Left" VAlignment="Top" align="left" valign="top">&nbsp;</x:td>
          <x:td id="ID_7188772" HAlignment="Left" VAlignment="Top" align="left" valign="top">&nbsp;</x:td>
          <x:td id="ID_7188773" HAlignment="Left" VAlignment="Top" align="left" valign="top">&nbsp;</x:td>
          <x:td id="ID_7188774" HAlignment="Left" VAlignment="Top" align="left" valign="top">&nbsp;</x:td>
          <x:td id="ID_7188775" HAlignment="Left" VAlignment="Top" align="left" valign="top">&nbsp;</x:td>
          <x:td id="ID_7188776" HAlignment="Left" VAlignment="Top" align="left" valign="top">&nbsp;</x:td>
        </x:tr>
        <x:tr id="ID_7188777">
          <x:td id="ID_7188778" HAlignment="Left" VAlignment="Top" align="left" valign="top">&nbsp;</x:td>
          <x:td id="ID_7188779" HAlignment="Left" VAlignment="Top" align="left" valign="top">&nbsp;</x:td>
          <x:td id="ID_7188780" HAlignment="Left" VAlignment="Top" align="left" valign="top">&nbsp;</x:td>
          <x:td id="ID_7188781" HAlignment="Left" VAlignment="Top" align="left" valign="top">&nbsp;</x:td>
          <x:td id="ID_7188782" HAlignment="Left" VAlignment="Top" align="left" valign="top">&nbsp;</x:td>
          <x:td id="ID_7188783" HAlignment="Left" VAlignment="Top" align="left" valign="top">&nbsp;</x:td>
          <x:td id="ID_7188784" HAlignment="Left" VAlignment="Top" align="left" valign="top">&nbsp;</x:td>
        </x:tr>
      </x:tbody>
    </x:table>
  </e:AD-2.17>
  <e:AD-2.18 id="EGSM-AD-2.18" Number="AD 2.18">
    <GreenBorder id="ID_7188786" />
    <e:Title id="ID_7188787">AIR TRAFFIC SERVICES&nbsp;COMMUNICATION&nbsp;FACILITIES</e:Title>
    <x:table id="ID_7188789" class="">
      <x:thead id="ID_7188790">
        <x:tr id="ID_7188791">
          <x:th id="ID_7188792" HAlignment="Left" VAlignment="Top" align="left" valign="top">
            <x:p id="ID_7188793">Service designation</x:p>
          </x:th>
          <x:th id="ID_7188794" HAlignment="Left" VAlignment="Top" align="left" valign="top">
            <x:p id="ID_7188795">Callsign</x:p>
          </x:th>
          <x:th id="ID_7188796" HAlignment="Left" VAlignment="Top" align="left" valign="top">
            <x:p id="ID_7188797">Channel(s)</x:p>
          </x:th>
          <x:th id="ID_7188798" HAlignment="Left" VAlignment="Top" align="left" valign="top">
            <x:p id="ID_7188799">Hours of </x:p>
            <x:p id="ID_7188800">Operation</x:p>
          </x:th>
          <x:th id="ID_7188801" HAlignment="Left" VAlignment="Top" align="left" valign="top">
            <x:p id="ID_7188802">Remarks</x:p>
          </x:th>
        </x:tr>
        <x:tr id="ID_7188803">
          <x:th id="ID_7188804" HAlignment="Left" VAlignment="Top" align="left" valign="top">1</x:th>
          <x:th id="ID_7188805" HAlignment="Left" VAlignment="Top" align="left" valign="top">2</x:th>
          <x:th id="ID_7188806" HAlignment="Left" VAlignment="Top" align="left" valign="top">3</x:th>
          <x:th id="ID_7188807" HAlignment="Left" VAlignment="Top" align="left" valign="top">4</x:th>
          <x:th id="ID_7188808" HAlignment="Left" VAlignment="Top" align="left" valign="top">5</x:th>
        </x:tr>
      </x:thead>
      <x:tbody id="ID_7188809">
        <x:tr id="ID_7188810">
          <x:td id="ID_7188811" HAlignment="Left" VAlignment="Top" align="left" valign="top">&nbsp;</x:td>
          <x:td id="ID_7188812" HAlignment="Left" VAlignment="Top" align="left" valign="top">&nbsp;</x:td>
          <x:td id="ID_7188813" HAlignment="Left" VAlignment="Top" align="left" valign="top">&nbsp;</x:td>
          <x:td id="ID_7188814" HAlignment="Left" VAlignment="Top" align="left" valign="top">&nbsp;</x:td>
          <x:td id="ID_7188815" HAlignment="Left" VAlignment="Top" align="left" valign="top">&nbsp;</x:td>
        </x:tr>
        <x:tr id="ID_7188816">
          <x:td id="ID_7188817" HAlignment="Left" VAlignment="Top" align="left" valign="top">&nbsp;</x:td>
          <x:td id="ID_7188818" HAlignment="Left" VAlignment="Top" align="left" valign="top">&nbsp;</x:td>
          <x:td id="ID_7188819" HAlignment="Left" VAlignment="Top" align="left" valign="top">&nbsp;</x:td>
          <x:td id="ID_7188820" HAlignment="Left" VAlignment="Top" align="left" valign="top">&nbsp;</x:td>
          <x:td id="ID_7188821" HAlignment="Left" VAlignment="Top" align="left" valign="top">&nbsp;</x:td>
        </x:tr>
      </x:tbody>
    </x:table>
  </e:AD-2.18>
  <e:AD-2.19 id="EGSM-AD-2.19" Number="AD 2.19">
    <GreenBorder id="ID_7188823" />
    <e:Title id="ID_7188824">RADIO&nbsp;NAVIGATION&nbsp;AND&nbsp;LANDING&nbsp;AIDS</e:Title>
    <x:table id="ID_7188826" class="">
      <x:thead id="ID_7188827">
        <x:tr id="ID_7188828">
          <x:th id="ID_7188829" HAlignment="Left" VAlignment="Top" align="left" valign="top">
            <x:p id="ID_7188830">Type of Aid CAT&nbsp;of&nbsp;ILS/MLS</x:p>
            <x:p id="ID_7188831">(For VOR/ILS/MLS, give VAR)</x:p>
          </x:th>
          <x:th id="ID_7188832" HAlignment="Left" VAlignment="Top" align="left" valign="top">
            <x:p id="ID_7188833">Ident</x:p>
          </x:th>
          <x:th id="ID_7188834" HAlignment="Left" VAlignment="Top" align="left" valign="top">
            <x:p id="ID_7188835">Frequency</x:p>
            <x:p id="ID_7188836">channel number(s), service provider, and reference path identifier(s) (RPI)</x:p>
          </x:th>
          <x:th id="ID_7188837" HAlignment="Left" VAlignment="Top" align="left" valign="top">
            <x:p id="ID_7188838">Hours of Operation</x:p>
          </x:th>
          <x:th id="ID_7188839" HAlignment="Left" VAlignment="Top" align="left" valign="top">
            <x:p id="ID_7188840">Position of transmitting antenna co-ordinates</x:p>
          </x:th>
          <x:th id="ID_7188841" HAlignment="Left" VAlignment="Top" align="left" valign="top">
            <x:p id="ID_7188842">Elevation of DME transmitting antenna</x:p>
            <x:p id="ID_7188843">GBAS, SBAS, LTP, FTP values</x:p>
          </x:th>
          <x:th id="ID_7188844" HAlignment="Left" VAlignment="Top" align="left" valign="top">
            <x:p id="ID_7188845">Remarks</x:p>
          </x:th>
        </x:tr>
        <x:tr id="ID_7188846">
          <x:th id="ID_7188847" HAlignment="Left" VAlignment="Top" align="left" valign="top">1</x:th>
          <x:th id="ID_7188848" HAlignment="Left" VAlignment="Top" align="left" valign="top">2</x:th>
          <x:th id="ID_7188849" HAlignment="Left" VAlignment="Top" align="left" valign="top">3</x:th>
          <x:th id="ID_7188850" HAlignment="Left" VAlignment="Top" align="left" valign="top">4</x:th>
          <x:th id="ID_7188851" HAlignment="Left" VAlignment="Top" align="left" valign="top">5</x:th>
          <x:th id="ID_7188852" HAlignment="Left" VAlignment="Top" align="left" valign="top">6</x:th>
          <x:th id="ID_7188853" HAlignment="Left" VAlignment="Top" align="left" valign="top">7</x:th>
        </x:tr>
      </x:thead>
      <x:tbody id="ID_7188854">
        <x:tr id="ID_7188855">
          <x:td id="ID_7188856" HAlignment="Left" VAlignment="Top" align="left" valign="top">&nbsp;</x:td>
          <x:td id="ID_7188857" HAlignment="Left" VAlignment="Top" align="left" valign="top">&nbsp;</x:td>
          <x:td id="ID_7188858" HAlignment="Left" VAlignment="Top" align="left" valign="top">&nbsp;</x:td>
          <x:td id="ID_7188859" HAlignment="Left" VAlignment="Top" align="left" valign="top">&nbsp;</x:td>
          <x:td id="ID_7188860" HAlignment="Left" VAlignment="Top" align="left" valign="top">&nbsp;</x:td>
          <x:td id="ID_7188861" HAlignment="Left" VAlignment="Top" align="left" valign="top">&nbsp;</x:td>
          <x:td id="ID_7188862" HAlignment="Left" VAlignment="Top" align="left" valign="top">&nbsp;</x:td>
        </x:tr>
      </x:tbody>
    </x:table>
  </e:AD-2.19>
  <e:AD-2.20 id="EGSM-AD-2.20" Number="AD 2.20">
    <GreenBorder id="ID_7188864" />
    <e:Title id="ID_7188865">LOCAL&nbsp;AERODROME&nbsp;REGULATIONS</e:Title>
    <x:div class="RP">
      <x:span class="sdParams" style="display:none;">TRULES_PROC;RULES_PROC_ID;7449</x:span>
      <e:Sub-section Number="1" id="EGSM-AD-2.20.1">
        <e:Title id="ID_7188867">Airport Regulations</e:Title>
        <x:ol id="ID_7188868" class="Numbered">
          <x:li id="ID_7188869">
            <x:p id="ID_7188870">Please note approaching Runway 09, useable runway consists of the last third of the old wartime runway, plus 250 m of grass.</x:p>
          </x:li>
        </x:ol>
      </e:Sub-section>
      <e:Sub-section Number="2" id="EGSM-AD-2.20.2">
        <e:Title id="ID_7188872">Ground Movement</e:Title>
        <x:p id="ID_7188873">Not applicable.</x:p>
      </e:Sub-section>
      <e:Sub-section Number="3" id="EGSM-AD-2.20.3">
        <e:Title id="ID_7188875">CAT II/III Operations</e:Title>
        <x:p id="ID_7188876">Not applicable.</x:p>
      </e:Sub-section>
      <e:Sub-section Number="4" id="EGSM-AD-2.20.4">
        <e:Title id="ID_7188878">Warnings</e:Title>
        <x:ol id="ID_7188879" class="Numbered">
          <x:li id="ID_7188880">
            <x:p id="ID_7188881">Declared runway width is less than the total width of the paved surface.</x:p>
          </x:li>
          <x:li id="ID_7188882">
            <x:p id="ID_7188883">Windshear may be experienced on final approach to Runway 27 during south westerly winds.</x:p>
          </x:li>
          <x:li id="ID_7188884">
            <x:p id="ID_7188885">Free-fall parachuting takes place up to FL 130 during daylight hours.</x:p>
          </x:li>
        </x:ol>
      </e:Sub-section>
      <e:Sub-section Number="5" id="EGSM-AD-2.20.5">
        <e:Title id="ID_7188887">Helicopter Operations</e:Title>
        <x:p id="ID_7188888">Not applicable.</x:p>
      </e:Sub-section>
      <e:Sub-section Number="6" id="EGSM-AD-2.20.6">
        <e:Title id="ID_7188890">Use of Runways</e:Title>
        <x:p id="ID_7188891">Not applicable.</x:p>
      </e:Sub-section>
      <e:Sub-section Number="7" id="EGSM-AD-2.20.7">
        <e:Title id="ID_7188893">Training</e:Title>
        <x:p id="ID_7188894">Not applicable.</x:p>
      </e:Sub-section>
    </x:div>
  </e:AD-2.20>
  <e:AD-2.21 id="EGSM-AD-2.21" Number="AD 2.21">
    <GreenBorder id="ID_7188896" />
    <e:Title id="ID_7188897">NOISE ABATEMENT PROCEDURES</e:Title>
    <x:div class="RP">
      <x:span class="sdParams" style="display:none;">TRULES_PROC;RULES_PROC_ID;7450</x:span>
      <x:p id="ID_7188898">Avoid overflying all the local villages.</x:p>
    </x:div>
  </e:AD-2.21>
  <e:AD-2.22 id="EGSM-AD-2.22" Number="AD 2.22">
    <GreenBorder id="ID_7188900" />
    <e:Title id="ID_7188901">FLIGHT PROCEDURES</e:Title>
    <x:div class="RP">
      <x:span class="sdParams" style="display:none;">TRULES_PROC;RULES_PROC_ID;7451</x:span>
      <x:ol id="ID_7188902" class="Numbered">
        <x:li id="ID_7188903">
          <x:p id="ID_7188904">Helicopters to conform to circuit pattern.</x:p>
        </x:li>
        <x:li id="ID_7188905">
          <x:p id="ID_7188906">All circuits to the south to avoid overflying Beccles.</x:p>
        </x:li>
      </x:ol>
      <x:p id="ID_7188907">Circuit directions: Runway 09 - RH; Runway 27 - LH. Circuit height: 1000 ft.</x:p>
    </x:div>
  </e:AD-2.22>
  <e:AD-2.23 id="EGSM-AD-2.23" Number="AD 2.23">
    <GreenBorder id="ID_7188909" />
    <e:Title id="ID_7188910">ADDITIONAL INFORMATION</e:Title>
    <x:div class="RP">
      <x:span class="sdParams" style="display:none;">TRULES_PROC;RULES_PROC_ID;7452</x:span>
      <x:p id="ID_7188911">Not applicable.</x:p>
    </x:div>
  </e:AD-2.23>
  <e:AD-2.24 id="EGSM-AD-2.24" Number="AD 2.24">
    <GreenBorder id="ID_7188913" />
    <e:Title id="ID_7188914">CHARTS RELATED TO AN AERODROME</e:Title>
    <x:table id="ID_7188916" class="">
      <x:tbody id="ID_7188917">
        <x:tr id="ID_7188918">
          <x:td id="ID_7188919" HAlignment="Left" VAlignment="Top" align="left" valign="top">
            <x:p id="ID_7188920">
              <x:em id="ID_7188921" class="Italic">Figure: Aerodrome Chart - ICAO</x:em>
            </x:p>
          </x:td>
        </x:tr>
        <x:tr id="ID_7188922">
          <x:td id="ID_7188923" HAlignment="Left" VAlignment="Top" align="left" valign="top">
            <x:p id="ID_7188924">AD 2-EGAA-2-1</x:p>
          </x:td>
        </x:tr>
        <x:tr id="ID_7188925">
          <x:td id="ID_7188926" HAlignment="Left" VAlignment="Top" align="left" valign="top">&nbsp;</x:td>
        </x:tr>
        <x:tr id="ID_7188927">
          <x:td id="ID_7188928" HAlignment="Left" VAlignment="Top" align="left" valign="top">&nbsp;</x:td>
        </x:tr>
        <x:tr id="ID_7188929">
          <x:td id="ID_7188930" HAlignment="Left" VAlignment="Top" align="left" valign="top">&nbsp;</x:td>
        </x:tr>
        <x:tr id="ID_7188931">
          <x:td id="ID_7188932" HAlignment="Left" VAlignment="Top" align="left" valign="top">&nbsp;</x:td>
        </x:tr>
      </x:tbody>
    </x:table>
  </e:AD-2.24>
</e:Aerodrome>
