<?xml version="1.0" encoding="UTF-8"?>
<e:Aerodrome id="AD-2.EGNR" Ref="ICAO-EGNR" Title="HAWARDEN" xmlns:e="http://www.eurocontrol.int/xmlns/AIM/eAIP" xmlns:x="http://www.w3.org/1999/xhtml" xmlns:xlink="http://www.w3.org/1999/xlink">
  <e:Title />
  <e:AD-2.1 id="EGNR-AD-2.1" Number="AD 2.1">
    <GreenBorder id="ID_7473522" />
    <e:Title id="ID_7473523">AERODROME LOCATION INDICATOR AND NAME</e:Title>
    <e:Generated />
  </e:AD-2.1>
  <e:AD-2.2 id="EGNR-AD-2.2" Number="AD 2.2">
    <GreenBorder id="ID_7473528" />
    <e:Title id="ID_7473529">AERODROME&nbsp;GEOGRAPHICAL&nbsp;AND&nbsp;ADMINISTRATIVE&nbsp;DATA</e:Title>
    <x:table id="ID_7473531" class="">
      <x:tbody id="ID_7473532">
        <x:tr id="ID_7473533">
          <x:td id="ID_7473534" HAlignment="Left" VAlignment="Top" align="left" valign="top">1</x:td>
          <x:td id="ID_7473535" HAlignment="Left" VAlignment="Top" align="left" valign="top">
            <x:p id="ID_7473536">ARP coordinates and site at AD</x:p>
          </x:td>
          <x:td id="ID_7473537" HAlignment="Left" VAlignment="Top" align="left" valign="top">&nbsp;</x:td>
        </x:tr>
        <x:tr id="ID_7473538">
          <x:td id="ID_7473539" HAlignment="Left" VAlignment="Top" align="left" valign="top">2</x:td>
          <x:td id="ID_7473540" HAlignment="Left" VAlignment="Top" align="left" valign="top">
            <x:p id="ID_7473541">Direction and distance from city</x:p>
          </x:td>
          <x:td id="ID_7473542" HAlignment="Left" VAlignment="Top" align="left" valign="top">&nbsp;</x:td>
        </x:tr>
        <x:tr id="ID_7473543">
          <x:td id="ID_7473544" HAlignment="Left" VAlignment="Top" align="left" valign="top">3</x:td>
          <x:td id="ID_7473545" HAlignment="Left" VAlignment="Top" align="left" valign="top">
            <x:p id="ID_7473546">Elevation / Reference temperature</x:p>
          </x:td>
          <x:td id="ID_7473547" HAlignment="Left" VAlignment="Top" align="left" valign="top">&nbsp;</x:td>
        </x:tr>
        <x:tr id="ID_7473548">
          <x:td id="ID_7473549" HAlignment="Left" VAlignment="Top" align="left" valign="top">4</x:td>
          <x:td id="ID_7473550" HAlignment="Left" VAlignment="Top" align="left" valign="top">
            <x:p id="ID_7473551">Geoid undulation at AD ELEV PSN</x:p>
          </x:td>
          <x:td id="ID_7473552" HAlignment="Left" VAlignment="Top" align="left" valign="top">&nbsp;</x:td>
        </x:tr>
        <x:tr id="ID_7473553">
          <x:td id="ID_7473554" HAlignment="Left" VAlignment="Top" align="left" valign="top">5</x:td>
          <x:td id="ID_7473555" HAlignment="Left" VAlignment="Top" align="left" valign="top">
            <x:p id="ID_7473556">Magnetic Variation / Annual Change</x:p>
          </x:td>
          <x:td id="ID_7473557" HAlignment="Left" VAlignment="Top" align="left" valign="top">&nbsp;</x:td>
        </x:tr>
        <x:tr id="ID_7473558">
          <x:td id="ID_7473559" HAlignment="Left" VAlignment="Top" align="left" valign="top">6</x:td>
          <x:td id="ID_7473560" HAlignment="Left" VAlignment="Top" align="left" valign="top">
            <x:p id="ID_7473561">AD Administration, address, telephone, telefax, AFS, e-mail address, website address</x:p>
          </x:td>
          <x:td id="ID_7473562" HAlignment="Left" VAlignment="Top" align="left" valign="top">&nbsp;</x:td>
        </x:tr>
        <x:tr id="ID_7473563">
          <x:td id="ID_7473564" HAlignment="Left" VAlignment="Top" align="left" valign="top">7</x:td>
          <x:td id="ID_7473565" HAlignment="Left" VAlignment="Top" align="left" valign="top">
            <x:p id="ID_7473566">Types of Traffic permitted (IFR/VFR)</x:p>
          </x:td>
          <x:td id="ID_7473567" HAlignment="Left" VAlignment="Top" align="left" valign="top">&nbsp;</x:td>
        </x:tr>
        <x:tr id="ID_7473568">
          <x:td id="ID_7473569" HAlignment="Left" VAlignment="Top" align="left" valign="top">8</x:td>
          <x:td id="ID_7473570" HAlignment="Left" VAlignment="Top" align="left" valign="top">
            <x:p id="ID_7473571">Remarks</x:p>
          </x:td>
          <x:td id="ID_7473572" HAlignment="Left" VAlignment="Top" align="left" valign="top">&nbsp;</x:td>
        </x:tr>
      </x:tbody>
    </x:table>
  </e:AD-2.2>
  <e:AD-2.3 id="EGNR-AD-2.3" Number="AD 2.3">
    <GreenBorder id="ID_7473574" />
    <e:Title id="ID_7473575">OPERATIONAL&nbsp;HOURS</e:Title>
    <x:table id="ID_7473577" class="">
      <x:tbody id="ID_7473578">
        <x:tr id="ID_7473579">
          <x:td id="ID_7473580" HAlignment="Left" VAlignment="Top" align="left" valign="top">1</x:td>
          <x:td id="ID_7473581" HAlignment="Left" VAlignment="Top" align="left" valign="top">
            <x:p id="ID_7473582">Aerodrome Operator</x:p>
          </x:td>
          <x:td id="ID_7473583" HAlignment="Left" VAlignment="Top" align="left" valign="top">&nbsp;</x:td>
        </x:tr>
        <x:tr id="ID_7473584">
          <x:td id="ID_7473585" HAlignment="Left" VAlignment="Top" align="left" valign="top">2</x:td>
          <x:td id="ID_7473586" HAlignment="Left" VAlignment="Top" align="left" valign="top">
            <x:p id="ID_7473587">Customs and Immigration</x:p>
          </x:td>
          <x:td id="ID_7473588" HAlignment="Left" VAlignment="Top" align="left" valign="top">
            <x:p id="ID_7473589" />
          </x:td>
        </x:tr>
        <x:tr id="ID_7473590">
          <x:td id="ID_7473591" HAlignment="Left" VAlignment="Top" align="left" valign="top">3</x:td>
          <x:td id="ID_7473592" HAlignment="Left" VAlignment="Top" align="left" valign="top">
            <x:p id="ID_7473593">Health and sanitation</x:p>
          </x:td>
          <x:td id="ID_7473594" HAlignment="Left" VAlignment="Top" align="left" valign="top">&nbsp;</x:td>
        </x:tr>
        <x:tr id="ID_7473595">
          <x:td id="ID_7473596" HAlignment="Left" VAlignment="Top" align="left" valign="top">4</x:td>
          <x:td id="ID_7473597" HAlignment="Left" VAlignment="Top" align="left" valign="top">
            <x:p id="ID_7473598">AIS Briefing Office</x:p>
          </x:td>
          <x:td id="ID_7473599" HAlignment="Left" VAlignment="Top" align="left" valign="top">&nbsp;</x:td>
        </x:tr>
        <x:tr id="ID_7473600">
          <x:td id="ID_7473601" HAlignment="Left" VAlignment="Top" align="left" valign="top">5</x:td>
          <x:td id="ID_7473602" HAlignment="Left" VAlignment="Top" align="left" valign="top">
            <x:p id="ID_7473603">ATS Reporting Office (ARO)</x:p>
          </x:td>
          <x:td id="ID_7473604" HAlignment="Left" VAlignment="Top" align="left" valign="top">&nbsp;</x:td>
        </x:tr>
        <x:tr id="ID_7473605">
          <x:td id="ID_7473606" HAlignment="Left" VAlignment="Top" align="left" valign="top">6</x:td>
          <x:td id="ID_7473607" HAlignment="Left" VAlignment="Top" align="left" valign="top">
            <x:p id="ID_7473608">MET Briefing Office</x:p>
          </x:td>
          <x:td id="ID_7473609" HAlignment="Left" VAlignment="Top" align="left" valign="top">&nbsp;</x:td>
        </x:tr>
        <x:tr id="ID_7473610">
          <x:td id="ID_7473611" HAlignment="Left" VAlignment="Top" align="left" valign="top">7</x:td>
          <x:td id="ID_7473612" HAlignment="Left" VAlignment="Top" align="left" valign="top">
            <x:p id="ID_7473613">Air Traffic Service</x:p>
          </x:td>
          <x:td id="ID_7473614" HAlignment="Left" VAlignment="Top" align="left" valign="top">&nbsp;</x:td>
        </x:tr>
        <x:tr id="ID_7473615">
          <x:td id="ID_7473616" HAlignment="Left" VAlignment="Top" align="left" valign="top">8</x:td>
          <x:td id="ID_7473617" HAlignment="Left" VAlignment="Top" align="left" valign="top">
            <x:p id="ID_7473618">Fuelling</x:p>
          </x:td>
          <x:td id="ID_7473619" HAlignment="Left" VAlignment="Top" align="left" valign="top">&nbsp;</x:td>
        </x:tr>
        <x:tr id="ID_7473620">
          <x:td id="ID_7473621" HAlignment="Left" VAlignment="Top" align="left" valign="top">9</x:td>
          <x:td id="ID_7473622" HAlignment="Left" VAlignment="Top" align="left" valign="top">
            <x:p id="ID_7473623">Handling</x:p>
          </x:td>
          <x:td id="ID_7473624" HAlignment="Left" VAlignment="Top" align="left" valign="top">&nbsp;</x:td>
        </x:tr>
        <x:tr id="ID_7473625">
          <x:td id="ID_7473626" HAlignment="Left" VAlignment="Top" align="left" valign="top">10</x:td>
          <x:td id="ID_7473627" HAlignment="Left" VAlignment="Top" align="left" valign="top">
            <x:p id="ID_7473628">Security</x:p>
          </x:td>
          <x:td id="ID_7473629" HAlignment="Left" VAlignment="Top" align="left" valign="top">&nbsp;</x:td>
        </x:tr>
        <x:tr id="ID_7473630">
          <x:td id="ID_7473631" HAlignment="Left" VAlignment="Top" align="left" valign="top">11</x:td>
          <x:td id="ID_7473632" HAlignment="Left" VAlignment="Top" align="left" valign="top">
            <x:p id="ID_7473633">De-icing</x:p>
          </x:td>
          <x:td id="ID_7473634" HAlignment="Left" VAlignment="Top" align="left" valign="top">&nbsp;</x:td>
        </x:tr>
        <x:tr id="ID_7473635">
          <x:td id="ID_7473636" HAlignment="Left" VAlignment="Top" align="left" valign="top">12</x:td>
          <x:td id="ID_7473637" HAlignment="Left" VAlignment="Top" align="left" valign="top">
            <x:p id="ID_7473638">Remarks</x:p>
          </x:td>
          <x:td id="ID_7473639" HAlignment="Left" VAlignment="Top" align="left" valign="top">&nbsp;</x:td>
        </x:tr>
      </x:tbody>
    </x:table>
  </e:AD-2.3>
  <e:AD-2.4 id="EGNR-AD-2.4" Number="AD 2.4">
    <GreenBorder id="ID_7473641" />
    <e:Title id="ID_7473642">HANDLING&nbsp;SERVICES&nbsp;AND&nbsp;FACILITIES</e:Title>
    <x:table id="ID_7473644" class="">
      <x:tbody id="ID_7473645">
        <x:tr id="ID_7473646">
          <x:td id="ID_7473647" HAlignment="Left" VAlignment="Top" align="left" valign="top">1</x:td>
          <x:td id="ID_7473648" HAlignment="Left" VAlignment="Top" align="left" valign="top">
            <x:p id="ID_7473649">Cargo handling facilities</x:p>
          </x:td>
          <x:td id="ID_7473650" HAlignment="Left" VAlignment="Top" align="left" valign="top">&nbsp;</x:td>
        </x:tr>
        <x:tr id="ID_7473651">
          <x:td id="ID_7473652" HAlignment="Left" VAlignment="Top" align="left" valign="top">2</x:td>
          <x:td id="ID_7473653" HAlignment="Left" VAlignment="Top" align="left" valign="top">
            <x:p id="ID_7473654">Fuel and oil types</x:p>
          </x:td>
          <x:td id="ID_7473655" HAlignment="Left" VAlignment="Top" align="left" valign="top">&nbsp;</x:td>
        </x:tr>
        <x:tr id="ID_7473656">
          <x:td id="ID_7473657" HAlignment="Left" VAlignment="Top" align="left" valign="top">3</x:td>
          <x:td id="ID_7473658" HAlignment="Left" VAlignment="Top" align="left" valign="top">
            <x:p id="ID_7473659">Fuelling facilities/capacity</x:p>
          </x:td>
          <x:td id="ID_7473660" HAlignment="Left" VAlignment="Top" align="left" valign="top">&nbsp;</x:td>
        </x:tr>
        <x:tr id="ID_7473661">
          <x:td id="ID_7473662" HAlignment="Left" VAlignment="Top" align="left" valign="top">4</x:td>
          <x:td id="ID_7473663" HAlignment="Left" VAlignment="Top" align="left" valign="top">
            <x:p id="ID_7473664">De-icing facilities</x:p>
          </x:td>
          <x:td id="ID_7473665" HAlignment="Left" VAlignment="Top" align="left" valign="top">&nbsp;</x:td>
        </x:tr>
        <x:tr id="ID_7473666">
          <x:td id="ID_7473667" HAlignment="Left" VAlignment="Top" align="left" valign="top">5</x:td>
          <x:td id="ID_7473668" HAlignment="Left" VAlignment="Top" align="left" valign="top">
            <x:p id="ID_7473669">Hangar space for visiting aircraft</x:p>
          </x:td>
          <x:td id="ID_7473670" HAlignment="Left" VAlignment="Top" align="left" valign="top">&nbsp;</x:td>
        </x:tr>
        <x:tr id="ID_7473671">
          <x:td id="ID_7473672" HAlignment="Left" VAlignment="Top" align="left" valign="top">6</x:td>
          <x:td id="ID_7473673" HAlignment="Left" VAlignment="Top" align="left" valign="top">
            <x:p id="ID_7473674">Repair facilities for visiting aircraft</x:p>
          </x:td>
          <x:td id="ID_7473675" HAlignment="Left" VAlignment="Top" align="left" valign="top">&nbsp;</x:td>
        </x:tr>
        <x:tr id="ID_7473676">
          <x:td id="ID_7473677" HAlignment="Left" VAlignment="Top" align="left" valign="top">7</x:td>
          <x:td id="ID_7473678" HAlignment="Left" VAlignment="Top" align="left" valign="top">
            <x:p id="ID_7473679">Remarks</x:p>
          </x:td>
          <x:td id="ID_7473680" HAlignment="Left" VAlignment="Top" align="left" valign="top">&nbsp;</x:td>
        </x:tr>
      </x:tbody>
    </x:table>
  </e:AD-2.4>
  <e:AD-2.5 id="EGNR-AD-2.5" Number="AD 2.5">
    <GreenBorder id="ID_7473682" />
    <e:Title id="ID_7473683">PASSENGER&nbsp;FACILITIES</e:Title>
    <x:table id="ID_7473685" class="">
      <x:tbody id="ID_7473686">
        <x:tr id="ID_7473687">
          <x:td id="ID_7473688" HAlignment="Left" VAlignment="Top" align="left" valign="top">1</x:td>
          <x:td id="ID_7473689" HAlignment="Left" VAlignment="Top" align="left" valign="top">
            <x:p id="ID_7473690">Hotels</x:p>
          </x:td>
          <x:td id="ID_7473691" HAlignment="Left" VAlignment="Top" align="left" valign="top">&nbsp;</x:td>
        </x:tr>
        <x:tr id="ID_7473692">
          <x:td id="ID_7473693" HAlignment="Left" VAlignment="Top" align="left" valign="top">2</x:td>
          <x:td id="ID_7473694" HAlignment="Left" VAlignment="Top" align="left" valign="top">
            <x:p id="ID_7473695">Restaurants</x:p>
          </x:td>
          <x:td id="ID_7473696" HAlignment="Left" VAlignment="Top" align="left" valign="top">&nbsp;</x:td>
        </x:tr>
        <x:tr id="ID_7473697">
          <x:td id="ID_7473698" HAlignment="Left" VAlignment="Top" align="left" valign="top">3</x:td>
          <x:td id="ID_7473699" HAlignment="Left" VAlignment="Top" align="left" valign="top">
            <x:p id="ID_7473700">Transportation</x:p>
          </x:td>
          <x:td id="ID_7473701" HAlignment="Left" VAlignment="Top" align="left" valign="top">&nbsp;</x:td>
        </x:tr>
        <x:tr id="ID_7473702">
          <x:td id="ID_7473703" HAlignment="Left" VAlignment="Top" align="left" valign="top">4</x:td>
          <x:td id="ID_7473704" HAlignment="Left" VAlignment="Top" align="left" valign="top">
            <x:p id="ID_7473705">Medical facilities</x:p>
          </x:td>
          <x:td id="ID_7473706" HAlignment="Left" VAlignment="Top" align="left" valign="top">&nbsp;</x:td>
        </x:tr>
        <x:tr id="ID_7473707">
          <x:td id="ID_7473708" HAlignment="Left" VAlignment="Top" align="left" valign="top">5</x:td>
          <x:td id="ID_7473709" HAlignment="Left" VAlignment="Top" align="left" valign="top">
            <x:p id="ID_7473710">Bank and Post Office</x:p>
          </x:td>
          <x:td id="ID_7473711" HAlignment="Left" VAlignment="Top" align="left" valign="top">&nbsp;</x:td>
        </x:tr>
        <x:tr id="ID_7473712">
          <x:td id="ID_7473713" HAlignment="Left" VAlignment="Top" align="left" valign="top">6</x:td>
          <x:td id="ID_7473714" HAlignment="Left" VAlignment="Top" align="left" valign="top">
            <x:p id="ID_7473715">Tourist Office</x:p>
          </x:td>
          <x:td id="ID_7473716" HAlignment="Left" VAlignment="Top" align="left" valign="top">&nbsp;</x:td>
        </x:tr>
        <x:tr id="ID_7473717">
          <x:td id="ID_7473718" HAlignment="Left" VAlignment="Top" align="left" valign="top">7</x:td>
          <x:td id="ID_7473719" HAlignment="Left" VAlignment="Top" align="left" valign="top">
            <x:p id="ID_7473720">Remarks</x:p>
          </x:td>
          <x:td id="ID_7473721" HAlignment="Left" VAlignment="Top" align="left" valign="top">&nbsp;</x:td>
        </x:tr>
      </x:tbody>
    </x:table>
  </e:AD-2.5>
  <e:AD-2.6 id="EGNR-AD-2.6" Number="AD 2.6">
    <GreenBorder id="ID_7473723" />
    <e:Title id="ID_7473724">RESCUE&nbsp;AND&nbsp;FIRE&nbsp;FIGHTING&nbsp;SERVICES</e:Title>
    <x:table id="ID_7473726" class="">
      <x:tbody id="ID_7473727">
        <x:tr id="ID_7473728">
          <x:td id="ID_7473729" HAlignment="Left" VAlignment="Top" align="left" valign="top">1</x:td>
          <x:td id="ID_7473730" HAlignment="Left" VAlignment="Top" align="left" valign="top">
            <x:p id="ID_7473731">AD category for fire fighting</x:p>
          </x:td>
          <x:td id="ID_7473732" HAlignment="Left" VAlignment="Top" align="left" valign="top">&nbsp;</x:td>
        </x:tr>
        <x:tr id="ID_7473733">
          <x:td id="ID_7473734" HAlignment="Left" VAlignment="Top" align="left" valign="top">2</x:td>
          <x:td id="ID_7473735" HAlignment="Left" VAlignment="Top" align="left" valign="top">
            <x:p id="ID_7473736">Rescue equipment</x:p>
          </x:td>
          <x:td id="ID_7473737" HAlignment="Left" VAlignment="Top" align="left" valign="top">&nbsp;</x:td>
        </x:tr>
        <x:tr id="ID_7473738">
          <x:td id="ID_7473739" HAlignment="Left" VAlignment="Top" align="left" valign="top">3</x:td>
          <x:td id="ID_7473740" HAlignment="Left" VAlignment="Top" align="left" valign="top">
            <x:p id="ID_7473741">Capability for removal of disabled aircraft</x:p>
          </x:td>
          <x:td id="ID_7473742" HAlignment="Left" VAlignment="Top" align="left" valign="top">&nbsp;</x:td>
        </x:tr>
        <x:tr id="ID_7473743">
          <x:td id="ID_7473744" HAlignment="Left" VAlignment="Top" align="left" valign="top">4</x:td>
          <x:td id="ID_7473745" HAlignment="Left" VAlignment="Top" align="left" valign="top">
            <x:p id="ID_7473746">Remarks</x:p>
          </x:td>
          <x:td id="ID_7473747" HAlignment="Left" VAlignment="Top" align="left" valign="top">&nbsp;</x:td>
        </x:tr>
      </x:tbody>
    </x:table>
  </e:AD-2.6>
  <e:AD-2.7 id="EGNR-AD-2.7" Number="AD 2.7">
    <GreenBorder id="ID_7473749" />
    <e:Title id="ID_7473750">SEASONAL&nbsp;AVAILABILITY&nbsp;-&nbsp;CLEARING</e:Title>
    <x:table id="ID_7473752" class="">
      <x:tbody id="ID_7473753">
        <x:tr id="ID_7473754">
          <x:td id="ID_7473755" HAlignment="Left" VAlignment="Top" align="left" valign="top">1</x:td>
          <x:td id="ID_7473756" HAlignment="Left" VAlignment="Top" align="left" valign="top">
            <x:p id="ID_7473757">Types of clearing equipment</x:p>
          </x:td>
          <x:td id="ID_7473758" HAlignment="Left" VAlignment="Top" align="left" valign="top">&nbsp;</x:td>
        </x:tr>
        <x:tr id="ID_7473759">
          <x:td id="ID_7473760" HAlignment="Left" VAlignment="Top" align="left" valign="top">2</x:td>
          <x:td id="ID_7473761" HAlignment="Left" VAlignment="Top" align="left" valign="top">
            <x:p id="ID_7473762">Clearance priorities</x:p>
          </x:td>
          <x:td id="ID_7473763" HAlignment="Left" VAlignment="Top" align="left" valign="top">&nbsp;</x:td>
        </x:tr>
        <x:tr id="ID_7473764">
          <x:td id="ID_7473765" HAlignment="Left" VAlignment="Top" align="left" valign="top">3</x:td>
          <x:td id="ID_7473766" HAlignment="Left" VAlignment="Top" align="left" valign="top">
            <x:p id="ID_7473767">Remarks</x:p>
          </x:td>
          <x:td id="ID_7473768" HAlignment="Left" VAlignment="Top" align="left" valign="top">&nbsp;</x:td>
        </x:tr>
      </x:tbody>
    </x:table>
  </e:AD-2.7>
  <e:AD-2.8 id="EGNR-AD-2.8" Number="AD 2.8">
    <GreenBorder id="ID_7473770" />
    <e:Title id="ID_7473771">APRONS,&nbsp;TAXIWAYS&nbsp;AND&nbsp;CHECK&nbsp;LOCATIONS/POSITIONS&nbsp;DATA</e:Title>
    <x:table id="ID_7473773" class="">
      <x:tbody id="ID_7473774">
        <x:tr id="ID_7473775">
          <x:td id="ID_7473776" HAlignment="Left" VAlignment="Top" align="left" valign="top">1</x:td>
          <x:td id="ID_7473777" HAlignment="Left" VAlignment="Top" align="left" valign="top">
            <x:p id="ID_7473778">Apron surface and strength</x:p>
          </x:td>
          <x:td id="ID_7473779" HAlignment="Left" VAlignment="Top" align="left" valign="top">&nbsp;</x:td>
        </x:tr>
        <x:tr id="ID_7473780">
          <x:td id="ID_7473781" HAlignment="Left" VAlignment="Top" align="left" valign="top">2</x:td>
          <x:td id="ID_7473782" HAlignment="Left" VAlignment="Top" align="left" valign="top">
            <x:p id="ID_7473783">Taxiway width, surface and strength</x:p>
          </x:td>
          <x:td id="ID_7473784" HAlignment="Left" VAlignment="Top" align="left" valign="top">&nbsp;</x:td>
        </x:tr>
        <x:tr id="ID_7473785">
          <x:td id="ID_7473786" HAlignment="Left" VAlignment="Top" align="left" valign="top">3</x:td>
          <x:td id="ID_7473787" HAlignment="Left" VAlignment="Top" align="left" valign="top">
            <x:p id="ID_7473788">Altimeter checkpoint location and elevation</x:p>
          </x:td>
          <x:td id="ID_7473789" HAlignment="Left" VAlignment="Top" align="left" valign="top">&nbsp;</x:td>
        </x:tr>
        <x:tr id="ID_7473790">
          <x:td id="ID_7473791" HAlignment="Left" VAlignment="Top" align="left" valign="top">4</x:td>
          <x:td id="ID_7473792" HAlignment="Left" VAlignment="Top" align="left" valign="top">
            <x:p id="ID_7473793">VOR checkpoints</x:p>
          </x:td>
          <x:td id="ID_7473794" HAlignment="Left" VAlignment="Top" align="left" valign="top">&nbsp;</x:td>
        </x:tr>
        <x:tr id="ID_7473795">
          <x:td id="ID_7473796" HAlignment="Left" VAlignment="Top" align="left" valign="top">5</x:td>
          <x:td id="ID_7473797" HAlignment="Left" VAlignment="Top" align="left" valign="top">
            <x:p id="ID_7473798">INS checkpoints</x:p>
          </x:td>
          <x:td id="ID_7473799" HAlignment="Left" VAlignment="Top" align="left" valign="top">&nbsp;</x:td>
        </x:tr>
        <x:tr id="ID_7473800">
          <x:td id="ID_7473801" HAlignment="Left" VAlignment="Top" align="left" valign="top">6</x:td>
          <x:td id="ID_7473802" HAlignment="Left" VAlignment="Top" align="left" valign="top">
            <x:p id="ID_7473803">Remarks</x:p>
          </x:td>
          <x:td id="ID_7473804" HAlignment="Left" VAlignment="Top" align="left" valign="top">&nbsp;</x:td>
        </x:tr>
      </x:tbody>
    </x:table>
  </e:AD-2.8>
  <e:AD-2.9 id="EGNR-AD-2.9" Number="AD 2.9">
    <GreenBorder id="ID_7473806" />
    <e:Title id="ID_7473807">SURFACE&nbsp;MOVEMENT&nbsp;GUIDANCE&nbsp;AND&nbsp;CONTROL&nbsp;SYSTEM&nbsp;AND&nbsp;MARKINGS</e:Title>
    <x:table id="ID_7473809" class="">
      <x:tbody id="ID_7473810">
        <x:tr id="ID_7473811">
          <x:td id="ID_7473812" HAlignment="Left" VAlignment="Top" align="left" valign="top">1</x:td>
          <x:td id="ID_7473813" HAlignment="Left" VAlignment="Top" align="left" valign="top">
            <x:p id="ID_7473814">Use of aircraft stand ID signs, TWY guide lines and visual docking/parking guidance system of aircraft stands</x:p>
          </x:td>
          <x:td id="ID_7473815" HAlignment="Left" VAlignment="Top" align="left" valign="top">&nbsp;</x:td>
        </x:tr>
        <x:tr id="ID_7473816">
          <x:td id="ID_7473817" HAlignment="Left" VAlignment="Top" align="left" valign="top">2</x:td>
          <x:td id="ID_7473818" HAlignment="Left" VAlignment="Top" align="left" valign="top">
            <x:p id="ID_7473819">Runway and taxiway markings and lighting</x:p>
          </x:td>
          <x:td id="ID_7473820" HAlignment="Left" VAlignment="Top" align="left" valign="top">&nbsp;</x:td>
        </x:tr>
        <x:tr id="ID_7473821">
          <x:td id="ID_7473822" HAlignment="Left" VAlignment="Top" align="left" valign="top">3</x:td>
          <x:td id="ID_7473823" HAlignment="Left" VAlignment="Top" align="left" valign="top">
            <x:p id="ID_7473824">Stop bars</x:p>
          </x:td>
          <x:td id="ID_7473825" HAlignment="Left" VAlignment="Top" align="left" valign="top">&nbsp;</x:td>
        </x:tr>
        <x:tr id="ID_7473826">
          <x:td id="ID_7473827" HAlignment="Left" VAlignment="Top" align="left" valign="top">4</x:td>
          <x:td id="ID_7473828" HAlignment="Left" VAlignment="Top" align="left" valign="top">
            <x:p id="ID_7473829">Remarks</x:p>
          </x:td>
          <x:td id="ID_7473830" HAlignment="Left" VAlignment="Top" align="left" valign="top">&nbsp;</x:td>
        </x:tr>
      </x:tbody>
    </x:table>
  </e:AD-2.9>
  <e:AD-2.10 id="EGNR-AD-2.10" Number="AD 2.10">
    <GreenBorder id="ID_7473832" />
    <e:Title id="ID_7473833">AERODROME&nbsp;OBSTACLES</e:Title>
    <x:table id="ID_7473835" class="">
      <x:thead id="ID_7473836">
        <x:tr id="ID_7473837">
          <x:th id="ID_7473838" HAlignment="Center" VAlignment="Top" colspan="6" align="center" valign="top">
            <x:p id="ID_7473839">In Approach/Take-off areas</x:p>
          </x:th>
        </x:tr>
        <x:tr id="ID_7473840">
          <x:th id="ID_7473841" HAlignment="Left" VAlignment="Top" align="left" valign="top">
            <x:p id="ID_7473842">Obstacle ID/Designation</x:p>
          </x:th>
          <x:th id="ID_7473843" HAlignment="Left" VAlignment="Top" align="left" valign="top">
            <x:p id="ID_7473844">Obstacle Type</x:p>
          </x:th>
          <x:th id="ID_7473845" HAlignment="Left" VAlignment="Top" align="left" valign="top">
            <x:p id="ID_7473846">Obstacle Position</x:p>
          </x:th>
          <x:th id="ID_7473847" HAlignment="Left" VAlignment="Top" align="left" valign="top">
            <x:p id="ID_7473848">Elevation/Height</x:p>
          </x:th>
          <x:th id="ID_7473849" HAlignment="Left" VAlignment="Top" align="left" valign="top">
            <x:p id="ID_7473850">Obstruction Lighting Type/Colour</x:p>
          </x:th>
          <x:th id="ID_7473851" HAlignment="Left" VAlignment="Top" align="left" valign="top">
            <x:p id="ID_7473852">Remarks</x:p>
          </x:th>
        </x:tr>
        <x:tr id="ID_7473853">
          <x:th id="ID_7473854" HAlignment="Left" VAlignment="Top" align="left" valign="top">1</x:th>
          <x:th id="ID_7473855" HAlignment="Left" VAlignment="Top" align="left" valign="top">2</x:th>
          <x:th id="ID_7473856" HAlignment="Left" VAlignment="Top" align="left" valign="top">3</x:th>
          <x:th id="ID_7473857" HAlignment="Left" VAlignment="Top" align="left" valign="top">4</x:th>
          <x:th id="ID_7473858" HAlignment="Left" VAlignment="Top" align="left" valign="top">5</x:th>
          <x:th id="ID_7473859" HAlignment="Left" VAlignment="Top" align="left" valign="top">6</x:th>
        </x:tr>
      </x:thead>
      <x:tbody id="ID_7473860">
        <x:tr id="ID_7473861">
          <x:td id="ID_7473862" HAlignment="Left" VAlignment="Top" align="left" valign="top">&nbsp;</x:td>
          <x:td id="ID_7473863" HAlignment="Left" VAlignment="Top" align="left" valign="top">&nbsp;</x:td>
          <x:td id="ID_7473864" HAlignment="Left" VAlignment="Top" align="left" valign="top">&nbsp;</x:td>
          <x:td id="ID_7473865" HAlignment="Left" VAlignment="Top" align="left" valign="top">&nbsp;</x:td>
          <x:td id="ID_7473866" HAlignment="Left" VAlignment="Top" align="left" valign="top">&nbsp;</x:td>
          <x:td id="ID_7473867" HAlignment="Left" VAlignment="Top" align="left" valign="top">&nbsp;</x:td>
        </x:tr>
      </x:tbody>
    </x:table>
    <x:table id="ID_7473869" class="">
      <x:thead id="ID_7473870">
        <x:tr id="ID_7473871">
          <x:th id="ID_7473872" HAlignment="Center" VAlignment="Top" colspan="6" align="center" valign="top">
            <x:p id="ID_7473873">In circling area and at aerodrome</x:p>
          </x:th>
        </x:tr>
        <x:tr id="ID_7473874">
          <x:th id="ID_7473875" HAlignment="Left" VAlignment="Top" align="left" valign="top">
            <x:p id="ID_7473876">Obstacle ID/Designation</x:p>
          </x:th>
          <x:th id="ID_7473877" HAlignment="Left" VAlignment="Top" align="left" valign="top">
            <x:p id="ID_7473878">Obstacle Type</x:p>
          </x:th>
          <x:th id="ID_7473879" HAlignment="Left" VAlignment="Top" align="left" valign="top">
            <x:p id="ID_7473880">Obstacle Position</x:p>
          </x:th>
          <x:th id="ID_7473881" HAlignment="Left" VAlignment="Top" align="left" valign="top">
            <x:p id="ID_7473882">Elevation/Height</x:p>
          </x:th>
          <x:th id="ID_7473883" HAlignment="Left" VAlignment="Top" align="left" valign="top">
            <x:p id="ID_7473884">Obstruction Lighting Type/Colour</x:p>
          </x:th>
          <x:th id="ID_7473885" HAlignment="Left" VAlignment="Top" align="left" valign="top">
            <x:p id="ID_7473886">Remarks</x:p>
          </x:th>
        </x:tr>
        <x:tr id="ID_7473887">
          <x:th id="ID_7473888" HAlignment="Left" VAlignment="Top" align="left" valign="top">1</x:th>
          <x:th id="ID_7473889" HAlignment="Left" VAlignment="Top" align="left" valign="top">2</x:th>
          <x:th id="ID_7473890" HAlignment="Left" VAlignment="Top" align="left" valign="top">3</x:th>
          <x:th id="ID_7473891" HAlignment="Left" VAlignment="Top" align="left" valign="top">4</x:th>
          <x:th id="ID_7473892" HAlignment="Left" VAlignment="Top" align="left" valign="top">5</x:th>
          <x:th id="ID_7473893" HAlignment="Left" VAlignment="Top" align="left" valign="top">6</x:th>
        </x:tr>
      </x:thead>
      <x:tbody id="ID_7473894">
        <x:tr id="ID_7473895">
          <x:td id="ID_7473896" HAlignment="Left" VAlignment="Top" align="left" valign="top">&nbsp;</x:td>
          <x:td id="ID_7473897" HAlignment="Left" VAlignment="Top" align="left" valign="top">&nbsp;</x:td>
          <x:td id="ID_7473898" HAlignment="Left" VAlignment="Top" align="left" valign="top">&nbsp;</x:td>
          <x:td id="ID_7473899" HAlignment="Left" VAlignment="Top" align="left" valign="top">&nbsp;</x:td>
          <x:td id="ID_7473900" HAlignment="Left" VAlignment="Top" align="left" valign="top">&nbsp;</x:td>
          <x:td id="ID_7473901" HAlignment="Left" VAlignment="Top" align="left" valign="top">&nbsp;</x:td>
        </x:tr>
      </x:tbody>
    </x:table>
  </e:AD-2.10>
  <e:AD-2.11 id="EGNR-AD-2.11" Number="AD 2.11">
    <GreenBorder id="ID_7473903" />
    <e:Title id="ID_7473904">METEOROLOGICAL&nbsp;INFORMATION&nbsp;PROVIDED</e:Title>
    <x:table id="ID_7473906" class="">
      <x:tbody id="ID_7473907">
        <x:tr id="ID_7473908">
          <x:td id="ID_7473909" HAlignment="Left" VAlignment="Top" align="left" valign="top">1</x:td>
          <x:td id="ID_7473910" HAlignment="Left" VAlignment="Top" align="left" valign="top">
            <x:p id="ID_7473911">Associated MET Office</x:p>
          </x:td>
          <x:td id="ID_7473912" HAlignment="Left" VAlignment="Top" align="left" valign="top">&nbsp;</x:td>
        </x:tr>
        <x:tr id="ID_7473913">
          <x:td id="ID_7473914" HAlignment="Left" VAlignment="Top" align="left" valign="top">2</x:td>
          <x:td id="ID_7473915" HAlignment="Left" VAlignment="Top" align="left" valign="top">
            <x:p id="ID_7473916">Hours of service</x:p>
            <x:p id="ID_7473917">MET Office outside hours</x:p>
          </x:td>
          <x:td id="ID_7473918" HAlignment="Left" VAlignment="Top" align="left" valign="top">&nbsp;</x:td>
        </x:tr>
        <x:tr id="ID_7473919">
          <x:td id="ID_7473920" HAlignment="Left" VAlignment="Top" align="left" valign="top">3</x:td>
          <x:td id="ID_7473921" HAlignment="Left" VAlignment="Top" align="left" valign="top">
            <x:p id="ID_7473922">Office responsible for TAF preparation</x:p>
            <x:p id="ID_7473923">Periods of validity</x:p>
          </x:td>
          <x:td id="ID_7473924" HAlignment="Left" VAlignment="Top" align="left" valign="top">&nbsp;</x:td>
        </x:tr>
        <x:tr id="ID_7473925">
          <x:td id="ID_7473926" HAlignment="Left" VAlignment="Top" align="left" valign="top">4</x:td>
          <x:td id="ID_7473927" HAlignment="Left" VAlignment="Top" align="left" valign="top">
            <x:p id="ID_7473928">Trend forecast</x:p>
            <x:p id="ID_7473929">Interval of issuance</x:p>
          </x:td>
          <x:td id="ID_7473930" HAlignment="Left" VAlignment="Top" align="left" valign="top">&nbsp;</x:td>
        </x:tr>
        <x:tr id="ID_7473931">
          <x:td id="ID_7473932" HAlignment="Left" VAlignment="Top" align="left" valign="top">5</x:td>
          <x:td id="ID_7473933" HAlignment="Left" VAlignment="Top" align="left" valign="top">
            <x:p id="ID_7473934">Briefing/consultation provided</x:p>
          </x:td>
          <x:td id="ID_7473935" HAlignment="Left" VAlignment="Top" align="left" valign="top">&nbsp;</x:td>
        </x:tr>
        <x:tr id="ID_7473936">
          <x:td id="ID_7473937" HAlignment="Left" VAlignment="Top" align="left" valign="top">6</x:td>
          <x:td id="ID_7473938" HAlignment="Left" VAlignment="Top" align="left" valign="top">
            <x:p id="ID_7473939">Flight documentation</x:p>
            <x:p id="ID_7473940">Language(s) used</x:p>
          </x:td>
          <x:td id="ID_7473941" HAlignment="Left" VAlignment="Top" align="left" valign="top">&nbsp;</x:td>
        </x:tr>
        <x:tr id="ID_7473942">
          <x:td id="ID_7473943" HAlignment="Left" VAlignment="Top" align="left" valign="top">7</x:td>
          <x:td id="ID_7473944" HAlignment="Left" VAlignment="Top" align="left" valign="top">
            <x:p id="ID_7473945">Charts and other information available for briefing or consultation</x:p>
          </x:td>
          <x:td id="ID_7473946" HAlignment="Left" VAlignment="Top" align="left" valign="top">&nbsp;</x:td>
        </x:tr>
        <x:tr id="ID_7473947">
          <x:td id="ID_7473948" HAlignment="Left" VAlignment="Top" align="left" valign="top">8</x:td>
          <x:td id="ID_7473949" HAlignment="Left" VAlignment="Top" align="left" valign="top">
            <x:p id="ID_7473950">Supplementary equipment available for providing information</x:p>
          </x:td>
          <x:td id="ID_7473951" HAlignment="Left" VAlignment="Top" align="left" valign="top">&nbsp;</x:td>
        </x:tr>
        <x:tr id="ID_7473952">
          <x:td id="ID_7473953" HAlignment="Left" VAlignment="Top" align="left" valign="top">9</x:td>
          <x:td id="ID_7473954" HAlignment="Left" VAlignment="Top" align="left" valign="top">
            <x:p id="ID_7473955">ATS units provided with information</x:p>
          </x:td>
          <x:td id="ID_7473956" HAlignment="Left" VAlignment="Top" align="left" valign="top">&nbsp;</x:td>
        </x:tr>
        <x:tr id="ID_7473957">
          <x:td id="ID_7473958" HAlignment="Left" VAlignment="Top" align="left" valign="top">10</x:td>
          <x:td id="ID_7473959" HAlignment="Left" VAlignment="Top" align="left" valign="top">
            <x:p id="ID_7473960">Additional information (limitation of service, etc.)</x:p>
          </x:td>
          <x:td id="ID_7473961" HAlignment="Left" VAlignment="Top" align="left" valign="top">&nbsp;</x:td>
        </x:tr>
      </x:tbody>
    </x:table>
  </e:AD-2.11>
  <e:AD-2.12 id="EGNR-AD-2.12" Number="AD 2.12">
    <GreenBorder id="ID_7473963" />
    <e:Title id="ID_7473964">RUNWAY&nbsp;PHYSICAL&nbsp;CHARACTERISTICS</e:Title>
    <x:table id="ID_7473966" class="">
      <x:thead id="ID_7473967">
        <x:tr id="ID_7473968">
          <x:th id="ID_7473969" HAlignment="Left" VAlignment="Top" align="left" valign="top">
            <x:p id="ID_7473970">Designations RWY Number</x:p>
          </x:th>
          <x:th id="ID_7473971" HAlignment="Left" VAlignment="Top" align="left" valign="top">
            <x:p id="ID_7473972">True bearing</x:p>
          </x:th>
          <x:th id="ID_7473973" HAlignment="Left" VAlignment="Top" align="left" valign="top">
            <x:p id="ID_7473974">Dimensions of RWY</x:p>
          </x:th>
          <x:th id="ID_7473975" HAlignment="Left" VAlignment="Top" align="left" valign="top">
            <x:p id="ID_7473976">Surface of RWY/ SWY/ </x:p>
            <x:p id="ID_7473977">Strength (PCN)</x:p>
          </x:th>
          <x:th id="ID_7473978" HAlignment="Left" VAlignment="Top" align="left" valign="top">
            <x:p id="ID_7473979">THR co-ordinates/</x:p>
            <x:p id="ID_7473980">THR Geoid undulation</x:p>
          </x:th>
          <x:th id="ID_7473981" HAlignment="Left" VAlignment="Top" align="left" valign="top">
            <x:p id="ID_7473982">THR elevation/ Highest elevation of TDZ of precision APP RWY</x:p>
          </x:th>
        </x:tr>
        <x:tr id="ID_7473983">
          <x:th id="ID_7473984" HAlignment="Left" VAlignment="Top" align="left" valign="top">1</x:th>
          <x:th id="ID_7473985" HAlignment="Left" VAlignment="Top" align="left" valign="top">2</x:th>
          <x:th id="ID_7473986" HAlignment="Left" VAlignment="Top" align="left" valign="top">3</x:th>
          <x:th id="ID_7473987" HAlignment="Left" VAlignment="Top" align="left" valign="top">4</x:th>
          <x:th id="ID_7473988" HAlignment="Left" VAlignment="Top" align="left" valign="top">5</x:th>
          <x:th id="ID_7473989" HAlignment="Left" VAlignment="Top" align="left" valign="top">6</x:th>
        </x:tr>
      </x:thead>
      <x:tbody id="ID_7473990">
        <x:tr id="ID_7473991">
          <x:td id="ID_7473992" HAlignment="Left" VAlignment="Top" align="left" valign="top">&nbsp;</x:td>
          <x:td id="ID_7473993" HAlignment="Left" VAlignment="Top" align="left" valign="top">&nbsp;</x:td>
          <x:td id="ID_7473994" HAlignment="Left" VAlignment="Top" align="left" valign="top">&nbsp;</x:td>
          <x:td id="ID_7473995" HAlignment="Left" VAlignment="Top" align="left" valign="top">&nbsp;</x:td>
          <x:td id="ID_7473996" HAlignment="Left" VAlignment="Top" align="left" valign="top">&nbsp;</x:td>
          <x:td id="ID_7473997" HAlignment="Left" VAlignment="Top" align="left" valign="top">&nbsp;</x:td>
        </x:tr>
        <x:tr id="ID_7473998">
          <x:td id="ID_7473999" HAlignment="Left" VAlignment="Top" align="left" valign="top">&nbsp;</x:td>
          <x:td id="ID_7474000" HAlignment="Left" VAlignment="Top" align="left" valign="top">&nbsp;</x:td>
          <x:td id="ID_7474001" HAlignment="Left" VAlignment="Top" align="left" valign="top">&nbsp;</x:td>
          <x:td id="ID_7474002" HAlignment="Left" VAlignment="Top" align="left" valign="top">&nbsp;</x:td>
          <x:td id="ID_7474003" HAlignment="Left" VAlignment="Top" align="left" valign="top">&nbsp;</x:td>
          <x:td id="ID_7474004" HAlignment="Left" VAlignment="Top" align="left" valign="top">&nbsp;</x:td>
        </x:tr>
      </x:tbody>
    </x:table>
    <x:table id="ID_7474006" class="">
      <x:thead id="ID_7474007">
        <x:tr id="ID_7474008">
          <x:th id="ID_7474009" HAlignment="Left" VAlignment="Top" colspan="3" align="left" valign="top">
            <x:p id="ID_7474010">Slope of RWY/</x:p>
            <x:p id="ID_7474011">SWY</x:p>
          </x:th>
          <x:th id="ID_7474012" HAlignment="Left" VAlignment="Top" align="left" valign="top">
            <x:p id="ID_7474013">SWY dimensions</x:p>
          </x:th>
          <x:th id="ID_7474014" HAlignment="Left" VAlignment="Top" align="left" valign="top">
            <x:p id="ID_7474015">Clearway dimensions</x:p>
          </x:th>
          <x:th id="ID_7474016" HAlignment="Left" VAlignment="Top" align="left" valign="top">
            <x:p id="ID_7474017">Strip dimensions</x:p>
          </x:th>
          <x:th id="ID_7474018" HAlignment="Left" VAlignment="Top" align="left" valign="top">
            <x:p id="ID_7474019">OFZ</x:p>
          </x:th>
          <x:th id="ID_7474020" HAlignment="Left" VAlignment="Top" align="left" valign="top">
            <x:p id="ID_7474021">Remarks</x:p>
          </x:th>
        </x:tr>
        <x:tr id="ID_7474022">
          <x:th id="ID_7474023" HAlignment="Left" VAlignment="Top" colspan="3" align="left" valign="top">7</x:th>
          <x:th id="ID_7474024" HAlignment="Left" VAlignment="Top" align="left" valign="top">8</x:th>
          <x:th id="ID_7474025" HAlignment="Left" VAlignment="Top" align="left" valign="top">9</x:th>
          <x:th id="ID_7474026" HAlignment="Left" VAlignment="Top" align="left" valign="top">10</x:th>
          <x:th id="ID_7474027" HAlignment="Left" VAlignment="Top" align="left" valign="top">11</x:th>
          <x:th id="ID_7474028" HAlignment="Left" VAlignment="Top" align="left" valign="top">12</x:th>
        </x:tr>
      </x:thead>
      <x:tbody id="ID_7474029">
        <x:tr id="ID_7474030">
          <x:td id="ID_7474031" HAlignment="Left" VAlignment="Top" colspan="3" align="left" valign="top">&nbsp;</x:td>
          <x:td id="ID_7474032" HAlignment="Left" VAlignment="Top" align="left" valign="top">&nbsp;</x:td>
          <x:td id="ID_7474033" HAlignment="Left" VAlignment="Top" align="left" valign="top">&nbsp;</x:td>
          <x:td id="ID_7474034" HAlignment="Left" VAlignment="Top" align="left" valign="top">&nbsp;</x:td>
          <x:td id="ID_7474035" HAlignment="Left" VAlignment="Top" align="left" valign="top">&nbsp;</x:td>
          <x:td id="ID_7474036" HAlignment="Left" VAlignment="Top" align="left" valign="top">&nbsp;</x:td>
        </x:tr>
        <x:tr id="ID_7474037">
          <x:td id="ID_7474038" HAlignment="Left" VAlignment="Top" colspan="3" align="left" valign="top">&nbsp;</x:td>
          <x:td id="ID_7474039" HAlignment="Left" VAlignment="Top" align="left" valign="top">&nbsp;</x:td>
          <x:td id="ID_7474040" HAlignment="Left" VAlignment="Top" align="left" valign="top">&nbsp;</x:td>
          <x:td id="ID_7474041" HAlignment="Left" VAlignment="Top" align="left" valign="top">&nbsp;</x:td>
          <x:td id="ID_7474042" HAlignment="Left" VAlignment="Top" align="left" valign="top">&nbsp;</x:td>
          <x:td id="ID_7474043" HAlignment="Left" VAlignment="Top" align="left" valign="top">&nbsp;</x:td>
        </x:tr>
      </x:tbody>
    </x:table>
  </e:AD-2.12>
  <e:AD-2.13 id="EGNR-AD-2.13" Number="AD 2.13">
    <GreenBorder id="ID_7474045" />
    <e:Title id="ID_7474046">DECLARED&nbsp;DISTANCES</e:Title>
    <x:table id="ID_7474048" class="">
      <x:thead id="ID_7474049">
        <x:tr id="ID_7474050">
          <x:th id="ID_7474051" HAlignment="Left" VAlignment="Top" align="left" valign="top">
            <x:p id="ID_7474052">Runway designator</x:p>
          </x:th>
          <x:th id="ID_7474053" HAlignment="Left" VAlignment="Top" align="left" valign="top">
            <x:p id="ID_7474054">TORA</x:p>
          </x:th>
          <x:th id="ID_7474055" HAlignment="Left" VAlignment="Top" align="left" valign="top">
            <x:p id="ID_7474056">TODA</x:p>
          </x:th>
          <x:th id="ID_7474057" HAlignment="Left" VAlignment="Top" align="left" valign="top">
            <x:p id="ID_7474058">ASDA</x:p>
          </x:th>
          <x:th id="ID_7474059" HAlignment="Left" VAlignment="Top" align="left" valign="top">
            <x:p id="ID_7474060">LDA</x:p>
          </x:th>
          <x:th id="ID_7474061" HAlignment="Left" VAlignment="Top" align="left" valign="top">
            <x:p id="ID_7474062">Remarks</x:p>
          </x:th>
        </x:tr>
        <x:tr id="ID_7474063">
          <x:th id="ID_7474064" HAlignment="Left" VAlignment="Top" align="left" valign="top">1</x:th>
          <x:th id="ID_7474065" HAlignment="Left" VAlignment="Top" align="left" valign="top">2</x:th>
          <x:th id="ID_7474066" HAlignment="Left" VAlignment="Top" align="left" valign="top">3</x:th>
          <x:th id="ID_7474067" HAlignment="Left" VAlignment="Top" align="left" valign="top">4</x:th>
          <x:th id="ID_7474068" HAlignment="Left" VAlignment="Top" align="left" valign="top">5</x:th>
          <x:th id="ID_7474069" HAlignment="Left" VAlignment="Top" align="left" valign="top">6</x:th>
        </x:tr>
      </x:thead>
      <x:tbody id="ID_7474070">
        <x:tr id="ID_7474071">
          <x:td id="ID_7474072" HAlignment="Left" VAlignment="Top" align="left" valign="top">&nbsp;</x:td>
          <x:td id="ID_7474073" HAlignment="Left" VAlignment="Top" align="left" valign="top">&nbsp;</x:td>
          <x:td id="ID_7474074" HAlignment="Left" VAlignment="Top" align="left" valign="top">&nbsp;</x:td>
          <x:td id="ID_7474075" HAlignment="Left" VAlignment="Top" align="left" valign="top">&nbsp;</x:td>
          <x:td id="ID_7474076" HAlignment="Left" VAlignment="Top" align="left" valign="top">&nbsp;</x:td>
          <x:td id="ID_7474077" HAlignment="Left" VAlignment="Top" align="left" valign="top">&nbsp;</x:td>
        </x:tr>
        <x:tr id="ID_7474078">
          <x:td id="ID_7474079" HAlignment="Left" VAlignment="Top" align="left" valign="top">&nbsp;</x:td>
          <x:td id="ID_7474080" HAlignment="Left" VAlignment="Top" align="left" valign="top">&nbsp;</x:td>
          <x:td id="ID_7474081" HAlignment="Left" VAlignment="Top" align="left" valign="top">&nbsp;</x:td>
          <x:td id="ID_7474082" HAlignment="Left" VAlignment="Top" align="left" valign="top">&nbsp;</x:td>
          <x:td id="ID_7474083" HAlignment="Left" VAlignment="Top" align="left" valign="top">&nbsp;</x:td>
          <x:td id="ID_7474084" HAlignment="Left" VAlignment="Top" align="left" valign="top">&nbsp;</x:td>
        </x:tr>
      </x:tbody>
    </x:table>
  </e:AD-2.13>
  <e:AD-2.14 id="EGNR-AD-2.14" Number="AD 2.14">
    <GreenBorder id="ID_7474086" />
    <e:Title id="ID_7474087">APPROACH&nbsp;AND&nbsp;RUNWAY&nbsp;LIGHTING</e:Title>
    <x:table id="ID_7474089" class="">
      <x:thead id="ID_7474090">
        <x:tr id="ID_7474091">
          <x:th id="ID_7474092" HAlignment="Left" VAlignment="Top" align="left" valign="top">
            <x:p id="ID_7474093">RWY</x:p>
          </x:th>
          <x:th id="ID_7474094" HAlignment="Left" VAlignment="Top" align="left" valign="top">
            <x:p id="ID_7474095">Approach Lighting Type/</x:p>
            <x:p id="ID_7474096">Length/</x:p>
            <x:p id="ID_7474097">Intensity</x:p>
          </x:th>
          <x:th id="ID_7474098" HAlignment="Left" VAlignment="Top" align="left" valign="top">
            <x:p id="ID_7474099">Threshold lighting</x:p>
            <x:p id="ID_7474100">Colour/ </x:p>
            <x:p id="ID_7474101">Wing bars</x:p>
          </x:th>
          <x:th id="ID_7474102" HAlignment="Left" VAlignment="Top" align="left" valign="top">
            <x:p id="ID_7474103">VASIS/</x:p>
            <x:p id="ID_7474104">MEHT/</x:p>
            <x:p id="ID_7474105">PAPI</x:p>
          </x:th>
          <x:th id="ID_7474106" HAlignment="Left" VAlignment="Top" align="left" valign="top">
            <x:p id="ID_7474107">TDZ lighting</x:p>
            <x:p id="ID_7474108">Length</x:p>
          </x:th>
          <x:th id="ID_7474109" HAlignment="Left" VAlignment="Top" align="left" valign="top">
            <x:p id="ID_7474110">Runway Centre Line lighting</x:p>
            <x:p id="ID_7474111">Length/</x:p>
            <x:p id="ID_7474112">Spacing/</x:p>
            <x:p id="ID_7474113">Colour/</x:p>
            <x:p id="ID_7474114">Intensity</x:p>
          </x:th>
          <x:th id="ID_7474115" HAlignment="Left" VAlignment="Top" align="left" valign="top">
            <x:p id="ID_7474116">Runway edge lighting</x:p>
            <x:p id="ID_7474117">Length/</x:p>
            <x:p id="ID_7474118">Spacing/</x:p>
            <x:p id="ID_7474119">Colour/</x:p>
            <x:p id="ID_7474120">Intensity</x:p>
          </x:th>
          <x:th id="ID_7474121" HAlignment="Left" VAlignment="Top" align="left" valign="top">
            <x:p id="ID_7474122">Runway end lighting</x:p>
            <x:p id="ID_7474123">Colour/</x:p>
            <x:p id="ID_7474124">Wing bars</x:p>
          </x:th>
          <x:th id="ID_7474125" HAlignment="Left" VAlignment="Top" align="left" valign="top">
            <x:p id="ID_7474126">Stopway lighting</x:p>
            <x:p id="ID_7474127">Length/</x:p>
            <x:p id="ID_7474128">Colour</x:p>
          </x:th>
          <x:th id="ID_7474129" HAlignment="Left" VAlignment="Top" align="left" valign="top">
            <x:p id="ID_7474130">Remarks</x:p>
          </x:th>
        </x:tr>
        <x:tr id="ID_7474131">
          <x:th id="ID_7474132" HAlignment="Left" VAlignment="Top" align="left" valign="top">1</x:th>
          <x:th id="ID_7474133" HAlignment="Left" VAlignment="Top" align="left" valign="top">2</x:th>
          <x:th id="ID_7474134" HAlignment="Left" VAlignment="Top" align="left" valign="top">3</x:th>
          <x:th id="ID_7474135" HAlignment="Left" VAlignment="Top" align="left" valign="top">4</x:th>
          <x:th id="ID_7474136" HAlignment="Left" VAlignment="Top" align="left" valign="top">5</x:th>
          <x:th id="ID_7474137" HAlignment="Left" VAlignment="Top" align="left" valign="top">6</x:th>
          <x:th id="ID_7474138" HAlignment="Left" VAlignment="Top" align="left" valign="top">7</x:th>
          <x:th id="ID_7474139" HAlignment="Left" VAlignment="Top" align="left" valign="top">8</x:th>
          <x:th id="ID_7474140" HAlignment="Left" VAlignment="Top" align="left" valign="top">9</x:th>
          <x:th id="ID_7474141" HAlignment="Left" VAlignment="Top" align="left" valign="top">10</x:th>
        </x:tr>
      </x:thead>
      <x:tbody id="ID_7474142">
        <x:tr id="ID_7474143">
          <x:td id="ID_7474144" HAlignment="Left" VAlignment="Top" align="left" valign="top">&nbsp;</x:td>
          <x:td id="ID_7474145" HAlignment="Left" VAlignment="Top" align="left" valign="top">&nbsp;</x:td>
          <x:td id="ID_7474146" HAlignment="Left" VAlignment="Top" align="left" valign="top">&nbsp;</x:td>
          <x:td id="ID_7474147" HAlignment="Left" VAlignment="Top" align="left" valign="top">&nbsp;</x:td>
          <x:td id="ID_7474148" HAlignment="Left" VAlignment="Top" align="left" valign="top">&nbsp;</x:td>
          <x:td id="ID_7474149" HAlignment="Left" VAlignment="Top" align="left" valign="top">&nbsp;</x:td>
          <x:td id="ID_7474150" HAlignment="Left" VAlignment="Top" align="left" valign="top">&nbsp;</x:td>
          <x:td id="ID_7474151" HAlignment="Left" VAlignment="Top" align="left" valign="top">&nbsp;</x:td>
          <x:td id="ID_7474152" HAlignment="Left" VAlignment="Top" align="left" valign="top">&nbsp;</x:td>
          <x:td id="ID_7474153" HAlignment="Left" VAlignment="Top" align="left" valign="top">&nbsp;</x:td>
        </x:tr>
        <x:tr id="ID_7474154">
          <x:td id="ID_7474155" HAlignment="Left" VAlignment="Top" align="left" valign="top">&nbsp;</x:td>
          <x:td id="ID_7474156" HAlignment="Left" VAlignment="Top" align="left" valign="top">&nbsp;</x:td>
          <x:td id="ID_7474157" HAlignment="Left" VAlignment="Top" align="left" valign="top">&nbsp;</x:td>
          <x:td id="ID_7474158" HAlignment="Left" VAlignment="Top" align="left" valign="top">&nbsp;</x:td>
          <x:td id="ID_7474159" HAlignment="Left" VAlignment="Top" align="left" valign="top">&nbsp;</x:td>
          <x:td id="ID_7474160" HAlignment="Left" VAlignment="Top" align="left" valign="top">&nbsp;</x:td>
          <x:td id="ID_7474161" HAlignment="Left" VAlignment="Top" align="left" valign="top">&nbsp;</x:td>
          <x:td id="ID_7474162" HAlignment="Left" VAlignment="Top" align="left" valign="top">&nbsp;</x:td>
          <x:td id="ID_7474163" HAlignment="Left" VAlignment="Top" align="left" valign="top">&nbsp;</x:td>
          <x:td id="ID_7474164" HAlignment="Left" VAlignment="Top" align="left" valign="top">&nbsp;</x:td>
        </x:tr>
      </x:tbody>
    </x:table>
  </e:AD-2.14>
  <e:AD-2.15 id="EGNR-AD-2.15" Number="AD 2.15">
    <GreenBorder id="ID_7474166" />
    <e:Title id="ID_7474167">OTHER&nbsp;LIGHTING,&nbsp;SECONDARY&nbsp;POWER&nbsp;SUPPLY</e:Title>
    <x:table id="ID_7474169" class="">
      <x:tbody id="ID_7474170">
        <x:tr id="ID_7474171">
          <x:td id="ID_7474172" HAlignment="Left" VAlignment="Top" align="left" valign="top">1</x:td>
          <x:td id="ID_7474173" HAlignment="Left" VAlignment="Top" align="left" valign="top">
            <x:p id="ID_7474174">ABN/IBN location, characteristics and hours of operation</x:p>
          </x:td>
          <x:td id="ID_7474175" HAlignment="Left" VAlignment="Top" align="left" valign="top">&nbsp;</x:td>
        </x:tr>
        <x:tr id="ID_7474176">
          <x:td id="ID_7474177" HAlignment="Left" VAlignment="Top" align="left" valign="top">2</x:td>
          <x:td id="ID_7474178" HAlignment="Left" VAlignment="Top" align="left" valign="top">
            <x:p id="ID_7474179">LDI location and lighting</x:p>
            <x:p id="ID_7474180">Anemometer location and lighting</x:p>
          </x:td>
          <x:td id="ID_7474181" HAlignment="Left" VAlignment="Top" align="left" valign="top">&nbsp;</x:td>
        </x:tr>
        <x:tr id="ID_7474182">
          <x:td id="ID_7474183" HAlignment="Left" VAlignment="Top" align="left" valign="top">3</x:td>
          <x:td id="ID_7474184" HAlignment="Left" VAlignment="Top" align="left" valign="top">
            <x:p id="ID_7474185">TWY edge and centre line lighting</x:p>
          </x:td>
          <x:td id="ID_7474186" HAlignment="Left" VAlignment="Top" align="left" valign="top">&nbsp;</x:td>
        </x:tr>
        <x:tr id="ID_7474187">
          <x:td id="ID_7474188" HAlignment="Left" VAlignment="Top" align="left" valign="top">4</x:td>
          <x:td id="ID_7474189" HAlignment="Left" VAlignment="Top" align="left" valign="top">
            <x:p id="ID_7474190">Secondary power supply/switch-over time</x:p>
          </x:td>
          <x:td id="ID_7474191" HAlignment="Left" VAlignment="Top" align="left" valign="top">&nbsp;</x:td>
        </x:tr>
        <x:tr id="ID_7474192">
          <x:td id="ID_7474193" HAlignment="Left" VAlignment="Top" align="left" valign="top">5</x:td>
          <x:td id="ID_7474194" HAlignment="Left" VAlignment="Top" align="left" valign="top">
            <x:p id="ID_7474195">Remarks</x:p>
          </x:td>
          <x:td id="ID_7474196" HAlignment="Left" VAlignment="Top" align="left" valign="top">&nbsp;</x:td>
        </x:tr>
      </x:tbody>
    </x:table>
  </e:AD-2.15>
  <e:AD-2.16 id="EGNR-AD-2.16" Number="AD 2.16">
    <GreenBorder id="ID_7474198" />
    <e:Title id="ID_7474199">HELICOPTER&nbsp;LANDING&nbsp;AREA</e:Title>
    <x:table id="ID_7474201" class="">
      <x:tbody id="ID_7474202">
        <x:tr id="ID_7474203">
          <x:td id="ID_7474204" HAlignment="Left" VAlignment="Top" align="left" valign="top">1</x:td>
          <x:td id="ID_7474205" HAlignment="Left" VAlignment="Top" align="left" valign="top">
            <x:p id="ID_7474206">Coordinates TLOF or THR of FATO</x:p>
            <x:p id="ID_7474207">Geoid undulation</x:p>
          </x:td>
          <x:td id="ID_7474208" HAlignment="Left" VAlignment="Top" align="left" valign="top">&nbsp;</x:td>
        </x:tr>
        <x:tr id="ID_7474209">
          <x:td id="ID_7474210" HAlignment="Left" VAlignment="Top" align="left" valign="top">2</x:td>
          <x:td id="ID_7474211" HAlignment="Left" VAlignment="Top" align="left" valign="top">
            <x:p id="ID_7474212">TLOF and/or FATO elevation M/FT</x:p>
          </x:td>
          <x:td id="ID_7474213" HAlignment="Left" VAlignment="Top" align="left" valign="top">&nbsp;</x:td>
        </x:tr>
        <x:tr id="ID_7474214">
          <x:td id="ID_7474215" HAlignment="Left" VAlignment="Top" align="left" valign="top">3</x:td>
          <x:td id="ID_7474216" HAlignment="Left" VAlignment="Top" align="left" valign="top">
            <x:p id="ID_7474217">TLOF and FATO area dimensions, surface, strength, marking</x:p>
          </x:td>
          <x:td id="ID_7474218" HAlignment="Left" VAlignment="Top" align="left" valign="top">&nbsp;</x:td>
        </x:tr>
        <x:tr id="ID_7474219">
          <x:td id="ID_7474220" HAlignment="Left" VAlignment="Top" align="left" valign="top">4</x:td>
          <x:td id="ID_7474221" HAlignment="Left" VAlignment="Top" align="left" valign="top">
            <x:p id="ID_7474222">True BRG of FATO</x:p>
          </x:td>
          <x:td id="ID_7474223" HAlignment="Left" VAlignment="Top" align="left" valign="top">&nbsp;</x:td>
        </x:tr>
        <x:tr id="ID_7474224">
          <x:td id="ID_7474225" HAlignment="Left" VAlignment="Top" align="left" valign="top">5</x:td>
          <x:td id="ID_7474226" HAlignment="Left" VAlignment="Top" align="left" valign="top">
            <x:p id="ID_7474227">Declared distance available</x:p>
          </x:td>
          <x:td id="ID_7474228" HAlignment="Left" VAlignment="Top" align="left" valign="top">&nbsp;</x:td>
        </x:tr>
        <x:tr id="ID_7474229">
          <x:td id="ID_7474230" HAlignment="Left" VAlignment="Top" align="left" valign="top">6</x:td>
          <x:td id="ID_7474231" HAlignment="Left" VAlignment="Top" align="left" valign="top">
            <x:p id="ID_7474232">APP and FATO lighting</x:p>
          </x:td>
          <x:td id="ID_7474233" HAlignment="Left" VAlignment="Top" align="left" valign="top">&nbsp;</x:td>
        </x:tr>
        <x:tr id="ID_7474234">
          <x:td id="ID_7474235" HAlignment="Left" VAlignment="Top" align="left" valign="top">7</x:td>
          <x:td id="ID_7474236" HAlignment="Left" VAlignment="Top" align="left" valign="top">
            <x:p id="ID_7474237">Remarks</x:p>
          </x:td>
          <x:td id="ID_7474238" HAlignment="Left" VAlignment="Top" align="left" valign="top">&nbsp;</x:td>
        </x:tr>
      </x:tbody>
    </x:table>
  </e:AD-2.16>
  <e:AD-2.17 id="EGNR-AD-2.17" Number="AD 2.17">
    <GreenBorder id="ID_7474240" />
    <e:Title id="ID_7474241">AIR TRAFFIC SERVICES&nbsp;AIRSPACE</e:Title>
    <x:table id="ID_7474243" class="">
      <x:thead id="ID_7474244">
        <x:tr id="ID_7474245">
          <x:th id="ID_7474246" HAlignment="Left" VAlignment="Top" align="left" valign="top">
            <x:p id="ID_7474247">Designation and</x:p>
            <x:p id="ID_7474248">lateral limits</x:p>
          </x:th>
          <x:th id="ID_7474249" HAlignment="Left" VAlignment="Top" align="left" valign="top">
            <x:p id="ID_7474250">Vertical Limits</x:p>
          </x:th>
          <x:th id="ID_7474251" HAlignment="Left" VAlignment="Top" align="left" valign="top">
            <x:p id="ID_7474252">Airspace Class</x:p>
          </x:th>
          <x:th id="ID_7474253" HAlignment="Left" VAlignment="Top" align="left" valign="top">
            <x:p id="ID_7474254">ATS unit callsign/ language</x:p>
          </x:th>
          <x:th id="ID_7474255" HAlignment="Left" VAlignment="Top" align="left" valign="top">
            <x:p id="ID_7474256">Transition Altitude</x:p>
          </x:th>
          <x:th id="ID_7474257" HAlignment="Left" VAlignment="Top" align="left" valign="top">
            <x:p id="ID_7474258">Hours of Applicability</x:p>
          </x:th>
          <x:th id="ID_7474259" HAlignment="Left" VAlignment="Top" align="left" valign="top">
            <x:p id="ID_7474260">Remarks</x:p>
          </x:th>
        </x:tr>
        <x:tr id="ID_7474261">
          <x:th id="ID_7474262" HAlignment="Left" VAlignment="Top" align="left" valign="top">1</x:th>
          <x:th id="ID_7474263" HAlignment="Left" VAlignment="Top" align="left" valign="top">2</x:th>
          <x:th id="ID_7474264" HAlignment="Left" VAlignment="Top" align="left" valign="top">3</x:th>
          <x:th id="ID_7474265" HAlignment="Left" VAlignment="Top" align="left" valign="top">4</x:th>
          <x:th id="ID_7474266" HAlignment="Left" VAlignment="Top" align="left" valign="top">5</x:th>
          <x:th id="ID_7474267" HAlignment="Left" VAlignment="Top" align="left" valign="top">6</x:th>
          <x:th id="ID_7474268" HAlignment="Left" VAlignment="Top" align="left" valign="top">7</x:th>
        </x:tr>
      </x:thead>
      <x:tbody id="ID_7474269">
        <x:tr id="ID_7474270">
          <x:td id="ID_7474271" HAlignment="Left" VAlignment="Top" align="left" valign="top">&nbsp;</x:td>
          <x:td id="ID_7474272" HAlignment="Left" VAlignment="Top" align="left" valign="top">&nbsp;</x:td>
          <x:td id="ID_7474273" HAlignment="Left" VAlignment="Top" align="left" valign="top">&nbsp;</x:td>
          <x:td id="ID_7474274" HAlignment="Left" VAlignment="Top" align="left" valign="top">&nbsp;</x:td>
          <x:td id="ID_7474275" HAlignment="Left" VAlignment="Top" align="left" valign="top">&nbsp;</x:td>
          <x:td id="ID_7474276" HAlignment="Left" VAlignment="Top" align="left" valign="top">&nbsp;</x:td>
          <x:td id="ID_7474277" HAlignment="Left" VAlignment="Top" align="left" valign="top">&nbsp;</x:td>
        </x:tr>
        <x:tr id="ID_7474278">
          <x:td id="ID_7474279" HAlignment="Left" VAlignment="Top" align="left" valign="top">&nbsp;</x:td>
          <x:td id="ID_7474280" HAlignment="Left" VAlignment="Top" align="left" valign="top">&nbsp;</x:td>
          <x:td id="ID_7474281" HAlignment="Left" VAlignment="Top" align="left" valign="top">&nbsp;</x:td>
          <x:td id="ID_7474282" HAlignment="Left" VAlignment="Top" align="left" valign="top">&nbsp;</x:td>
          <x:td id="ID_7474283" HAlignment="Left" VAlignment="Top" align="left" valign="top">&nbsp;</x:td>
          <x:td id="ID_7474284" HAlignment="Left" VAlignment="Top" align="left" valign="top">&nbsp;</x:td>
          <x:td id="ID_7474285" HAlignment="Left" VAlignment="Top" align="left" valign="top">&nbsp;</x:td>
        </x:tr>
      </x:tbody>
    </x:table>
  </e:AD-2.17>
  <e:AD-2.18 id="EGNR-AD-2.18" Number="AD 2.18">
    <GreenBorder id="ID_7474287" />
    <e:Title id="ID_7474288">AIR TRAFFIC SERVICES&nbsp;COMMUNICATION&nbsp;FACILITIES</e:Title>
    <x:table id="ID_7474290" class="">
      <x:thead id="ID_7474291">
        <x:tr id="ID_7474292">
          <x:th id="ID_7474293" HAlignment="Left" VAlignment="Top" align="left" valign="top">
            <x:p id="ID_7474294">Service designation</x:p>
          </x:th>
          <x:th id="ID_7474295" HAlignment="Left" VAlignment="Top" align="left" valign="top">
            <x:p id="ID_7474296">Callsign</x:p>
          </x:th>
          <x:th id="ID_7474297" HAlignment="Left" VAlignment="Top" align="left" valign="top">
            <x:p id="ID_7474298">Channel(s)</x:p>
          </x:th>
          <x:th id="ID_7474299" HAlignment="Left" VAlignment="Top" align="left" valign="top">
            <x:p id="ID_7474300">Hours of </x:p>
            <x:p id="ID_7474301">Operation</x:p>
          </x:th>
          <x:th id="ID_7474302" HAlignment="Left" VAlignment="Top" align="left" valign="top">
            <x:p id="ID_7474303">Remarks</x:p>
          </x:th>
        </x:tr>
        <x:tr id="ID_7474304">
          <x:th id="ID_7474305" HAlignment="Left" VAlignment="Top" align="left" valign="top">1</x:th>
          <x:th id="ID_7474306" HAlignment="Left" VAlignment="Top" align="left" valign="top">2</x:th>
          <x:th id="ID_7474307" HAlignment="Left" VAlignment="Top" align="left" valign="top">3</x:th>
          <x:th id="ID_7474308" HAlignment="Left" VAlignment="Top" align="left" valign="top">4</x:th>
          <x:th id="ID_7474309" HAlignment="Left" VAlignment="Top" align="left" valign="top">5</x:th>
        </x:tr>
      </x:thead>
      <x:tbody id="ID_7474310">
        <x:tr id="ID_7474311">
          <x:td id="ID_7474312" HAlignment="Left" VAlignment="Top" align="left" valign="top">&nbsp;</x:td>
          <x:td id="ID_7474313" HAlignment="Left" VAlignment="Top" align="left" valign="top">&nbsp;</x:td>
          <x:td id="ID_7474314" HAlignment="Left" VAlignment="Top" align="left" valign="top">&nbsp;</x:td>
          <x:td id="ID_7474315" HAlignment="Left" VAlignment="Top" align="left" valign="top">&nbsp;</x:td>
          <x:td id="ID_7474316" HAlignment="Left" VAlignment="Top" align="left" valign="top">&nbsp;</x:td>
        </x:tr>
        <x:tr id="ID_7474317">
          <x:td id="ID_7474318" HAlignment="Left" VAlignment="Top" align="left" valign="top">&nbsp;</x:td>
          <x:td id="ID_7474319" HAlignment="Left" VAlignment="Top" align="left" valign="top">&nbsp;</x:td>
          <x:td id="ID_7474320" HAlignment="Left" VAlignment="Top" align="left" valign="top">&nbsp;</x:td>
          <x:td id="ID_7474321" HAlignment="Left" VAlignment="Top" align="left" valign="top">&nbsp;</x:td>
          <x:td id="ID_7474322" HAlignment="Left" VAlignment="Top" align="left" valign="top">&nbsp;</x:td>
        </x:tr>
      </x:tbody>
    </x:table>
  </e:AD-2.18>
  <e:AD-2.19 id="EGNR-AD-2.19" Number="AD 2.19">
    <GreenBorder id="ID_7474324" />
    <e:Title id="ID_7474325">RADIO&nbsp;NAVIGATION&nbsp;AND&nbsp;LANDING&nbsp;AIDS</e:Title>
    <x:table id="ID_7474327" class="">
      <x:thead id="ID_7474328">
        <x:tr id="ID_7474329">
          <x:th id="ID_7474330" HAlignment="Left" VAlignment="Top" align="left" valign="top">
            <x:p id="ID_7474331">Type of Aid CAT&nbsp;of&nbsp;ILS/MLS</x:p>
            <x:p id="ID_7474332">(For VOR/ILS/MLS, give VAR)</x:p>
          </x:th>
          <x:th id="ID_7474333" HAlignment="Left" VAlignment="Top" align="left" valign="top">
            <x:p id="ID_7474334">Ident</x:p>
          </x:th>
          <x:th id="ID_7474335" HAlignment="Left" VAlignment="Top" align="left" valign="top">
            <x:p id="ID_7474336">Frequency</x:p>
            <x:p id="ID_7474337">channel number(s), service provider, and reference path identifier(s) (RPI)</x:p>
          </x:th>
          <x:th id="ID_7474338" HAlignment="Left" VAlignment="Top" align="left" valign="top">
            <x:p id="ID_7474339">Hours of Operation</x:p>
          </x:th>
          <x:th id="ID_7474340" HAlignment="Left" VAlignment="Top" align="left" valign="top">
            <x:p id="ID_7474341">Position of transmitting antenna co-ordinates</x:p>
          </x:th>
          <x:th id="ID_7474342" HAlignment="Left" VAlignment="Top" align="left" valign="top">
            <x:p id="ID_7474343">Elevation of DME transmitting antenna</x:p>
            <x:p id="ID_7474344">GBAS, SBAS, LTP, FTP values</x:p>
          </x:th>
          <x:th id="ID_7474345" HAlignment="Left" VAlignment="Top" align="left" valign="top">
            <x:p id="ID_7474346">Remarks</x:p>
          </x:th>
        </x:tr>
        <x:tr id="ID_7474347">
          <x:th id="ID_7474348" HAlignment="Left" VAlignment="Top" align="left" valign="top">1</x:th>
          <x:th id="ID_7474349" HAlignment="Left" VAlignment="Top" align="left" valign="top">2</x:th>
          <x:th id="ID_7474350" HAlignment="Left" VAlignment="Top" align="left" valign="top">3</x:th>
          <x:th id="ID_7474351" HAlignment="Left" VAlignment="Top" align="left" valign="top">4</x:th>
          <x:th id="ID_7474352" HAlignment="Left" VAlignment="Top" align="left" valign="top">5</x:th>
          <x:th id="ID_7474353" HAlignment="Left" VAlignment="Top" align="left" valign="top">6</x:th>
          <x:th id="ID_7474354" HAlignment="Left" VAlignment="Top" align="left" valign="top">7</x:th>
        </x:tr>
      </x:thead>
      <x:tbody id="ID_7474355">
        <x:tr id="ID_7474356">
          <x:td id="ID_7474357" HAlignment="Left" VAlignment="Top" align="left" valign="top">&nbsp;</x:td>
          <x:td id="ID_7474358" HAlignment="Left" VAlignment="Top" align="left" valign="top">&nbsp;</x:td>
          <x:td id="ID_7474359" HAlignment="Left" VAlignment="Top" align="left" valign="top">&nbsp;</x:td>
          <x:td id="ID_7474360" HAlignment="Left" VAlignment="Top" align="left" valign="top">&nbsp;</x:td>
          <x:td id="ID_7474361" HAlignment="Left" VAlignment="Top" align="left" valign="top">&nbsp;</x:td>
          <x:td id="ID_7474362" HAlignment="Left" VAlignment="Top" align="left" valign="top">&nbsp;</x:td>
          <x:td id="ID_7474363" HAlignment="Left" VAlignment="Top" align="left" valign="top">&nbsp;</x:td>
        </x:tr>
      </x:tbody>
    </x:table>
  </e:AD-2.19>
  <e:AD-2.20 id="EGNR-AD-2.20" Number="AD 2.20">
    <GreenBorder id="ID_7474365" />
    <e:Title id="ID_7474366">LOCAL&nbsp;AERODROME&nbsp;REGULATIONS</e:Title>
    <x:div class="RP">
      <x:span class="sdParams" style="display:none;">TRULES_PROC;RULES_PROC_ID;7705</x:span>
      <e:Sub-section Number="1" id="EGNR-AD-2.20.1">
        <e:Title id="ID_7474368">Airport Regulations</e:Title>
        <x:ol id="ID_7474369" class="Numbered">
          <x:li id="ID_7474370">
            <x:p id="ID_7474371">Not available to aircraft unable to communicate by radio.</x:p>
          </x:li>
          <x:li id="ID_7474372">
            <x:p id="ID_7474373">High visibility clothing to be worn on all aprons.</x:p>
          </x:li>
          <x:li id="ID_7474374">
            <x:p id="ID_7474375">Marshalling is mandatory on all aprons.</x:p>
          </x:li>
          <x:li id="ID_7474376">
            <x:p id="ID_7474377">Aerodrome not available to gliders, motor-gliders and aircraft with an MTOW of less than 450 kg.</x:p>
          </x:li>
          <x:li id="ID_7474378">
            <x:p id="ID_7474379">Tailwheel type aircraft (Tail-draggers) not permitted, except with specific permission of Airport Manager (via ATC).</x:p>
          </x:li>
        </x:ol>
      </e:Sub-section>
      <e:Sub-section Number="2" id="EGNR-AD-2.20.2">
        <e:Title id="ID_7474381">Ground Movement</e:Title>
        <x:ol id="ID_7474382" class="Numbered">
          <x:li id="ID_7474383">
            <x:p id="ID_7474384">The visibility of Aprons N and C from the ATC control Tower is restricted. Aircraft may be issued with conditional clearances, concerning other aircraft movements. Aircraft movements and engine running on these aprons are subject to ATC approval.</x:p>
          </x:li>
        </x:ol>
      </e:Sub-section>
      <e:Sub-section Number="3" id="EGNR-AD-2.20.3">
        <e:Title id="ID_7474386">CAT II/III Operations</e:Title>
        <x:ol id="ID_7474387" class="Numbered">
          <x:li id="ID_7474388">
            <x:p id="ID_7474389">CAT ll/lll Operations not available.</x:p>
          </x:li>
          <x:li id="ID_7474390">
            <x:p id="ID_7474391">
              <x:strong id="ID_7474392">Low Visibility Procedures (LVPs)</x:strong>
            </x:p>
            <x:ol id="ID_7474393" class="Numbered">
              <x:li id="ID_7474394">
                <x:p id="ID_7474395">LVPs in force when visibility 1639 m or less;</x:p>
              </x:li>
              <x:li id="ID_7474396">
                <x:p id="ID_7474397">Visibility 800 m or less - operations restricted to one aircraft movement at a time;</x:p>
              </x:li>
              <x:li id="ID_7474398">
                <x:p id="ID_7474399">Visibility 400 m or less - all airfield operations cease until visibility increases above 400 m.</x:p>
              </x:li>
            </x:ol>
          </x:li>
        </x:ol>
      </e:Sub-section>
      <e:Sub-section Number="4" id="EGNR-AD-2.20.4">
        <e:Title id="ID_7474401">Warnings</e:Title>
        <x:ol id="ID_7474402" class="Numbered">
          <x:li id="ID_7474403">
            <x:p id="ID_7474404">Pilots are reminded of the proximity of Restricted Area EG R311, 5 nm north of the aerodrome.</x:p>
          </x:li>
          <x:li id="ID_7474405">
            <x:p id="ID_7474406">The reinforcing steel within the concrete pavement of Runway 04/22 may cause compass deviation on stationary aircraft.</x:p>
          </x:li>
          <x:li id="ID_7474407">
            <x:p id="ID_7474408">Westerly and Easterly surface winds of greater than 15 kt may lead to turbulence from factory buildings.</x:p>
          </x:li>
          <x:li id="ID_7474409">
            <x:p id="ID_7474410">Runway 22 strip end is infringed on the left hand side by a frangible garden fence to a distance of 34 m.</x:p>
          </x:li>
          <x:li id="ID_7474411">
            <x:p id="ID_7474412">High Ground rising up to 1848 ft amsl between 5 nm and 10 nm Southwest of the aerodrome</x:p>
          </x:li>
          <x:li id="ID_7474413">
            <x:p id="ID_7474414">The ground rises steeply beyond 6500 m throughout the climb out area.</x:p>
          </x:li>
          <x:li id="ID_7474415">
            <x:p id="ID_7474416">A hangar (obstacle EGNR45) infringes the southern transitional surface to Runway 04/22 by 7.94 m. It is fitted with an obstruction light.</x:p>
          </x:li>
        </x:ol>
      </e:Sub-section>
      <e:Sub-section Number="5" id="EGNR-AD-2.20.5">
        <e:Title id="ID_7474418">Helicopter Operations</e:Title>
        <x:ol id="ID_7474419" class="Numbered">
          <x:li id="ID_7474420">
            <x:p id="ID_7474421">Helicopter Operations ‘H’ is available for helicopters up to ‘d’ value not exceeding 13.5 m, during daylight hours only.</x:p>
          </x:li>
          <x:li id="ID_7474422">
            <x:p id="ID_7474423">Aiming point on Taxiway J is available ONLY for approved Police Air Support Unit in accordance with locally agreed procedures.</x:p>
          </x:li>
        </x:ol>
      </e:Sub-section>
      <e:Sub-section Number="6" id="EGNR-AD-2.20.6">
        <e:Title id="ID_7474425">Use of Runways</e:Title>
        <x:p id="ID_7474426">Not applicable</x:p>
      </e:Sub-section>
      <e:Sub-section Number="7" id="EGNR-AD-2.20.7">
        <e:Title id="ID_7474428">Training</e:Title>
        <x:ol id="ID_7474429" class="Numbered">
          <x:li id="ID_7474430">
            <x:p id="ID_7474431">VFR and IFR training for based and non-based operators available during published operational hours. Contact ATC for details.</x:p>
          </x:li>
          <x:li id="ID_7474432">
            <x:p id="ID_7474433">Glide approaches are not permitted to Runway 04.</x:p>
          </x:li>
        </x:ol>
      </e:Sub-section>
    </x:div>
  </e:AD-2.20>
  <e:AD-2.21 id="EGNR-AD-2.21" Number="AD 2.21">
    <GreenBorder id="ID_7474435" />
    <e:Title id="ID_7474436">NOISE ABATEMENT PROCEDURES</e:Title>
    <x:div class="RP">
      <x:span class="sdParams" style="display:none;">TRULES_PROC;RULES_PROC_ID;7706</x:span>
      <x:p id="ID_7474437">The following procedures may be departed from only to the extant necessary for avoiding immediate danger and for complying with ATC instructions.</x:p>
      <x:ol id="ID_7474438" class="Numbered">
        <x:li id="ID_7474439">
          <x:p id="ID_7474440">Operators of all aircraft using the airport are to ensure that their aircraft conform to the noise abatement techniques laid down for the type of aircraft and that operations are conducted in a manner calculated to cause the least disturbance practicable in areas surrounding the airport.</x:p>
        </x:li>
        <x:li id="ID_7474441">
          <x:p id="ID_7474442">Jet and turbo-prop aircraft must not join the Final Approach Track at a height of less than 1000 ft QFE.</x:p>
        </x:li>
        <x:li id="ID_7474443">
          <x:p id="ID_7474444">Runway 22 - All traffic turning left, including circuit traffic, climb straight ahead to DME range 1.5 nm before turning on course.</x:p>
        </x:li>
        <x:li id="ID_7474445">
          <x:p id="ID_7474446">Helicopters are to avoid overflying the village of Broughton (1 nm southwest of the airport) and the factory buildings that are situated northwest and southeast of Runway 04/22.</x:p>
        </x:li>
        <x:li id="ID_7474447">
          <x:p id="ID_7474448">Aircraft should avoid overflying built up areas and dwellings and minimize noise nuisance as far as possible.</x:p>
        </x:li>
        <x:li id="ID_7474449">
          <x:p id="ID_7474450">Circuit height: piston engined fixed wing 1000 ft; Jet or turbo prop aircraft 1500 ft; Helicopters 800 ft.</x:p>
        </x:li>
      </x:ol>
    </x:div>
  </e:AD-2.21>
  <e:AD-2.22 id="EGNR-AD-2.22" Number="AD 2.22">
    <GreenBorder id="ID_7474452" />
    <e:Title id="ID_7474453">FLIGHT PROCEDURES</e:Title>
    <x:div class="RP">
      <x:span class="sdParams" style="display:none;">TRULES_PROC;RULES_PROC_ID;7707</x:span>
      <e:Sub-section Number="1" id="EGNR-AD-2.22.1">
        <e:Title id="ID_7474455">Procedures for aircraft inbound to Hawarden from the Airways System</e:Title>
        <x:ol id="ID_7474456" class="Numbered">
          <x:li id="ID_7474457">
            <x:p id="ID_7474458">In order to provide improved ATC handling of Airways flights inbound to Hawarden, a system of Standard Inbound Routes is established. In some case these are coincident with Standard Arrival Routes (STARs) to Liverpool Airport in which case the appropriate STAR Designators will be used (See AD 2-EGGP-7-3).</x:p>
            <x:table id="ID_7474460" class="">
              <x:thead id="ID_7474461">
                <x:tr id="ID_7474462">
                  <x:th id="ID_7474463" HAlignment="Center" VAlignment="Middle" align="center" valign="middle">
                    <x:p id="ID_7474464">Approach From</x:p>
                  </x:th>
                  <x:th id="ID_7474465" HAlignment="Center" VAlignment="Top" align="center" valign="top">
                    <x:p id="ID_7474466">Via</x:p>
                  </x:th>
                  <x:th id="ID_7474467" HAlignment="Center" VAlignment="Top" align="center" valign="top">
                    <x:p id="ID_7474468">Route</x:p>
                  </x:th>
                  <x:th id="ID_7474469" HAlignment="Center" VAlignment="Top" align="center" valign="top">
                    <x:p id="ID_7474470">Decsent Planning Information</x:p>
                    <x:p id="ID_7474471">(Note)</x:p>
                  </x:th>
                </x:tr>
              </x:thead>
              <x:tbody id="ID_7474472">
                <x:tr id="ID_7474473">
                  <x:td id="ID_7474474" HAlignment="Left" VAlignment="Top" rowspan="3" align="left" valign="top">
                    <x:p id="ID_7474475">Southeast</x:p>
                  </x:td>
                  <x:td id="ID_7474476" HAlignment="Left" VAlignment="Top" align="left" valign="top">
                    <x:p id="ID_7474477">N601(R3)/UN601/UP6</x:p>
                  </x:td>
                  <x:td id="ID_7474478" HAlignment="Left" VAlignment="Top" align="left" valign="top">
                    <x:p id="ID_7474479">LESTA - TNT VOR - NANT I - KEGUN (EGGP KEGUN 2A STAR)</x:p>
                  </x:td>
                  <x:td id="ID_7474480" HAlignment="Left" VAlignment="Top" align="left" valign="top">
                    <x:p id="ID_7474481">FL 200 by LESTA.</x:p>
                    <x:p id="ID_7474482">FL 80 by NANTI</x:p>
                  </x:td>
                </x:tr>
                <x:tr id="ID_7474483">
                  <x:td id="ID_7474484" HAlignment="Left" VAlignment="Top" align="left" valign="top">
                    <x:p id="ID_7474485">N57/T420</x:p>
                  </x:td>
                  <x:td id="ID_7474486" HAlignment="Left" VAlignment="Top" align="left" valign="top">
                    <x:p id="ID_7474487">TNT VOR -NANTI -KEGUN (EGGP KEGUN 2B STAR)</x:p>
                  </x:td>
                  <x:td id="ID_7474488" HAlignment="Left" VAlignment="Top" align="left" valign="top">
                    <x:p id="ID_7474489">FL 200 by 25 nm before TNT</x:p>
                    <x:p id="ID_7474490">FL 80 by NANTI</x:p>
                  </x:td>
                </x:tr>
                <x:tr id="ID_7474491">
                  <x:td id="ID_7474492" HAlignment="Left" VAlignment="Top" align="left" valign="top">
                    <x:p id="ID_7474493">N57(B53)/Y537</x:p>
                  </x:td>
                  <x:td id="ID_7474494" HAlignment="Left" VAlignment="Top" align="left" valign="top">
                    <x:p id="ID_7474495">PEDIG - NANTI - KEGUN (EGGP KEGUN 2C STAR)</x:p>
                  </x:td>
                  <x:td id="ID_7474496" HAlignment="Left" VAlignment="Top" align="left" valign="top">&nbsp;</x:td>
                </x:tr>
                <x:tr id="ID_7474497">
                  <x:td id="ID_7474498" HAlignment="Left" VAlignment="Top" align="left" valign="top">
                    <x:p id="ID_7474499">South</x:p>
                  </x:td>
                  <x:td id="ID_7474500" HAlignment="Left" VAlignment="Top" align="left" valign="top">
                    <x:p id="ID_7474501">N864/UN864</x:p>
                  </x:td>
                  <x:td id="ID_7474502" HAlignment="Left" VAlignment="Top" align="left" valign="top">
                    <x:p id="ID_7474503">MONTY - KEGUN (EGGP KEGUN 1D STAR)</x:p>
                  </x:td>
                  <x:td id="ID_7474504" HAlignment="Left" VAlignment="Top" align="left" valign="top">
                    <x:p id="ID_7474505">FL 200 by NITON</x:p>
                  </x:td>
                </x:tr>
                <x:tr id="ID_7474506">
                  <x:td id="ID_7474507" HAlignment="Left" VAlignment="Top" rowspan="2" align="left" valign="top">
                    <x:p id="ID_7474508">West</x:p>
                  </x:td>
                  <x:td id="ID_7474509" HAlignment="Left" VAlignment="Top" align="left" valign="top">
                    <x:p id="ID_7474510">L975/UL975</x:p>
                  </x:td>
                  <x:td id="ID_7474511" HAlignment="Left" VAlignment="Top" align="left" valign="top">
                    <x:p id="ID_7474512">LYNAS - WAL VOR - TORGO - KEGUN</x:p>
                  </x:td>
                  <x:td id="ID_7474513" HAlignment="Left" VAlignment="Top" align="left" valign="top">
                    <x:p id="ID_7474514">FL 240 by NATKO</x:p>
                  </x:td>
                </x:tr>
                <x:tr id="ID_7474515">
                  <x:td id="ID_7474516" HAlignment="Left" VAlignment="Top" align="left" valign="top">
                    <x:p id="ID_7474517">L10/UL10</x:p>
                  </x:td>
                  <x:td id="ID_7474518" HAlignment="Left" VAlignment="Top" align="left" valign="top">
                    <x:p id="ID_7474519">IOM VOR - WAL VOR - TORGO -KEGUN</x:p>
                  </x:td>
                  <x:td id="ID_7474520" HAlignment="Left" VAlignment="Top" align="left" valign="top">
                    <x:p id="ID_7474521">FL 230 by KELLY</x:p>
                  </x:td>
                </x:tr>
                <x:tr id="ID_7474522">
                  <x:td id="ID_7474523" HAlignment="Left" VAlignment="Top" rowspan="2" align="left" valign="top">
                    <x:p id="ID_7474524">North and Northeast</x:p>
                  </x:td>
                  <x:td id="ID_7474525" HAlignment="Left" VAlignment="Top" align="left" valign="top">
                    <x:p id="ID_7474526">L612/UL612</x:p>
                  </x:td>
                  <x:td id="ID_7474527" HAlignment="Left" VAlignment="Top" align="left" valign="top">
                    <x:p id="ID_7474528">CROFT - WAL VOR - TORGO - KEGUN</x:p>
                  </x:td>
                  <x:td id="ID_7474529" HAlignment="Left" VAlignment="Top" align="left" valign="top">
                    <x:p id="ID_7474530">FL 200 10 nm before LAKE</x:p>
                  </x:td>
                </x:tr>
                <x:tr id="ID_7474531">
                  <x:td id="ID_7474532" HAlignment="Left" VAlignment="Top" align="left" valign="top">
                    <x:p id="ID_7474533">N57/POL</x:p>
                  </x:td>
                  <x:td id="ID_7474534" HAlignment="Left" VAlignment="Top" align="left" valign="top">
                    <x:p id="ID_7474535">POL VOR - WAL VOR - TORGO -KEGUN</x:p>
                  </x:td>
                  <x:td id="ID_7474536" HAlignment="Left" VAlignment="Top" align="left" valign="top">&nbsp;</x:td>
                </x:tr>
                <x:tr id="ID_7474537">
                  <x:td id="ID_7474538" HAlignment="Left" VAlignment="Top" align="left" valign="top">
                    <x:p id="ID_7474539">East</x:p>
                  </x:td>
                  <x:td id="ID_7474540" HAlignment="Left" VAlignment="Top" align="left" valign="top">
                    <x:p id="ID_7474541">L975/UL975</x:p>
                  </x:td>
                  <x:td id="ID_7474542" HAlignment="Left" VAlignment="Top" align="left" valign="top">
                    <x:p id="ID_7474543">DESIG - WAL VOR -TORGO - KEGUN</x:p>
                  </x:td>
                  <x:td id="ID_7474544" HAlignment="Left" VAlignment="Top" align="left" valign="top">
                    <x:p id="ID_7474545">FL 290 by VEGUS</x:p>
                    <x:p id="ID_7474546">FL 170 by UPTON</x:p>
                  </x:td>
                </x:tr>
              </x:tbody>
            </x:table>
            <x:div id="ID_7474547" class="Note">
              <x:p id="ID_7474548">Note: For planning purposes only, pilots within the Airways System should plan for possible descent to the levels indicated.<x:strong id="ID_7474550"> Actual descent clearance will be as directed by ATC.</x:strong></x:p>
            </x:div>
            <x:table id="ID_7474552" class="">
              <x:thead id="ID_7474553">
                <x:tr id="ID_7474554">
                  <x:th id="ID_7474555" HAlignment="Center" VAlignment="Top" align="center" valign="top">
                    <x:p id="ID_7474556">Holding Point</x:p>
                  </x:th>
                  <x:th id="ID_7474557" HAlignment="Left" VAlignment="Top" align="left" valign="top">
                    <x:p id="ID_7474558">Holding Procedures</x:p>
                  </x:th>
                </x:tr>
              </x:thead>
              <x:tbody id="ID_7474559">
                <x:tr id="ID_7474560">
                  <x:td id="ID_7474561" HAlignment="Left" VAlignment="Top" rowspan="3" align="left" valign="top">
                    <x:p id="ID_7474562">KEGUN</x:p>
                    <x:p id="ID_7474563">531113N 0030901W</x:p>
                  </x:td>
                  <x:td id="ID_7474564" HAlignment="Left" VAlignment="Top" align="left" valign="top">
                    <x:p id="ID_7474565">Holding axis aligned on WAL VOR RDL 185° (inbound track 005° MAG) at 12 nm, turning left at the fix (KEGUN) Maximum holding speed 210 kt. Holding levels FL 60 to FL 100.</x:p>
                  </x:td>
                </x:tr>
                <x:tr id="ID_7474566">
                  <x:td id="ID_7474567" HAlignment="Left" VAlignment="Top" align="left" valign="top">
                    <x:p id="ID_7474568">
                      <x:strong id="ID_7474569">Note: </x:strong>Holding may not be fully contained within controlled airspace between 0700 and 2000. Radar monitoring will be provided by ATC.</x:p>
                  </x:td>
                </x:tr>
                <x:tr id="ID_7474571">
                  <x:td id="ID_7474572" HAlignment="Left" VAlignment="Top" align="left" valign="top">
                    <x:p id="ID_7474573">For aircraft joining the hold from the north (via WAL VOR) and east (via Liverpool KEGUN STARs) an entry fix TORGO (530757N 0031559W) is established on the outbound leg. Aircraft must be at 250 kt or less by WAL VOR and 210 kt or less by TORGO.</x:p>
                  </x:td>
                </x:tr>
              </x:tbody>
            </x:table>
            <x:ol id="ID_7474574" class="Numbered">
              <x:li id="ID_7474575">
                <x:p id="ID_7474576">
                  <x:strong id="ID_7474577">Holding</x:strong>
                </x:p>
              </x:li>
              <x:li id="ID_7474578">
                <x:p id="ID_7474579">
                  <x:strong id="ID_7474580">Loss of Communications</x:strong>
                </x:p>
                <x:ol id="ID_7474581" class="Numbered">
                  <x:li id="ID_7474582">
                    <x:p id="ID_7474583">Follow the appropriate loss of communications procedures detailed at ENR 1.1.3 to KEGUN. Descend at KEGUN to leave controlled airspace and proceed to NDB(L) HAW and carry out an appropriate instrument approach procedure in accordance with the standard loss of communications procedures.</x:p>
                  </x:li>
                </x:ol>
              </x:li>
            </x:ol>
          </x:li>
          <x:li id="ID_7474584">
            <x:p id="ID_7474585">Instrument Approach Procedures (IAP) for this aerodrome are established outside controlled airspace. See ENR 1.5.</x:p>
          </x:li>
          <x:li id="ID_7474586">
            <x:p id="ID_7474587">Circuit directions: Runway 04 — RH; Runway 22 — LH. Circuit heights: 1000 ft QFE.</x:p>
          </x:li>
          <x:li id="ID_7474588">
            <x:p id="ID_7474589">Standard Terminal Arrival Routes (STAR) refer to AD 2-EGGP-7-1 to AD 2-EGGP-7-3.</x:p>
          </x:li>
          <x:li id="ID_7474590">
            <x:p id="ID_7474591">Pilots are to advise POB on first contact with ATC.</x:p>
          </x:li>
        </x:ol>
      </e:Sub-section>
      <e:Sub-section Number="2" id="EGNR-AD-2.22.2">
        <e:Title id="ID_7474593">Procedures for Aircraft departing Hawarden to join the Airways System</e:Title>
        <x:p id="ID_7474594">All Airways departures will be issued with a standard outbound clearance referred as a REXAM 5 departure as follows:</x:p>
        <x:ol id="ID_7474595" class="Numbered">
          <x:li id="ID_7474596">
            <x:p id="ID_7474597">REXAM 5 Runway 22 — join controlled airspace on track REXAM climbing to 5000 ft ALT. If no contact with Scottish Control by REXAM, take up a right hand orbit at REXAM and re-contact Hawarden on previous frequency;</x:p>
          </x:li>
          <x:li id="ID_7474598">
            <x:p id="ID_7474599">REXAM 5 Runway 04 — after departure, immediate right turn remaining outside the Manchester CTA, join controlled airspace on track REXAM climbing to 4000 ft ALT, on crossing the WAL 167R, climb to 5000 ft. If no contact with Scottish Control by REXAM, take up a right hand orbit at REXAM and re-contact Hawarden on previous frequency;</x:p>
          </x:li>
          <x:li id="ID_7474600">
            <x:p id="ID_7474601">WAL4 Runway 04: Turn immediately left on track WAL, climb to altitude 4000 ft. If no contact with Scottish Control, take up a right hand orbit at WAL and re-contact previous ATC agency;</x:p>
          </x:li>
          <x:li id="ID_7474602">
            <x:p id="ID_7474603">WAL4 Runway 22: Turn immediately right on track WAL, climb to altitude 4000 ft. If no contact with Scottish Control, take up a right hand orbit at WAL and re-contact previous ATC agency.</x:p>
            <x:div id="ID_7474604" class="Note">
              <x:p id="ID_7474605">Note: The transition altitude for this procedure is 5000 ft due to the proximity of the Mancheter TMA. Aircrew should ensure that autopilots and FCM’s are set accordingly.</x:p>
            </x:div>
          </x:li>
        </x:ol>
      </e:Sub-section>
      <e:Sub-section Number="3" id="EGNR-AD-2.22.3">
        <e:Title id="ID_7474607">Visual Reference Points (VRPs)</e:Title>
        <x:table id="ID_7474609" class="">
          <x:thead id="ID_7474610">
            <x:tr id="ID_7474611">
              <x:th id="ID_7474612" HAlignment="Left" VAlignment="Top" align="left" valign="top">
                <x:p id="ID_7474613">VRP</x:p>
              </x:th>
              <x:th id="ID_7474614" HAlignment="Left" VAlignment="Top" align="left" valign="top">
                <x:p id="ID_7474615">WAL VOR/DME FIX</x:p>
              </x:th>
              <x:th id="ID_7474616" HAlignment="Left" VAlignment="Top" align="left" valign="top">
                <x:p id="ID_7474617">HAW NDB FIX</x:p>
              </x:th>
            </x:tr>
          </x:thead>
          <x:tbody id="ID_7474618">
            <x:tr id="ID_7474619">
              <x:td id="ID_7474620" HAlignment="Left" VAlignment="Top" align="left" valign="top">
                <x:p id="ID_7474621">Beeston Castle<x:br />530742N 0024131W</x:p>
              </x:td>
              <x:td id="ID_7474622" HAlignment="Left" VAlignment="Top" align="left" valign="top">
                <x:p id="ID_7474623">137°/22.5 nm</x:p>
              </x:td>
              <x:td id="ID_7474624" HAlignment="Left" VAlignment="Top" align="left" valign="top">
                <x:p id="ID_7474625">108° MAG/10.8 nm</x:p>
              </x:td>
            </x:tr>
            <x:tr id="ID_7474626">
              <x:td id="ID_7474627" HAlignment="Left" VAlignment="Top" align="left" valign="top">
                <x:p id="ID_7474628">Flint Bridge<x:br />531346N 0030400W</x:p>
              </x:td>
              <x:td id="ID_7474629" HAlignment="Left" VAlignment="Top" align="left" valign="top">
                <x:p id="ID_7474630">168°/10.1 nm</x:p>
              </x:td>
              <x:td id="ID_7474631" HAlignment="Left" VAlignment="Top" align="left" valign="top">
                <x:p id="ID_7474632">316° MAG/4.4 nm</x:p>
              </x:td>
            </x:tr>
            <x:tr id="ID_7474633">
              <x:td id="ID_7474634" HAlignment="Left" VAlignment="Top" align="left" valign="top">
                <x:p id="ID_7474635">Mold Town<x:br />530954N 0030731W</x:p>
              </x:td>
              <x:td id="ID_7474636" HAlignment="Left" VAlignment="Top" align="left" valign="top">
                <x:p id="ID_7474637">181°/13.6 nm</x:p>
              </x:td>
              <x:td id="ID_7474638" HAlignment="Left" VAlignment="Top" align="left" valign="top">
                <x:p id="ID_7474639">263° MAG/5.3 nm</x:p>
              </x:td>
            </x:tr>
            <x:tr id="ID_7474640">
              <x:td id="ID_7474641" HAlignment="Left" VAlignment="Top" align="left" valign="top">
                <x:p id="ID_7474642">Padeswood Cement Factory<x:br />530916N 0030342W</x:p>
              </x:td>
              <x:td id="ID_7474643" HAlignment="Left" VAlignment="Top" align="left" valign="top">
                <x:p id="ID_7474644">172°/14.5 nm</x:p>
              </x:td>
              <x:td id="ID_7474645" HAlignment="Left" VAlignment="Top" align="left" valign="top">
                <x:p id="ID_7474646">245° MAG/3.3 nm</x:p>
              </x:td>
            </x:tr>
            <x:tr id="ID_7474647">
              <x:td id="ID_7474648" HAlignment="Left" VAlignment="Top" align="left" valign="top">
                <x:p id="ID_7474649">Poulton Disused Aerodrome<x:br />530756N 0025330W</x:p>
              </x:td>
              <x:td id="ID_7474650" HAlignment="Left" VAlignment="Top" align="left" valign="top">
                <x:p id="ID_7474651">153°/17.9 nm</x:p>
              </x:td>
              <x:td id="ID_7474652" HAlignment="Left" VAlignment="Top" align="left" valign="top">
                <x:p id="ID_7474653">133° MAG/4.2 nm</x:p>
              </x:td>
            </x:tr>
            <x:tr id="ID_7474654">
              <x:td id="ID_7474655" HAlignment="Left" VAlignment="Top" align="left" valign="top">
                <x:p id="ID_7474656">Wrexham Industrial Estate<x:br />530221N 0025433W</x:p>
              </x:td>
              <x:td id="ID_7474657" HAlignment="Left" VAlignment="Top" align="left" valign="top">
                <x:p id="ID_7474658">161°/22.7 nm</x:p>
              </x:td>
              <x:td id="ID_7474659" HAlignment="Left" VAlignment="Top" align="left" valign="top">
                <x:p id="ID_7474660">165° MAG/8.8 nm</x:p>
              </x:td>
            </x:tr>
          </x:tbody>
        </x:table>
      </e:Sub-section>
    </x:div>
  </e:AD-2.22>
  <e:AD-2.23 id="EGNR-AD-2.23" Number="AD 2.23">
    <GreenBorder id="ID_7474662" />
    <e:Title id="ID_7474663">ADDITIONAL INFORMATION</e:Title>
    <x:div class="RP">
      <x:span class="sdParams" style="display:none;">TRULES_PROC;RULES_PROC_ID;7708</x:span>
      <x:p id="ID_7474664">Not applicable</x:p>
    </x:div>
  </e:AD-2.23>
  <e:AD-2.24 id="EGNR-AD-2.24" Number="AD 2.24">
    <GreenBorder id="ID_7474666" />
    <e:Title id="ID_7474667">CHARTS RELATED TO AN AERODROME</e:Title>
    <x:table id="ID_7474669" class="">
      <x:tbody id="ID_7474670">
        <x:tr id="ID_7474671">
          <x:td id="ID_7474672" HAlignment="Left" VAlignment="Top" align="left" valign="top">
            <x:p id="ID_7474673">
              <x:em id="ID_7474674" class="Italic">Figure: Aerodrome Chart - ICAO</x:em>
            </x:p>
          </x:td>
        </x:tr>
        <x:tr id="ID_7474675">
          <x:td id="ID_7474676" HAlignment="Left" VAlignment="Top" align="left" valign="top">
            <x:p id="ID_7474677">AD 2-EGAA-2-1</x:p>
          </x:td>
        </x:tr>
        <x:tr id="ID_7474678">
          <x:td id="ID_7474679" HAlignment="Left" VAlignment="Top" align="left" valign="top">&nbsp;</x:td>
        </x:tr>
        <x:tr id="ID_7474680">
          <x:td id="ID_7474681" HAlignment="Left" VAlignment="Top" align="left" valign="top">&nbsp;</x:td>
        </x:tr>
        <x:tr id="ID_7474682">
          <x:td id="ID_7474683" HAlignment="Left" VAlignment="Top" align="left" valign="top">&nbsp;</x:td>
        </x:tr>
        <x:tr id="ID_7474684">
          <x:td id="ID_7474685" HAlignment="Left" VAlignment="Top" align="left" valign="top">&nbsp;</x:td>
        </x:tr>
      </x:tbody>
    </x:table>
  </e:AD-2.24>
</e:Aerodrome>
