<?xml version="1.0" encoding="UTF-8"?>
<e:Aerodrome id="AD-2.EGKR" Ref="ICAO-EGKR" Title="REDHILL" xmlns:e="http://www.eurocontrol.int/xmlns/AIM/eAIP" xmlns:x="http://www.w3.org/1999/xhtml" xmlns:xlink="http://www.w3.org/1999/xlink">
  <e:Title />
  <e:AD-2.1 id="EGKR-AD-2.1" Number="AD 2.1">
    <GreenBorder id="ID_7022566" />
    <e:Title id="ID_7022567">AERODROME LOCATION INDICATOR AND NAME</e:Title>
    <e:Generated />
  </e:AD-2.1>
  <e:AD-2.2 id="EGKR-AD-2.2" Number="AD 2.2">
    <GreenBorder id="ID_7022572" />
    <e:Title id="ID_7022573">AERODROME&nbsp;GEOGRAPHICAL&nbsp;AND&nbsp;ADMINISTRATIVE&nbsp;DATA</e:Title>
    <x:table id="ID_7022575" class="">
      <x:tbody id="ID_7022576">
        <x:tr id="ID_7022577">
          <x:td id="ID_7022578" HAlignment="Left" VAlignment="Top" align="left" valign="top">1</x:td>
          <x:td id="ID_7022579" HAlignment="Left" VAlignment="Top" align="left" valign="top">
            <x:p id="ID_7022580">ARP coordinates and site at AD</x:p>
          </x:td>
          <x:td id="ID_7022581" HAlignment="Left" VAlignment="Top" align="left" valign="top">&nbsp;</x:td>
        </x:tr>
        <x:tr id="ID_7022582">
          <x:td id="ID_7022583" HAlignment="Left" VAlignment="Top" align="left" valign="top">2</x:td>
          <x:td id="ID_7022584" HAlignment="Left" VAlignment="Top" align="left" valign="top">
            <x:p id="ID_7022585">Direction and distance from city</x:p>
          </x:td>
          <x:td id="ID_7022586" HAlignment="Left" VAlignment="Top" align="left" valign="top">&nbsp;</x:td>
        </x:tr>
        <x:tr id="ID_7022587">
          <x:td id="ID_7022588" HAlignment="Left" VAlignment="Top" align="left" valign="top">3</x:td>
          <x:td id="ID_7022589" HAlignment="Left" VAlignment="Top" align="left" valign="top">
            <x:p id="ID_7022590">Elevation / Reference temperature</x:p>
          </x:td>
          <x:td id="ID_7022591" HAlignment="Left" VAlignment="Top" align="left" valign="top">&nbsp;</x:td>
        </x:tr>
        <x:tr id="ID_7022592">
          <x:td id="ID_7022593" HAlignment="Left" VAlignment="Top" align="left" valign="top">4</x:td>
          <x:td id="ID_7022594" HAlignment="Left" VAlignment="Top" align="left" valign="top">
            <x:p id="ID_7022595">Geoid undulation at AD ELEV PSN</x:p>
          </x:td>
          <x:td id="ID_7022596" HAlignment="Left" VAlignment="Top" align="left" valign="top">&nbsp;</x:td>
        </x:tr>
        <x:tr id="ID_7022597">
          <x:td id="ID_7022598" HAlignment="Left" VAlignment="Top" align="left" valign="top">5</x:td>
          <x:td id="ID_7022599" HAlignment="Left" VAlignment="Top" align="left" valign="top">
            <x:p id="ID_7022600">Magnetic Variation / Annual Change</x:p>
          </x:td>
          <x:td id="ID_7022601" HAlignment="Left" VAlignment="Top" align="left" valign="top">&nbsp;</x:td>
        </x:tr>
        <x:tr id="ID_7022602">
          <x:td id="ID_7022603" HAlignment="Left" VAlignment="Top" align="left" valign="top">6</x:td>
          <x:td id="ID_7022604" HAlignment="Left" VAlignment="Top" align="left" valign="top">
            <x:p id="ID_7022605">AD Administration, address, telephone, telefax, AFS, e-mail address, website address</x:p>
          </x:td>
          <x:td id="ID_7022606" HAlignment="Left" VAlignment="Top" align="left" valign="top">&nbsp;</x:td>
        </x:tr>
        <x:tr id="ID_7022607">
          <x:td id="ID_7022608" HAlignment="Left" VAlignment="Top" align="left" valign="top">7</x:td>
          <x:td id="ID_7022609" HAlignment="Left" VAlignment="Top" align="left" valign="top">
            <x:p id="ID_7022610">Types of Traffic permitted (IFR/VFR)</x:p>
          </x:td>
          <x:td id="ID_7022611" HAlignment="Left" VAlignment="Top" align="left" valign="top">&nbsp;</x:td>
        </x:tr>
        <x:tr id="ID_7022612">
          <x:td id="ID_7022613" HAlignment="Left" VAlignment="Top" align="left" valign="top">8</x:td>
          <x:td id="ID_7022614" HAlignment="Left" VAlignment="Top" align="left" valign="top">
            <x:p id="ID_7022615">Remarks</x:p>
          </x:td>
          <x:td id="ID_7022616" HAlignment="Left" VAlignment="Top" align="left" valign="top">&nbsp;</x:td>
        </x:tr>
      </x:tbody>
    </x:table>
  </e:AD-2.2>
  <e:AD-2.3 id="EGKR-AD-2.3" Number="AD 2.3">
    <GreenBorder id="ID_7022618" />
    <e:Title id="ID_7022619">OPERATIONAL&nbsp;HOURS</e:Title>
    <x:table id="ID_7022621" class="">
      <x:tbody id="ID_7022622">
        <x:tr id="ID_7022623">
          <x:td id="ID_7022624" HAlignment="Left" VAlignment="Top" align="left" valign="top">1</x:td>
          <x:td id="ID_7022625" HAlignment="Left" VAlignment="Top" align="left" valign="top">
            <x:p id="ID_7022626">Aerodrome Operator</x:p>
          </x:td>
          <x:td id="ID_7022627" HAlignment="Left" VAlignment="Top" align="left" valign="top">&nbsp;</x:td>
        </x:tr>
        <x:tr id="ID_7022628">
          <x:td id="ID_7022629" HAlignment="Left" VAlignment="Top" align="left" valign="top">2</x:td>
          <x:td id="ID_7022630" HAlignment="Left" VAlignment="Top" align="left" valign="top">
            <x:p id="ID_7022631">Customs and Immigration</x:p>
          </x:td>
          <x:td id="ID_7022632" HAlignment="Left" VAlignment="Top" align="left" valign="top">
            <x:p id="ID_7022633" />
          </x:td>
        </x:tr>
        <x:tr id="ID_7022634">
          <x:td id="ID_7022635" HAlignment="Left" VAlignment="Top" align="left" valign="top">3</x:td>
          <x:td id="ID_7022636" HAlignment="Left" VAlignment="Top" align="left" valign="top">
            <x:p id="ID_7022637">Health and sanitation</x:p>
          </x:td>
          <x:td id="ID_7022638" HAlignment="Left" VAlignment="Top" align="left" valign="top">&nbsp;</x:td>
        </x:tr>
        <x:tr id="ID_7022639">
          <x:td id="ID_7022640" HAlignment="Left" VAlignment="Top" align="left" valign="top">4</x:td>
          <x:td id="ID_7022641" HAlignment="Left" VAlignment="Top" align="left" valign="top">
            <x:p id="ID_7022642">AIS Briefing Office</x:p>
          </x:td>
          <x:td id="ID_7022643" HAlignment="Left" VAlignment="Top" align="left" valign="top">&nbsp;</x:td>
        </x:tr>
        <x:tr id="ID_7022644">
          <x:td id="ID_7022645" HAlignment="Left" VAlignment="Top" align="left" valign="top">5</x:td>
          <x:td id="ID_7022646" HAlignment="Left" VAlignment="Top" align="left" valign="top">
            <x:p id="ID_7022647">ATS Reporting Office (ARO)</x:p>
          </x:td>
          <x:td id="ID_7022648" HAlignment="Left" VAlignment="Top" align="left" valign="top">&nbsp;</x:td>
        </x:tr>
        <x:tr id="ID_7022649">
          <x:td id="ID_7022650" HAlignment="Left" VAlignment="Top" align="left" valign="top">6</x:td>
          <x:td id="ID_7022651" HAlignment="Left" VAlignment="Top" align="left" valign="top">
            <x:p id="ID_7022652">MET Briefing Office</x:p>
          </x:td>
          <x:td id="ID_7022653" HAlignment="Left" VAlignment="Top" align="left" valign="top">&nbsp;</x:td>
        </x:tr>
        <x:tr id="ID_7022654">
          <x:td id="ID_7022655" HAlignment="Left" VAlignment="Top" align="left" valign="top">7</x:td>
          <x:td id="ID_7022656" HAlignment="Left" VAlignment="Top" align="left" valign="top">
            <x:p id="ID_7022657">Air Traffic Service</x:p>
          </x:td>
          <x:td id="ID_7022658" HAlignment="Left" VAlignment="Top" align="left" valign="top">&nbsp;</x:td>
        </x:tr>
        <x:tr id="ID_7022659">
          <x:td id="ID_7022660" HAlignment="Left" VAlignment="Top" align="left" valign="top">8</x:td>
          <x:td id="ID_7022661" HAlignment="Left" VAlignment="Top" align="left" valign="top">
            <x:p id="ID_7022662">Fuelling</x:p>
          </x:td>
          <x:td id="ID_7022663" HAlignment="Left" VAlignment="Top" align="left" valign="top">&nbsp;</x:td>
        </x:tr>
        <x:tr id="ID_7022664">
          <x:td id="ID_7022665" HAlignment="Left" VAlignment="Top" align="left" valign="top">9</x:td>
          <x:td id="ID_7022666" HAlignment="Left" VAlignment="Top" align="left" valign="top">
            <x:p id="ID_7022667">Handling</x:p>
          </x:td>
          <x:td id="ID_7022668" HAlignment="Left" VAlignment="Top" align="left" valign="top">&nbsp;</x:td>
        </x:tr>
        <x:tr id="ID_7022669">
          <x:td id="ID_7022670" HAlignment="Left" VAlignment="Top" align="left" valign="top">10</x:td>
          <x:td id="ID_7022671" HAlignment="Left" VAlignment="Top" align="left" valign="top">
            <x:p id="ID_7022672">Security</x:p>
          </x:td>
          <x:td id="ID_7022673" HAlignment="Left" VAlignment="Top" align="left" valign="top">&nbsp;</x:td>
        </x:tr>
        <x:tr id="ID_7022674">
          <x:td id="ID_7022675" HAlignment="Left" VAlignment="Top" align="left" valign="top">11</x:td>
          <x:td id="ID_7022676" HAlignment="Left" VAlignment="Top" align="left" valign="top">
            <x:p id="ID_7022677">De-icing</x:p>
          </x:td>
          <x:td id="ID_7022678" HAlignment="Left" VAlignment="Top" align="left" valign="top">&nbsp;</x:td>
        </x:tr>
        <x:tr id="ID_7022679">
          <x:td id="ID_7022680" HAlignment="Left" VAlignment="Top" align="left" valign="top">12</x:td>
          <x:td id="ID_7022681" HAlignment="Left" VAlignment="Top" align="left" valign="top">
            <x:p id="ID_7022682">Remarks</x:p>
          </x:td>
          <x:td id="ID_7022683" HAlignment="Left" VAlignment="Top" align="left" valign="top">&nbsp;</x:td>
        </x:tr>
      </x:tbody>
    </x:table>
  </e:AD-2.3>
  <e:AD-2.4 id="EGKR-AD-2.4" Number="AD 2.4">
    <GreenBorder id="ID_7022685" />
    <e:Title id="ID_7022686">HANDLING&nbsp;SERVICES&nbsp;AND&nbsp;FACILITIES</e:Title>
    <x:table id="ID_7022688" class="">
      <x:tbody id="ID_7022689">
        <x:tr id="ID_7022690">
          <x:td id="ID_7022691" HAlignment="Left" VAlignment="Top" align="left" valign="top">1</x:td>
          <x:td id="ID_7022692" HAlignment="Left" VAlignment="Top" align="left" valign="top">
            <x:p id="ID_7022693">Cargo handling facilities</x:p>
          </x:td>
          <x:td id="ID_7022694" HAlignment="Left" VAlignment="Top" align="left" valign="top">&nbsp;</x:td>
        </x:tr>
        <x:tr id="ID_7022695">
          <x:td id="ID_7022696" HAlignment="Left" VAlignment="Top" align="left" valign="top">2</x:td>
          <x:td id="ID_7022697" HAlignment="Left" VAlignment="Top" align="left" valign="top">
            <x:p id="ID_7022698">Fuel and oil types</x:p>
          </x:td>
          <x:td id="ID_7022699" HAlignment="Left" VAlignment="Top" align="left" valign="top">&nbsp;</x:td>
        </x:tr>
        <x:tr id="ID_7022700">
          <x:td id="ID_7022701" HAlignment="Left" VAlignment="Top" align="left" valign="top">3</x:td>
          <x:td id="ID_7022702" HAlignment="Left" VAlignment="Top" align="left" valign="top">
            <x:p id="ID_7022703">Fuelling facilities/capacity</x:p>
          </x:td>
          <x:td id="ID_7022704" HAlignment="Left" VAlignment="Top" align="left" valign="top">&nbsp;</x:td>
        </x:tr>
        <x:tr id="ID_7022705">
          <x:td id="ID_7022706" HAlignment="Left" VAlignment="Top" align="left" valign="top">4</x:td>
          <x:td id="ID_7022707" HAlignment="Left" VAlignment="Top" align="left" valign="top">
            <x:p id="ID_7022708">De-icing facilities</x:p>
          </x:td>
          <x:td id="ID_7022709" HAlignment="Left" VAlignment="Top" align="left" valign="top">&nbsp;</x:td>
        </x:tr>
        <x:tr id="ID_7022710">
          <x:td id="ID_7022711" HAlignment="Left" VAlignment="Top" align="left" valign="top">5</x:td>
          <x:td id="ID_7022712" HAlignment="Left" VAlignment="Top" align="left" valign="top">
            <x:p id="ID_7022713">Hangar space for visiting aircraft</x:p>
          </x:td>
          <x:td id="ID_7022714" HAlignment="Left" VAlignment="Top" align="left" valign="top">&nbsp;</x:td>
        </x:tr>
        <x:tr id="ID_7022715">
          <x:td id="ID_7022716" HAlignment="Left" VAlignment="Top" align="left" valign="top">6</x:td>
          <x:td id="ID_7022717" HAlignment="Left" VAlignment="Top" align="left" valign="top">
            <x:p id="ID_7022718">Repair facilities for visiting aircraft</x:p>
          </x:td>
          <x:td id="ID_7022719" HAlignment="Left" VAlignment="Top" align="left" valign="top">&nbsp;</x:td>
        </x:tr>
        <x:tr id="ID_7022720">
          <x:td id="ID_7022721" HAlignment="Left" VAlignment="Top" align="left" valign="top">7</x:td>
          <x:td id="ID_7022722" HAlignment="Left" VAlignment="Top" align="left" valign="top">
            <x:p id="ID_7022723">Remarks</x:p>
          </x:td>
          <x:td id="ID_7022724" HAlignment="Left" VAlignment="Top" align="left" valign="top">&nbsp;</x:td>
        </x:tr>
      </x:tbody>
    </x:table>
  </e:AD-2.4>
  <e:AD-2.5 id="EGKR-AD-2.5" Number="AD 2.5">
    <GreenBorder id="ID_7022726" />
    <e:Title id="ID_7022727">PASSENGER&nbsp;FACILITIES</e:Title>
    <x:table id="ID_7022729" class="">
      <x:tbody id="ID_7022730">
        <x:tr id="ID_7022731">
          <x:td id="ID_7022732" HAlignment="Left" VAlignment="Top" align="left" valign="top">1</x:td>
          <x:td id="ID_7022733" HAlignment="Left" VAlignment="Top" align="left" valign="top">
            <x:p id="ID_7022734">Hotels</x:p>
          </x:td>
          <x:td id="ID_7022735" HAlignment="Left" VAlignment="Top" align="left" valign="top">&nbsp;</x:td>
        </x:tr>
        <x:tr id="ID_7022736">
          <x:td id="ID_7022737" HAlignment="Left" VAlignment="Top" align="left" valign="top">2</x:td>
          <x:td id="ID_7022738" HAlignment="Left" VAlignment="Top" align="left" valign="top">
            <x:p id="ID_7022739">Restaurants</x:p>
          </x:td>
          <x:td id="ID_7022740" HAlignment="Left" VAlignment="Top" align="left" valign="top">&nbsp;</x:td>
        </x:tr>
        <x:tr id="ID_7022741">
          <x:td id="ID_7022742" HAlignment="Left" VAlignment="Top" align="left" valign="top">3</x:td>
          <x:td id="ID_7022743" HAlignment="Left" VAlignment="Top" align="left" valign="top">
            <x:p id="ID_7022744">Transportation</x:p>
          </x:td>
          <x:td id="ID_7022745" HAlignment="Left" VAlignment="Top" align="left" valign="top">&nbsp;</x:td>
        </x:tr>
        <x:tr id="ID_7022746">
          <x:td id="ID_7022747" HAlignment="Left" VAlignment="Top" align="left" valign="top">4</x:td>
          <x:td id="ID_7022748" HAlignment="Left" VAlignment="Top" align="left" valign="top">
            <x:p id="ID_7022749">Medical facilities</x:p>
          </x:td>
          <x:td id="ID_7022750" HAlignment="Left" VAlignment="Top" align="left" valign="top">&nbsp;</x:td>
        </x:tr>
        <x:tr id="ID_7022751">
          <x:td id="ID_7022752" HAlignment="Left" VAlignment="Top" align="left" valign="top">5</x:td>
          <x:td id="ID_7022753" HAlignment="Left" VAlignment="Top" align="left" valign="top">
            <x:p id="ID_7022754">Bank and Post Office</x:p>
          </x:td>
          <x:td id="ID_7022755" HAlignment="Left" VAlignment="Top" align="left" valign="top">&nbsp;</x:td>
        </x:tr>
        <x:tr id="ID_7022756">
          <x:td id="ID_7022757" HAlignment="Left" VAlignment="Top" align="left" valign="top">6</x:td>
          <x:td id="ID_7022758" HAlignment="Left" VAlignment="Top" align="left" valign="top">
            <x:p id="ID_7022759">Tourist Office</x:p>
          </x:td>
          <x:td id="ID_7022760" HAlignment="Left" VAlignment="Top" align="left" valign="top">&nbsp;</x:td>
        </x:tr>
        <x:tr id="ID_7022761">
          <x:td id="ID_7022762" HAlignment="Left" VAlignment="Top" align="left" valign="top">7</x:td>
          <x:td id="ID_7022763" HAlignment="Left" VAlignment="Top" align="left" valign="top">
            <x:p id="ID_7022764">Remarks</x:p>
          </x:td>
          <x:td id="ID_7022765" HAlignment="Left" VAlignment="Top" align="left" valign="top">&nbsp;</x:td>
        </x:tr>
      </x:tbody>
    </x:table>
  </e:AD-2.5>
  <e:AD-2.6 id="EGKR-AD-2.6" Number="AD 2.6">
    <GreenBorder id="ID_7022767" />
    <e:Title id="ID_7022768">RESCUE&nbsp;AND&nbsp;FIRE&nbsp;FIGHTING&nbsp;SERVICES</e:Title>
    <x:table id="ID_7022770" class="">
      <x:tbody id="ID_7022771">
        <x:tr id="ID_7022772">
          <x:td id="ID_7022773" HAlignment="Left" VAlignment="Top" align="left" valign="top">1</x:td>
          <x:td id="ID_7022774" HAlignment="Left" VAlignment="Top" align="left" valign="top">
            <x:p id="ID_7022775">AD category for fire fighting</x:p>
          </x:td>
          <x:td id="ID_7022776" HAlignment="Left" VAlignment="Top" align="left" valign="top">&nbsp;</x:td>
        </x:tr>
        <x:tr id="ID_7022777">
          <x:td id="ID_7022778" HAlignment="Left" VAlignment="Top" align="left" valign="top">2</x:td>
          <x:td id="ID_7022779" HAlignment="Left" VAlignment="Top" align="left" valign="top">
            <x:p id="ID_7022780">Rescue equipment</x:p>
          </x:td>
          <x:td id="ID_7022781" HAlignment="Left" VAlignment="Top" align="left" valign="top">&nbsp;</x:td>
        </x:tr>
        <x:tr id="ID_7022782">
          <x:td id="ID_7022783" HAlignment="Left" VAlignment="Top" align="left" valign="top">3</x:td>
          <x:td id="ID_7022784" HAlignment="Left" VAlignment="Top" align="left" valign="top">
            <x:p id="ID_7022785">Capability for removal of disabled aircraft</x:p>
          </x:td>
          <x:td id="ID_7022786" HAlignment="Left" VAlignment="Top" align="left" valign="top">&nbsp;</x:td>
        </x:tr>
        <x:tr id="ID_7022787">
          <x:td id="ID_7022788" HAlignment="Left" VAlignment="Top" align="left" valign="top">4</x:td>
          <x:td id="ID_7022789" HAlignment="Left" VAlignment="Top" align="left" valign="top">
            <x:p id="ID_7022790">Remarks</x:p>
          </x:td>
          <x:td id="ID_7022791" HAlignment="Left" VAlignment="Top" align="left" valign="top">&nbsp;</x:td>
        </x:tr>
      </x:tbody>
    </x:table>
  </e:AD-2.6>
  <e:AD-2.7 id="EGKR-AD-2.7" Number="AD 2.7">
    <GreenBorder id="ID_7022793" />
    <e:Title id="ID_7022794">SEASONAL&nbsp;AVAILABILITY&nbsp;-&nbsp;CLEARING</e:Title>
    <x:table id="ID_7022796" class="">
      <x:tbody id="ID_7022797">
        <x:tr id="ID_7022798">
          <x:td id="ID_7022799" HAlignment="Left" VAlignment="Top" align="left" valign="top">1</x:td>
          <x:td id="ID_7022800" HAlignment="Left" VAlignment="Top" align="left" valign="top">
            <x:p id="ID_7022801">Types of clearing equipment</x:p>
          </x:td>
          <x:td id="ID_7022802" HAlignment="Left" VAlignment="Top" align="left" valign="top">&nbsp;</x:td>
        </x:tr>
        <x:tr id="ID_7022803">
          <x:td id="ID_7022804" HAlignment="Left" VAlignment="Top" align="left" valign="top">2</x:td>
          <x:td id="ID_7022805" HAlignment="Left" VAlignment="Top" align="left" valign="top">
            <x:p id="ID_7022806">Clearance priorities</x:p>
          </x:td>
          <x:td id="ID_7022807" HAlignment="Left" VAlignment="Top" align="left" valign="top">&nbsp;</x:td>
        </x:tr>
        <x:tr id="ID_7022808">
          <x:td id="ID_7022809" HAlignment="Left" VAlignment="Top" align="left" valign="top">3</x:td>
          <x:td id="ID_7022810" HAlignment="Left" VAlignment="Top" align="left" valign="top">
            <x:p id="ID_7022811">Remarks</x:p>
          </x:td>
          <x:td id="ID_7022812" HAlignment="Left" VAlignment="Top" align="left" valign="top">&nbsp;</x:td>
        </x:tr>
      </x:tbody>
    </x:table>
  </e:AD-2.7>
  <e:AD-2.8 id="EGKR-AD-2.8" Number="AD 2.8">
    <GreenBorder id="ID_7022814" />
    <e:Title id="ID_7022815">APRONS,&nbsp;TAXIWAYS&nbsp;AND&nbsp;CHECK&nbsp;LOCATIONS/POSITIONS&nbsp;DATA</e:Title>
    <x:table id="ID_7022817" class="">
      <x:tbody id="ID_7022818">
        <x:tr id="ID_7022819">
          <x:td id="ID_7022820" HAlignment="Left" VAlignment="Top" align="left" valign="top">1</x:td>
          <x:td id="ID_7022821" HAlignment="Left" VAlignment="Top" align="left" valign="top">
            <x:p id="ID_7022822">Apron surface and strength</x:p>
          </x:td>
          <x:td id="ID_7022823" HAlignment="Left" VAlignment="Top" align="left" valign="top">&nbsp;</x:td>
        </x:tr>
        <x:tr id="ID_7022824">
          <x:td id="ID_7022825" HAlignment="Left" VAlignment="Top" align="left" valign="top">2</x:td>
          <x:td id="ID_7022826" HAlignment="Left" VAlignment="Top" align="left" valign="top">
            <x:p id="ID_7022827">Taxiway width, surface and strength</x:p>
          </x:td>
          <x:td id="ID_7022828" HAlignment="Left" VAlignment="Top" align="left" valign="top">&nbsp;</x:td>
        </x:tr>
        <x:tr id="ID_7022829">
          <x:td id="ID_7022830" HAlignment="Left" VAlignment="Top" align="left" valign="top">3</x:td>
          <x:td id="ID_7022831" HAlignment="Left" VAlignment="Top" align="left" valign="top">
            <x:p id="ID_7022832">Altimeter checkpoint location and elevation</x:p>
          </x:td>
          <x:td id="ID_7022833" HAlignment="Left" VAlignment="Top" align="left" valign="top">&nbsp;</x:td>
        </x:tr>
        <x:tr id="ID_7022834">
          <x:td id="ID_7022835" HAlignment="Left" VAlignment="Top" align="left" valign="top">4</x:td>
          <x:td id="ID_7022836" HAlignment="Left" VAlignment="Top" align="left" valign="top">
            <x:p id="ID_7022837">VOR checkpoints</x:p>
          </x:td>
          <x:td id="ID_7022838" HAlignment="Left" VAlignment="Top" align="left" valign="top">&nbsp;</x:td>
        </x:tr>
        <x:tr id="ID_7022839">
          <x:td id="ID_7022840" HAlignment="Left" VAlignment="Top" align="left" valign="top">5</x:td>
          <x:td id="ID_7022841" HAlignment="Left" VAlignment="Top" align="left" valign="top">
            <x:p id="ID_7022842">INS checkpoints</x:p>
          </x:td>
          <x:td id="ID_7022843" HAlignment="Left" VAlignment="Top" align="left" valign="top">&nbsp;</x:td>
        </x:tr>
        <x:tr id="ID_7022844">
          <x:td id="ID_7022845" HAlignment="Left" VAlignment="Top" align="left" valign="top">6</x:td>
          <x:td id="ID_7022846" HAlignment="Left" VAlignment="Top" align="left" valign="top">
            <x:p id="ID_7022847">Remarks</x:p>
          </x:td>
          <x:td id="ID_7022848" HAlignment="Left" VAlignment="Top" align="left" valign="top">&nbsp;</x:td>
        </x:tr>
      </x:tbody>
    </x:table>
  </e:AD-2.8>
  <e:AD-2.9 id="EGKR-AD-2.9" Number="AD 2.9">
    <GreenBorder id="ID_7022850" />
    <e:Title id="ID_7022851">SURFACE&nbsp;MOVEMENT&nbsp;GUIDANCE&nbsp;AND&nbsp;CONTROL&nbsp;SYSTEM&nbsp;AND&nbsp;MARKINGS</e:Title>
    <x:table id="ID_7022853" class="">
      <x:tbody id="ID_7022854">
        <x:tr id="ID_7022855">
          <x:td id="ID_7022856" HAlignment="Left" VAlignment="Top" align="left" valign="top">1</x:td>
          <x:td id="ID_7022857" HAlignment="Left" VAlignment="Top" align="left" valign="top">
            <x:p id="ID_7022858">Use of aircraft stand ID signs, TWY guide lines and visual docking/parking guidance system of aircraft stands</x:p>
          </x:td>
          <x:td id="ID_7022859" HAlignment="Left" VAlignment="Top" align="left" valign="top">&nbsp;</x:td>
        </x:tr>
        <x:tr id="ID_7022860">
          <x:td id="ID_7022861" HAlignment="Left" VAlignment="Top" align="left" valign="top">2</x:td>
          <x:td id="ID_7022862" HAlignment="Left" VAlignment="Top" align="left" valign="top">
            <x:p id="ID_7022863">Runway and taxiway markings and lighting</x:p>
          </x:td>
          <x:td id="ID_7022864" HAlignment="Left" VAlignment="Top" align="left" valign="top">&nbsp;</x:td>
        </x:tr>
        <x:tr id="ID_7022865">
          <x:td id="ID_7022866" HAlignment="Left" VAlignment="Top" align="left" valign="top">3</x:td>
          <x:td id="ID_7022867" HAlignment="Left" VAlignment="Top" align="left" valign="top">
            <x:p id="ID_7022868">Stop bars</x:p>
          </x:td>
          <x:td id="ID_7022869" HAlignment="Left" VAlignment="Top" align="left" valign="top">&nbsp;</x:td>
        </x:tr>
        <x:tr id="ID_7022870">
          <x:td id="ID_7022871" HAlignment="Left" VAlignment="Top" align="left" valign="top">4</x:td>
          <x:td id="ID_7022872" HAlignment="Left" VAlignment="Top" align="left" valign="top">
            <x:p id="ID_7022873">Remarks</x:p>
          </x:td>
          <x:td id="ID_7022874" HAlignment="Left" VAlignment="Top" align="left" valign="top">&nbsp;</x:td>
        </x:tr>
      </x:tbody>
    </x:table>
  </e:AD-2.9>
  <e:AD-2.10 id="EGKR-AD-2.10" Number="AD 2.10">
    <GreenBorder id="ID_7022876" />
    <e:Title id="ID_7022877">AERODROME&nbsp;OBSTACLES</e:Title>
    <x:table id="ID_7022879" class="">
      <x:thead id="ID_7022880">
        <x:tr id="ID_7022881">
          <x:th id="ID_7022882" HAlignment="Center" VAlignment="Top" colspan="6" align="center" valign="top">
            <x:p id="ID_7022883">In Approach/Take-off areas</x:p>
          </x:th>
        </x:tr>
        <x:tr id="ID_7022884">
          <x:th id="ID_7022885" HAlignment="Left" VAlignment="Top" align="left" valign="top">
            <x:p id="ID_7022886">Obstacle ID/Designation</x:p>
          </x:th>
          <x:th id="ID_7022887" HAlignment="Left" VAlignment="Top" align="left" valign="top">
            <x:p id="ID_7022888">Obstacle Type</x:p>
          </x:th>
          <x:th id="ID_7022889" HAlignment="Left" VAlignment="Top" align="left" valign="top">
            <x:p id="ID_7022890">Obstacle Position</x:p>
          </x:th>
          <x:th id="ID_7022891" HAlignment="Left" VAlignment="Top" align="left" valign="top">
            <x:p id="ID_7022892">Elevation/Height</x:p>
          </x:th>
          <x:th id="ID_7022893" HAlignment="Left" VAlignment="Top" align="left" valign="top">
            <x:p id="ID_7022894">Obstruction Lighting Type/Colour</x:p>
          </x:th>
          <x:th id="ID_7022895" HAlignment="Left" VAlignment="Top" align="left" valign="top">
            <x:p id="ID_7022896">Remarks</x:p>
          </x:th>
        </x:tr>
        <x:tr id="ID_7022897">
          <x:th id="ID_7022898" HAlignment="Left" VAlignment="Top" align="left" valign="top">1</x:th>
          <x:th id="ID_7022899" HAlignment="Left" VAlignment="Top" align="left" valign="top">2</x:th>
          <x:th id="ID_7022900" HAlignment="Left" VAlignment="Top" align="left" valign="top">3</x:th>
          <x:th id="ID_7022901" HAlignment="Left" VAlignment="Top" align="left" valign="top">4</x:th>
          <x:th id="ID_7022902" HAlignment="Left" VAlignment="Top" align="left" valign="top">5</x:th>
          <x:th id="ID_7022903" HAlignment="Left" VAlignment="Top" align="left" valign="top">6</x:th>
        </x:tr>
      </x:thead>
      <x:tbody id="ID_7022904">
        <x:tr id="ID_7022905">
          <x:td id="ID_7022906" HAlignment="Left" VAlignment="Top" align="left" valign="top">&nbsp;</x:td>
          <x:td id="ID_7022907" HAlignment="Left" VAlignment="Top" align="left" valign="top">&nbsp;</x:td>
          <x:td id="ID_7022908" HAlignment="Left" VAlignment="Top" align="left" valign="top">&nbsp;</x:td>
          <x:td id="ID_7022909" HAlignment="Left" VAlignment="Top" align="left" valign="top">&nbsp;</x:td>
          <x:td id="ID_7022910" HAlignment="Left" VAlignment="Top" align="left" valign="top">&nbsp;</x:td>
          <x:td id="ID_7022911" HAlignment="Left" VAlignment="Top" align="left" valign="top">&nbsp;</x:td>
        </x:tr>
      </x:tbody>
    </x:table>
    <x:table id="ID_7022913" class="">
      <x:thead id="ID_7022914">
        <x:tr id="ID_7022915">
          <x:th id="ID_7022916" HAlignment="Center" VAlignment="Top" colspan="6" align="center" valign="top">
            <x:p id="ID_7022917">In circling area and at aerodrome</x:p>
          </x:th>
        </x:tr>
        <x:tr id="ID_7022918">
          <x:th id="ID_7022919" HAlignment="Left" VAlignment="Top" align="left" valign="top">
            <x:p id="ID_7022920">Obstacle ID/Designation</x:p>
          </x:th>
          <x:th id="ID_7022921" HAlignment="Left" VAlignment="Top" align="left" valign="top">
            <x:p id="ID_7022922">Obstacle Type</x:p>
          </x:th>
          <x:th id="ID_7022923" HAlignment="Left" VAlignment="Top" align="left" valign="top">
            <x:p id="ID_7022924">Obstacle Position</x:p>
          </x:th>
          <x:th id="ID_7022925" HAlignment="Left" VAlignment="Top" align="left" valign="top">
            <x:p id="ID_7022926">Elevation/Height</x:p>
          </x:th>
          <x:th id="ID_7022927" HAlignment="Left" VAlignment="Top" align="left" valign="top">
            <x:p id="ID_7022928">Obstruction Lighting Type/Colour</x:p>
          </x:th>
          <x:th id="ID_7022929" HAlignment="Left" VAlignment="Top" align="left" valign="top">
            <x:p id="ID_7022930">Remarks</x:p>
          </x:th>
        </x:tr>
        <x:tr id="ID_7022931">
          <x:th id="ID_7022932" HAlignment="Left" VAlignment="Top" align="left" valign="top">1</x:th>
          <x:th id="ID_7022933" HAlignment="Left" VAlignment="Top" align="left" valign="top">2</x:th>
          <x:th id="ID_7022934" HAlignment="Left" VAlignment="Top" align="left" valign="top">3</x:th>
          <x:th id="ID_7022935" HAlignment="Left" VAlignment="Top" align="left" valign="top">4</x:th>
          <x:th id="ID_7022936" HAlignment="Left" VAlignment="Top" align="left" valign="top">5</x:th>
          <x:th id="ID_7022937" HAlignment="Left" VAlignment="Top" align="left" valign="top">6</x:th>
        </x:tr>
      </x:thead>
      <x:tbody id="ID_7022938">
        <x:tr id="ID_7022939">
          <x:td id="ID_7022940" HAlignment="Left" VAlignment="Top" align="left" valign="top">&nbsp;</x:td>
          <x:td id="ID_7022941" HAlignment="Left" VAlignment="Top" align="left" valign="top">&nbsp;</x:td>
          <x:td id="ID_7022942" HAlignment="Left" VAlignment="Top" align="left" valign="top">&nbsp;</x:td>
          <x:td id="ID_7022943" HAlignment="Left" VAlignment="Top" align="left" valign="top">&nbsp;</x:td>
          <x:td id="ID_7022944" HAlignment="Left" VAlignment="Top" align="left" valign="top">&nbsp;</x:td>
          <x:td id="ID_7022945" HAlignment="Left" VAlignment="Top" align="left" valign="top">&nbsp;</x:td>
        </x:tr>
      </x:tbody>
    </x:table>
  </e:AD-2.10>
  <e:AD-2.11 id="EGKR-AD-2.11" Number="AD 2.11">
    <GreenBorder id="ID_7022947" />
    <e:Title id="ID_7022948">METEOROLOGICAL&nbsp;INFORMATION&nbsp;PROVIDED</e:Title>
    <x:table id="ID_7022950" class="">
      <x:tbody id="ID_7022951">
        <x:tr id="ID_7022952">
          <x:td id="ID_7022953" HAlignment="Left" VAlignment="Top" align="left" valign="top">1</x:td>
          <x:td id="ID_7022954" HAlignment="Left" VAlignment="Top" align="left" valign="top">
            <x:p id="ID_7022955">Associated MET Office</x:p>
          </x:td>
          <x:td id="ID_7022956" HAlignment="Left" VAlignment="Top" align="left" valign="top">&nbsp;</x:td>
        </x:tr>
        <x:tr id="ID_7022957">
          <x:td id="ID_7022958" HAlignment="Left" VAlignment="Top" align="left" valign="top">2</x:td>
          <x:td id="ID_7022959" HAlignment="Left" VAlignment="Top" align="left" valign="top">
            <x:p id="ID_7022960">Hours of service</x:p>
            <x:p id="ID_7022961">MET Office outside hours</x:p>
          </x:td>
          <x:td id="ID_7022962" HAlignment="Left" VAlignment="Top" align="left" valign="top">&nbsp;</x:td>
        </x:tr>
        <x:tr id="ID_7022963">
          <x:td id="ID_7022964" HAlignment="Left" VAlignment="Top" align="left" valign="top">3</x:td>
          <x:td id="ID_7022965" HAlignment="Left" VAlignment="Top" align="left" valign="top">
            <x:p id="ID_7022966">Office responsible for TAF preparation</x:p>
            <x:p id="ID_7022967">Periods of validity</x:p>
          </x:td>
          <x:td id="ID_7022968" HAlignment="Left" VAlignment="Top" align="left" valign="top">&nbsp;</x:td>
        </x:tr>
        <x:tr id="ID_7022969">
          <x:td id="ID_7022970" HAlignment="Left" VAlignment="Top" align="left" valign="top">4</x:td>
          <x:td id="ID_7022971" HAlignment="Left" VAlignment="Top" align="left" valign="top">
            <x:p id="ID_7022972">Trend forecast</x:p>
            <x:p id="ID_7022973">Interval of issuance</x:p>
          </x:td>
          <x:td id="ID_7022974" HAlignment="Left" VAlignment="Top" align="left" valign="top">&nbsp;</x:td>
        </x:tr>
        <x:tr id="ID_7022975">
          <x:td id="ID_7022976" HAlignment="Left" VAlignment="Top" align="left" valign="top">5</x:td>
          <x:td id="ID_7022977" HAlignment="Left" VAlignment="Top" align="left" valign="top">
            <x:p id="ID_7022978">Briefing/consultation provided</x:p>
          </x:td>
          <x:td id="ID_7022979" HAlignment="Left" VAlignment="Top" align="left" valign="top">&nbsp;</x:td>
        </x:tr>
        <x:tr id="ID_7022980">
          <x:td id="ID_7022981" HAlignment="Left" VAlignment="Top" align="left" valign="top">6</x:td>
          <x:td id="ID_7022982" HAlignment="Left" VAlignment="Top" align="left" valign="top">
            <x:p id="ID_7022983">Flight documentation</x:p>
            <x:p id="ID_7022984">Language(s) used</x:p>
          </x:td>
          <x:td id="ID_7022985" HAlignment="Left" VAlignment="Top" align="left" valign="top">&nbsp;</x:td>
        </x:tr>
        <x:tr id="ID_7022986">
          <x:td id="ID_7022987" HAlignment="Left" VAlignment="Top" align="left" valign="top">7</x:td>
          <x:td id="ID_7022988" HAlignment="Left" VAlignment="Top" align="left" valign="top">
            <x:p id="ID_7022989">Charts and other information available for briefing or consultation</x:p>
          </x:td>
          <x:td id="ID_7022990" HAlignment="Left" VAlignment="Top" align="left" valign="top">&nbsp;</x:td>
        </x:tr>
        <x:tr id="ID_7022991">
          <x:td id="ID_7022992" HAlignment="Left" VAlignment="Top" align="left" valign="top">8</x:td>
          <x:td id="ID_7022993" HAlignment="Left" VAlignment="Top" align="left" valign="top">
            <x:p id="ID_7022994">Supplementary equipment available for providing information</x:p>
          </x:td>
          <x:td id="ID_7022995" HAlignment="Left" VAlignment="Top" align="left" valign="top">&nbsp;</x:td>
        </x:tr>
        <x:tr id="ID_7022996">
          <x:td id="ID_7022997" HAlignment="Left" VAlignment="Top" align="left" valign="top">9</x:td>
          <x:td id="ID_7022998" HAlignment="Left" VAlignment="Top" align="left" valign="top">
            <x:p id="ID_7022999">ATS units provided with information</x:p>
          </x:td>
          <x:td id="ID_7023000" HAlignment="Left" VAlignment="Top" align="left" valign="top">&nbsp;</x:td>
        </x:tr>
        <x:tr id="ID_7023001">
          <x:td id="ID_7023002" HAlignment="Left" VAlignment="Top" align="left" valign="top">10</x:td>
          <x:td id="ID_7023003" HAlignment="Left" VAlignment="Top" align="left" valign="top">
            <x:p id="ID_7023004">Additional information (limitation of service, etc.)</x:p>
          </x:td>
          <x:td id="ID_7023005" HAlignment="Left" VAlignment="Top" align="left" valign="top">&nbsp;</x:td>
        </x:tr>
      </x:tbody>
    </x:table>
  </e:AD-2.11>
  <e:AD-2.12 id="EGKR-AD-2.12" Number="AD 2.12">
    <GreenBorder id="ID_7023007" />
    <e:Title id="ID_7023008">RUNWAY&nbsp;PHYSICAL&nbsp;CHARACTERISTICS</e:Title>
    <x:table id="ID_7023010" class="">
      <x:thead id="ID_7023011">
        <x:tr id="ID_7023012">
          <x:th id="ID_7023013" HAlignment="Left" VAlignment="Top" align="left" valign="top">
            <x:p id="ID_7023014">Designations RWY Number</x:p>
          </x:th>
          <x:th id="ID_7023015" HAlignment="Left" VAlignment="Top" align="left" valign="top">
            <x:p id="ID_7023016">True bearing</x:p>
          </x:th>
          <x:th id="ID_7023017" HAlignment="Left" VAlignment="Top" align="left" valign="top">
            <x:p id="ID_7023018">Dimensions of RWY</x:p>
          </x:th>
          <x:th id="ID_7023019" HAlignment="Left" VAlignment="Top" align="left" valign="top">
            <x:p id="ID_7023020">Surface of RWY/ SWY/ </x:p>
            <x:p id="ID_7023021">Strength (PCN)</x:p>
          </x:th>
          <x:th id="ID_7023022" HAlignment="Left" VAlignment="Top" align="left" valign="top">
            <x:p id="ID_7023023">THR co-ordinates/</x:p>
            <x:p id="ID_7023024">THR Geoid undulation</x:p>
          </x:th>
          <x:th id="ID_7023025" HAlignment="Left" VAlignment="Top" align="left" valign="top">
            <x:p id="ID_7023026">THR elevation/ Highest elevation of TDZ of precision APP RWY</x:p>
          </x:th>
        </x:tr>
        <x:tr id="ID_7023027">
          <x:th id="ID_7023028" HAlignment="Left" VAlignment="Top" align="left" valign="top">1</x:th>
          <x:th id="ID_7023029" HAlignment="Left" VAlignment="Top" align="left" valign="top">2</x:th>
          <x:th id="ID_7023030" HAlignment="Left" VAlignment="Top" align="left" valign="top">3</x:th>
          <x:th id="ID_7023031" HAlignment="Left" VAlignment="Top" align="left" valign="top">4</x:th>
          <x:th id="ID_7023032" HAlignment="Left" VAlignment="Top" align="left" valign="top">5</x:th>
          <x:th id="ID_7023033" HAlignment="Left" VAlignment="Top" align="left" valign="top">6</x:th>
        </x:tr>
      </x:thead>
      <x:tbody id="ID_7023034">
        <x:tr id="ID_7023035">
          <x:td id="ID_7023036" HAlignment="Left" VAlignment="Top" align="left" valign="top">&nbsp;</x:td>
          <x:td id="ID_7023037" HAlignment="Left" VAlignment="Top" align="left" valign="top">&nbsp;</x:td>
          <x:td id="ID_7023038" HAlignment="Left" VAlignment="Top" align="left" valign="top">&nbsp;</x:td>
          <x:td id="ID_7023039" HAlignment="Left" VAlignment="Top" align="left" valign="top">&nbsp;</x:td>
          <x:td id="ID_7023040" HAlignment="Left" VAlignment="Top" align="left" valign="top">&nbsp;</x:td>
          <x:td id="ID_7023041" HAlignment="Left" VAlignment="Top" align="left" valign="top">&nbsp;</x:td>
        </x:tr>
        <x:tr id="ID_7023042">
          <x:td id="ID_7023043" HAlignment="Left" VAlignment="Top" align="left" valign="top">&nbsp;</x:td>
          <x:td id="ID_7023044" HAlignment="Left" VAlignment="Top" align="left" valign="top">&nbsp;</x:td>
          <x:td id="ID_7023045" HAlignment="Left" VAlignment="Top" align="left" valign="top">&nbsp;</x:td>
          <x:td id="ID_7023046" HAlignment="Left" VAlignment="Top" align="left" valign="top">&nbsp;</x:td>
          <x:td id="ID_7023047" HAlignment="Left" VAlignment="Top" align="left" valign="top">&nbsp;</x:td>
          <x:td id="ID_7023048" HAlignment="Left" VAlignment="Top" align="left" valign="top">&nbsp;</x:td>
        </x:tr>
      </x:tbody>
    </x:table>
    <x:table id="ID_7023050" class="">
      <x:thead id="ID_7023051">
        <x:tr id="ID_7023052">
          <x:th id="ID_7023053" HAlignment="Left" VAlignment="Top" colspan="3" align="left" valign="top">
            <x:p id="ID_7023054">Slope of RWY/</x:p>
            <x:p id="ID_7023055">SWY</x:p>
          </x:th>
          <x:th id="ID_7023056" HAlignment="Left" VAlignment="Top" align="left" valign="top">
            <x:p id="ID_7023057">SWY dimensions</x:p>
          </x:th>
          <x:th id="ID_7023058" HAlignment="Left" VAlignment="Top" align="left" valign="top">
            <x:p id="ID_7023059">Clearway dimensions</x:p>
          </x:th>
          <x:th id="ID_7023060" HAlignment="Left" VAlignment="Top" align="left" valign="top">
            <x:p id="ID_7023061">Strip dimensions</x:p>
          </x:th>
          <x:th id="ID_7023062" HAlignment="Left" VAlignment="Top" align="left" valign="top">
            <x:p id="ID_7023063">OFZ</x:p>
          </x:th>
          <x:th id="ID_7023064" HAlignment="Left" VAlignment="Top" align="left" valign="top">
            <x:p id="ID_7023065">Remarks</x:p>
          </x:th>
        </x:tr>
        <x:tr id="ID_7023066">
          <x:th id="ID_7023067" HAlignment="Left" VAlignment="Top" colspan="3" align="left" valign="top">7</x:th>
          <x:th id="ID_7023068" HAlignment="Left" VAlignment="Top" align="left" valign="top">8</x:th>
          <x:th id="ID_7023069" HAlignment="Left" VAlignment="Top" align="left" valign="top">9</x:th>
          <x:th id="ID_7023070" HAlignment="Left" VAlignment="Top" align="left" valign="top">10</x:th>
          <x:th id="ID_7023071" HAlignment="Left" VAlignment="Top" align="left" valign="top">11</x:th>
          <x:th id="ID_7023072" HAlignment="Left" VAlignment="Top" align="left" valign="top">12</x:th>
        </x:tr>
      </x:thead>
      <x:tbody id="ID_7023073">
        <x:tr id="ID_7023074">
          <x:td id="ID_7023075" HAlignment="Left" VAlignment="Top" colspan="3" align="left" valign="top">&nbsp;</x:td>
          <x:td id="ID_7023076" HAlignment="Left" VAlignment="Top" align="left" valign="top">&nbsp;</x:td>
          <x:td id="ID_7023077" HAlignment="Left" VAlignment="Top" align="left" valign="top">&nbsp;</x:td>
          <x:td id="ID_7023078" HAlignment="Left" VAlignment="Top" align="left" valign="top">&nbsp;</x:td>
          <x:td id="ID_7023079" HAlignment="Left" VAlignment="Top" align="left" valign="top">&nbsp;</x:td>
          <x:td id="ID_7023080" HAlignment="Left" VAlignment="Top" align="left" valign="top">&nbsp;</x:td>
        </x:tr>
        <x:tr id="ID_7023081">
          <x:td id="ID_7023082" HAlignment="Left" VAlignment="Top" colspan="3" align="left" valign="top">&nbsp;</x:td>
          <x:td id="ID_7023083" HAlignment="Left" VAlignment="Top" align="left" valign="top">&nbsp;</x:td>
          <x:td id="ID_7023084" HAlignment="Left" VAlignment="Top" align="left" valign="top">&nbsp;</x:td>
          <x:td id="ID_7023085" HAlignment="Left" VAlignment="Top" align="left" valign="top">&nbsp;</x:td>
          <x:td id="ID_7023086" HAlignment="Left" VAlignment="Top" align="left" valign="top">&nbsp;</x:td>
          <x:td id="ID_7023087" HAlignment="Left" VAlignment="Top" align="left" valign="top">&nbsp;</x:td>
        </x:tr>
      </x:tbody>
    </x:table>
  </e:AD-2.12>
  <e:AD-2.13 id="EGKR-AD-2.13" Number="AD 2.13">
    <GreenBorder id="ID_7023089" />
    <e:Title id="ID_7023090">DECLARED&nbsp;DISTANCES</e:Title>
    <x:table id="ID_7023092" class="">
      <x:thead id="ID_7023093">
        <x:tr id="ID_7023094">
          <x:th id="ID_7023095" HAlignment="Left" VAlignment="Top" align="left" valign="top">
            <x:p id="ID_7023096">Runway designator</x:p>
          </x:th>
          <x:th id="ID_7023097" HAlignment="Left" VAlignment="Top" align="left" valign="top">
            <x:p id="ID_7023098">TORA</x:p>
          </x:th>
          <x:th id="ID_7023099" HAlignment="Left" VAlignment="Top" align="left" valign="top">
            <x:p id="ID_7023100">TODA</x:p>
          </x:th>
          <x:th id="ID_7023101" HAlignment="Left" VAlignment="Top" align="left" valign="top">
            <x:p id="ID_7023102">ASDA</x:p>
          </x:th>
          <x:th id="ID_7023103" HAlignment="Left" VAlignment="Top" align="left" valign="top">
            <x:p id="ID_7023104">LDA</x:p>
          </x:th>
          <x:th id="ID_7023105" HAlignment="Left" VAlignment="Top" align="left" valign="top">
            <x:p id="ID_7023106">Remarks</x:p>
          </x:th>
        </x:tr>
        <x:tr id="ID_7023107">
          <x:th id="ID_7023108" HAlignment="Left" VAlignment="Top" align="left" valign="top">1</x:th>
          <x:th id="ID_7023109" HAlignment="Left" VAlignment="Top" align="left" valign="top">2</x:th>
          <x:th id="ID_7023110" HAlignment="Left" VAlignment="Top" align="left" valign="top">3</x:th>
          <x:th id="ID_7023111" HAlignment="Left" VAlignment="Top" align="left" valign="top">4</x:th>
          <x:th id="ID_7023112" HAlignment="Left" VAlignment="Top" align="left" valign="top">5</x:th>
          <x:th id="ID_7023113" HAlignment="Left" VAlignment="Top" align="left" valign="top">6</x:th>
        </x:tr>
      </x:thead>
      <x:tbody id="ID_7023114">
        <x:tr id="ID_7023115">
          <x:td id="ID_7023116" HAlignment="Left" VAlignment="Top" align="left" valign="top">&nbsp;</x:td>
          <x:td id="ID_7023117" HAlignment="Left" VAlignment="Top" align="left" valign="top">&nbsp;</x:td>
          <x:td id="ID_7023118" HAlignment="Left" VAlignment="Top" align="left" valign="top">&nbsp;</x:td>
          <x:td id="ID_7023119" HAlignment="Left" VAlignment="Top" align="left" valign="top">&nbsp;</x:td>
          <x:td id="ID_7023120" HAlignment="Left" VAlignment="Top" align="left" valign="top">&nbsp;</x:td>
          <x:td id="ID_7023121" HAlignment="Left" VAlignment="Top" align="left" valign="top">&nbsp;</x:td>
        </x:tr>
        <x:tr id="ID_7023122">
          <x:td id="ID_7023123" HAlignment="Left" VAlignment="Top" align="left" valign="top">&nbsp;</x:td>
          <x:td id="ID_7023124" HAlignment="Left" VAlignment="Top" align="left" valign="top">&nbsp;</x:td>
          <x:td id="ID_7023125" HAlignment="Left" VAlignment="Top" align="left" valign="top">&nbsp;</x:td>
          <x:td id="ID_7023126" HAlignment="Left" VAlignment="Top" align="left" valign="top">&nbsp;</x:td>
          <x:td id="ID_7023127" HAlignment="Left" VAlignment="Top" align="left" valign="top">&nbsp;</x:td>
          <x:td id="ID_7023128" HAlignment="Left" VAlignment="Top" align="left" valign="top">&nbsp;</x:td>
        </x:tr>
      </x:tbody>
    </x:table>
  </e:AD-2.13>
  <e:AD-2.14 id="EGKR-AD-2.14" Number="AD 2.14">
    <GreenBorder id="ID_7023130" />
    <e:Title id="ID_7023131">APPROACH&nbsp;AND&nbsp;RUNWAY&nbsp;LIGHTING</e:Title>
    <x:table id="ID_7023133" class="">
      <x:thead id="ID_7023134">
        <x:tr id="ID_7023135">
          <x:th id="ID_7023136" HAlignment="Left" VAlignment="Top" align="left" valign="top">
            <x:p id="ID_7023137">RWY</x:p>
          </x:th>
          <x:th id="ID_7023138" HAlignment="Left" VAlignment="Top" align="left" valign="top">
            <x:p id="ID_7023139">Approach Lighting Type/</x:p>
            <x:p id="ID_7023140">Length/</x:p>
            <x:p id="ID_7023141">Intensity</x:p>
          </x:th>
          <x:th id="ID_7023142" HAlignment="Left" VAlignment="Top" align="left" valign="top">
            <x:p id="ID_7023143">Threshold lighting</x:p>
            <x:p id="ID_7023144">Colour/ </x:p>
            <x:p id="ID_7023145">Wing bars</x:p>
          </x:th>
          <x:th id="ID_7023146" HAlignment="Left" VAlignment="Top" align="left" valign="top">
            <x:p id="ID_7023147">VASIS/</x:p>
            <x:p id="ID_7023148">MEHT/</x:p>
            <x:p id="ID_7023149">PAPI</x:p>
          </x:th>
          <x:th id="ID_7023150" HAlignment="Left" VAlignment="Top" align="left" valign="top">
            <x:p id="ID_7023151">TDZ lighting</x:p>
            <x:p id="ID_7023152">Length</x:p>
          </x:th>
          <x:th id="ID_7023153" HAlignment="Left" VAlignment="Top" align="left" valign="top">
            <x:p id="ID_7023154">Runway Centre Line lighting</x:p>
            <x:p id="ID_7023155">Length/</x:p>
            <x:p id="ID_7023156">Spacing/</x:p>
            <x:p id="ID_7023157">Colour/</x:p>
            <x:p id="ID_7023158">Intensity</x:p>
          </x:th>
          <x:th id="ID_7023159" HAlignment="Left" VAlignment="Top" align="left" valign="top">
            <x:p id="ID_7023160">Runway edge lighting</x:p>
            <x:p id="ID_7023161">Length/</x:p>
            <x:p id="ID_7023162">Spacing/</x:p>
            <x:p id="ID_7023163">Colour/</x:p>
            <x:p id="ID_7023164">Intensity</x:p>
          </x:th>
          <x:th id="ID_7023165" HAlignment="Left" VAlignment="Top" align="left" valign="top">
            <x:p id="ID_7023166">Runway end lighting</x:p>
            <x:p id="ID_7023167">Colour/</x:p>
            <x:p id="ID_7023168">Wing bars</x:p>
          </x:th>
          <x:th id="ID_7023169" HAlignment="Left" VAlignment="Top" align="left" valign="top">
            <x:p id="ID_7023170">Stopway lighting</x:p>
            <x:p id="ID_7023171">Length/</x:p>
            <x:p id="ID_7023172">Colour</x:p>
          </x:th>
          <x:th id="ID_7023173" HAlignment="Left" VAlignment="Top" align="left" valign="top">
            <x:p id="ID_7023174">Remarks</x:p>
          </x:th>
        </x:tr>
        <x:tr id="ID_7023175">
          <x:th id="ID_7023176" HAlignment="Left" VAlignment="Top" align="left" valign="top">1</x:th>
          <x:th id="ID_7023177" HAlignment="Left" VAlignment="Top" align="left" valign="top">2</x:th>
          <x:th id="ID_7023178" HAlignment="Left" VAlignment="Top" align="left" valign="top">3</x:th>
          <x:th id="ID_7023179" HAlignment="Left" VAlignment="Top" align="left" valign="top">4</x:th>
          <x:th id="ID_7023180" HAlignment="Left" VAlignment="Top" align="left" valign="top">5</x:th>
          <x:th id="ID_7023181" HAlignment="Left" VAlignment="Top" align="left" valign="top">6</x:th>
          <x:th id="ID_7023182" HAlignment="Left" VAlignment="Top" align="left" valign="top">7</x:th>
          <x:th id="ID_7023183" HAlignment="Left" VAlignment="Top" align="left" valign="top">8</x:th>
          <x:th id="ID_7023184" HAlignment="Left" VAlignment="Top" align="left" valign="top">9</x:th>
          <x:th id="ID_7023185" HAlignment="Left" VAlignment="Top" align="left" valign="top">10</x:th>
        </x:tr>
      </x:thead>
      <x:tbody id="ID_7023186">
        <x:tr id="ID_7023187">
          <x:td id="ID_7023188" HAlignment="Left" VAlignment="Top" align="left" valign="top">&nbsp;</x:td>
          <x:td id="ID_7023189" HAlignment="Left" VAlignment="Top" align="left" valign="top">&nbsp;</x:td>
          <x:td id="ID_7023190" HAlignment="Left" VAlignment="Top" align="left" valign="top">&nbsp;</x:td>
          <x:td id="ID_7023191" HAlignment="Left" VAlignment="Top" align="left" valign="top">&nbsp;</x:td>
          <x:td id="ID_7023192" HAlignment="Left" VAlignment="Top" align="left" valign="top">&nbsp;</x:td>
          <x:td id="ID_7023193" HAlignment="Left" VAlignment="Top" align="left" valign="top">&nbsp;</x:td>
          <x:td id="ID_7023194" HAlignment="Left" VAlignment="Top" align="left" valign="top">&nbsp;</x:td>
          <x:td id="ID_7023195" HAlignment="Left" VAlignment="Top" align="left" valign="top">&nbsp;</x:td>
          <x:td id="ID_7023196" HAlignment="Left" VAlignment="Top" align="left" valign="top">&nbsp;</x:td>
          <x:td id="ID_7023197" HAlignment="Left" VAlignment="Top" align="left" valign="top">&nbsp;</x:td>
        </x:tr>
        <x:tr id="ID_7023198">
          <x:td id="ID_7023199" HAlignment="Left" VAlignment="Top" align="left" valign="top">&nbsp;</x:td>
          <x:td id="ID_7023200" HAlignment="Left" VAlignment="Top" align="left" valign="top">&nbsp;</x:td>
          <x:td id="ID_7023201" HAlignment="Left" VAlignment="Top" align="left" valign="top">&nbsp;</x:td>
          <x:td id="ID_7023202" HAlignment="Left" VAlignment="Top" align="left" valign="top">&nbsp;</x:td>
          <x:td id="ID_7023203" HAlignment="Left" VAlignment="Top" align="left" valign="top">&nbsp;</x:td>
          <x:td id="ID_7023204" HAlignment="Left" VAlignment="Top" align="left" valign="top">&nbsp;</x:td>
          <x:td id="ID_7023205" HAlignment="Left" VAlignment="Top" align="left" valign="top">&nbsp;</x:td>
          <x:td id="ID_7023206" HAlignment="Left" VAlignment="Top" align="left" valign="top">&nbsp;</x:td>
          <x:td id="ID_7023207" HAlignment="Left" VAlignment="Top" align="left" valign="top">&nbsp;</x:td>
          <x:td id="ID_7023208" HAlignment="Left" VAlignment="Top" align="left" valign="top">&nbsp;</x:td>
        </x:tr>
      </x:tbody>
    </x:table>
  </e:AD-2.14>
  <e:AD-2.15 id="EGKR-AD-2.15" Number="AD 2.15">
    <GreenBorder id="ID_7023210" />
    <e:Title id="ID_7023211">OTHER&nbsp;LIGHTING,&nbsp;SECONDARY&nbsp;POWER&nbsp;SUPPLY</e:Title>
    <x:table id="ID_7023213" class="">
      <x:tbody id="ID_7023214">
        <x:tr id="ID_7023215">
          <x:td id="ID_7023216" HAlignment="Left" VAlignment="Top" align="left" valign="top">1</x:td>
          <x:td id="ID_7023217" HAlignment="Left" VAlignment="Top" align="left" valign="top">
            <x:p id="ID_7023218">ABN/IBN location, characteristics and hours of operation</x:p>
          </x:td>
          <x:td id="ID_7023219" HAlignment="Left" VAlignment="Top" align="left" valign="top">&nbsp;</x:td>
        </x:tr>
        <x:tr id="ID_7023220">
          <x:td id="ID_7023221" HAlignment="Left" VAlignment="Top" align="left" valign="top">2</x:td>
          <x:td id="ID_7023222" HAlignment="Left" VAlignment="Top" align="left" valign="top">
            <x:p id="ID_7023223">LDI location and lighting</x:p>
            <x:p id="ID_7023224">Anemometer location and lighting</x:p>
          </x:td>
          <x:td id="ID_7023225" HAlignment="Left" VAlignment="Top" align="left" valign="top">&nbsp;</x:td>
        </x:tr>
        <x:tr id="ID_7023226">
          <x:td id="ID_7023227" HAlignment="Left" VAlignment="Top" align="left" valign="top">3</x:td>
          <x:td id="ID_7023228" HAlignment="Left" VAlignment="Top" align="left" valign="top">
            <x:p id="ID_7023229">TWY edge and centre line lighting</x:p>
          </x:td>
          <x:td id="ID_7023230" HAlignment="Left" VAlignment="Top" align="left" valign="top">&nbsp;</x:td>
        </x:tr>
        <x:tr id="ID_7023231">
          <x:td id="ID_7023232" HAlignment="Left" VAlignment="Top" align="left" valign="top">4</x:td>
          <x:td id="ID_7023233" HAlignment="Left" VAlignment="Top" align="left" valign="top">
            <x:p id="ID_7023234">Secondary power supply/switch-over time</x:p>
          </x:td>
          <x:td id="ID_7023235" HAlignment="Left" VAlignment="Top" align="left" valign="top">&nbsp;</x:td>
        </x:tr>
        <x:tr id="ID_7023236">
          <x:td id="ID_7023237" HAlignment="Left" VAlignment="Top" align="left" valign="top">5</x:td>
          <x:td id="ID_7023238" HAlignment="Left" VAlignment="Top" align="left" valign="top">
            <x:p id="ID_7023239">Remarks</x:p>
          </x:td>
          <x:td id="ID_7023240" HAlignment="Left" VAlignment="Top" align="left" valign="top">&nbsp;</x:td>
        </x:tr>
      </x:tbody>
    </x:table>
  </e:AD-2.15>
  <e:AD-2.16 id="EGKR-AD-2.16" Number="AD 2.16">
    <GreenBorder id="ID_7023242" />
    <e:Title id="ID_7023243">HELICOPTER&nbsp;LANDING&nbsp;AREA</e:Title>
    <x:table id="ID_7023245" class="">
      <x:tbody id="ID_7023246">
        <x:tr id="ID_7023247">
          <x:td id="ID_7023248" HAlignment="Left" VAlignment="Top" align="left" valign="top">1</x:td>
          <x:td id="ID_7023249" HAlignment="Left" VAlignment="Top" align="left" valign="top">
            <x:p id="ID_7023250">Coordinates TLOF or THR of FATO</x:p>
            <x:p id="ID_7023251">Geoid undulation</x:p>
          </x:td>
          <x:td id="ID_7023252" HAlignment="Left" VAlignment="Top" align="left" valign="top">&nbsp;</x:td>
        </x:tr>
        <x:tr id="ID_7023253">
          <x:td id="ID_7023254" HAlignment="Left" VAlignment="Top" align="left" valign="top">2</x:td>
          <x:td id="ID_7023255" HAlignment="Left" VAlignment="Top" align="left" valign="top">
            <x:p id="ID_7023256">TLOF and/or FATO elevation M/FT</x:p>
          </x:td>
          <x:td id="ID_7023257" HAlignment="Left" VAlignment="Top" align="left" valign="top">&nbsp;</x:td>
        </x:tr>
        <x:tr id="ID_7023258">
          <x:td id="ID_7023259" HAlignment="Left" VAlignment="Top" align="left" valign="top">3</x:td>
          <x:td id="ID_7023260" HAlignment="Left" VAlignment="Top" align="left" valign="top">
            <x:p id="ID_7023261">TLOF and FATO area dimensions, surface, strength, marking</x:p>
          </x:td>
          <x:td id="ID_7023262" HAlignment="Left" VAlignment="Top" align="left" valign="top">&nbsp;</x:td>
        </x:tr>
        <x:tr id="ID_7023263">
          <x:td id="ID_7023264" HAlignment="Left" VAlignment="Top" align="left" valign="top">4</x:td>
          <x:td id="ID_7023265" HAlignment="Left" VAlignment="Top" align="left" valign="top">
            <x:p id="ID_7023266">True BRG of FATO</x:p>
          </x:td>
          <x:td id="ID_7023267" HAlignment="Left" VAlignment="Top" align="left" valign="top">&nbsp;</x:td>
        </x:tr>
        <x:tr id="ID_7023268">
          <x:td id="ID_7023269" HAlignment="Left" VAlignment="Top" align="left" valign="top">5</x:td>
          <x:td id="ID_7023270" HAlignment="Left" VAlignment="Top" align="left" valign="top">
            <x:p id="ID_7023271">Declared distance available</x:p>
          </x:td>
          <x:td id="ID_7023272" HAlignment="Left" VAlignment="Top" align="left" valign="top">&nbsp;</x:td>
        </x:tr>
        <x:tr id="ID_7023273">
          <x:td id="ID_7023274" HAlignment="Left" VAlignment="Top" align="left" valign="top">6</x:td>
          <x:td id="ID_7023275" HAlignment="Left" VAlignment="Top" align="left" valign="top">
            <x:p id="ID_7023276">APP and FATO lighting</x:p>
          </x:td>
          <x:td id="ID_7023277" HAlignment="Left" VAlignment="Top" align="left" valign="top">&nbsp;</x:td>
        </x:tr>
        <x:tr id="ID_7023278">
          <x:td id="ID_7023279" HAlignment="Left" VAlignment="Top" align="left" valign="top">7</x:td>
          <x:td id="ID_7023280" HAlignment="Left" VAlignment="Top" align="left" valign="top">
            <x:p id="ID_7023281">Remarks</x:p>
          </x:td>
          <x:td id="ID_7023282" HAlignment="Left" VAlignment="Top" align="left" valign="top">&nbsp;</x:td>
        </x:tr>
      </x:tbody>
    </x:table>
  </e:AD-2.16>
  <e:AD-2.17 id="EGKR-AD-2.17" Number="AD 2.17">
    <GreenBorder id="ID_7023284" />
    <e:Title id="ID_7023285">AIR TRAFFIC SERVICES&nbsp;AIRSPACE</e:Title>
    <x:table id="ID_7023287" class="">
      <x:thead id="ID_7023288">
        <x:tr id="ID_7023289">
          <x:th id="ID_7023290" HAlignment="Left" VAlignment="Top" align="left" valign="top">
            <x:p id="ID_7023291">Designation and</x:p>
            <x:p id="ID_7023292">lateral limits</x:p>
          </x:th>
          <x:th id="ID_7023293" HAlignment="Left" VAlignment="Top" align="left" valign="top">
            <x:p id="ID_7023294">Vertical Limits</x:p>
          </x:th>
          <x:th id="ID_7023295" HAlignment="Left" VAlignment="Top" align="left" valign="top">
            <x:p id="ID_7023296">Airspace Class</x:p>
          </x:th>
          <x:th id="ID_7023297" HAlignment="Left" VAlignment="Top" align="left" valign="top">
            <x:p id="ID_7023298">ATS unit callsign/ language</x:p>
          </x:th>
          <x:th id="ID_7023299" HAlignment="Left" VAlignment="Top" align="left" valign="top">
            <x:p id="ID_7023300">Transition Altitude</x:p>
          </x:th>
          <x:th id="ID_7023301" HAlignment="Left" VAlignment="Top" align="left" valign="top">
            <x:p id="ID_7023302">Hours of Applicability</x:p>
          </x:th>
          <x:th id="ID_7023303" HAlignment="Left" VAlignment="Top" align="left" valign="top">
            <x:p id="ID_7023304">Remarks</x:p>
          </x:th>
        </x:tr>
        <x:tr id="ID_7023305">
          <x:th id="ID_7023306" HAlignment="Left" VAlignment="Top" align="left" valign="top">1</x:th>
          <x:th id="ID_7023307" HAlignment="Left" VAlignment="Top" align="left" valign="top">2</x:th>
          <x:th id="ID_7023308" HAlignment="Left" VAlignment="Top" align="left" valign="top">3</x:th>
          <x:th id="ID_7023309" HAlignment="Left" VAlignment="Top" align="left" valign="top">4</x:th>
          <x:th id="ID_7023310" HAlignment="Left" VAlignment="Top" align="left" valign="top">5</x:th>
          <x:th id="ID_7023311" HAlignment="Left" VAlignment="Top" align="left" valign="top">6</x:th>
          <x:th id="ID_7023312" HAlignment="Left" VAlignment="Top" align="left" valign="top">7</x:th>
        </x:tr>
      </x:thead>
      <x:tbody id="ID_7023313">
        <x:tr id="ID_7023314">
          <x:td id="ID_7023315" HAlignment="Left" VAlignment="Top" align="left" valign="top">&nbsp;</x:td>
          <x:td id="ID_7023316" HAlignment="Left" VAlignment="Top" align="left" valign="top">&nbsp;</x:td>
          <x:td id="ID_7023317" HAlignment="Left" VAlignment="Top" align="left" valign="top">&nbsp;</x:td>
          <x:td id="ID_7023318" HAlignment="Left" VAlignment="Top" align="left" valign="top">&nbsp;</x:td>
          <x:td id="ID_7023319" HAlignment="Left" VAlignment="Top" align="left" valign="top">&nbsp;</x:td>
          <x:td id="ID_7023320" HAlignment="Left" VAlignment="Top" align="left" valign="top">&nbsp;</x:td>
          <x:td id="ID_7023321" HAlignment="Left" VAlignment="Top" align="left" valign="top">&nbsp;</x:td>
        </x:tr>
        <x:tr id="ID_7023322">
          <x:td id="ID_7023323" HAlignment="Left" VAlignment="Top" align="left" valign="top">&nbsp;</x:td>
          <x:td id="ID_7023324" HAlignment="Left" VAlignment="Top" align="left" valign="top">&nbsp;</x:td>
          <x:td id="ID_7023325" HAlignment="Left" VAlignment="Top" align="left" valign="top">&nbsp;</x:td>
          <x:td id="ID_7023326" HAlignment="Left" VAlignment="Top" align="left" valign="top">&nbsp;</x:td>
          <x:td id="ID_7023327" HAlignment="Left" VAlignment="Top" align="left" valign="top">&nbsp;</x:td>
          <x:td id="ID_7023328" HAlignment="Left" VAlignment="Top" align="left" valign="top">&nbsp;</x:td>
          <x:td id="ID_7023329" HAlignment="Left" VAlignment="Top" align="left" valign="top">&nbsp;</x:td>
        </x:tr>
      </x:tbody>
    </x:table>
  </e:AD-2.17>
  <e:AD-2.18 id="EGKR-AD-2.18" Number="AD 2.18">
    <GreenBorder id="ID_7023331" />
    <e:Title id="ID_7023332">AIR TRAFFIC SERVICES&nbsp;COMMUNICATION&nbsp;FACILITIES</e:Title>
    <x:table id="ID_7023334" class="">
      <x:thead id="ID_7023335">
        <x:tr id="ID_7023336">
          <x:th id="ID_7023337" HAlignment="Left" VAlignment="Top" align="left" valign="top">
            <x:p id="ID_7023338">Service designation</x:p>
          </x:th>
          <x:th id="ID_7023339" HAlignment="Left" VAlignment="Top" align="left" valign="top">
            <x:p id="ID_7023340">Callsign</x:p>
          </x:th>
          <x:th id="ID_7023341" HAlignment="Left" VAlignment="Top" align="left" valign="top">
            <x:p id="ID_7023342">Channel(s)</x:p>
          </x:th>
          <x:th id="ID_7023343" HAlignment="Left" VAlignment="Top" align="left" valign="top">
            <x:p id="ID_7023344">Hours of </x:p>
            <x:p id="ID_7023345">Operation</x:p>
          </x:th>
          <x:th id="ID_7023346" HAlignment="Left" VAlignment="Top" align="left" valign="top">
            <x:p id="ID_7023347">Remarks</x:p>
          </x:th>
        </x:tr>
        <x:tr id="ID_7023348">
          <x:th id="ID_7023349" HAlignment="Left" VAlignment="Top" align="left" valign="top">1</x:th>
          <x:th id="ID_7023350" HAlignment="Left" VAlignment="Top" align="left" valign="top">2</x:th>
          <x:th id="ID_7023351" HAlignment="Left" VAlignment="Top" align="left" valign="top">3</x:th>
          <x:th id="ID_7023352" HAlignment="Left" VAlignment="Top" align="left" valign="top">4</x:th>
          <x:th id="ID_7023353" HAlignment="Left" VAlignment="Top" align="left" valign="top">5</x:th>
        </x:tr>
      </x:thead>
      <x:tbody id="ID_7023354">
        <x:tr id="ID_7023355">
          <x:td id="ID_7023356" HAlignment="Left" VAlignment="Top" align="left" valign="top">&nbsp;</x:td>
          <x:td id="ID_7023357" HAlignment="Left" VAlignment="Top" align="left" valign="top">&nbsp;</x:td>
          <x:td id="ID_7023358" HAlignment="Left" VAlignment="Top" align="left" valign="top">&nbsp;</x:td>
          <x:td id="ID_7023359" HAlignment="Left" VAlignment="Top" align="left" valign="top">&nbsp;</x:td>
          <x:td id="ID_7023360" HAlignment="Left" VAlignment="Top" align="left" valign="top">&nbsp;</x:td>
        </x:tr>
        <x:tr id="ID_7023361">
          <x:td id="ID_7023362" HAlignment="Left" VAlignment="Top" align="left" valign="top">&nbsp;</x:td>
          <x:td id="ID_7023363" HAlignment="Left" VAlignment="Top" align="left" valign="top">&nbsp;</x:td>
          <x:td id="ID_7023364" HAlignment="Left" VAlignment="Top" align="left" valign="top">&nbsp;</x:td>
          <x:td id="ID_7023365" HAlignment="Left" VAlignment="Top" align="left" valign="top">&nbsp;</x:td>
          <x:td id="ID_7023366" HAlignment="Left" VAlignment="Top" align="left" valign="top">&nbsp;</x:td>
        </x:tr>
      </x:tbody>
    </x:table>
  </e:AD-2.18>
  <e:AD-2.19 id="EGKR-AD-2.19" Number="AD 2.19">
    <GreenBorder id="ID_7023368" />
    <e:Title id="ID_7023369">RADIO&nbsp;NAVIGATION&nbsp;AND&nbsp;LANDING&nbsp;AIDS</e:Title>
    <x:table id="ID_7023371" class="">
      <x:thead id="ID_7023372">
        <x:tr id="ID_7023373">
          <x:th id="ID_7023374" HAlignment="Left" VAlignment="Top" align="left" valign="top">
            <x:p id="ID_7023375">Type of Aid CAT&nbsp;of&nbsp;ILS/MLS</x:p>
            <x:p id="ID_7023376">(For VOR/ILS/MLS, give VAR)</x:p>
          </x:th>
          <x:th id="ID_7023377" HAlignment="Left" VAlignment="Top" align="left" valign="top">
            <x:p id="ID_7023378">Ident</x:p>
          </x:th>
          <x:th id="ID_7023379" HAlignment="Left" VAlignment="Top" align="left" valign="top">
            <x:p id="ID_7023380">Frequency</x:p>
            <x:p id="ID_7023381">channel number(s), service provider, and reference path identifier(s) (RPI)</x:p>
          </x:th>
          <x:th id="ID_7023382" HAlignment="Left" VAlignment="Top" align="left" valign="top">
            <x:p id="ID_7023383">Hours of Operation</x:p>
          </x:th>
          <x:th id="ID_7023384" HAlignment="Left" VAlignment="Top" align="left" valign="top">
            <x:p id="ID_7023385">Position of transmitting antenna co-ordinates</x:p>
          </x:th>
          <x:th id="ID_7023386" HAlignment="Left" VAlignment="Top" align="left" valign="top">
            <x:p id="ID_7023387">Elevation of DME transmitting antenna</x:p>
            <x:p id="ID_7023388">GBAS, SBAS, LTP, FTP values</x:p>
          </x:th>
          <x:th id="ID_7023389" HAlignment="Left" VAlignment="Top" align="left" valign="top">
            <x:p id="ID_7023390">Remarks</x:p>
          </x:th>
        </x:tr>
        <x:tr id="ID_7023391">
          <x:th id="ID_7023392" HAlignment="Left" VAlignment="Top" align="left" valign="top">1</x:th>
          <x:th id="ID_7023393" HAlignment="Left" VAlignment="Top" align="left" valign="top">2</x:th>
          <x:th id="ID_7023394" HAlignment="Left" VAlignment="Top" align="left" valign="top">3</x:th>
          <x:th id="ID_7023395" HAlignment="Left" VAlignment="Top" align="left" valign="top">4</x:th>
          <x:th id="ID_7023396" HAlignment="Left" VAlignment="Top" align="left" valign="top">5</x:th>
          <x:th id="ID_7023397" HAlignment="Left" VAlignment="Top" align="left" valign="top">6</x:th>
          <x:th id="ID_7023398" HAlignment="Left" VAlignment="Top" align="left" valign="top">7</x:th>
        </x:tr>
      </x:thead>
      <x:tbody id="ID_7023399">
        <x:tr id="ID_7023400">
          <x:td id="ID_7023401" HAlignment="Left" VAlignment="Top" align="left" valign="top">&nbsp;</x:td>
          <x:td id="ID_7023402" HAlignment="Left" VAlignment="Top" align="left" valign="top">&nbsp;</x:td>
          <x:td id="ID_7023403" HAlignment="Left" VAlignment="Top" align="left" valign="top">&nbsp;</x:td>
          <x:td id="ID_7023404" HAlignment="Left" VAlignment="Top" align="left" valign="top">&nbsp;</x:td>
          <x:td id="ID_7023405" HAlignment="Left" VAlignment="Top" align="left" valign="top">&nbsp;</x:td>
          <x:td id="ID_7023406" HAlignment="Left" VAlignment="Top" align="left" valign="top">&nbsp;</x:td>
          <x:td id="ID_7023407" HAlignment="Left" VAlignment="Top" align="left" valign="top">&nbsp;</x:td>
        </x:tr>
      </x:tbody>
    </x:table>
  </e:AD-2.19>
  <e:AD-2.20 id="EGKR-AD-2.20" Number="AD 2.20">
    <GreenBorder id="ID_7023409" />
    <e:Title id="ID_7023410">LOCAL&nbsp;AERODROME&nbsp;REGULATIONS</e:Title>
    <x:div class="RP">
      <x:span class="sdParams" style="display:none;">TRULES_PROC;RULES_PROC_ID;7293</x:span>
      <e:Sub-section Number="1" id="EGKR-AD-2.20.1">
        <e:Title id="ID_7023412">
          <x:strong id="ID_7023413">Airport Regulations</x:strong>
        </e:Title>
        <x:ol id="ID_7023414" class="Numbered">
          <x:li id="ID_7023415">
            <x:p id="ID_7023416">Use of aerodrome by microlight aircraft is restricted to aerodrome based aircraft.</x:p>
          </x:li>
          <x:li id="ID_7023417">
            <x:p id="ID_7023418">Aerodrome not available to aircraft unable to communicate by radio.</x:p>
          </x:li>
          <x:li id="ID_7023419">
            <x:p id="ID_7023420">All pilots and persons operating on the manoeuvring area are required to wear high visibility clothing at all times. Pilots or operations staff wearing high visibility clothing must escort passengers (not wearing high visibility clothing) to and from their aircraft.</x:p>
          </x:li>
          <x:li id="ID_7023421">
            <x:p id="ID_7023422">Use of the Aerodrome outside ATC hours is restricted to operators who have obtained prior approval from the Aerodrome Manager or SATCO. Specific procedures apply, details will be provided when approval is given.</x:p>
          </x:li>
          <x:li id="ID_7023423">
            <x:p id="ID_7023424">Use of Aerodrome by aircraft not equipped with a serviceable transponder is subject to prior approval from the Aerodrome Licensee.</x:p>
          </x:li>
          <x:li id="ID_7023425">
            <x:p id="ID_7023426">Details of arrival, departure and circuit patterns are available via www.redhillaerodrome.com.</x:p>
          </x:li>
        </x:ol>
      </e:Sub-section>
      <e:Sub-section Number="2" id="EGKR-AD-2.20.2">
        <e:Title id="ID_7023428">
          <x:strong id="ID_7023429">Ground Movement</x:strong>
        </e:Title>
        <x:ol id="ID_7023430" class="Numbered">
          <x:li id="ID_7023431">
            <x:p id="ID_7023432">Fixed-wing aircraft operations are confined to the marked runways and taxiways and to the grass areas north of Runway 08R/26L. Unmarked taxiways should not be used without ATC permission.</x:p>
          </x:li>
          <x:li id="ID_7023433">
            <x:p id="ID_7023434">Pilots of fixed-wing aircraft must exercise caution when taxiing on the grass, especially west of Runway 18/36 where the surface is uneven in places.</x:p>
          </x:li>
        </x:ol>
      </e:Sub-section>
      <e:Sub-section Number="3" id="EGKR-AD-2.20.3">
        <e:Title id="ID_7023436">
          <x:strong id="ID_7023437">CAT II/III Operations</x:strong>
        </e:Title>
        <x:p id="ID_7023438">Not applicable</x:p>
      </e:Sub-section>
      <e:Sub-section Number="4" id="EGKR-AD-2.20.4">
        <e:Title id="ID_7023440">
          <x:strong id="ID_7023441">Warnings</x:strong>
        </e:Title>
        <x:ol id="ID_7023442" class="Numbered">
          <x:li id="ID_7023443">
            <x:p id="ID_7023444">The aerodrome is subject to waterlogging.</x:p>
          </x:li>
          <x:li id="ID_7023445">
            <x:p id="ID_7023446">The surface slopes up 10 ft from the centre to the West boundary.</x:p>
          </x:li>
          <x:li id="ID_7023447">
            <x:p id="ID_7023448">Intensive helicopter operations (Caution wake turbulence): Care must be taken on approach and departure from all runways not to drift into the helicopter circuit area. Do not vacate any runway until instructed to by ATC.</x:p>
          </x:li>
          <x:li id="ID_7023449">
            <x:p id="ID_7023450">Air Taxiing helicopters direct a forceful blast of air downwards which rolls out in all directions. Also, when a helicopter's weight is transferred from the landing gear to the rotor a strong downwash is created. Fixed-wing aircraft should not be parked close to helicopter aprons.</x:p>
          </x:li>
          <x:li id="ID_7023451">
            <x:p id="ID_7023452">Helicopters may not comply with standard RTF procedures.</x:p>
          </x:li>
          <x:li id="ID_7023453">
            <x:p id="ID_7023454">When Runway 18/36 is in use it is not possible to provide separation between the runway and air-taxiing helicopters. Consequently, delays may occur to both helicopters and fixed-wing aircraft.</x:p>
          </x:li>
          <x:li id="ID_7023455">
            <x:p id="ID_7023456">Operations by Police and Air Ambulance helicopters take place H24.</x:p>
          </x:li>
          <x:li id="ID_7023457">
            <x:p id="ID_7023458">Ridge running east - west 545 ft amsl 1.3 nm north of the aerodrome.</x:p>
          </x:li>
        </x:ol>
      </e:Sub-section>
      <e:Sub-section Number="5" id="EGKR-AD-2.20.5">
        <e:Title id="ID_7023460">
          <x:strong id="ID_7023461">Helicopter Operations</x:strong>
        </e:Title>
        <x:ol id="ID_7023462" class="Numbered">
          <x:li id="ID_7023463">
            <x:p id="ID_7023464">Two day VFR grass heli-strips (H08/H26 and H18/H36) are marked on the Aerodrome with standard ICAO markings and are available for helicopters up to and including 13 m overall length. Larger helicopters will operate from the marked hover squares or the fixed-wing runways</x:p>
          </x:li>
          <x:li id="ID_7023465">
            <x:p id="ID_7023466">The helicopter operating areas (heli-strips, confined areas and sloping ground) are separated from the fixed-wing runways and procedures are in place that permit independent and simultaneous helicopter/fixed-wing operations. Special procedures apply to Bell Supertransport, Puma, Tiger/Super Puma, Chinook, Sea King/S61N and EH101 helicopters. Helicopters will only be parked on marked grass or concrete pads. Non­based helicopters will be directed by ATC to an appropriate pad.</x:p>
          </x:li>
          <x:li id="ID_7023467">
            <x:p id="ID_7023468">Night Operations</x:p>
            <x:ol id="ID_7023469" class="Numbered">
              <x:li id="ID_7023470">
                <x:p id="ID_7023471">A helicopter ‘T’, as described in CAP 168, is provided for night flying training.</x:p>
              </x:li>
              <x:li id="ID_7023472">
                <x:p id="ID_7023473">After sunset flights required to use a licensed aerodrome are restricted to the fixed-wing Runway 08R/26L or the ‘T’.</x:p>
              </x:li>
              <x:li id="ID_7023474">
                <x:p id="ID_7023475">Additionally a lighted concrete helipad is available adjacent to the BIH (Onshore) Limited/Bristow Helicopters Limited hangar. Use of this pad is PPR through BIH (Onshore) Limited or Bristow Helicopters Limited.</x:p>
              </x:li>
            </x:ol>
          </x:li>
          <x:li id="ID_7023476">
            <x:p id="ID_7023477">Helicopters operating in the visual circuit must remain east of the Redhill-Brighton Railway Line.</x:p>
          </x:li>
        </x:ol>
      </e:Sub-section>
      <e:Sub-section Number="6" id="EGKR-AD-2.20.6">
        <e:Title id="ID_7023479">
          <x:strong id="ID_7023480">Use of Runways</x:strong>
        </e:Title>
        <x:ol id="ID_7023481" class="Numbered">
          <x:li id="ID_7023482">
            <x:p id="ID_7023483">Runway 08R/26L is the preferential operating direction. Runway 08L/26R is only available between 0800-SS when Runway 08R/26L is unservicable.</x:p>
          </x:li>
          <x:li id="ID_7023484">
            <x:p id="ID_7023485">Runway 08R/26L is licensed for night use by all aircraft. Pilot Controlled Lighting is available on this runway, details from Aerodrome Licensee.</x:p>
          </x:li>
          <x:li id="ID_7023486">
            <x:p id="ID_7023487">Runway 18/36 will only be used when the crosswind component on Runway 08/26 exceeds 7 kt, or when specifically requested by a pilot.</x:p>
          </x:li>
          <x:li id="ID_7023488">
            <x:p id="ID_7023489">Unlicensed paved Runway 07/25 available when licensed grass runways are unserviceable. Details on weather limits, restrictions and dimensions are available from ATC or via web site www.redhillaerodrome.com</x:p>
          </x:li>
          <x:li id="ID_7023490">
            <x:p id="ID_7023491">Runway 18/36 is not available to aircraft that are not equipped with a serviceable transponder.</x:p>
          </x:li>
        </x:ol>
      </e:Sub-section>
      <e:Sub-section Number="7" id="EGKR-AD-2.20.7">
        <e:Title id="ID_7023493">
          <x:strong id="ID_7023494">Training</x:strong>
        </e:Title>
        <x:ol id="ID_7023495" class="Numbered">
          <x:li id="ID_7023496">
            <x:p id="ID_7023497">Training is restricted to based operators and approved helicopter operations.</x:p>
          </x:li>
        </x:ol>
      </e:Sub-section>
    </x:div>
  </e:AD-2.20>
  <e:AD-2.21 id="EGKR-AD-2.21" Number="AD 2.21">
    <GreenBorder id="ID_7023499" />
    <e:Title id="ID_7023500">NOISE ABATEMENT PROCEDURES</e:Title>
    <x:div class="RP">
      <x:span class="sdParams" style="display:none;">TRULES_PROC;RULES_PROC_ID;7294</x:span>
      <x:ol id="ID_7023501" class="Numbered">
        <x:li id="ID_7023502">
          <x:p id="ID_7023503">Pilots are to operate their aircraft in a manner that will minimise the disturbance caused to local residents.</x:p>
        </x:li>
        <x:li id="ID_7023504">
          <x:p id="ID_7023505">Aerobatic manoeuvres are prohibited within the Redhill ATZ.</x:p>
        </x:li>
        <x:li id="ID_7023506">
          <x:p id="ID_7023507">Runway 08R/26L is the preferential runway.</x:p>
        </x:li>
        <x:li id="ID_7023508">
          <x:p id="ID_7023509">Fixed-wing aircraft departing Runway 08L/R must climb straight ahead, tracking the extended centre-line, until passed Henhaw Farm before turning on track.</x:p>
        </x:li>
        <x:li id="ID_7023510">
          <x:p id="ID_7023511">Fixed-wing aircraft departing Runway 26L/R must climb straight ahead, tracking the extended centre-line, until reaching the centre of Benting Wood before turning on track.</x:p>
        </x:li>
        <x:li id="ID_7023512">
          <x:p id="ID_7023513">Multi-engine fixed-wing aircraft may only use Runway 18/36 when the surface wind precludes the safe use of Runway 08R/26L.</x:p>
        </x:li>
        <x:li id="ID_7023514">
          <x:p id="ID_7023515">Circuit training by multi-engine fixed-wing aircraft is not permitted on Runway 18/36.</x:p>
        </x:li>
        <x:li id="ID_7023516">
          <x:p id="ID_7023517">Circuit training by multi-engine fixed-wing aircraft, except night flying, is not permitted after 1830 hours local time or at any time on a Sunday.</x:p>
        </x:li>
        <x:li id="ID_7023518">
          <x:p id="ID_7023519">Helicopter night flying training within the ATZ is not permitted after 2359 hours local time Monday to Friday.</x:p>
        </x:li>
        <x:li id="ID_7023520">
          <x:p id="ID_7023521">Helicopter night flying training within the ATZ is prohibited on Saturday and Sunday.</x:p>
        </x:li>
        <x:li id="ID_7023522">
          <x:p id="ID_7023523">During ATC hours all ground running of helicopters for maintenance purposes is subject to ATC approval. Except for Police and Air Ambulance helicopters ground runs may not take place prior to 0800 hours or after 2100 hours local time.</x:p>
        </x:li>
        <x:li id="ID_7023524">
          <x:p id="ID_7023525">Except for Police, Air Ambulance and based news gathering helicopters flights are not normally permitted during 0001 hours to 0700 hours Monday to Saturday or during the periods of 0001 hours to 0800 hours and 2200 hours to 2359 hours on a Sunday. All times are Local.</x:p>
        </x:li>
        <x:li id="ID_7023526">
          <x:p id="ID_7023527">Helicopters departing from the Runway 18 displaced threshold markings to the north are to use their best angle of climb speed.</x:p>
        </x:li>
        <x:li id="ID_7023528">
          <x:p id="ID_7023529">Except for Category A or B flights (MATS Part 1 Section 1 Chapter 4) helicopter departures or arrivals below the circuit altitude are not permitted.</x:p>
        </x:li>
        <x:li id="ID_7023530">
          <x:p id="ID_7023531">Helicopter departures or arrivals via the Runway 18 displaced threshold markings are not permitted if the tail wind component exceeds 10 kts.</x:p>
        </x:li>
      </x:ol>
    </x:div>
  </e:AD-2.21>
  <e:AD-2.22 id="EGKR-AD-2.22" Number="AD 2.22">
    <GreenBorder id="ID_7023533" />
    <e:Title id="ID_7023534">FLIGHT PROCEDURES</e:Title>
    <x:div class="RP">
      <x:span class="sdParams" style="display:none;">TRULES_PROC;RULES_PROC_ID;7295</x:span>
      <e:Sub-section Number="1" id="EGKR-AD-2.22.1">
        <e:Title id="ID_7023536">
          <x:strong id="ID_7023537">General</x:strong>
        </e:Title>
        <x:ol id="ID_7023538" class="Numbered">
          <x:li id="ID_7023539">
            <x:p id="ID_7023540">All procedures are based on Redhill QNH. ATC will provide QFE when requested by pilots.</x:p>
          </x:li>
          <x:li id="ID_7023541">
            <x:p id="ID_7023542">Variable circuits, no dead-side, helicopters will fly a circuit pattern opposite to that used by fixed-wing aircraft. Circuit height: Fixed-wing and Helicopters 1200 ft QNH.</x:p>
          </x:li>
          <x:li id="ID_7023543">
            <x:p id="ID_7023544">All inbound aircraft must establish contact with Redhill ATC at least 5 minutes prior to their ETA.</x:p>
          </x:li>
          <x:li id="ID_7023545">
            <x:p id="ID_7023546">Runway 18 departing aircraft must complete their left turn within 0.5 nm of the Southern Aerodrome Boundary and track 080°(M) on the crosswind leg.</x:p>
          </x:li>
          <x:li id="ID_7023547">
            <x:p id="ID_7023548">Runway 36 aircraft must turn right base remaining within the ATZ and track 260°(M) to turn on to final approach at a range not greater than 0.5 nm.</x:p>
          </x:li>
        </x:ol>
      </e:Sub-section>
      <e:Sub-section Number="2" id="EGKR-AD-2.22.2">
        <e:Title id="ID_7023550">
          <x:strong id="ID_7023551">VFR Arrival and Departure Procedures</x:strong>
        </e:Title>
        <x:ol id="ID_7023552" class="Numbered">
          <x:li id="ID_7023553">
            <x:p id="ID_7023554">ATC will require all VFR aircraft to enter and leave the ATZ by routeing via one of the VRPs (listed in paragraph 4) as follows:</x:p>
            <x:ol id="ID_7023555" class="Numbered">
              <x:li id="ID_7023556">
                <x:p id="ID_7023557">Fixed-wing aircraft:</x:p>
                <x:ol id="ID_7023558" class="Numbered">
                  <x:li id="ID_7023559">
                    <x:p id="ID_7023560">Join at 1400 ft QNH. If required to join overhead - enter the ATZ on the runway QDM remaining within the fixed-wing circuit area. When instructed, descend to circuit height and join the visual circuit pattern;</x:p>
                  </x:li>
                  <x:li id="ID_7023561">
                    <x:p id="ID_7023562">Departures are to maintain 1400 ft QNH until passed the appropriate VRP</x:p>
                  </x:li>
                </x:ol>
              </x:li>
              <x:li id="ID_7023563">
                <x:p id="ID_7023564">Helicopters:</x:p>
                <x:ol id="ID_7023565" class="Numbered">
                  <x:li id="ID_7023566">
                    <x:p id="ID_7023567">Join at 1200 ft QNH and enter the circuit pattern via the appropriate VRP;</x:p>
                    <x:div id="ID_7023568" class="Note">
                      <x:p id="ID_7023569">Note: When Runway 18/36 is in operation helicopters joining from the east may be instructed to route from Godstone Railway Station to the eastern aerodrome boundary at 700 ft QNH.</x:p>
                    </x:div>
                  </x:li>
                  <x:li id="ID_7023570">
                    <x:p id="ID_7023571">Departures are to maintain 1200 ft QNH until passed the appropriate VRP.</x:p>
                  </x:li>
                </x:ol>
              </x:li>
            </x:ol>
          </x:li>
        </x:ol>
      </e:Sub-section>
      <e:Sub-section Number="3" id="EGKR-AD-2.22.3">
        <e:Title id="ID_7023573">
          <x:strong id="ID_7023574">Redhill Local Flying Area (LFA) and Procedures</x:strong>
        </e:Title>
        <x:ol id="ID_7023575" class="Numbered">
          <x:li id="ID_7023576">
            <x:p id="ID_7023577">The southern half of Redhill aerodrome lies within the Gatwick CTR and the northern half lies beneath the Gatwick CTA. During the hours of watch of Redhill ATC, subject to the restrictions listed in paragraph (ii), flights without reference to Gatwick ATC may be made within a LFA which is bounded by the following positions:</x:p>
            <x:p id="ID_7023578" />
            <x:p id="ID_7023579">511405N 0001047W - 511437N 0000656W thence south by the arc of a circle radius 2 nm centred on 511249N 0000819W to 511230N 0000511W - 511134N 0001048W - 511248N 0001240W - 511258N 0001129W thence north by the arc of a circle radius 2 nm centred on 511249N 0000819W to 511405N 0001047W.</x:p>
          </x:li>
          <x:li id="ID_7023580">
            <x:p id="ID_7023581">The following restrictions apply within that part of the Redhill LFA that lies within the Gatwick CTR (Area A) (ie south of a line joining positions 511258N 0001129W - 511234N 0000510W):</x:p>
            <x:ol id="ID_7023582" class="Numbered">
              <x:li id="ID_7023583">
                <x:p id="ID_7023584">Aircraft are to remain clear of cloud and with the surface in sight;</x:p>
              </x:li>
              <x:li id="ID_7023585">
                <x:p id="ID_7023586">Maximum altitude — 1500 ft QNH;</x:p>
              </x:li>
              <x:li id="ID_7023587">
                <x:p id="ID_7023588">Minimum in-flight visibility: fixed-wing aircraft — 5000 m; helicopters — 1500 m.</x:p>
              </x:li>
              <x:li id="ID_7023589">
                <x:p id="ID_7023590">Limits of circuit:</x:p>
                <x:ol id="ID_7023591" class="Itemised">
                  <x:li id="ID_7023592">
                    <x:p id="ID_7023593">Middle of Benting Wood to the west;</x:p>
                  </x:li>
                  <x:li id="ID_7023594">
                    <x:p id="ID_7023595">Redhill — Bletchingley Road (A25) to the north;</x:p>
                  </x:li>
                  <x:li id="ID_7023596">
                    <x:p id="ID_7023597">Outwood — Bletchingley road to the east;</x:p>
                  </x:li>
                  <x:li id="ID_7023598">
                    <x:p id="ID_7023599">Picketts and Brownslade farms to the south.</x:p>
                  </x:li>
                </x:ol>
              </x:li>
            </x:ol>
          </x:li>
          <x:li id="ID_7023600">
            <x:p id="ID_7023601">Within that part of the Redhill Local Flying Area that lies outside the Gatwick CTR (Area B) the maximum altitude is 1500 ft QNH.</x:p>
          </x:li>
          <x:li id="ID_7023602">
            <x:p id="ID_7023603">Aircraft joining or leaving Redhill Local Flying Area must do so at a point north of the Gatwick CTR. Joining procedures and Visual Reference Points are as detailed.</x:p>
          </x:li>
          <x:li id="ID_7023604">
            <x:p id="ID_7023605">The LFA is depicted at AD 2-EGKR-4-1.</x:p>
          </x:li>
          <x:li id="ID_7023606">
            <x:p id="ID_7023607">Refer to Section ENR 1.4 for Notifications.</x:p>
            <x:div id="ID_7023608" class="Note">
              <x:p id="ID_7023609">Note: Aircraft that are in communication with Gatwick ATC and intend either to land or overfly adjacent to Redhill aerodrome must not assume that clearance has been issued to penetrate the Redhill LFA. Pilots must obtain prior permission from Redhill by RTF. Gatwick ATC will, whenever possible, permit an aircraft to leave the frequency temporarily to obtain such clearance.</x:p>
            </x:div>
            <x:div id="ID_7023610" class="Note">
              <x:p id="ID_7023611">Note: Aircraft following the Redhill - Tonbridge railway line, London - Brighton railway line and the M23 Motorway are reminded that these routes traverse the Redhill LFA.</x:p>
            </x:div>
          </x:li>
        </x:ol>
      </e:Sub-section>
      <e:Sub-section Number="4" id="EGKR-AD-2.22.4">
        <e:Title id="ID_7023613">
          <x:strong id="ID_7023614">Visual Reference Points (VRP)</x:strong>
        </e:Title>
        <x:ol id="ID_7023615" class="Numbered">
          <x:li id="ID_7023616">
            <x:p id="ID_7023617">Visual Reference Points are established for use by aerodrome and en-route traffic as follows.</x:p>
            <x:table id="ID_7023619" class="">
              <x:thead id="ID_7023620">
                <x:tr id="ID_7023621">
                  <x:th id="ID_7023622" HAlignment="Center" VAlignment="Top" align="center" valign="top">
                    <x:p id="ID_7023623">
                      <x:strong id="ID_7023624">VRP</x:strong>
                    </x:p>
                  </x:th>
                  <x:th id="ID_7023625" HAlignment="Center" VAlignment="Top" align="center" valign="top">
                    <x:p id="ID_7023626">
                      <x:strong id="ID_7023627">VOR/DME</x:strong>
                    </x:p>
                  </x:th>
                </x:tr>
              </x:thead>
              <x:tbody id="ID_7023628">
                <x:tr id="ID_7023629">
                  <x:td id="ID_7023630" HAlignment="Left" VAlignment="Top" align="left" valign="top">
                    <x:p id="ID_7023631">Buckland</x:p>
                    <x:p id="ID_7023632">511424N 0001445W</x:p>
                  </x:td>
                  <x:td id="ID_7023633" HAlignment="Left" VAlignment="Top" align="left" valign="top">
                    <x:p id="ID_7023634">OCK R119/D9</x:p>
                    <x:p id="ID_7023635">BIG R243/D12</x:p>
                  </x:td>
                </x:tr>
                <x:tr id="ID_7023636">
                  <x:td id="ID_7023637" HAlignment="Left" VAlignment="Top" align="left" valign="top">
                    <x:p id="ID_7023638">Godstone (Junction of A25 and B2236 roads)</x:p>
                    <x:p id="ID_7023639">511450N 0000401W</x:p>
                  </x:td>
                  <x:td id="ID_7023640" HAlignment="Left" VAlignment="Top" align="left" valign="top">
                    <x:p id="ID_7023641">OCK R105/D15</x:p>
                    <x:p id="ID_7023642">BIG R218/D6</x:p>
                  </x:td>
                </x:tr>
                <x:tr id="ID_7023643">
                  <x:td id="ID_7023644" HAlignment="Left" VAlignment="Top" align="left" valign="top">
                    <x:p id="ID_7023645">Godstone Railway Station</x:p>
                    <x:p id="ID_7023646">511305N 0000304W</x:p>
                  </x:td>
                  <x:td id="ID_7023647" HAlignment="Left" VAlignment="Top" align="left" valign="top">
                    <x:p id="ID_7023648">OCK R111/D16</x:p>
                    <x:p id="ID_7023649">BIG R206/D7</x:p>
                  </x:td>
                </x:tr>
                <x:tr id="ID_7023650">
                  <x:td id="ID_7023651" HAlignment="Left" VAlignment="Top" align="left" valign="top">
                    <x:p id="ID_7023652">Junction 7 M25/Junction 8 M23</x:p>
                    <x:p id="ID_7023653">511550N 0000741W</x:p>
                  </x:td>
                  <x:td id="ID_7023654" HAlignment="Left" VAlignment="Top" align="left" valign="top">
                    <x:p id="ID_7023655">OCK R103/D12</x:p>
                    <x:p id="ID_7023656">BIG R237/D7</x:p>
                  </x:td>
                </x:tr>
              </x:tbody>
            </x:table>
          </x:li>
        </x:ol>
      </e:Sub-section>
    </x:div>
  </e:AD-2.22>
  <e:AD-2.23 id="EGKR-AD-2.23" Number="AD 2.23">
    <GreenBorder id="ID_7023658" />
    <e:Title id="ID_7023659">ADDITIONAL INFORMATION</e:Title>
    <x:div class="RP">
      <x:span class="sdParams" style="display:none;">TRULES_PROC;RULES_PROC_ID;7296</x:span>
      <x:p id="ID_7023660">Not applicable</x:p>
    </x:div>
  </e:AD-2.23>
  <e:AD-2.24 id="EGKR-AD-2.24" Number="AD 2.24">
    <GreenBorder id="ID_7023662" />
    <e:Title id="ID_7023663">CHARTS RELATED TO AN AERODROME</e:Title>
    <x:table id="ID_7023665" class="">
      <x:tbody id="ID_7023666">
        <x:tr id="ID_7023667">
          <x:td id="ID_7023668" HAlignment="Left" VAlignment="Top" align="left" valign="top">
            <x:p id="ID_7023669">
              <x:em id="ID_7023670" class="Italic">Figure: Aerodrome Chart - ICAO</x:em>
            </x:p>
          </x:td>
        </x:tr>
        <x:tr id="ID_7023671">
          <x:td id="ID_7023672" HAlignment="Left" VAlignment="Top" align="left" valign="top">
            <x:p id="ID_7023673">AD 2-EGAA-2-1</x:p>
          </x:td>
        </x:tr>
        <x:tr id="ID_7023674">
          <x:td id="ID_7023675" HAlignment="Left" VAlignment="Top" align="left" valign="top">&nbsp;</x:td>
        </x:tr>
        <x:tr id="ID_7023676">
          <x:td id="ID_7023677" HAlignment="Left" VAlignment="Top" align="left" valign="top">&nbsp;</x:td>
        </x:tr>
        <x:tr id="ID_7023678">
          <x:td id="ID_7023679" HAlignment="Left" VAlignment="Top" align="left" valign="top">&nbsp;</x:td>
        </x:tr>
        <x:tr id="ID_7023680">
          <x:td id="ID_7023681" HAlignment="Left" VAlignment="Top" align="left" valign="top">&nbsp;</x:td>
        </x:tr>
      </x:tbody>
    </x:table>
  </e:AD-2.24>
</e:Aerodrome>
