<?xml version="1.0" encoding="UTF-8"?>
<e:Aerodrome id="AD-2.EGTH" Ref="ICAO-EGTH" Title="OLD WARDEN" xmlns:e="http://www.eurocontrol.int/xmlns/AIM/eAIP" xmlns:x="http://www.w3.org/1999/xhtml" xmlns:xlink="http://www.w3.org/1999/xlink">
  <e:Title />
  <e:AD-2.1 id="EGTH-AD-2.1" Number="AD 2.1">
    <GreenBorder id="ID_7226886" />
    <e:Title id="ID_7226887">AERODROME LOCATION INDICATOR AND NAME</e:Title>
    <e:Generated />
  </e:AD-2.1>
  <e:AD-2.2 id="EGTH-AD-2.2" Number="AD 2.2">
    <GreenBorder id="ID_7226892" />
    <e:Title id="ID_7226893">AERODROME&nbsp;GEOGRAPHICAL&nbsp;AND&nbsp;ADMINISTRATIVE&nbsp;DATA</e:Title>
    <x:table id="ID_7226895" class="">
      <x:tbody id="ID_7226896">
        <x:tr id="ID_7226897">
          <x:td id="ID_7226898" HAlignment="Left" VAlignment="Top" align="left" valign="top">1</x:td>
          <x:td id="ID_7226899" HAlignment="Left" VAlignment="Top" align="left" valign="top">
            <x:p id="ID_7226900">ARP coordinates and site at AD</x:p>
          </x:td>
          <x:td id="ID_7226901" HAlignment="Left" VAlignment="Top" align="left" valign="top">&nbsp;</x:td>
        </x:tr>
        <x:tr id="ID_7226902">
          <x:td id="ID_7226903" HAlignment="Left" VAlignment="Top" align="left" valign="top">2</x:td>
          <x:td id="ID_7226904" HAlignment="Left" VAlignment="Top" align="left" valign="top">
            <x:p id="ID_7226905">Direction and distance from city</x:p>
          </x:td>
          <x:td id="ID_7226906" HAlignment="Left" VAlignment="Top" align="left" valign="top">&nbsp;</x:td>
        </x:tr>
        <x:tr id="ID_7226907">
          <x:td id="ID_7226908" HAlignment="Left" VAlignment="Top" align="left" valign="top">3</x:td>
          <x:td id="ID_7226909" HAlignment="Left" VAlignment="Top" align="left" valign="top">
            <x:p id="ID_7226910">Elevation / Reference temperature</x:p>
          </x:td>
          <x:td id="ID_7226911" HAlignment="Left" VAlignment="Top" align="left" valign="top">&nbsp;</x:td>
        </x:tr>
        <x:tr id="ID_7226912">
          <x:td id="ID_7226913" HAlignment="Left" VAlignment="Top" align="left" valign="top">4</x:td>
          <x:td id="ID_7226914" HAlignment="Left" VAlignment="Top" align="left" valign="top">
            <x:p id="ID_7226915">Geoid undulation at AD ELEV PSN</x:p>
          </x:td>
          <x:td id="ID_7226916" HAlignment="Left" VAlignment="Top" align="left" valign="top">&nbsp;</x:td>
        </x:tr>
        <x:tr id="ID_7226917">
          <x:td id="ID_7226918" HAlignment="Left" VAlignment="Top" align="left" valign="top">5</x:td>
          <x:td id="ID_7226919" HAlignment="Left" VAlignment="Top" align="left" valign="top">
            <x:p id="ID_7226920">Magnetic Variation / Annual Change</x:p>
          </x:td>
          <x:td id="ID_7226921" HAlignment="Left" VAlignment="Top" align="left" valign="top">&nbsp;</x:td>
        </x:tr>
        <x:tr id="ID_7226922">
          <x:td id="ID_7226923" HAlignment="Left" VAlignment="Top" align="left" valign="top">6</x:td>
          <x:td id="ID_7226924" HAlignment="Left" VAlignment="Top" align="left" valign="top">
            <x:p id="ID_7226925">AD Administration, address, telephone, telefax, AFS, e-mail address, website address</x:p>
          </x:td>
          <x:td id="ID_7226926" HAlignment="Left" VAlignment="Top" align="left" valign="top">&nbsp;</x:td>
        </x:tr>
        <x:tr id="ID_7226927">
          <x:td id="ID_7226928" HAlignment="Left" VAlignment="Top" align="left" valign="top">7</x:td>
          <x:td id="ID_7226929" HAlignment="Left" VAlignment="Top" align="left" valign="top">
            <x:p id="ID_7226930">Types of Traffic permitted (IFR/VFR)</x:p>
          </x:td>
          <x:td id="ID_7226931" HAlignment="Left" VAlignment="Top" align="left" valign="top">&nbsp;</x:td>
        </x:tr>
        <x:tr id="ID_7226932">
          <x:td id="ID_7226933" HAlignment="Left" VAlignment="Top" align="left" valign="top">8</x:td>
          <x:td id="ID_7226934" HAlignment="Left" VAlignment="Top" align="left" valign="top">
            <x:p id="ID_7226935">Remarks</x:p>
          </x:td>
          <x:td id="ID_7226936" HAlignment="Left" VAlignment="Top" align="left" valign="top">&nbsp;</x:td>
        </x:tr>
      </x:tbody>
    </x:table>
  </e:AD-2.2>
  <e:AD-2.3 id="EGTH-AD-2.3" Number="AD 2.3">
    <GreenBorder id="ID_7226938" />
    <e:Title id="ID_7226939">OPERATIONAL&nbsp;HOURS</e:Title>
    <x:table id="ID_7226941" class="">
      <x:tbody id="ID_7226942">
        <x:tr id="ID_7226943">
          <x:td id="ID_7226944" HAlignment="Left" VAlignment="Top" align="left" valign="top">1</x:td>
          <x:td id="ID_7226945" HAlignment="Left" VAlignment="Top" align="left" valign="top">
            <x:p id="ID_7226946">Aerodrome Operator</x:p>
          </x:td>
          <x:td id="ID_7226947" HAlignment="Left" VAlignment="Top" align="left" valign="top">&nbsp;</x:td>
        </x:tr>
        <x:tr id="ID_7226948">
          <x:td id="ID_7226949" HAlignment="Left" VAlignment="Top" align="left" valign="top">2</x:td>
          <x:td id="ID_7226950" HAlignment="Left" VAlignment="Top" align="left" valign="top">
            <x:p id="ID_7226951">Customs and Immigration</x:p>
          </x:td>
          <x:td id="ID_7226952" HAlignment="Left" VAlignment="Top" align="left" valign="top">
            <x:p id="ID_7226953" />
          </x:td>
        </x:tr>
        <x:tr id="ID_7226954">
          <x:td id="ID_7226955" HAlignment="Left" VAlignment="Top" align="left" valign="top">3</x:td>
          <x:td id="ID_7226956" HAlignment="Left" VAlignment="Top" align="left" valign="top">
            <x:p id="ID_7226957">Health and sanitation</x:p>
          </x:td>
          <x:td id="ID_7226958" HAlignment="Left" VAlignment="Top" align="left" valign="top">&nbsp;</x:td>
        </x:tr>
        <x:tr id="ID_7226959">
          <x:td id="ID_7226960" HAlignment="Left" VAlignment="Top" align="left" valign="top">4</x:td>
          <x:td id="ID_7226961" HAlignment="Left" VAlignment="Top" align="left" valign="top">
            <x:p id="ID_7226962">AIS Briefing Office</x:p>
          </x:td>
          <x:td id="ID_7226963" HAlignment="Left" VAlignment="Top" align="left" valign="top">&nbsp;</x:td>
        </x:tr>
        <x:tr id="ID_7226964">
          <x:td id="ID_7226965" HAlignment="Left" VAlignment="Top" align="left" valign="top">5</x:td>
          <x:td id="ID_7226966" HAlignment="Left" VAlignment="Top" align="left" valign="top">
            <x:p id="ID_7226967">ATS Reporting Office (ARO)</x:p>
          </x:td>
          <x:td id="ID_7226968" HAlignment="Left" VAlignment="Top" align="left" valign="top">&nbsp;</x:td>
        </x:tr>
        <x:tr id="ID_7226969">
          <x:td id="ID_7226970" HAlignment="Left" VAlignment="Top" align="left" valign="top">6</x:td>
          <x:td id="ID_7226971" HAlignment="Left" VAlignment="Top" align="left" valign="top">
            <x:p id="ID_7226972">MET Briefing Office</x:p>
          </x:td>
          <x:td id="ID_7226973" HAlignment="Left" VAlignment="Top" align="left" valign="top">&nbsp;</x:td>
        </x:tr>
        <x:tr id="ID_7226974">
          <x:td id="ID_7226975" HAlignment="Left" VAlignment="Top" align="left" valign="top">7</x:td>
          <x:td id="ID_7226976" HAlignment="Left" VAlignment="Top" align="left" valign="top">
            <x:p id="ID_7226977">Air Traffic Service</x:p>
          </x:td>
          <x:td id="ID_7226978" HAlignment="Left" VAlignment="Top" align="left" valign="top">&nbsp;</x:td>
        </x:tr>
        <x:tr id="ID_7226979">
          <x:td id="ID_7226980" HAlignment="Left" VAlignment="Top" align="left" valign="top">8</x:td>
          <x:td id="ID_7226981" HAlignment="Left" VAlignment="Top" align="left" valign="top">
            <x:p id="ID_7226982">Fuelling</x:p>
          </x:td>
          <x:td id="ID_7226983" HAlignment="Left" VAlignment="Top" align="left" valign="top">&nbsp;</x:td>
        </x:tr>
        <x:tr id="ID_7226984">
          <x:td id="ID_7226985" HAlignment="Left" VAlignment="Top" align="left" valign="top">9</x:td>
          <x:td id="ID_7226986" HAlignment="Left" VAlignment="Top" align="left" valign="top">
            <x:p id="ID_7226987">Handling</x:p>
          </x:td>
          <x:td id="ID_7226988" HAlignment="Left" VAlignment="Top" align="left" valign="top">&nbsp;</x:td>
        </x:tr>
        <x:tr id="ID_7226989">
          <x:td id="ID_7226990" HAlignment="Left" VAlignment="Top" align="left" valign="top">10</x:td>
          <x:td id="ID_7226991" HAlignment="Left" VAlignment="Top" align="left" valign="top">
            <x:p id="ID_7226992">Security</x:p>
          </x:td>
          <x:td id="ID_7226993" HAlignment="Left" VAlignment="Top" align="left" valign="top">&nbsp;</x:td>
        </x:tr>
        <x:tr id="ID_7226994">
          <x:td id="ID_7226995" HAlignment="Left" VAlignment="Top" align="left" valign="top">11</x:td>
          <x:td id="ID_7226996" HAlignment="Left" VAlignment="Top" align="left" valign="top">
            <x:p id="ID_7226997">De-icing</x:p>
          </x:td>
          <x:td id="ID_7226998" HAlignment="Left" VAlignment="Top" align="left" valign="top">&nbsp;</x:td>
        </x:tr>
        <x:tr id="ID_7226999">
          <x:td id="ID_7227000" HAlignment="Left" VAlignment="Top" align="left" valign="top">12</x:td>
          <x:td id="ID_7227001" HAlignment="Left" VAlignment="Top" align="left" valign="top">
            <x:p id="ID_7227002">Remarks</x:p>
          </x:td>
          <x:td id="ID_7227003" HAlignment="Left" VAlignment="Top" align="left" valign="top">&nbsp;</x:td>
        </x:tr>
      </x:tbody>
    </x:table>
  </e:AD-2.3>
  <e:AD-2.4 id="EGTH-AD-2.4" Number="AD 2.4">
    <GreenBorder id="ID_7227005" />
    <e:Title id="ID_7227006">HANDLING&nbsp;SERVICES&nbsp;AND&nbsp;FACILITIES</e:Title>
    <x:table id="ID_7227008" class="">
      <x:tbody id="ID_7227009">
        <x:tr id="ID_7227010">
          <x:td id="ID_7227011" HAlignment="Left" VAlignment="Top" align="left" valign="top">1</x:td>
          <x:td id="ID_7227012" HAlignment="Left" VAlignment="Top" align="left" valign="top">
            <x:p id="ID_7227013">Cargo handling facilities</x:p>
          </x:td>
          <x:td id="ID_7227014" HAlignment="Left" VAlignment="Top" align="left" valign="top">&nbsp;</x:td>
        </x:tr>
        <x:tr id="ID_7227015">
          <x:td id="ID_7227016" HAlignment="Left" VAlignment="Top" align="left" valign="top">2</x:td>
          <x:td id="ID_7227017" HAlignment="Left" VAlignment="Top" align="left" valign="top">
            <x:p id="ID_7227018">Fuel and oil types</x:p>
          </x:td>
          <x:td id="ID_7227019" HAlignment="Left" VAlignment="Top" align="left" valign="top">&nbsp;</x:td>
        </x:tr>
        <x:tr id="ID_7227020">
          <x:td id="ID_7227021" HAlignment="Left" VAlignment="Top" align="left" valign="top">3</x:td>
          <x:td id="ID_7227022" HAlignment="Left" VAlignment="Top" align="left" valign="top">
            <x:p id="ID_7227023">Fuelling facilities/capacity</x:p>
          </x:td>
          <x:td id="ID_7227024" HAlignment="Left" VAlignment="Top" align="left" valign="top">&nbsp;</x:td>
        </x:tr>
        <x:tr id="ID_7227025">
          <x:td id="ID_7227026" HAlignment="Left" VAlignment="Top" align="left" valign="top">4</x:td>
          <x:td id="ID_7227027" HAlignment="Left" VAlignment="Top" align="left" valign="top">
            <x:p id="ID_7227028">De-icing facilities</x:p>
          </x:td>
          <x:td id="ID_7227029" HAlignment="Left" VAlignment="Top" align="left" valign="top">&nbsp;</x:td>
        </x:tr>
        <x:tr id="ID_7227030">
          <x:td id="ID_7227031" HAlignment="Left" VAlignment="Top" align="left" valign="top">5</x:td>
          <x:td id="ID_7227032" HAlignment="Left" VAlignment="Top" align="left" valign="top">
            <x:p id="ID_7227033">Hangar space for visiting aircraft</x:p>
          </x:td>
          <x:td id="ID_7227034" HAlignment="Left" VAlignment="Top" align="left" valign="top">&nbsp;</x:td>
        </x:tr>
        <x:tr id="ID_7227035">
          <x:td id="ID_7227036" HAlignment="Left" VAlignment="Top" align="left" valign="top">6</x:td>
          <x:td id="ID_7227037" HAlignment="Left" VAlignment="Top" align="left" valign="top">
            <x:p id="ID_7227038">Repair facilities for visiting aircraft</x:p>
          </x:td>
          <x:td id="ID_7227039" HAlignment="Left" VAlignment="Top" align="left" valign="top">&nbsp;</x:td>
        </x:tr>
        <x:tr id="ID_7227040">
          <x:td id="ID_7227041" HAlignment="Left" VAlignment="Top" align="left" valign="top">7</x:td>
          <x:td id="ID_7227042" HAlignment="Left" VAlignment="Top" align="left" valign="top">
            <x:p id="ID_7227043">Remarks</x:p>
          </x:td>
          <x:td id="ID_7227044" HAlignment="Left" VAlignment="Top" align="left" valign="top">&nbsp;</x:td>
        </x:tr>
      </x:tbody>
    </x:table>
  </e:AD-2.4>
  <e:AD-2.5 id="EGTH-AD-2.5" Number="AD 2.5">
    <GreenBorder id="ID_7227046" />
    <e:Title id="ID_7227047">PASSENGER&nbsp;FACILITIES</e:Title>
    <x:table id="ID_7227049" class="">
      <x:tbody id="ID_7227050">
        <x:tr id="ID_7227051">
          <x:td id="ID_7227052" HAlignment="Left" VAlignment="Top" align="left" valign="top">1</x:td>
          <x:td id="ID_7227053" HAlignment="Left" VAlignment="Top" align="left" valign="top">
            <x:p id="ID_7227054">Hotels</x:p>
          </x:td>
          <x:td id="ID_7227055" HAlignment="Left" VAlignment="Top" align="left" valign="top">&nbsp;</x:td>
        </x:tr>
        <x:tr id="ID_7227056">
          <x:td id="ID_7227057" HAlignment="Left" VAlignment="Top" align="left" valign="top">2</x:td>
          <x:td id="ID_7227058" HAlignment="Left" VAlignment="Top" align="left" valign="top">
            <x:p id="ID_7227059">Restaurants</x:p>
          </x:td>
          <x:td id="ID_7227060" HAlignment="Left" VAlignment="Top" align="left" valign="top">&nbsp;</x:td>
        </x:tr>
        <x:tr id="ID_7227061">
          <x:td id="ID_7227062" HAlignment="Left" VAlignment="Top" align="left" valign="top">3</x:td>
          <x:td id="ID_7227063" HAlignment="Left" VAlignment="Top" align="left" valign="top">
            <x:p id="ID_7227064">Transportation</x:p>
          </x:td>
          <x:td id="ID_7227065" HAlignment="Left" VAlignment="Top" align="left" valign="top">&nbsp;</x:td>
        </x:tr>
        <x:tr id="ID_7227066">
          <x:td id="ID_7227067" HAlignment="Left" VAlignment="Top" align="left" valign="top">4</x:td>
          <x:td id="ID_7227068" HAlignment="Left" VAlignment="Top" align="left" valign="top">
            <x:p id="ID_7227069">Medical facilities</x:p>
          </x:td>
          <x:td id="ID_7227070" HAlignment="Left" VAlignment="Top" align="left" valign="top">&nbsp;</x:td>
        </x:tr>
        <x:tr id="ID_7227071">
          <x:td id="ID_7227072" HAlignment="Left" VAlignment="Top" align="left" valign="top">5</x:td>
          <x:td id="ID_7227073" HAlignment="Left" VAlignment="Top" align="left" valign="top">
            <x:p id="ID_7227074">Bank and Post Office</x:p>
          </x:td>
          <x:td id="ID_7227075" HAlignment="Left" VAlignment="Top" align="left" valign="top">&nbsp;</x:td>
        </x:tr>
        <x:tr id="ID_7227076">
          <x:td id="ID_7227077" HAlignment="Left" VAlignment="Top" align="left" valign="top">6</x:td>
          <x:td id="ID_7227078" HAlignment="Left" VAlignment="Top" align="left" valign="top">
            <x:p id="ID_7227079">Tourist Office</x:p>
          </x:td>
          <x:td id="ID_7227080" HAlignment="Left" VAlignment="Top" align="left" valign="top">&nbsp;</x:td>
        </x:tr>
        <x:tr id="ID_7227081">
          <x:td id="ID_7227082" HAlignment="Left" VAlignment="Top" align="left" valign="top">7</x:td>
          <x:td id="ID_7227083" HAlignment="Left" VAlignment="Top" align="left" valign="top">
            <x:p id="ID_7227084">Remarks</x:p>
          </x:td>
          <x:td id="ID_7227085" HAlignment="Left" VAlignment="Top" align="left" valign="top">&nbsp;</x:td>
        </x:tr>
      </x:tbody>
    </x:table>
  </e:AD-2.5>
  <e:AD-2.6 id="EGTH-AD-2.6" Number="AD 2.6">
    <GreenBorder id="ID_7227087" />
    <e:Title id="ID_7227088">RESCUE&nbsp;AND&nbsp;FIRE&nbsp;FIGHTING&nbsp;SERVICES</e:Title>
    <x:table id="ID_7227090" class="">
      <x:tbody id="ID_7227091">
        <x:tr id="ID_7227092">
          <x:td id="ID_7227093" HAlignment="Left" VAlignment="Top" align="left" valign="top">1</x:td>
          <x:td id="ID_7227094" HAlignment="Left" VAlignment="Top" align="left" valign="top">
            <x:p id="ID_7227095">AD category for fire fighting</x:p>
          </x:td>
          <x:td id="ID_7227096" HAlignment="Left" VAlignment="Top" align="left" valign="top">&nbsp;</x:td>
        </x:tr>
        <x:tr id="ID_7227097">
          <x:td id="ID_7227098" HAlignment="Left" VAlignment="Top" align="left" valign="top">2</x:td>
          <x:td id="ID_7227099" HAlignment="Left" VAlignment="Top" align="left" valign="top">
            <x:p id="ID_7227100">Rescue equipment</x:p>
          </x:td>
          <x:td id="ID_7227101" HAlignment="Left" VAlignment="Top" align="left" valign="top">&nbsp;</x:td>
        </x:tr>
        <x:tr id="ID_7227102">
          <x:td id="ID_7227103" HAlignment="Left" VAlignment="Top" align="left" valign="top">3</x:td>
          <x:td id="ID_7227104" HAlignment="Left" VAlignment="Top" align="left" valign="top">
            <x:p id="ID_7227105">Capability for removal of disabled aircraft</x:p>
          </x:td>
          <x:td id="ID_7227106" HAlignment="Left" VAlignment="Top" align="left" valign="top">&nbsp;</x:td>
        </x:tr>
        <x:tr id="ID_7227107">
          <x:td id="ID_7227108" HAlignment="Left" VAlignment="Top" align="left" valign="top">4</x:td>
          <x:td id="ID_7227109" HAlignment="Left" VAlignment="Top" align="left" valign="top">
            <x:p id="ID_7227110">Remarks</x:p>
          </x:td>
          <x:td id="ID_7227111" HAlignment="Left" VAlignment="Top" align="left" valign="top">&nbsp;</x:td>
        </x:tr>
      </x:tbody>
    </x:table>
  </e:AD-2.6>
  <e:AD-2.7 id="EGTH-AD-2.7" Number="AD 2.7">
    <GreenBorder id="ID_7227113" />
    <e:Title id="ID_7227114">SEASONAL&nbsp;AVAILABILITY&nbsp;-&nbsp;CLEARING</e:Title>
    <x:table id="ID_7227116" class="">
      <x:tbody id="ID_7227117">
        <x:tr id="ID_7227118">
          <x:td id="ID_7227119" HAlignment="Left" VAlignment="Top" align="left" valign="top">1</x:td>
          <x:td id="ID_7227120" HAlignment="Left" VAlignment="Top" align="left" valign="top">
            <x:p id="ID_7227121">Types of clearing equipment</x:p>
          </x:td>
          <x:td id="ID_7227122" HAlignment="Left" VAlignment="Top" align="left" valign="top">&nbsp;</x:td>
        </x:tr>
        <x:tr id="ID_7227123">
          <x:td id="ID_7227124" HAlignment="Left" VAlignment="Top" align="left" valign="top">2</x:td>
          <x:td id="ID_7227125" HAlignment="Left" VAlignment="Top" align="left" valign="top">
            <x:p id="ID_7227126">Clearance priorities</x:p>
          </x:td>
          <x:td id="ID_7227127" HAlignment="Left" VAlignment="Top" align="left" valign="top">&nbsp;</x:td>
        </x:tr>
        <x:tr id="ID_7227128">
          <x:td id="ID_7227129" HAlignment="Left" VAlignment="Top" align="left" valign="top">3</x:td>
          <x:td id="ID_7227130" HAlignment="Left" VAlignment="Top" align="left" valign="top">
            <x:p id="ID_7227131">Remarks</x:p>
          </x:td>
          <x:td id="ID_7227132" HAlignment="Left" VAlignment="Top" align="left" valign="top">&nbsp;</x:td>
        </x:tr>
      </x:tbody>
    </x:table>
  </e:AD-2.7>
  <e:AD-2.8 id="EGTH-AD-2.8" Number="AD 2.8">
    <GreenBorder id="ID_7227134" />
    <e:Title id="ID_7227135">APRONS,&nbsp;TAXIWAYS&nbsp;AND&nbsp;CHECK&nbsp;LOCATIONS/POSITIONS&nbsp;DATA</e:Title>
    <x:table id="ID_7227137" class="">
      <x:tbody id="ID_7227138">
        <x:tr id="ID_7227139">
          <x:td id="ID_7227140" HAlignment="Left" VAlignment="Top" align="left" valign="top">1</x:td>
          <x:td id="ID_7227141" HAlignment="Left" VAlignment="Top" align="left" valign="top">
            <x:p id="ID_7227142">Apron surface and strength</x:p>
          </x:td>
          <x:td id="ID_7227143" HAlignment="Left" VAlignment="Top" align="left" valign="top">&nbsp;</x:td>
        </x:tr>
        <x:tr id="ID_7227144">
          <x:td id="ID_7227145" HAlignment="Left" VAlignment="Top" align="left" valign="top">2</x:td>
          <x:td id="ID_7227146" HAlignment="Left" VAlignment="Top" align="left" valign="top">
            <x:p id="ID_7227147">Taxiway width, surface and strength</x:p>
          </x:td>
          <x:td id="ID_7227148" HAlignment="Left" VAlignment="Top" align="left" valign="top">&nbsp;</x:td>
        </x:tr>
        <x:tr id="ID_7227149">
          <x:td id="ID_7227150" HAlignment="Left" VAlignment="Top" align="left" valign="top">3</x:td>
          <x:td id="ID_7227151" HAlignment="Left" VAlignment="Top" align="left" valign="top">
            <x:p id="ID_7227152">Altimeter checkpoint location and elevation</x:p>
          </x:td>
          <x:td id="ID_7227153" HAlignment="Left" VAlignment="Top" align="left" valign="top">&nbsp;</x:td>
        </x:tr>
        <x:tr id="ID_7227154">
          <x:td id="ID_7227155" HAlignment="Left" VAlignment="Top" align="left" valign="top">4</x:td>
          <x:td id="ID_7227156" HAlignment="Left" VAlignment="Top" align="left" valign="top">
            <x:p id="ID_7227157">VOR checkpoints</x:p>
          </x:td>
          <x:td id="ID_7227158" HAlignment="Left" VAlignment="Top" align="left" valign="top">&nbsp;</x:td>
        </x:tr>
        <x:tr id="ID_7227159">
          <x:td id="ID_7227160" HAlignment="Left" VAlignment="Top" align="left" valign="top">5</x:td>
          <x:td id="ID_7227161" HAlignment="Left" VAlignment="Top" align="left" valign="top">
            <x:p id="ID_7227162">INS checkpoints</x:p>
          </x:td>
          <x:td id="ID_7227163" HAlignment="Left" VAlignment="Top" align="left" valign="top">&nbsp;</x:td>
        </x:tr>
        <x:tr id="ID_7227164">
          <x:td id="ID_7227165" HAlignment="Left" VAlignment="Top" align="left" valign="top">6</x:td>
          <x:td id="ID_7227166" HAlignment="Left" VAlignment="Top" align="left" valign="top">
            <x:p id="ID_7227167">Remarks</x:p>
          </x:td>
          <x:td id="ID_7227168" HAlignment="Left" VAlignment="Top" align="left" valign="top">&nbsp;</x:td>
        </x:tr>
      </x:tbody>
    </x:table>
  </e:AD-2.8>
  <e:AD-2.9 id="EGTH-AD-2.9" Number="AD 2.9">
    <GreenBorder id="ID_7227170" />
    <e:Title id="ID_7227171">SURFACE&nbsp;MOVEMENT&nbsp;GUIDANCE&nbsp;AND&nbsp;CONTROL&nbsp;SYSTEM&nbsp;AND&nbsp;MARKINGS</e:Title>
    <x:table id="ID_7227173" class="">
      <x:tbody id="ID_7227174">
        <x:tr id="ID_7227175">
          <x:td id="ID_7227176" HAlignment="Left" VAlignment="Top" align="left" valign="top">1</x:td>
          <x:td id="ID_7227177" HAlignment="Left" VAlignment="Top" align="left" valign="top">
            <x:p id="ID_7227178">Use of aircraft stand ID signs, TWY guide lines and visual docking/parking guidance system of aircraft stands</x:p>
          </x:td>
          <x:td id="ID_7227179" HAlignment="Left" VAlignment="Top" align="left" valign="top">&nbsp;</x:td>
        </x:tr>
        <x:tr id="ID_7227180">
          <x:td id="ID_7227181" HAlignment="Left" VAlignment="Top" align="left" valign="top">2</x:td>
          <x:td id="ID_7227182" HAlignment="Left" VAlignment="Top" align="left" valign="top">
            <x:p id="ID_7227183">Runway and taxiway markings and lighting</x:p>
          </x:td>
          <x:td id="ID_7227184" HAlignment="Left" VAlignment="Top" align="left" valign="top">&nbsp;</x:td>
        </x:tr>
        <x:tr id="ID_7227185">
          <x:td id="ID_7227186" HAlignment="Left" VAlignment="Top" align="left" valign="top">3</x:td>
          <x:td id="ID_7227187" HAlignment="Left" VAlignment="Top" align="left" valign="top">
            <x:p id="ID_7227188">Stop bars</x:p>
          </x:td>
          <x:td id="ID_7227189" HAlignment="Left" VAlignment="Top" align="left" valign="top">&nbsp;</x:td>
        </x:tr>
        <x:tr id="ID_7227190">
          <x:td id="ID_7227191" HAlignment="Left" VAlignment="Top" align="left" valign="top">4</x:td>
          <x:td id="ID_7227192" HAlignment="Left" VAlignment="Top" align="left" valign="top">
            <x:p id="ID_7227193">Remarks</x:p>
          </x:td>
          <x:td id="ID_7227194" HAlignment="Left" VAlignment="Top" align="left" valign="top">&nbsp;</x:td>
        </x:tr>
      </x:tbody>
    </x:table>
  </e:AD-2.9>
  <e:AD-2.10 id="EGTH-AD-2.10" Number="AD 2.10">
    <GreenBorder id="ID_7227196" />
    <e:Title id="ID_7227197">AERODROME&nbsp;OBSTACLES</e:Title>
    <x:table id="ID_7227199" class="">
      <x:thead id="ID_7227200">
        <x:tr id="ID_7227201">
          <x:th id="ID_7227202" HAlignment="Center" VAlignment="Top" colspan="6" align="center" valign="top">
            <x:p id="ID_7227203">In Approach/Take-off areas</x:p>
          </x:th>
        </x:tr>
        <x:tr id="ID_7227204">
          <x:th id="ID_7227205" HAlignment="Left" VAlignment="Top" align="left" valign="top">
            <x:p id="ID_7227206">Obstacle ID/Designation</x:p>
          </x:th>
          <x:th id="ID_7227207" HAlignment="Left" VAlignment="Top" align="left" valign="top">
            <x:p id="ID_7227208">Obstacle Type</x:p>
          </x:th>
          <x:th id="ID_7227209" HAlignment="Left" VAlignment="Top" align="left" valign="top">
            <x:p id="ID_7227210">Obstacle Position</x:p>
          </x:th>
          <x:th id="ID_7227211" HAlignment="Left" VAlignment="Top" align="left" valign="top">
            <x:p id="ID_7227212">Elevation/Height</x:p>
          </x:th>
          <x:th id="ID_7227213" HAlignment="Left" VAlignment="Top" align="left" valign="top">
            <x:p id="ID_7227214">Obstruction Lighting Type/Colour</x:p>
          </x:th>
          <x:th id="ID_7227215" HAlignment="Left" VAlignment="Top" align="left" valign="top">
            <x:p id="ID_7227216">Remarks</x:p>
          </x:th>
        </x:tr>
        <x:tr id="ID_7227217">
          <x:th id="ID_7227218" HAlignment="Left" VAlignment="Top" align="left" valign="top">1</x:th>
          <x:th id="ID_7227219" HAlignment="Left" VAlignment="Top" align="left" valign="top">2</x:th>
          <x:th id="ID_7227220" HAlignment="Left" VAlignment="Top" align="left" valign="top">3</x:th>
          <x:th id="ID_7227221" HAlignment="Left" VAlignment="Top" align="left" valign="top">4</x:th>
          <x:th id="ID_7227222" HAlignment="Left" VAlignment="Top" align="left" valign="top">5</x:th>
          <x:th id="ID_7227223" HAlignment="Left" VAlignment="Top" align="left" valign="top">6</x:th>
        </x:tr>
      </x:thead>
      <x:tbody id="ID_7227224">
        <x:tr id="ID_7227225">
          <x:td id="ID_7227226" HAlignment="Left" VAlignment="Top" align="left" valign="top">&nbsp;</x:td>
          <x:td id="ID_7227227" HAlignment="Left" VAlignment="Top" align="left" valign="top">&nbsp;</x:td>
          <x:td id="ID_7227228" HAlignment="Left" VAlignment="Top" align="left" valign="top">&nbsp;</x:td>
          <x:td id="ID_7227229" HAlignment="Left" VAlignment="Top" align="left" valign="top">&nbsp;</x:td>
          <x:td id="ID_7227230" HAlignment="Left" VAlignment="Top" align="left" valign="top">&nbsp;</x:td>
          <x:td id="ID_7227231" HAlignment="Left" VAlignment="Top" align="left" valign="top">&nbsp;</x:td>
        </x:tr>
      </x:tbody>
    </x:table>
    <x:table id="ID_7227233" class="">
      <x:thead id="ID_7227234">
        <x:tr id="ID_7227235">
          <x:th id="ID_7227236" HAlignment="Center" VAlignment="Top" colspan="6" align="center" valign="top">
            <x:p id="ID_7227237">In circling area and at aerodrome</x:p>
          </x:th>
        </x:tr>
        <x:tr id="ID_7227238">
          <x:th id="ID_7227239" HAlignment="Left" VAlignment="Top" align="left" valign="top">
            <x:p id="ID_7227240">Obstacle ID/Designation</x:p>
          </x:th>
          <x:th id="ID_7227241" HAlignment="Left" VAlignment="Top" align="left" valign="top">
            <x:p id="ID_7227242">Obstacle Type</x:p>
          </x:th>
          <x:th id="ID_7227243" HAlignment="Left" VAlignment="Top" align="left" valign="top">
            <x:p id="ID_7227244">Obstacle Position</x:p>
          </x:th>
          <x:th id="ID_7227245" HAlignment="Left" VAlignment="Top" align="left" valign="top">
            <x:p id="ID_7227246">Elevation/Height</x:p>
          </x:th>
          <x:th id="ID_7227247" HAlignment="Left" VAlignment="Top" align="left" valign="top">
            <x:p id="ID_7227248">Obstruction Lighting Type/Colour</x:p>
          </x:th>
          <x:th id="ID_7227249" HAlignment="Left" VAlignment="Top" align="left" valign="top">
            <x:p id="ID_7227250">Remarks</x:p>
          </x:th>
        </x:tr>
        <x:tr id="ID_7227251">
          <x:th id="ID_7227252" HAlignment="Left" VAlignment="Top" align="left" valign="top">1</x:th>
          <x:th id="ID_7227253" HAlignment="Left" VAlignment="Top" align="left" valign="top">2</x:th>
          <x:th id="ID_7227254" HAlignment="Left" VAlignment="Top" align="left" valign="top">3</x:th>
          <x:th id="ID_7227255" HAlignment="Left" VAlignment="Top" align="left" valign="top">4</x:th>
          <x:th id="ID_7227256" HAlignment="Left" VAlignment="Top" align="left" valign="top">5</x:th>
          <x:th id="ID_7227257" HAlignment="Left" VAlignment="Top" align="left" valign="top">6</x:th>
        </x:tr>
      </x:thead>
      <x:tbody id="ID_7227258">
        <x:tr id="ID_7227259">
          <x:td id="ID_7227260" HAlignment="Left" VAlignment="Top" align="left" valign="top">&nbsp;</x:td>
          <x:td id="ID_7227261" HAlignment="Left" VAlignment="Top" align="left" valign="top">&nbsp;</x:td>
          <x:td id="ID_7227262" HAlignment="Left" VAlignment="Top" align="left" valign="top">&nbsp;</x:td>
          <x:td id="ID_7227263" HAlignment="Left" VAlignment="Top" align="left" valign="top">&nbsp;</x:td>
          <x:td id="ID_7227264" HAlignment="Left" VAlignment="Top" align="left" valign="top">&nbsp;</x:td>
          <x:td id="ID_7227265" HAlignment="Left" VAlignment="Top" align="left" valign="top">&nbsp;</x:td>
        </x:tr>
      </x:tbody>
    </x:table>
  </e:AD-2.10>
  <e:AD-2.11 id="EGTH-AD-2.11" Number="AD 2.11">
    <GreenBorder id="ID_7227267" />
    <e:Title id="ID_7227268">METEOROLOGICAL&nbsp;INFORMATION&nbsp;PROVIDED</e:Title>
    <x:table id="ID_7227270" class="">
      <x:tbody id="ID_7227271">
        <x:tr id="ID_7227272">
          <x:td id="ID_7227273" HAlignment="Left" VAlignment="Top" align="left" valign="top">1</x:td>
          <x:td id="ID_7227274" HAlignment="Left" VAlignment="Top" align="left" valign="top">
            <x:p id="ID_7227275">Associated MET Office</x:p>
          </x:td>
          <x:td id="ID_7227276" HAlignment="Left" VAlignment="Top" align="left" valign="top">&nbsp;</x:td>
        </x:tr>
        <x:tr id="ID_7227277">
          <x:td id="ID_7227278" HAlignment="Left" VAlignment="Top" align="left" valign="top">2</x:td>
          <x:td id="ID_7227279" HAlignment="Left" VAlignment="Top" align="left" valign="top">
            <x:p id="ID_7227280">Hours of service</x:p>
            <x:p id="ID_7227281">MET Office outside hours</x:p>
          </x:td>
          <x:td id="ID_7227282" HAlignment="Left" VAlignment="Top" align="left" valign="top">&nbsp;</x:td>
        </x:tr>
        <x:tr id="ID_7227283">
          <x:td id="ID_7227284" HAlignment="Left" VAlignment="Top" align="left" valign="top">3</x:td>
          <x:td id="ID_7227285" HAlignment="Left" VAlignment="Top" align="left" valign="top">
            <x:p id="ID_7227286">Office responsible for TAF preparation</x:p>
            <x:p id="ID_7227287">Periods of validity</x:p>
          </x:td>
          <x:td id="ID_7227288" HAlignment="Left" VAlignment="Top" align="left" valign="top">&nbsp;</x:td>
        </x:tr>
        <x:tr id="ID_7227289">
          <x:td id="ID_7227290" HAlignment="Left" VAlignment="Top" align="left" valign="top">4</x:td>
          <x:td id="ID_7227291" HAlignment="Left" VAlignment="Top" align="left" valign="top">
            <x:p id="ID_7227292">Trend forecast</x:p>
            <x:p id="ID_7227293">Interval of issuance</x:p>
          </x:td>
          <x:td id="ID_7227294" HAlignment="Left" VAlignment="Top" align="left" valign="top">&nbsp;</x:td>
        </x:tr>
        <x:tr id="ID_7227295">
          <x:td id="ID_7227296" HAlignment="Left" VAlignment="Top" align="left" valign="top">5</x:td>
          <x:td id="ID_7227297" HAlignment="Left" VAlignment="Top" align="left" valign="top">
            <x:p id="ID_7227298">Briefing/consultation provided</x:p>
          </x:td>
          <x:td id="ID_7227299" HAlignment="Left" VAlignment="Top" align="left" valign="top">&nbsp;</x:td>
        </x:tr>
        <x:tr id="ID_7227300">
          <x:td id="ID_7227301" HAlignment="Left" VAlignment="Top" align="left" valign="top">6</x:td>
          <x:td id="ID_7227302" HAlignment="Left" VAlignment="Top" align="left" valign="top">
            <x:p id="ID_7227303">Flight documentation</x:p>
            <x:p id="ID_7227304">Language(s) used</x:p>
          </x:td>
          <x:td id="ID_7227305" HAlignment="Left" VAlignment="Top" align="left" valign="top">&nbsp;</x:td>
        </x:tr>
        <x:tr id="ID_7227306">
          <x:td id="ID_7227307" HAlignment="Left" VAlignment="Top" align="left" valign="top">7</x:td>
          <x:td id="ID_7227308" HAlignment="Left" VAlignment="Top" align="left" valign="top">
            <x:p id="ID_7227309">Charts and other information available for briefing or consultation</x:p>
          </x:td>
          <x:td id="ID_7227310" HAlignment="Left" VAlignment="Top" align="left" valign="top">&nbsp;</x:td>
        </x:tr>
        <x:tr id="ID_7227311">
          <x:td id="ID_7227312" HAlignment="Left" VAlignment="Top" align="left" valign="top">8</x:td>
          <x:td id="ID_7227313" HAlignment="Left" VAlignment="Top" align="left" valign="top">
            <x:p id="ID_7227314">Supplementary equipment available for providing information</x:p>
          </x:td>
          <x:td id="ID_7227315" HAlignment="Left" VAlignment="Top" align="left" valign="top">&nbsp;</x:td>
        </x:tr>
        <x:tr id="ID_7227316">
          <x:td id="ID_7227317" HAlignment="Left" VAlignment="Top" align="left" valign="top">9</x:td>
          <x:td id="ID_7227318" HAlignment="Left" VAlignment="Top" align="left" valign="top">
            <x:p id="ID_7227319">ATS units provided with information</x:p>
          </x:td>
          <x:td id="ID_7227320" HAlignment="Left" VAlignment="Top" align="left" valign="top">&nbsp;</x:td>
        </x:tr>
        <x:tr id="ID_7227321">
          <x:td id="ID_7227322" HAlignment="Left" VAlignment="Top" align="left" valign="top">10</x:td>
          <x:td id="ID_7227323" HAlignment="Left" VAlignment="Top" align="left" valign="top">
            <x:p id="ID_7227324">Additional information (limitation of service, etc.)</x:p>
          </x:td>
          <x:td id="ID_7227325" HAlignment="Left" VAlignment="Top" align="left" valign="top">&nbsp;</x:td>
        </x:tr>
      </x:tbody>
    </x:table>
  </e:AD-2.11>
  <e:AD-2.12 id="EGTH-AD-2.12" Number="AD 2.12">
    <GreenBorder id="ID_7227327" />
    <e:Title id="ID_7227328">RUNWAY&nbsp;PHYSICAL&nbsp;CHARACTERISTICS</e:Title>
    <x:table id="ID_7227330" class="">
      <x:thead id="ID_7227331">
        <x:tr id="ID_7227332">
          <x:th id="ID_7227333" HAlignment="Left" VAlignment="Top" align="left" valign="top">
            <x:p id="ID_7227334">Designations RWY Number</x:p>
          </x:th>
          <x:th id="ID_7227335" HAlignment="Left" VAlignment="Top" align="left" valign="top">
            <x:p id="ID_7227336">True bearing</x:p>
          </x:th>
          <x:th id="ID_7227337" HAlignment="Left" VAlignment="Top" align="left" valign="top">
            <x:p id="ID_7227338">Dimensions of RWY</x:p>
          </x:th>
          <x:th id="ID_7227339" HAlignment="Left" VAlignment="Top" align="left" valign="top">
            <x:p id="ID_7227340">Surface of RWY/ SWY/ </x:p>
            <x:p id="ID_7227341">Strength (PCN)</x:p>
          </x:th>
          <x:th id="ID_7227342" HAlignment="Left" VAlignment="Top" align="left" valign="top">
            <x:p id="ID_7227343">THR co-ordinates/</x:p>
            <x:p id="ID_7227344">THR Geoid undulation</x:p>
          </x:th>
          <x:th id="ID_7227345" HAlignment="Left" VAlignment="Top" align="left" valign="top">
            <x:p id="ID_7227346">THR elevation/ Highest elevation of TDZ of precision APP RWY</x:p>
          </x:th>
        </x:tr>
        <x:tr id="ID_7227347">
          <x:th id="ID_7227348" HAlignment="Left" VAlignment="Top" align="left" valign="top">1</x:th>
          <x:th id="ID_7227349" HAlignment="Left" VAlignment="Top" align="left" valign="top">2</x:th>
          <x:th id="ID_7227350" HAlignment="Left" VAlignment="Top" align="left" valign="top">3</x:th>
          <x:th id="ID_7227351" HAlignment="Left" VAlignment="Top" align="left" valign="top">4</x:th>
          <x:th id="ID_7227352" HAlignment="Left" VAlignment="Top" align="left" valign="top">5</x:th>
          <x:th id="ID_7227353" HAlignment="Left" VAlignment="Top" align="left" valign="top">6</x:th>
        </x:tr>
      </x:thead>
      <x:tbody id="ID_7227354">
        <x:tr id="ID_7227355">
          <x:td id="ID_7227356" HAlignment="Left" VAlignment="Top" align="left" valign="top">&nbsp;</x:td>
          <x:td id="ID_7227357" HAlignment="Left" VAlignment="Top" align="left" valign="top">&nbsp;</x:td>
          <x:td id="ID_7227358" HAlignment="Left" VAlignment="Top" align="left" valign="top">&nbsp;</x:td>
          <x:td id="ID_7227359" HAlignment="Left" VAlignment="Top" align="left" valign="top">&nbsp;</x:td>
          <x:td id="ID_7227360" HAlignment="Left" VAlignment="Top" align="left" valign="top">&nbsp;</x:td>
          <x:td id="ID_7227361" HAlignment="Left" VAlignment="Top" align="left" valign="top">&nbsp;</x:td>
        </x:tr>
        <x:tr id="ID_7227362">
          <x:td id="ID_7227363" HAlignment="Left" VAlignment="Top" align="left" valign="top">&nbsp;</x:td>
          <x:td id="ID_7227364" HAlignment="Left" VAlignment="Top" align="left" valign="top">&nbsp;</x:td>
          <x:td id="ID_7227365" HAlignment="Left" VAlignment="Top" align="left" valign="top">&nbsp;</x:td>
          <x:td id="ID_7227366" HAlignment="Left" VAlignment="Top" align="left" valign="top">&nbsp;</x:td>
          <x:td id="ID_7227367" HAlignment="Left" VAlignment="Top" align="left" valign="top">&nbsp;</x:td>
          <x:td id="ID_7227368" HAlignment="Left" VAlignment="Top" align="left" valign="top">&nbsp;</x:td>
        </x:tr>
      </x:tbody>
    </x:table>
    <x:table id="ID_7227370" class="">
      <x:thead id="ID_7227371">
        <x:tr id="ID_7227372">
          <x:th id="ID_7227373" HAlignment="Left" VAlignment="Top" colspan="3" align="left" valign="top">
            <x:p id="ID_7227374">Slope of RWY/</x:p>
            <x:p id="ID_7227375">SWY</x:p>
          </x:th>
          <x:th id="ID_7227376" HAlignment="Left" VAlignment="Top" align="left" valign="top">
            <x:p id="ID_7227377">SWY dimensions</x:p>
          </x:th>
          <x:th id="ID_7227378" HAlignment="Left" VAlignment="Top" align="left" valign="top">
            <x:p id="ID_7227379">Clearway dimensions</x:p>
          </x:th>
          <x:th id="ID_7227380" HAlignment="Left" VAlignment="Top" align="left" valign="top">
            <x:p id="ID_7227381">Strip dimensions</x:p>
          </x:th>
          <x:th id="ID_7227382" HAlignment="Left" VAlignment="Top" align="left" valign="top">
            <x:p id="ID_7227383">OFZ</x:p>
          </x:th>
          <x:th id="ID_7227384" HAlignment="Left" VAlignment="Top" align="left" valign="top">
            <x:p id="ID_7227385">Remarks</x:p>
          </x:th>
        </x:tr>
        <x:tr id="ID_7227386">
          <x:th id="ID_7227387" HAlignment="Left" VAlignment="Top" colspan="3" align="left" valign="top">7</x:th>
          <x:th id="ID_7227388" HAlignment="Left" VAlignment="Top" align="left" valign="top">8</x:th>
          <x:th id="ID_7227389" HAlignment="Left" VAlignment="Top" align="left" valign="top">9</x:th>
          <x:th id="ID_7227390" HAlignment="Left" VAlignment="Top" align="left" valign="top">10</x:th>
          <x:th id="ID_7227391" HAlignment="Left" VAlignment="Top" align="left" valign="top">11</x:th>
          <x:th id="ID_7227392" HAlignment="Left" VAlignment="Top" align="left" valign="top">12</x:th>
        </x:tr>
      </x:thead>
      <x:tbody id="ID_7227393">
        <x:tr id="ID_7227394">
          <x:td id="ID_7227395" HAlignment="Left" VAlignment="Top" colspan="3" align="left" valign="top">&nbsp;</x:td>
          <x:td id="ID_7227396" HAlignment="Left" VAlignment="Top" align="left" valign="top">&nbsp;</x:td>
          <x:td id="ID_7227397" HAlignment="Left" VAlignment="Top" align="left" valign="top">&nbsp;</x:td>
          <x:td id="ID_7227398" HAlignment="Left" VAlignment="Top" align="left" valign="top">&nbsp;</x:td>
          <x:td id="ID_7227399" HAlignment="Left" VAlignment="Top" align="left" valign="top">&nbsp;</x:td>
          <x:td id="ID_7227400" HAlignment="Left" VAlignment="Top" align="left" valign="top">&nbsp;</x:td>
        </x:tr>
        <x:tr id="ID_7227401">
          <x:td id="ID_7227402" HAlignment="Left" VAlignment="Top" colspan="3" align="left" valign="top">&nbsp;</x:td>
          <x:td id="ID_7227403" HAlignment="Left" VAlignment="Top" align="left" valign="top">&nbsp;</x:td>
          <x:td id="ID_7227404" HAlignment="Left" VAlignment="Top" align="left" valign="top">&nbsp;</x:td>
          <x:td id="ID_7227405" HAlignment="Left" VAlignment="Top" align="left" valign="top">&nbsp;</x:td>
          <x:td id="ID_7227406" HAlignment="Left" VAlignment="Top" align="left" valign="top">&nbsp;</x:td>
          <x:td id="ID_7227407" HAlignment="Left" VAlignment="Top" align="left" valign="top">&nbsp;</x:td>
        </x:tr>
      </x:tbody>
    </x:table>
  </e:AD-2.12>
  <e:AD-2.13 id="EGTH-AD-2.13" Number="AD 2.13">
    <GreenBorder id="ID_7227409" />
    <e:Title id="ID_7227410">DECLARED&nbsp;DISTANCES</e:Title>
    <x:table id="ID_7227412" class="">
      <x:thead id="ID_7227413">
        <x:tr id="ID_7227414">
          <x:th id="ID_7227415" HAlignment="Left" VAlignment="Top" align="left" valign="top">
            <x:p id="ID_7227416">Runway designator</x:p>
          </x:th>
          <x:th id="ID_7227417" HAlignment="Left" VAlignment="Top" align="left" valign="top">
            <x:p id="ID_7227418">TORA</x:p>
          </x:th>
          <x:th id="ID_7227419" HAlignment="Left" VAlignment="Top" align="left" valign="top">
            <x:p id="ID_7227420">TODA</x:p>
          </x:th>
          <x:th id="ID_7227421" HAlignment="Left" VAlignment="Top" align="left" valign="top">
            <x:p id="ID_7227422">ASDA</x:p>
          </x:th>
          <x:th id="ID_7227423" HAlignment="Left" VAlignment="Top" align="left" valign="top">
            <x:p id="ID_7227424">LDA</x:p>
          </x:th>
          <x:th id="ID_7227425" HAlignment="Left" VAlignment="Top" align="left" valign="top">
            <x:p id="ID_7227426">Remarks</x:p>
          </x:th>
        </x:tr>
        <x:tr id="ID_7227427">
          <x:th id="ID_7227428" HAlignment="Left" VAlignment="Top" align="left" valign="top">1</x:th>
          <x:th id="ID_7227429" HAlignment="Left" VAlignment="Top" align="left" valign="top">2</x:th>
          <x:th id="ID_7227430" HAlignment="Left" VAlignment="Top" align="left" valign="top">3</x:th>
          <x:th id="ID_7227431" HAlignment="Left" VAlignment="Top" align="left" valign="top">4</x:th>
          <x:th id="ID_7227432" HAlignment="Left" VAlignment="Top" align="left" valign="top">5</x:th>
          <x:th id="ID_7227433" HAlignment="Left" VAlignment="Top" align="left" valign="top">6</x:th>
        </x:tr>
      </x:thead>
      <x:tbody id="ID_7227434">
        <x:tr id="ID_7227435">
          <x:td id="ID_7227436" HAlignment="Left" VAlignment="Top" align="left" valign="top">&nbsp;</x:td>
          <x:td id="ID_7227437" HAlignment="Left" VAlignment="Top" align="left" valign="top">&nbsp;</x:td>
          <x:td id="ID_7227438" HAlignment="Left" VAlignment="Top" align="left" valign="top">&nbsp;</x:td>
          <x:td id="ID_7227439" HAlignment="Left" VAlignment="Top" align="left" valign="top">&nbsp;</x:td>
          <x:td id="ID_7227440" HAlignment="Left" VAlignment="Top" align="left" valign="top">&nbsp;</x:td>
          <x:td id="ID_7227441" HAlignment="Left" VAlignment="Top" align="left" valign="top">&nbsp;</x:td>
        </x:tr>
        <x:tr id="ID_7227442">
          <x:td id="ID_7227443" HAlignment="Left" VAlignment="Top" align="left" valign="top">&nbsp;</x:td>
          <x:td id="ID_7227444" HAlignment="Left" VAlignment="Top" align="left" valign="top">&nbsp;</x:td>
          <x:td id="ID_7227445" HAlignment="Left" VAlignment="Top" align="left" valign="top">&nbsp;</x:td>
          <x:td id="ID_7227446" HAlignment="Left" VAlignment="Top" align="left" valign="top">&nbsp;</x:td>
          <x:td id="ID_7227447" HAlignment="Left" VAlignment="Top" align="left" valign="top">&nbsp;</x:td>
          <x:td id="ID_7227448" HAlignment="Left" VAlignment="Top" align="left" valign="top">&nbsp;</x:td>
        </x:tr>
      </x:tbody>
    </x:table>
  </e:AD-2.13>
  <e:AD-2.14 id="EGTH-AD-2.14" Number="AD 2.14">
    <GreenBorder id="ID_7227450" />
    <e:Title id="ID_7227451">APPROACH&nbsp;AND&nbsp;RUNWAY&nbsp;LIGHTING</e:Title>
    <x:table id="ID_7227453" class="">
      <x:thead id="ID_7227454">
        <x:tr id="ID_7227455">
          <x:th id="ID_7227456" HAlignment="Left" VAlignment="Top" align="left" valign="top">
            <x:p id="ID_7227457">RWY</x:p>
          </x:th>
          <x:th id="ID_7227458" HAlignment="Left" VAlignment="Top" align="left" valign="top">
            <x:p id="ID_7227459">Approach Lighting Type/</x:p>
            <x:p id="ID_7227460">Length/</x:p>
            <x:p id="ID_7227461">Intensity</x:p>
          </x:th>
          <x:th id="ID_7227462" HAlignment="Left" VAlignment="Top" align="left" valign="top">
            <x:p id="ID_7227463">Threshold lighting</x:p>
            <x:p id="ID_7227464">Colour/ </x:p>
            <x:p id="ID_7227465">Wing bars</x:p>
          </x:th>
          <x:th id="ID_7227466" HAlignment="Left" VAlignment="Top" align="left" valign="top">
            <x:p id="ID_7227467">VASIS/</x:p>
            <x:p id="ID_7227468">MEHT/</x:p>
            <x:p id="ID_7227469">PAPI</x:p>
          </x:th>
          <x:th id="ID_7227470" HAlignment="Left" VAlignment="Top" align="left" valign="top">
            <x:p id="ID_7227471">TDZ lighting</x:p>
            <x:p id="ID_7227472">Length</x:p>
          </x:th>
          <x:th id="ID_7227473" HAlignment="Left" VAlignment="Top" align="left" valign="top">
            <x:p id="ID_7227474">Runway Centre Line lighting</x:p>
            <x:p id="ID_7227475">Length/</x:p>
            <x:p id="ID_7227476">Spacing/</x:p>
            <x:p id="ID_7227477">Colour/</x:p>
            <x:p id="ID_7227478">Intensity</x:p>
          </x:th>
          <x:th id="ID_7227479" HAlignment="Left" VAlignment="Top" align="left" valign="top">
            <x:p id="ID_7227480">Runway edge lighting</x:p>
            <x:p id="ID_7227481">Length/</x:p>
            <x:p id="ID_7227482">Spacing/</x:p>
            <x:p id="ID_7227483">Colour/</x:p>
            <x:p id="ID_7227484">Intensity</x:p>
          </x:th>
          <x:th id="ID_7227485" HAlignment="Left" VAlignment="Top" align="left" valign="top">
            <x:p id="ID_7227486">Runway end lighting</x:p>
            <x:p id="ID_7227487">Colour/</x:p>
            <x:p id="ID_7227488">Wing bars</x:p>
          </x:th>
          <x:th id="ID_7227489" HAlignment="Left" VAlignment="Top" align="left" valign="top">
            <x:p id="ID_7227490">Stopway lighting</x:p>
            <x:p id="ID_7227491">Length/</x:p>
            <x:p id="ID_7227492">Colour</x:p>
          </x:th>
          <x:th id="ID_7227493" HAlignment="Left" VAlignment="Top" align="left" valign="top">
            <x:p id="ID_7227494">Remarks</x:p>
          </x:th>
        </x:tr>
        <x:tr id="ID_7227495">
          <x:th id="ID_7227496" HAlignment="Left" VAlignment="Top" align="left" valign="top">1</x:th>
          <x:th id="ID_7227497" HAlignment="Left" VAlignment="Top" align="left" valign="top">2</x:th>
          <x:th id="ID_7227498" HAlignment="Left" VAlignment="Top" align="left" valign="top">3</x:th>
          <x:th id="ID_7227499" HAlignment="Left" VAlignment="Top" align="left" valign="top">4</x:th>
          <x:th id="ID_7227500" HAlignment="Left" VAlignment="Top" align="left" valign="top">5</x:th>
          <x:th id="ID_7227501" HAlignment="Left" VAlignment="Top" align="left" valign="top">6</x:th>
          <x:th id="ID_7227502" HAlignment="Left" VAlignment="Top" align="left" valign="top">7</x:th>
          <x:th id="ID_7227503" HAlignment="Left" VAlignment="Top" align="left" valign="top">8</x:th>
          <x:th id="ID_7227504" HAlignment="Left" VAlignment="Top" align="left" valign="top">9</x:th>
          <x:th id="ID_7227505" HAlignment="Left" VAlignment="Top" align="left" valign="top">10</x:th>
        </x:tr>
      </x:thead>
      <x:tbody id="ID_7227506">
        <x:tr id="ID_7227507">
          <x:td id="ID_7227508" HAlignment="Left" VAlignment="Top" align="left" valign="top">&nbsp;</x:td>
          <x:td id="ID_7227509" HAlignment="Left" VAlignment="Top" align="left" valign="top">&nbsp;</x:td>
          <x:td id="ID_7227510" HAlignment="Left" VAlignment="Top" align="left" valign="top">&nbsp;</x:td>
          <x:td id="ID_7227511" HAlignment="Left" VAlignment="Top" align="left" valign="top">&nbsp;</x:td>
          <x:td id="ID_7227512" HAlignment="Left" VAlignment="Top" align="left" valign="top">&nbsp;</x:td>
          <x:td id="ID_7227513" HAlignment="Left" VAlignment="Top" align="left" valign="top">&nbsp;</x:td>
          <x:td id="ID_7227514" HAlignment="Left" VAlignment="Top" align="left" valign="top">&nbsp;</x:td>
          <x:td id="ID_7227515" HAlignment="Left" VAlignment="Top" align="left" valign="top">&nbsp;</x:td>
          <x:td id="ID_7227516" HAlignment="Left" VAlignment="Top" align="left" valign="top">&nbsp;</x:td>
          <x:td id="ID_7227517" HAlignment="Left" VAlignment="Top" align="left" valign="top">&nbsp;</x:td>
        </x:tr>
        <x:tr id="ID_7227518">
          <x:td id="ID_7227519" HAlignment="Left" VAlignment="Top" align="left" valign="top">&nbsp;</x:td>
          <x:td id="ID_7227520" HAlignment="Left" VAlignment="Top" align="left" valign="top">&nbsp;</x:td>
          <x:td id="ID_7227521" HAlignment="Left" VAlignment="Top" align="left" valign="top">&nbsp;</x:td>
          <x:td id="ID_7227522" HAlignment="Left" VAlignment="Top" align="left" valign="top">&nbsp;</x:td>
          <x:td id="ID_7227523" HAlignment="Left" VAlignment="Top" align="left" valign="top">&nbsp;</x:td>
          <x:td id="ID_7227524" HAlignment="Left" VAlignment="Top" align="left" valign="top">&nbsp;</x:td>
          <x:td id="ID_7227525" HAlignment="Left" VAlignment="Top" align="left" valign="top">&nbsp;</x:td>
          <x:td id="ID_7227526" HAlignment="Left" VAlignment="Top" align="left" valign="top">&nbsp;</x:td>
          <x:td id="ID_7227527" HAlignment="Left" VAlignment="Top" align="left" valign="top">&nbsp;</x:td>
          <x:td id="ID_7227528" HAlignment="Left" VAlignment="Top" align="left" valign="top">&nbsp;</x:td>
        </x:tr>
      </x:tbody>
    </x:table>
  </e:AD-2.14>
  <e:AD-2.15 id="EGTH-AD-2.15" Number="AD 2.15">
    <GreenBorder id="ID_7227530" />
    <e:Title id="ID_7227531">OTHER&nbsp;LIGHTING,&nbsp;SECONDARY&nbsp;POWER&nbsp;SUPPLY</e:Title>
    <x:table id="ID_7227533" class="">
      <x:tbody id="ID_7227534">
        <x:tr id="ID_7227535">
          <x:td id="ID_7227536" HAlignment="Left" VAlignment="Top" align="left" valign="top">1</x:td>
          <x:td id="ID_7227537" HAlignment="Left" VAlignment="Top" align="left" valign="top">
            <x:p id="ID_7227538">ABN/IBN location, characteristics and hours of operation</x:p>
          </x:td>
          <x:td id="ID_7227539" HAlignment="Left" VAlignment="Top" align="left" valign="top">&nbsp;</x:td>
        </x:tr>
        <x:tr id="ID_7227540">
          <x:td id="ID_7227541" HAlignment="Left" VAlignment="Top" align="left" valign="top">2</x:td>
          <x:td id="ID_7227542" HAlignment="Left" VAlignment="Top" align="left" valign="top">
            <x:p id="ID_7227543">LDI location and lighting</x:p>
            <x:p id="ID_7227544">Anemometer location and lighting</x:p>
          </x:td>
          <x:td id="ID_7227545" HAlignment="Left" VAlignment="Top" align="left" valign="top">&nbsp;</x:td>
        </x:tr>
        <x:tr id="ID_7227546">
          <x:td id="ID_7227547" HAlignment="Left" VAlignment="Top" align="left" valign="top">3</x:td>
          <x:td id="ID_7227548" HAlignment="Left" VAlignment="Top" align="left" valign="top">
            <x:p id="ID_7227549">TWY edge and centre line lighting</x:p>
          </x:td>
          <x:td id="ID_7227550" HAlignment="Left" VAlignment="Top" align="left" valign="top">&nbsp;</x:td>
        </x:tr>
        <x:tr id="ID_7227551">
          <x:td id="ID_7227552" HAlignment="Left" VAlignment="Top" align="left" valign="top">4</x:td>
          <x:td id="ID_7227553" HAlignment="Left" VAlignment="Top" align="left" valign="top">
            <x:p id="ID_7227554">Secondary power supply/switch-over time</x:p>
          </x:td>
          <x:td id="ID_7227555" HAlignment="Left" VAlignment="Top" align="left" valign="top">&nbsp;</x:td>
        </x:tr>
        <x:tr id="ID_7227556">
          <x:td id="ID_7227557" HAlignment="Left" VAlignment="Top" align="left" valign="top">5</x:td>
          <x:td id="ID_7227558" HAlignment="Left" VAlignment="Top" align="left" valign="top">
            <x:p id="ID_7227559">Remarks</x:p>
          </x:td>
          <x:td id="ID_7227560" HAlignment="Left" VAlignment="Top" align="left" valign="top">&nbsp;</x:td>
        </x:tr>
      </x:tbody>
    </x:table>
  </e:AD-2.15>
  <e:AD-2.16 id="EGTH-AD-2.16" Number="AD 2.16">
    <GreenBorder id="ID_7227562" />
    <e:Title id="ID_7227563">HELICOPTER&nbsp;LANDING&nbsp;AREA</e:Title>
    <x:table id="ID_7227565" class="">
      <x:tbody id="ID_7227566">
        <x:tr id="ID_7227567">
          <x:td id="ID_7227568" HAlignment="Left" VAlignment="Top" align="left" valign="top">1</x:td>
          <x:td id="ID_7227569" HAlignment="Left" VAlignment="Top" align="left" valign="top">
            <x:p id="ID_7227570">Coordinates TLOF or THR of FATO</x:p>
            <x:p id="ID_7227571">Geoid undulation</x:p>
          </x:td>
          <x:td id="ID_7227572" HAlignment="Left" VAlignment="Top" align="left" valign="top">&nbsp;</x:td>
        </x:tr>
        <x:tr id="ID_7227573">
          <x:td id="ID_7227574" HAlignment="Left" VAlignment="Top" align="left" valign="top">2</x:td>
          <x:td id="ID_7227575" HAlignment="Left" VAlignment="Top" align="left" valign="top">
            <x:p id="ID_7227576">TLOF and/or FATO elevation M/FT</x:p>
          </x:td>
          <x:td id="ID_7227577" HAlignment="Left" VAlignment="Top" align="left" valign="top">&nbsp;</x:td>
        </x:tr>
        <x:tr id="ID_7227578">
          <x:td id="ID_7227579" HAlignment="Left" VAlignment="Top" align="left" valign="top">3</x:td>
          <x:td id="ID_7227580" HAlignment="Left" VAlignment="Top" align="left" valign="top">
            <x:p id="ID_7227581">TLOF and FATO area dimensions, surface, strength, marking</x:p>
          </x:td>
          <x:td id="ID_7227582" HAlignment="Left" VAlignment="Top" align="left" valign="top">&nbsp;</x:td>
        </x:tr>
        <x:tr id="ID_7227583">
          <x:td id="ID_7227584" HAlignment="Left" VAlignment="Top" align="left" valign="top">4</x:td>
          <x:td id="ID_7227585" HAlignment="Left" VAlignment="Top" align="left" valign="top">
            <x:p id="ID_7227586">True BRG of FATO</x:p>
          </x:td>
          <x:td id="ID_7227587" HAlignment="Left" VAlignment="Top" align="left" valign="top">&nbsp;</x:td>
        </x:tr>
        <x:tr id="ID_7227588">
          <x:td id="ID_7227589" HAlignment="Left" VAlignment="Top" align="left" valign="top">5</x:td>
          <x:td id="ID_7227590" HAlignment="Left" VAlignment="Top" align="left" valign="top">
            <x:p id="ID_7227591">Declared distance available</x:p>
          </x:td>
          <x:td id="ID_7227592" HAlignment="Left" VAlignment="Top" align="left" valign="top">&nbsp;</x:td>
        </x:tr>
        <x:tr id="ID_7227593">
          <x:td id="ID_7227594" HAlignment="Left" VAlignment="Top" align="left" valign="top">6</x:td>
          <x:td id="ID_7227595" HAlignment="Left" VAlignment="Top" align="left" valign="top">
            <x:p id="ID_7227596">APP and FATO lighting</x:p>
          </x:td>
          <x:td id="ID_7227597" HAlignment="Left" VAlignment="Top" align="left" valign="top">&nbsp;</x:td>
        </x:tr>
        <x:tr id="ID_7227598">
          <x:td id="ID_7227599" HAlignment="Left" VAlignment="Top" align="left" valign="top">7</x:td>
          <x:td id="ID_7227600" HAlignment="Left" VAlignment="Top" align="left" valign="top">
            <x:p id="ID_7227601">Remarks</x:p>
          </x:td>
          <x:td id="ID_7227602" HAlignment="Left" VAlignment="Top" align="left" valign="top">&nbsp;</x:td>
        </x:tr>
      </x:tbody>
    </x:table>
  </e:AD-2.16>
  <e:AD-2.17 id="EGTH-AD-2.17" Number="AD 2.17">
    <GreenBorder id="ID_7227604" />
    <e:Title id="ID_7227605">AIR TRAFFIC SERVICES&nbsp;AIRSPACE</e:Title>
    <x:table id="ID_7227607" class="">
      <x:thead id="ID_7227608">
        <x:tr id="ID_7227609">
          <x:th id="ID_7227610" HAlignment="Left" VAlignment="Top" align="left" valign="top">
            <x:p id="ID_7227611">Designation and</x:p>
            <x:p id="ID_7227612">lateral limits</x:p>
          </x:th>
          <x:th id="ID_7227613" HAlignment="Left" VAlignment="Top" align="left" valign="top">
            <x:p id="ID_7227614">Vertical Limits</x:p>
          </x:th>
          <x:th id="ID_7227615" HAlignment="Left" VAlignment="Top" align="left" valign="top">
            <x:p id="ID_7227616">Airspace Class</x:p>
          </x:th>
          <x:th id="ID_7227617" HAlignment="Left" VAlignment="Top" align="left" valign="top">
            <x:p id="ID_7227618">ATS unit callsign/ language</x:p>
          </x:th>
          <x:th id="ID_7227619" HAlignment="Left" VAlignment="Top" align="left" valign="top">
            <x:p id="ID_7227620">Transition Altitude</x:p>
          </x:th>
          <x:th id="ID_7227621" HAlignment="Left" VAlignment="Top" align="left" valign="top">
            <x:p id="ID_7227622">Hours of Applicability</x:p>
          </x:th>
          <x:th id="ID_7227623" HAlignment="Left" VAlignment="Top" align="left" valign="top">
            <x:p id="ID_7227624">Remarks</x:p>
          </x:th>
        </x:tr>
        <x:tr id="ID_7227625">
          <x:th id="ID_7227626" HAlignment="Left" VAlignment="Top" align="left" valign="top">1</x:th>
          <x:th id="ID_7227627" HAlignment="Left" VAlignment="Top" align="left" valign="top">2</x:th>
          <x:th id="ID_7227628" HAlignment="Left" VAlignment="Top" align="left" valign="top">3</x:th>
          <x:th id="ID_7227629" HAlignment="Left" VAlignment="Top" align="left" valign="top">4</x:th>
          <x:th id="ID_7227630" HAlignment="Left" VAlignment="Top" align="left" valign="top">5</x:th>
          <x:th id="ID_7227631" HAlignment="Left" VAlignment="Top" align="left" valign="top">6</x:th>
          <x:th id="ID_7227632" HAlignment="Left" VAlignment="Top" align="left" valign="top">7</x:th>
        </x:tr>
      </x:thead>
      <x:tbody id="ID_7227633">
        <x:tr id="ID_7227634">
          <x:td id="ID_7227635" HAlignment="Left" VAlignment="Top" align="left" valign="top">&nbsp;</x:td>
          <x:td id="ID_7227636" HAlignment="Left" VAlignment="Top" align="left" valign="top">&nbsp;</x:td>
          <x:td id="ID_7227637" HAlignment="Left" VAlignment="Top" align="left" valign="top">&nbsp;</x:td>
          <x:td id="ID_7227638" HAlignment="Left" VAlignment="Top" align="left" valign="top">&nbsp;</x:td>
          <x:td id="ID_7227639" HAlignment="Left" VAlignment="Top" align="left" valign="top">&nbsp;</x:td>
          <x:td id="ID_7227640" HAlignment="Left" VAlignment="Top" align="left" valign="top">&nbsp;</x:td>
          <x:td id="ID_7227641" HAlignment="Left" VAlignment="Top" align="left" valign="top">&nbsp;</x:td>
        </x:tr>
        <x:tr id="ID_7227642">
          <x:td id="ID_7227643" HAlignment="Left" VAlignment="Top" align="left" valign="top">&nbsp;</x:td>
          <x:td id="ID_7227644" HAlignment="Left" VAlignment="Top" align="left" valign="top">&nbsp;</x:td>
          <x:td id="ID_7227645" HAlignment="Left" VAlignment="Top" align="left" valign="top">&nbsp;</x:td>
          <x:td id="ID_7227646" HAlignment="Left" VAlignment="Top" align="left" valign="top">&nbsp;</x:td>
          <x:td id="ID_7227647" HAlignment="Left" VAlignment="Top" align="left" valign="top">&nbsp;</x:td>
          <x:td id="ID_7227648" HAlignment="Left" VAlignment="Top" align="left" valign="top">&nbsp;</x:td>
          <x:td id="ID_7227649" HAlignment="Left" VAlignment="Top" align="left" valign="top">&nbsp;</x:td>
        </x:tr>
      </x:tbody>
    </x:table>
  </e:AD-2.17>
  <e:AD-2.18 id="EGTH-AD-2.18" Number="AD 2.18">
    <GreenBorder id="ID_7227651" />
    <e:Title id="ID_7227652">AIR TRAFFIC SERVICES&nbsp;COMMUNICATION&nbsp;FACILITIES</e:Title>
    <x:table id="ID_7227654" class="">
      <x:thead id="ID_7227655">
        <x:tr id="ID_7227656">
          <x:th id="ID_7227657" HAlignment="Left" VAlignment="Top" align="left" valign="top">
            <x:p id="ID_7227658">Service designation</x:p>
          </x:th>
          <x:th id="ID_7227659" HAlignment="Left" VAlignment="Top" align="left" valign="top">
            <x:p id="ID_7227660">Callsign</x:p>
          </x:th>
          <x:th id="ID_7227661" HAlignment="Left" VAlignment="Top" align="left" valign="top">
            <x:p id="ID_7227662">Channel(s)</x:p>
          </x:th>
          <x:th id="ID_7227663" HAlignment="Left" VAlignment="Top" align="left" valign="top">
            <x:p id="ID_7227664">Hours of </x:p>
            <x:p id="ID_7227665">Operation</x:p>
          </x:th>
          <x:th id="ID_7227666" HAlignment="Left" VAlignment="Top" align="left" valign="top">
            <x:p id="ID_7227667">Remarks</x:p>
          </x:th>
        </x:tr>
        <x:tr id="ID_7227668">
          <x:th id="ID_7227669" HAlignment="Left" VAlignment="Top" align="left" valign="top">1</x:th>
          <x:th id="ID_7227670" HAlignment="Left" VAlignment="Top" align="left" valign="top">2</x:th>
          <x:th id="ID_7227671" HAlignment="Left" VAlignment="Top" align="left" valign="top">3</x:th>
          <x:th id="ID_7227672" HAlignment="Left" VAlignment="Top" align="left" valign="top">4</x:th>
          <x:th id="ID_7227673" HAlignment="Left" VAlignment="Top" align="left" valign="top">5</x:th>
        </x:tr>
      </x:thead>
      <x:tbody id="ID_7227674">
        <x:tr id="ID_7227675">
          <x:td id="ID_7227676" HAlignment="Left" VAlignment="Top" align="left" valign="top">&nbsp;</x:td>
          <x:td id="ID_7227677" HAlignment="Left" VAlignment="Top" align="left" valign="top">&nbsp;</x:td>
          <x:td id="ID_7227678" HAlignment="Left" VAlignment="Top" align="left" valign="top">&nbsp;</x:td>
          <x:td id="ID_7227679" HAlignment="Left" VAlignment="Top" align="left" valign="top">&nbsp;</x:td>
          <x:td id="ID_7227680" HAlignment="Left" VAlignment="Top" align="left" valign="top">&nbsp;</x:td>
        </x:tr>
        <x:tr id="ID_7227681">
          <x:td id="ID_7227682" HAlignment="Left" VAlignment="Top" align="left" valign="top">&nbsp;</x:td>
          <x:td id="ID_7227683" HAlignment="Left" VAlignment="Top" align="left" valign="top">&nbsp;</x:td>
          <x:td id="ID_7227684" HAlignment="Left" VAlignment="Top" align="left" valign="top">&nbsp;</x:td>
          <x:td id="ID_7227685" HAlignment="Left" VAlignment="Top" align="left" valign="top">&nbsp;</x:td>
          <x:td id="ID_7227686" HAlignment="Left" VAlignment="Top" align="left" valign="top">&nbsp;</x:td>
        </x:tr>
      </x:tbody>
    </x:table>
  </e:AD-2.18>
  <e:AD-2.19 id="EGTH-AD-2.19" Number="AD 2.19">
    <GreenBorder id="ID_7227688" />
    <e:Title id="ID_7227689">RADIO&nbsp;NAVIGATION&nbsp;AND&nbsp;LANDING&nbsp;AIDS</e:Title>
    <x:table id="ID_7227691" class="">
      <x:thead id="ID_7227692">
        <x:tr id="ID_7227693">
          <x:th id="ID_7227694" HAlignment="Left" VAlignment="Top" align="left" valign="top">
            <x:p id="ID_7227695">Type of Aid CAT&nbsp;of&nbsp;ILS/MLS</x:p>
            <x:p id="ID_7227696">(For VOR/ILS/MLS, give VAR)</x:p>
          </x:th>
          <x:th id="ID_7227697" HAlignment="Left" VAlignment="Top" align="left" valign="top">
            <x:p id="ID_7227698">Ident</x:p>
          </x:th>
          <x:th id="ID_7227699" HAlignment="Left" VAlignment="Top" align="left" valign="top">
            <x:p id="ID_7227700">Frequency</x:p>
            <x:p id="ID_7227701">channel number(s), service provider, and reference path identifier(s) (RPI)</x:p>
          </x:th>
          <x:th id="ID_7227702" HAlignment="Left" VAlignment="Top" align="left" valign="top">
            <x:p id="ID_7227703">Hours of Operation</x:p>
          </x:th>
          <x:th id="ID_7227704" HAlignment="Left" VAlignment="Top" align="left" valign="top">
            <x:p id="ID_7227705">Position of transmitting antenna co-ordinates</x:p>
          </x:th>
          <x:th id="ID_7227706" HAlignment="Left" VAlignment="Top" align="left" valign="top">
            <x:p id="ID_7227707">Elevation of DME transmitting antenna</x:p>
            <x:p id="ID_7227708">GBAS, SBAS, LTP, FTP values</x:p>
          </x:th>
          <x:th id="ID_7227709" HAlignment="Left" VAlignment="Top" align="left" valign="top">
            <x:p id="ID_7227710">Remarks</x:p>
          </x:th>
        </x:tr>
        <x:tr id="ID_7227711">
          <x:th id="ID_7227712" HAlignment="Left" VAlignment="Top" align="left" valign="top">1</x:th>
          <x:th id="ID_7227713" HAlignment="Left" VAlignment="Top" align="left" valign="top">2</x:th>
          <x:th id="ID_7227714" HAlignment="Left" VAlignment="Top" align="left" valign="top">3</x:th>
          <x:th id="ID_7227715" HAlignment="Left" VAlignment="Top" align="left" valign="top">4</x:th>
          <x:th id="ID_7227716" HAlignment="Left" VAlignment="Top" align="left" valign="top">5</x:th>
          <x:th id="ID_7227717" HAlignment="Left" VAlignment="Top" align="left" valign="top">6</x:th>
          <x:th id="ID_7227718" HAlignment="Left" VAlignment="Top" align="left" valign="top">7</x:th>
        </x:tr>
      </x:thead>
      <x:tbody id="ID_7227719">
        <x:tr id="ID_7227720">
          <x:td id="ID_7227721" HAlignment="Left" VAlignment="Top" align="left" valign="top">&nbsp;</x:td>
          <x:td id="ID_7227722" HAlignment="Left" VAlignment="Top" align="left" valign="top">&nbsp;</x:td>
          <x:td id="ID_7227723" HAlignment="Left" VAlignment="Top" align="left" valign="top">&nbsp;</x:td>
          <x:td id="ID_7227724" HAlignment="Left" VAlignment="Top" align="left" valign="top">&nbsp;</x:td>
          <x:td id="ID_7227725" HAlignment="Left" VAlignment="Top" align="left" valign="top">&nbsp;</x:td>
          <x:td id="ID_7227726" HAlignment="Left" VAlignment="Top" align="left" valign="top">&nbsp;</x:td>
          <x:td id="ID_7227727" HAlignment="Left" VAlignment="Top" align="left" valign="top">&nbsp;</x:td>
        </x:tr>
      </x:tbody>
    </x:table>
  </e:AD-2.19>
  <e:AD-2.20 id="EGTH-AD-2.20" Number="AD 2.20">
    <GreenBorder id="ID_7227729" />
    <e:Title id="ID_7227730">LOCAL&nbsp;AERODROME&nbsp;REGULATIONS</e:Title>
    <x:div class="RP">
      <x:span class="sdParams" style="display:none;">TRULES_PROC;RULES_PROC_ID;7485</x:span>
      <e:Sub-section Number="1" id="EGTH-AD-2.20.1">
        <e:Title id="ID_7227732">Airport Regulations</e:Title>
        <x:ol id="ID_7227733" class="Numbered">
          <x:li id="ID_7227734">
            <x:p id="ID_7227735">PPR only, during opening hours. Opening hours are detailed on the Shuttleworth Collection website http://www.shuttleworth.org</x:p>
          </x:li>
          <x:li id="ID_7227736">
            <x:p id="ID_7227737">Based operators may fly outside of notified hours.</x:p>
          </x:li>
          <x:li id="ID_7227738">
            <x:p id="ID_7227739">A standard overhead join must be made.</x:p>
          </x:li>
          <x:li id="ID_7227740">
            <x:p id="ID_7227741">Aircraft operators must transmit their intentions, including standard position reports, when Old Warden Information Service is not operational.</x:p>
          </x:li>
        </x:ol>
      </e:Sub-section>
      <e:Sub-section Number="2" id="EGTH-AD-2.20.2">
        <e:Title id="ID_7227743">Ground Movement</e:Title>
        <x:ol id="ID_7227744" class="Numbered">
          <x:li id="ID_7227745">
            <x:p id="ID_7227746">Do not backtrack runways, vacate the runway to the North West.</x:p>
          </x:li>
          <x:li id="ID_7227747">
            <x:p id="ID_7227748">Aircraft must be parked well clear of the end and sides of Runway 12/30 at the NW end where manoeuvring space is limited.</x:p>
          </x:li>
          <x:li id="ID_7227749">
            <x:p id="ID_7227750">Old Warden Information Service can be visually identified as being operational when a flag is hoisted at the tower.</x:p>
          </x:li>
        </x:ol>
      </e:Sub-section>
      <e:Sub-section Number="3" id="EGTH-AD-2.20.3">
        <e:Title id="ID_7227752">CAT II/III Operations</e:Title>
        <x:p id="ID_7227753">Not applicable</x:p>
      </e:Sub-section>
      <e:Sub-section Number="4" id="EGTH-AD-2.20.4">
        <e:Title id="ID_7227755">Warnings</e:Title>
        <x:ol id="ID_7227756" class="Numbered">
          <x:li id="ID_7227757">
            <x:p id="ID_7227758">Avoid overflying Home Farm immediately to the East of the aerodrome.</x:p>
          </x:li>
          <x:li id="ID_7227759">
            <x:p id="ID_7227760">Birds of prey, including kites, in the vicinity.</x:p>
          </x:li>
          <x:li id="ID_7227761">
            <x:p id="ID_7227762">Model aircraft may operate at times.</x:p>
          </x:li>
          <x:li id="ID_7227763">
            <x:p id="ID_7227764">Non-radio aircraft may conduct flight trials or display practise. Visiting pilots must keep a good look out and remain clear until safe to join.</x:p>
          </x:li>
        </x:ol>
      </e:Sub-section>
      <e:Sub-section Number="5" id="EGTH-AD-2.20.5">
        <e:Title id="ID_7227766">Helicopter Operations</e:Title>
        <x:ol id="ID_7227767" class="Numbered">
          <x:li id="ID_7227768">
            <x:p id="ID_7227769">Helicopters must land airside of spectator fence and join as per fixed wing operations.</x:p>
          </x:li>
        </x:ol>
      </e:Sub-section>
      <e:Sub-section Number="6" id="EGTH-AD-2.20.6">
        <e:Title id="ID_7227771">Use of Runways</e:Title>
        <x:ol id="ID_7227772" class="Numbered">
          <x:li id="ID_7227773">
            <x:p id="ID_7227774">Only Runway 03/21 is available to visiting aircraft. Other runways may be in use by based aircraft conducting test flights or practise display.</x:p>
          </x:li>
        </x:ol>
      </e:Sub-section>
      <e:Sub-section Number="7" id="EGTH-AD-2.20.7">
        <e:Title id="ID_7227776">Training</e:Title>
        <x:ol id="ID_7227777" class="Numbered">
          <x:li id="ID_7227778">
            <x:p id="ID_7227779">No training permitted except with the written permission of the aerodrome owner.</x:p>
          </x:li>
        </x:ol>
      </e:Sub-section>
    </x:div>
  </e:AD-2.20>
  <e:AD-2.21 id="EGTH-AD-2.21" Number="AD 2.21">
    <GreenBorder id="ID_7227781" />
    <e:Title id="ID_7227782">NOISE ABATEMENT PROCEDURES</e:Title>
    <x:div class="RP">
      <x:span class="sdParams" style="display:none;">TRULES_PROC;RULES_PROC_ID;7486</x:span>
      <x:p id="ID_7227783">Not applicable</x:p>
    </x:div>
  </e:AD-2.21>
  <e:AD-2.22 id="EGTH-AD-2.22" Number="AD 2.22">
    <GreenBorder id="ID_7227785" />
    <e:Title id="ID_7227786">FLIGHT PROCEDURES</e:Title>
    <x:div class="RP">
      <x:span class="sdParams" style="display:none;">TRULES_PROC;RULES_PROC_ID;7487</x:span>
      <e:Sub-section Number="1" id="EGTH-AD-2.22.1">
        <e:Title id="ID_7227788">Circuits</e:Title>
        <x:ol id="ID_7227789" class="Numbered">
          <x:li id="ID_7227790">
            <x:p id="ID_7227791">Circuit Height: 800 ft.</x:p>
          </x:li>
          <x:li id="ID_7227792">
            <x:p id="ID_7227793">Circuit Direction: Runway 21 LH, Runway 03 RH.</x:p>
          </x:li>
          <x:li id="ID_7227794">
            <x:p id="ID_7227795">All aircraft to make a full overhead join to allow any model flying to cease.</x:p>
          </x:li>
        </x:ol>
      </e:Sub-section>
    </x:div>
  </e:AD-2.22>
  <e:AD-2.23 id="EGTH-AD-2.23" Number="AD 2.23">
    <GreenBorder id="ID_7227797" />
    <e:Title id="ID_7227798">ADDITIONAL INFORMATION</e:Title>
    <x:div class="RP">
      <x:span class="sdParams" style="display:none;">TRULES_PROC;RULES_PROC_ID;7488</x:span>
      <x:p id="ID_7227799">Not applicable</x:p>
    </x:div>
  </e:AD-2.23>
  <e:AD-2.24 id="EGTH-AD-2.24" Number="AD 2.24">
    <GreenBorder id="ID_7227801" />
    <e:Title id="ID_7227802">CHARTS RELATED TO AN AERODROME</e:Title>
    <x:table id="ID_7227804" class="">
      <x:tbody id="ID_7227805">
        <x:tr id="ID_7227806">
          <x:td id="ID_7227807" HAlignment="Left" VAlignment="Top" align="left" valign="top">
            <x:p id="ID_7227808">
              <x:em id="ID_7227809" class="Italic">Figure: Aerodrome Chart - ICAO</x:em>
            </x:p>
          </x:td>
        </x:tr>
        <x:tr id="ID_7227810">
          <x:td id="ID_7227811" HAlignment="Left" VAlignment="Top" align="left" valign="top">
            <x:p id="ID_7227812">AD 2-EGAA-2-1</x:p>
          </x:td>
        </x:tr>
        <x:tr id="ID_7227813">
          <x:td id="ID_7227814" HAlignment="Left" VAlignment="Top" align="left" valign="top">&nbsp;</x:td>
        </x:tr>
        <x:tr id="ID_7227815">
          <x:td id="ID_7227816" HAlignment="Left" VAlignment="Top" align="left" valign="top">&nbsp;</x:td>
        </x:tr>
        <x:tr id="ID_7227817">
          <x:td id="ID_7227818" HAlignment="Left" VAlignment="Top" align="left" valign="top">&nbsp;</x:td>
        </x:tr>
        <x:tr id="ID_7227819">
          <x:td id="ID_7227820" HAlignment="Left" VAlignment="Top" align="left" valign="top">&nbsp;</x:td>
        </x:tr>
      </x:tbody>
    </x:table>
  </e:AD-2.24>
</e:Aerodrome>
