<?xml version="1.0" encoding="UTF-8"?>
<e:Aerodrome id="AD-2.EGNW" Ref="ICAO-EGNW" Title="WICKENBY" xmlns:e="http://www.eurocontrol.int/xmlns/AIM/eAIP" xmlns:x="http://www.w3.org/1999/xhtml" xmlns:xlink="http://www.w3.org/1999/xlink">
  <e:Title />
  <e:AD-2.1 id="EGNW-AD-2.1" Number="AD 2.1">
    <GreenBorder id="ID_7492459" />
    <e:Title id="ID_7492460">AERODROME LOCATION INDICATOR AND NAME</e:Title>
    <e:Generated />
  </e:AD-2.1>
  <e:AD-2.2 id="EGNW-AD-2.2" Number="AD 2.2">
    <GreenBorder id="ID_7492465" />
    <e:Title id="ID_7492466">AERODROME&nbsp;GEOGRAPHICAL&nbsp;AND&nbsp;ADMINISTRATIVE&nbsp;DATA</e:Title>
    <x:table id="ID_7492468" class="">
      <x:tbody id="ID_7492469">
        <x:tr id="ID_7492470">
          <x:td id="ID_7492471" HAlignment="Left" VAlignment="Top" align="left" valign="top">1</x:td>
          <x:td id="ID_7492472" HAlignment="Left" VAlignment="Top" align="left" valign="top">
            <x:p id="ID_7492473">ARP coordinates and site at AD</x:p>
          </x:td>
          <x:td id="ID_7492474" HAlignment="Left" VAlignment="Top" align="left" valign="top">&nbsp;</x:td>
        </x:tr>
        <x:tr id="ID_7492475">
          <x:td id="ID_7492476" HAlignment="Left" VAlignment="Top" align="left" valign="top">2</x:td>
          <x:td id="ID_7492477" HAlignment="Left" VAlignment="Top" align="left" valign="top">
            <x:p id="ID_7492478">Direction and distance from city</x:p>
          </x:td>
          <x:td id="ID_7492479" HAlignment="Left" VAlignment="Top" align="left" valign="top">&nbsp;</x:td>
        </x:tr>
        <x:tr id="ID_7492480">
          <x:td id="ID_7492481" HAlignment="Left" VAlignment="Top" align="left" valign="top">3</x:td>
          <x:td id="ID_7492482" HAlignment="Left" VAlignment="Top" align="left" valign="top">
            <x:p id="ID_7492483">Elevation / Reference temperature</x:p>
          </x:td>
          <x:td id="ID_7492484" HAlignment="Left" VAlignment="Top" align="left" valign="top">&nbsp;</x:td>
        </x:tr>
        <x:tr id="ID_7492485">
          <x:td id="ID_7492486" HAlignment="Left" VAlignment="Top" align="left" valign="top">4</x:td>
          <x:td id="ID_7492487" HAlignment="Left" VAlignment="Top" align="left" valign="top">
            <x:p id="ID_7492488">Geoid undulation at AD ELEV PSN</x:p>
          </x:td>
          <x:td id="ID_7492489" HAlignment="Left" VAlignment="Top" align="left" valign="top">&nbsp;</x:td>
        </x:tr>
        <x:tr id="ID_7492490">
          <x:td id="ID_7492491" HAlignment="Left" VAlignment="Top" align="left" valign="top">5</x:td>
          <x:td id="ID_7492492" HAlignment="Left" VAlignment="Top" align="left" valign="top">
            <x:p id="ID_7492493">Magnetic Variation / Annual Change</x:p>
          </x:td>
          <x:td id="ID_7492494" HAlignment="Left" VAlignment="Top" align="left" valign="top">&nbsp;</x:td>
        </x:tr>
        <x:tr id="ID_7492495">
          <x:td id="ID_7492496" HAlignment="Left" VAlignment="Top" align="left" valign="top">6</x:td>
          <x:td id="ID_7492497" HAlignment="Left" VAlignment="Top" align="left" valign="top">
            <x:p id="ID_7492498">AD Administration, address, telephone, telefax, AFS, e-mail address, website address</x:p>
          </x:td>
          <x:td id="ID_7492499" HAlignment="Left" VAlignment="Top" align="left" valign="top">&nbsp;</x:td>
        </x:tr>
        <x:tr id="ID_7492500">
          <x:td id="ID_7492501" HAlignment="Left" VAlignment="Top" align="left" valign="top">7</x:td>
          <x:td id="ID_7492502" HAlignment="Left" VAlignment="Top" align="left" valign="top">
            <x:p id="ID_7492503">Types of Traffic permitted (IFR/VFR)</x:p>
          </x:td>
          <x:td id="ID_7492504" HAlignment="Left" VAlignment="Top" align="left" valign="top">&nbsp;</x:td>
        </x:tr>
        <x:tr id="ID_7492505">
          <x:td id="ID_7492506" HAlignment="Left" VAlignment="Top" align="left" valign="top">8</x:td>
          <x:td id="ID_7492507" HAlignment="Left" VAlignment="Top" align="left" valign="top">
            <x:p id="ID_7492508">Remarks</x:p>
          </x:td>
          <x:td id="ID_7492509" HAlignment="Left" VAlignment="Top" align="left" valign="top">&nbsp;</x:td>
        </x:tr>
      </x:tbody>
    </x:table>
  </e:AD-2.2>
  <e:AD-2.3 id="EGNW-AD-2.3" Number="AD 2.3">
    <GreenBorder id="ID_7492511" />
    <e:Title id="ID_7492512">OPERATIONAL&nbsp;HOURS</e:Title>
    <x:table id="ID_7492514" class="">
      <x:tbody id="ID_7492515">
        <x:tr id="ID_7492516">
          <x:td id="ID_7492517" HAlignment="Left" VAlignment="Top" align="left" valign="top">1</x:td>
          <x:td id="ID_7492518" HAlignment="Left" VAlignment="Top" align="left" valign="top">
            <x:p id="ID_7492519">Aerodrome Operator</x:p>
          </x:td>
          <x:td id="ID_7492520" HAlignment="Left" VAlignment="Top" align="left" valign="top">&nbsp;</x:td>
        </x:tr>
        <x:tr id="ID_7492521">
          <x:td id="ID_7492522" HAlignment="Left" VAlignment="Top" align="left" valign="top">2</x:td>
          <x:td id="ID_7492523" HAlignment="Left" VAlignment="Top" align="left" valign="top">
            <x:p id="ID_7492524">Customs and Immigration</x:p>
          </x:td>
          <x:td id="ID_7492525" HAlignment="Left" VAlignment="Top" align="left" valign="top">
            <x:p id="ID_7492526" />
          </x:td>
        </x:tr>
        <x:tr id="ID_7492527">
          <x:td id="ID_7492528" HAlignment="Left" VAlignment="Top" align="left" valign="top">3</x:td>
          <x:td id="ID_7492529" HAlignment="Left" VAlignment="Top" align="left" valign="top">
            <x:p id="ID_7492530">Health and sanitation</x:p>
          </x:td>
          <x:td id="ID_7492531" HAlignment="Left" VAlignment="Top" align="left" valign="top">&nbsp;</x:td>
        </x:tr>
        <x:tr id="ID_7492532">
          <x:td id="ID_7492533" HAlignment="Left" VAlignment="Top" align="left" valign="top">4</x:td>
          <x:td id="ID_7492534" HAlignment="Left" VAlignment="Top" align="left" valign="top">
            <x:p id="ID_7492535">AIS Briefing Office</x:p>
          </x:td>
          <x:td id="ID_7492536" HAlignment="Left" VAlignment="Top" align="left" valign="top">&nbsp;</x:td>
        </x:tr>
        <x:tr id="ID_7492537">
          <x:td id="ID_7492538" HAlignment="Left" VAlignment="Top" align="left" valign="top">5</x:td>
          <x:td id="ID_7492539" HAlignment="Left" VAlignment="Top" align="left" valign="top">
            <x:p id="ID_7492540">ATS Reporting Office (ARO)</x:p>
          </x:td>
          <x:td id="ID_7492541" HAlignment="Left" VAlignment="Top" align="left" valign="top">&nbsp;</x:td>
        </x:tr>
        <x:tr id="ID_7492542">
          <x:td id="ID_7492543" HAlignment="Left" VAlignment="Top" align="left" valign="top">6</x:td>
          <x:td id="ID_7492544" HAlignment="Left" VAlignment="Top" align="left" valign="top">
            <x:p id="ID_7492545">MET Briefing Office</x:p>
          </x:td>
          <x:td id="ID_7492546" HAlignment="Left" VAlignment="Top" align="left" valign="top">&nbsp;</x:td>
        </x:tr>
        <x:tr id="ID_7492547">
          <x:td id="ID_7492548" HAlignment="Left" VAlignment="Top" align="left" valign="top">7</x:td>
          <x:td id="ID_7492549" HAlignment="Left" VAlignment="Top" align="left" valign="top">
            <x:p id="ID_7492550">Air Traffic Service</x:p>
          </x:td>
          <x:td id="ID_7492551" HAlignment="Left" VAlignment="Top" align="left" valign="top">&nbsp;</x:td>
        </x:tr>
        <x:tr id="ID_7492552">
          <x:td id="ID_7492553" HAlignment="Left" VAlignment="Top" align="left" valign="top">8</x:td>
          <x:td id="ID_7492554" HAlignment="Left" VAlignment="Top" align="left" valign="top">
            <x:p id="ID_7492555">Fuelling</x:p>
          </x:td>
          <x:td id="ID_7492556" HAlignment="Left" VAlignment="Top" align="left" valign="top">&nbsp;</x:td>
        </x:tr>
        <x:tr id="ID_7492557">
          <x:td id="ID_7492558" HAlignment="Left" VAlignment="Top" align="left" valign="top">9</x:td>
          <x:td id="ID_7492559" HAlignment="Left" VAlignment="Top" align="left" valign="top">
            <x:p id="ID_7492560">Handling</x:p>
          </x:td>
          <x:td id="ID_7492561" HAlignment="Left" VAlignment="Top" align="left" valign="top">&nbsp;</x:td>
        </x:tr>
        <x:tr id="ID_7492562">
          <x:td id="ID_7492563" HAlignment="Left" VAlignment="Top" align="left" valign="top">10</x:td>
          <x:td id="ID_7492564" HAlignment="Left" VAlignment="Top" align="left" valign="top">
            <x:p id="ID_7492565">Security</x:p>
          </x:td>
          <x:td id="ID_7492566" HAlignment="Left" VAlignment="Top" align="left" valign="top">&nbsp;</x:td>
        </x:tr>
        <x:tr id="ID_7492567">
          <x:td id="ID_7492568" HAlignment="Left" VAlignment="Top" align="left" valign="top">11</x:td>
          <x:td id="ID_7492569" HAlignment="Left" VAlignment="Top" align="left" valign="top">
            <x:p id="ID_7492570">De-icing</x:p>
          </x:td>
          <x:td id="ID_7492571" HAlignment="Left" VAlignment="Top" align="left" valign="top">&nbsp;</x:td>
        </x:tr>
        <x:tr id="ID_7492572">
          <x:td id="ID_7492573" HAlignment="Left" VAlignment="Top" align="left" valign="top">12</x:td>
          <x:td id="ID_7492574" HAlignment="Left" VAlignment="Top" align="left" valign="top">
            <x:p id="ID_7492575">Remarks</x:p>
          </x:td>
          <x:td id="ID_7492576" HAlignment="Left" VAlignment="Top" align="left" valign="top">&nbsp;</x:td>
        </x:tr>
      </x:tbody>
    </x:table>
  </e:AD-2.3>
  <e:AD-2.4 id="EGNW-AD-2.4" Number="AD 2.4">
    <GreenBorder id="ID_7492578" />
    <e:Title id="ID_7492579">HANDLING&nbsp;SERVICES&nbsp;AND&nbsp;FACILITIES</e:Title>
    <x:table id="ID_7492581" class="">
      <x:tbody id="ID_7492582">
        <x:tr id="ID_7492583">
          <x:td id="ID_7492584" HAlignment="Left" VAlignment="Top" align="left" valign="top">1</x:td>
          <x:td id="ID_7492585" HAlignment="Left" VAlignment="Top" align="left" valign="top">
            <x:p id="ID_7492586">Cargo handling facilities</x:p>
          </x:td>
          <x:td id="ID_7492587" HAlignment="Left" VAlignment="Top" align="left" valign="top">&nbsp;</x:td>
        </x:tr>
        <x:tr id="ID_7492588">
          <x:td id="ID_7492589" HAlignment="Left" VAlignment="Top" align="left" valign="top">2</x:td>
          <x:td id="ID_7492590" HAlignment="Left" VAlignment="Top" align="left" valign="top">
            <x:p id="ID_7492591">Fuel and oil types</x:p>
          </x:td>
          <x:td id="ID_7492592" HAlignment="Left" VAlignment="Top" align="left" valign="top">&nbsp;</x:td>
        </x:tr>
        <x:tr id="ID_7492593">
          <x:td id="ID_7492594" HAlignment="Left" VAlignment="Top" align="left" valign="top">3</x:td>
          <x:td id="ID_7492595" HAlignment="Left" VAlignment="Top" align="left" valign="top">
            <x:p id="ID_7492596">Fuelling facilities/capacity</x:p>
          </x:td>
          <x:td id="ID_7492597" HAlignment="Left" VAlignment="Top" align="left" valign="top">&nbsp;</x:td>
        </x:tr>
        <x:tr id="ID_7492598">
          <x:td id="ID_7492599" HAlignment="Left" VAlignment="Top" align="left" valign="top">4</x:td>
          <x:td id="ID_7492600" HAlignment="Left" VAlignment="Top" align="left" valign="top">
            <x:p id="ID_7492601">De-icing facilities</x:p>
          </x:td>
          <x:td id="ID_7492602" HAlignment="Left" VAlignment="Top" align="left" valign="top">&nbsp;</x:td>
        </x:tr>
        <x:tr id="ID_7492603">
          <x:td id="ID_7492604" HAlignment="Left" VAlignment="Top" align="left" valign="top">5</x:td>
          <x:td id="ID_7492605" HAlignment="Left" VAlignment="Top" align="left" valign="top">
            <x:p id="ID_7492606">Hangar space for visiting aircraft</x:p>
          </x:td>
          <x:td id="ID_7492607" HAlignment="Left" VAlignment="Top" align="left" valign="top">&nbsp;</x:td>
        </x:tr>
        <x:tr id="ID_7492608">
          <x:td id="ID_7492609" HAlignment="Left" VAlignment="Top" align="left" valign="top">6</x:td>
          <x:td id="ID_7492610" HAlignment="Left" VAlignment="Top" align="left" valign="top">
            <x:p id="ID_7492611">Repair facilities for visiting aircraft</x:p>
          </x:td>
          <x:td id="ID_7492612" HAlignment="Left" VAlignment="Top" align="left" valign="top">&nbsp;</x:td>
        </x:tr>
        <x:tr id="ID_7492613">
          <x:td id="ID_7492614" HAlignment="Left" VAlignment="Top" align="left" valign="top">7</x:td>
          <x:td id="ID_7492615" HAlignment="Left" VAlignment="Top" align="left" valign="top">
            <x:p id="ID_7492616">Remarks</x:p>
          </x:td>
          <x:td id="ID_7492617" HAlignment="Left" VAlignment="Top" align="left" valign="top">&nbsp;</x:td>
        </x:tr>
      </x:tbody>
    </x:table>
  </e:AD-2.4>
  <e:AD-2.5 id="EGNW-AD-2.5" Number="AD 2.5">
    <GreenBorder id="ID_7492619" />
    <e:Title id="ID_7492620">PASSENGER&nbsp;FACILITIES</e:Title>
    <x:table id="ID_7492622" class="">
      <x:tbody id="ID_7492623">
        <x:tr id="ID_7492624">
          <x:td id="ID_7492625" HAlignment="Left" VAlignment="Top" align="left" valign="top">1</x:td>
          <x:td id="ID_7492626" HAlignment="Left" VAlignment="Top" align="left" valign="top">
            <x:p id="ID_7492627">Hotels</x:p>
          </x:td>
          <x:td id="ID_7492628" HAlignment="Left" VAlignment="Top" align="left" valign="top">&nbsp;</x:td>
        </x:tr>
        <x:tr id="ID_7492629">
          <x:td id="ID_7492630" HAlignment="Left" VAlignment="Top" align="left" valign="top">2</x:td>
          <x:td id="ID_7492631" HAlignment="Left" VAlignment="Top" align="left" valign="top">
            <x:p id="ID_7492632">Restaurants</x:p>
          </x:td>
          <x:td id="ID_7492633" HAlignment="Left" VAlignment="Top" align="left" valign="top">&nbsp;</x:td>
        </x:tr>
        <x:tr id="ID_7492634">
          <x:td id="ID_7492635" HAlignment="Left" VAlignment="Top" align="left" valign="top">3</x:td>
          <x:td id="ID_7492636" HAlignment="Left" VAlignment="Top" align="left" valign="top">
            <x:p id="ID_7492637">Transportation</x:p>
          </x:td>
          <x:td id="ID_7492638" HAlignment="Left" VAlignment="Top" align="left" valign="top">&nbsp;</x:td>
        </x:tr>
        <x:tr id="ID_7492639">
          <x:td id="ID_7492640" HAlignment="Left" VAlignment="Top" align="left" valign="top">4</x:td>
          <x:td id="ID_7492641" HAlignment="Left" VAlignment="Top" align="left" valign="top">
            <x:p id="ID_7492642">Medical facilities</x:p>
          </x:td>
          <x:td id="ID_7492643" HAlignment="Left" VAlignment="Top" align="left" valign="top">&nbsp;</x:td>
        </x:tr>
        <x:tr id="ID_7492644">
          <x:td id="ID_7492645" HAlignment="Left" VAlignment="Top" align="left" valign="top">5</x:td>
          <x:td id="ID_7492646" HAlignment="Left" VAlignment="Top" align="left" valign="top">
            <x:p id="ID_7492647">Bank and Post Office</x:p>
          </x:td>
          <x:td id="ID_7492648" HAlignment="Left" VAlignment="Top" align="left" valign="top">&nbsp;</x:td>
        </x:tr>
        <x:tr id="ID_7492649">
          <x:td id="ID_7492650" HAlignment="Left" VAlignment="Top" align="left" valign="top">6</x:td>
          <x:td id="ID_7492651" HAlignment="Left" VAlignment="Top" align="left" valign="top">
            <x:p id="ID_7492652">Tourist Office</x:p>
          </x:td>
          <x:td id="ID_7492653" HAlignment="Left" VAlignment="Top" align="left" valign="top">&nbsp;</x:td>
        </x:tr>
        <x:tr id="ID_7492654">
          <x:td id="ID_7492655" HAlignment="Left" VAlignment="Top" align="left" valign="top">7</x:td>
          <x:td id="ID_7492656" HAlignment="Left" VAlignment="Top" align="left" valign="top">
            <x:p id="ID_7492657">Remarks</x:p>
          </x:td>
          <x:td id="ID_7492658" HAlignment="Left" VAlignment="Top" align="left" valign="top">&nbsp;</x:td>
        </x:tr>
      </x:tbody>
    </x:table>
  </e:AD-2.5>
  <e:AD-2.6 id="EGNW-AD-2.6" Number="AD 2.6">
    <GreenBorder id="ID_7492660" />
    <e:Title id="ID_7492661">RESCUE&nbsp;AND&nbsp;FIRE&nbsp;FIGHTING&nbsp;SERVICES</e:Title>
    <x:table id="ID_7492663" class="">
      <x:tbody id="ID_7492664">
        <x:tr id="ID_7492665">
          <x:td id="ID_7492666" HAlignment="Left" VAlignment="Top" align="left" valign="top">1</x:td>
          <x:td id="ID_7492667" HAlignment="Left" VAlignment="Top" align="left" valign="top">
            <x:p id="ID_7492668">AD category for fire fighting</x:p>
          </x:td>
          <x:td id="ID_7492669" HAlignment="Left" VAlignment="Top" align="left" valign="top">&nbsp;</x:td>
        </x:tr>
        <x:tr id="ID_7492670">
          <x:td id="ID_7492671" HAlignment="Left" VAlignment="Top" align="left" valign="top">2</x:td>
          <x:td id="ID_7492672" HAlignment="Left" VAlignment="Top" align="left" valign="top">
            <x:p id="ID_7492673">Rescue equipment</x:p>
          </x:td>
          <x:td id="ID_7492674" HAlignment="Left" VAlignment="Top" align="left" valign="top">&nbsp;</x:td>
        </x:tr>
        <x:tr id="ID_7492675">
          <x:td id="ID_7492676" HAlignment="Left" VAlignment="Top" align="left" valign="top">3</x:td>
          <x:td id="ID_7492677" HAlignment="Left" VAlignment="Top" align="left" valign="top">
            <x:p id="ID_7492678">Capability for removal of disabled aircraft</x:p>
          </x:td>
          <x:td id="ID_7492679" HAlignment="Left" VAlignment="Top" align="left" valign="top">&nbsp;</x:td>
        </x:tr>
        <x:tr id="ID_7492680">
          <x:td id="ID_7492681" HAlignment="Left" VAlignment="Top" align="left" valign="top">4</x:td>
          <x:td id="ID_7492682" HAlignment="Left" VAlignment="Top" align="left" valign="top">
            <x:p id="ID_7492683">Remarks</x:p>
          </x:td>
          <x:td id="ID_7492684" HAlignment="Left" VAlignment="Top" align="left" valign="top">&nbsp;</x:td>
        </x:tr>
      </x:tbody>
    </x:table>
  </e:AD-2.6>
  <e:AD-2.7 id="EGNW-AD-2.7" Number="AD 2.7">
    <GreenBorder id="ID_7492686" />
    <e:Title id="ID_7492687">SEASONAL&nbsp;AVAILABILITY&nbsp;-&nbsp;CLEARING</e:Title>
    <x:table id="ID_7492689" class="">
      <x:tbody id="ID_7492690">
        <x:tr id="ID_7492691">
          <x:td id="ID_7492692" HAlignment="Left" VAlignment="Top" align="left" valign="top">1</x:td>
          <x:td id="ID_7492693" HAlignment="Left" VAlignment="Top" align="left" valign="top">
            <x:p id="ID_7492694">Types of clearing equipment</x:p>
          </x:td>
          <x:td id="ID_7492695" HAlignment="Left" VAlignment="Top" align="left" valign="top">&nbsp;</x:td>
        </x:tr>
        <x:tr id="ID_7492696">
          <x:td id="ID_7492697" HAlignment="Left" VAlignment="Top" align="left" valign="top">2</x:td>
          <x:td id="ID_7492698" HAlignment="Left" VAlignment="Top" align="left" valign="top">
            <x:p id="ID_7492699">Clearance priorities</x:p>
          </x:td>
          <x:td id="ID_7492700" HAlignment="Left" VAlignment="Top" align="left" valign="top">&nbsp;</x:td>
        </x:tr>
        <x:tr id="ID_7492701">
          <x:td id="ID_7492702" HAlignment="Left" VAlignment="Top" align="left" valign="top">3</x:td>
          <x:td id="ID_7492703" HAlignment="Left" VAlignment="Top" align="left" valign="top">
            <x:p id="ID_7492704">Remarks</x:p>
          </x:td>
          <x:td id="ID_7492705" HAlignment="Left" VAlignment="Top" align="left" valign="top">&nbsp;</x:td>
        </x:tr>
      </x:tbody>
    </x:table>
  </e:AD-2.7>
  <e:AD-2.8 id="EGNW-AD-2.8" Number="AD 2.8">
    <GreenBorder id="ID_7492707" />
    <e:Title id="ID_7492708">APRONS,&nbsp;TAXIWAYS&nbsp;AND&nbsp;CHECK&nbsp;LOCATIONS/POSITIONS&nbsp;DATA</e:Title>
    <x:table id="ID_7492710" class="">
      <x:tbody id="ID_7492711">
        <x:tr id="ID_7492712">
          <x:td id="ID_7492713" HAlignment="Left" VAlignment="Top" align="left" valign="top">1</x:td>
          <x:td id="ID_7492714" HAlignment="Left" VAlignment="Top" align="left" valign="top">
            <x:p id="ID_7492715">Apron surface and strength</x:p>
          </x:td>
          <x:td id="ID_7492716" HAlignment="Left" VAlignment="Top" align="left" valign="top">&nbsp;</x:td>
        </x:tr>
        <x:tr id="ID_7492717">
          <x:td id="ID_7492718" HAlignment="Left" VAlignment="Top" align="left" valign="top">2</x:td>
          <x:td id="ID_7492719" HAlignment="Left" VAlignment="Top" align="left" valign="top">
            <x:p id="ID_7492720">Taxiway width, surface and strength</x:p>
          </x:td>
          <x:td id="ID_7492721" HAlignment="Left" VAlignment="Top" align="left" valign="top">&nbsp;</x:td>
        </x:tr>
        <x:tr id="ID_7492722">
          <x:td id="ID_7492723" HAlignment="Left" VAlignment="Top" align="left" valign="top">3</x:td>
          <x:td id="ID_7492724" HAlignment="Left" VAlignment="Top" align="left" valign="top">
            <x:p id="ID_7492725">Altimeter checkpoint location and elevation</x:p>
          </x:td>
          <x:td id="ID_7492726" HAlignment="Left" VAlignment="Top" align="left" valign="top">&nbsp;</x:td>
        </x:tr>
        <x:tr id="ID_7492727">
          <x:td id="ID_7492728" HAlignment="Left" VAlignment="Top" align="left" valign="top">4</x:td>
          <x:td id="ID_7492729" HAlignment="Left" VAlignment="Top" align="left" valign="top">
            <x:p id="ID_7492730">VOR checkpoints</x:p>
          </x:td>
          <x:td id="ID_7492731" HAlignment="Left" VAlignment="Top" align="left" valign="top">&nbsp;</x:td>
        </x:tr>
        <x:tr id="ID_7492732">
          <x:td id="ID_7492733" HAlignment="Left" VAlignment="Top" align="left" valign="top">5</x:td>
          <x:td id="ID_7492734" HAlignment="Left" VAlignment="Top" align="left" valign="top">
            <x:p id="ID_7492735">INS checkpoints</x:p>
          </x:td>
          <x:td id="ID_7492736" HAlignment="Left" VAlignment="Top" align="left" valign="top">&nbsp;</x:td>
        </x:tr>
        <x:tr id="ID_7492737">
          <x:td id="ID_7492738" HAlignment="Left" VAlignment="Top" align="left" valign="top">6</x:td>
          <x:td id="ID_7492739" HAlignment="Left" VAlignment="Top" align="left" valign="top">
            <x:p id="ID_7492740">Remarks</x:p>
          </x:td>
          <x:td id="ID_7492741" HAlignment="Left" VAlignment="Top" align="left" valign="top">&nbsp;</x:td>
        </x:tr>
      </x:tbody>
    </x:table>
  </e:AD-2.8>
  <e:AD-2.9 id="EGNW-AD-2.9" Number="AD 2.9">
    <GreenBorder id="ID_7492743" />
    <e:Title id="ID_7492744">SURFACE&nbsp;MOVEMENT&nbsp;GUIDANCE&nbsp;AND&nbsp;CONTROL&nbsp;SYSTEM&nbsp;AND&nbsp;MARKINGS</e:Title>
    <x:table id="ID_7492746" class="">
      <x:tbody id="ID_7492747">
        <x:tr id="ID_7492748">
          <x:td id="ID_7492749" HAlignment="Left" VAlignment="Top" align="left" valign="top">1</x:td>
          <x:td id="ID_7492750" HAlignment="Left" VAlignment="Top" align="left" valign="top">
            <x:p id="ID_7492751">Use of aircraft stand ID signs, TWY guide lines and visual docking/parking guidance system of aircraft stands</x:p>
          </x:td>
          <x:td id="ID_7492752" HAlignment="Left" VAlignment="Top" align="left" valign="top">&nbsp;</x:td>
        </x:tr>
        <x:tr id="ID_7492753">
          <x:td id="ID_7492754" HAlignment="Left" VAlignment="Top" align="left" valign="top">2</x:td>
          <x:td id="ID_7492755" HAlignment="Left" VAlignment="Top" align="left" valign="top">
            <x:p id="ID_7492756">Runway and taxiway markings and lighting</x:p>
          </x:td>
          <x:td id="ID_7492757" HAlignment="Left" VAlignment="Top" align="left" valign="top">&nbsp;</x:td>
        </x:tr>
        <x:tr id="ID_7492758">
          <x:td id="ID_7492759" HAlignment="Left" VAlignment="Top" align="left" valign="top">3</x:td>
          <x:td id="ID_7492760" HAlignment="Left" VAlignment="Top" align="left" valign="top">
            <x:p id="ID_7492761">Stop bars</x:p>
          </x:td>
          <x:td id="ID_7492762" HAlignment="Left" VAlignment="Top" align="left" valign="top">&nbsp;</x:td>
        </x:tr>
        <x:tr id="ID_7492763">
          <x:td id="ID_7492764" HAlignment="Left" VAlignment="Top" align="left" valign="top">4</x:td>
          <x:td id="ID_7492765" HAlignment="Left" VAlignment="Top" align="left" valign="top">
            <x:p id="ID_7492766">Remarks</x:p>
          </x:td>
          <x:td id="ID_7492767" HAlignment="Left" VAlignment="Top" align="left" valign="top">&nbsp;</x:td>
        </x:tr>
      </x:tbody>
    </x:table>
  </e:AD-2.9>
  <e:AD-2.10 id="EGNW-AD-2.10" Number="AD 2.10">
    <GreenBorder id="ID_7492769" />
    <e:Title id="ID_7492770">AERODROME&nbsp;OBSTACLES</e:Title>
    <x:table id="ID_7492772" class="">
      <x:thead id="ID_7492773">
        <x:tr id="ID_7492774">
          <x:th id="ID_7492775" HAlignment="Center" VAlignment="Top" colspan="6" align="center" valign="top">
            <x:p id="ID_7492776">In Approach/Take-off areas</x:p>
          </x:th>
        </x:tr>
        <x:tr id="ID_7492777">
          <x:th id="ID_7492778" HAlignment="Left" VAlignment="Top" align="left" valign="top">
            <x:p id="ID_7492779">Obstacle ID/Designation</x:p>
          </x:th>
          <x:th id="ID_7492780" HAlignment="Left" VAlignment="Top" align="left" valign="top">
            <x:p id="ID_7492781">Obstacle Type</x:p>
          </x:th>
          <x:th id="ID_7492782" HAlignment="Left" VAlignment="Top" align="left" valign="top">
            <x:p id="ID_7492783">Obstacle Position</x:p>
          </x:th>
          <x:th id="ID_7492784" HAlignment="Left" VAlignment="Top" align="left" valign="top">
            <x:p id="ID_7492785">Elevation/Height</x:p>
          </x:th>
          <x:th id="ID_7492786" HAlignment="Left" VAlignment="Top" align="left" valign="top">
            <x:p id="ID_7492787">Obstruction Lighting Type/Colour</x:p>
          </x:th>
          <x:th id="ID_7492788" HAlignment="Left" VAlignment="Top" align="left" valign="top">
            <x:p id="ID_7492789">Remarks</x:p>
          </x:th>
        </x:tr>
        <x:tr id="ID_7492790">
          <x:th id="ID_7492791" HAlignment="Left" VAlignment="Top" align="left" valign="top">1</x:th>
          <x:th id="ID_7492792" HAlignment="Left" VAlignment="Top" align="left" valign="top">2</x:th>
          <x:th id="ID_7492793" HAlignment="Left" VAlignment="Top" align="left" valign="top">3</x:th>
          <x:th id="ID_7492794" HAlignment="Left" VAlignment="Top" align="left" valign="top">4</x:th>
          <x:th id="ID_7492795" HAlignment="Left" VAlignment="Top" align="left" valign="top">5</x:th>
          <x:th id="ID_7492796" HAlignment="Left" VAlignment="Top" align="left" valign="top">6</x:th>
        </x:tr>
      </x:thead>
      <x:tbody id="ID_7492797">
        <x:tr id="ID_7492798">
          <x:td id="ID_7492799" HAlignment="Left" VAlignment="Top" align="left" valign="top">&nbsp;</x:td>
          <x:td id="ID_7492800" HAlignment="Left" VAlignment="Top" align="left" valign="top">&nbsp;</x:td>
          <x:td id="ID_7492801" HAlignment="Left" VAlignment="Top" align="left" valign="top">&nbsp;</x:td>
          <x:td id="ID_7492802" HAlignment="Left" VAlignment="Top" align="left" valign="top">&nbsp;</x:td>
          <x:td id="ID_7492803" HAlignment="Left" VAlignment="Top" align="left" valign="top">&nbsp;</x:td>
          <x:td id="ID_7492804" HAlignment="Left" VAlignment="Top" align="left" valign="top">&nbsp;</x:td>
        </x:tr>
      </x:tbody>
    </x:table>
    <x:table id="ID_7492806" class="">
      <x:thead id="ID_7492807">
        <x:tr id="ID_7492808">
          <x:th id="ID_7492809" HAlignment="Center" VAlignment="Top" colspan="6" align="center" valign="top">
            <x:p id="ID_7492810">In circling area and at aerodrome</x:p>
          </x:th>
        </x:tr>
        <x:tr id="ID_7492811">
          <x:th id="ID_7492812" HAlignment="Left" VAlignment="Top" align="left" valign="top">
            <x:p id="ID_7492813">Obstacle ID/Designation</x:p>
          </x:th>
          <x:th id="ID_7492814" HAlignment="Left" VAlignment="Top" align="left" valign="top">
            <x:p id="ID_7492815">Obstacle Type</x:p>
          </x:th>
          <x:th id="ID_7492816" HAlignment="Left" VAlignment="Top" align="left" valign="top">
            <x:p id="ID_7492817">Obstacle Position</x:p>
          </x:th>
          <x:th id="ID_7492818" HAlignment="Left" VAlignment="Top" align="left" valign="top">
            <x:p id="ID_7492819">Elevation/Height</x:p>
          </x:th>
          <x:th id="ID_7492820" HAlignment="Left" VAlignment="Top" align="left" valign="top">
            <x:p id="ID_7492821">Obstruction Lighting Type/Colour</x:p>
          </x:th>
          <x:th id="ID_7492822" HAlignment="Left" VAlignment="Top" align="left" valign="top">
            <x:p id="ID_7492823">Remarks</x:p>
          </x:th>
        </x:tr>
        <x:tr id="ID_7492824">
          <x:th id="ID_7492825" HAlignment="Left" VAlignment="Top" align="left" valign="top">1</x:th>
          <x:th id="ID_7492826" HAlignment="Left" VAlignment="Top" align="left" valign="top">2</x:th>
          <x:th id="ID_7492827" HAlignment="Left" VAlignment="Top" align="left" valign="top">3</x:th>
          <x:th id="ID_7492828" HAlignment="Left" VAlignment="Top" align="left" valign="top">4</x:th>
          <x:th id="ID_7492829" HAlignment="Left" VAlignment="Top" align="left" valign="top">5</x:th>
          <x:th id="ID_7492830" HAlignment="Left" VAlignment="Top" align="left" valign="top">6</x:th>
        </x:tr>
      </x:thead>
      <x:tbody id="ID_7492831">
        <x:tr id="ID_7492832">
          <x:td id="ID_7492833" HAlignment="Left" VAlignment="Top" align="left" valign="top">&nbsp;</x:td>
          <x:td id="ID_7492834" HAlignment="Left" VAlignment="Top" align="left" valign="top">&nbsp;</x:td>
          <x:td id="ID_7492835" HAlignment="Left" VAlignment="Top" align="left" valign="top">&nbsp;</x:td>
          <x:td id="ID_7492836" HAlignment="Left" VAlignment="Top" align="left" valign="top">&nbsp;</x:td>
          <x:td id="ID_7492837" HAlignment="Left" VAlignment="Top" align="left" valign="top">&nbsp;</x:td>
          <x:td id="ID_7492838" HAlignment="Left" VAlignment="Top" align="left" valign="top">&nbsp;</x:td>
        </x:tr>
      </x:tbody>
    </x:table>
  </e:AD-2.10>
  <e:AD-2.11 id="EGNW-AD-2.11" Number="AD 2.11">
    <GreenBorder id="ID_7492840" />
    <e:Title id="ID_7492841">METEOROLOGICAL&nbsp;INFORMATION&nbsp;PROVIDED</e:Title>
    <x:table id="ID_7492843" class="">
      <x:tbody id="ID_7492844">
        <x:tr id="ID_7492845">
          <x:td id="ID_7492846" HAlignment="Left" VAlignment="Top" align="left" valign="top">1</x:td>
          <x:td id="ID_7492847" HAlignment="Left" VAlignment="Top" align="left" valign="top">
            <x:p id="ID_7492848">Associated MET Office</x:p>
          </x:td>
          <x:td id="ID_7492849" HAlignment="Left" VAlignment="Top" align="left" valign="top">&nbsp;</x:td>
        </x:tr>
        <x:tr id="ID_7492850">
          <x:td id="ID_7492851" HAlignment="Left" VAlignment="Top" align="left" valign="top">2</x:td>
          <x:td id="ID_7492852" HAlignment="Left" VAlignment="Top" align="left" valign="top">
            <x:p id="ID_7492853">Hours of service</x:p>
            <x:p id="ID_7492854">MET Office outside hours</x:p>
          </x:td>
          <x:td id="ID_7492855" HAlignment="Left" VAlignment="Top" align="left" valign="top">&nbsp;</x:td>
        </x:tr>
        <x:tr id="ID_7492856">
          <x:td id="ID_7492857" HAlignment="Left" VAlignment="Top" align="left" valign="top">3</x:td>
          <x:td id="ID_7492858" HAlignment="Left" VAlignment="Top" align="left" valign="top">
            <x:p id="ID_7492859">Office responsible for TAF preparation</x:p>
            <x:p id="ID_7492860">Periods of validity</x:p>
          </x:td>
          <x:td id="ID_7492861" HAlignment="Left" VAlignment="Top" align="left" valign="top">&nbsp;</x:td>
        </x:tr>
        <x:tr id="ID_7492862">
          <x:td id="ID_7492863" HAlignment="Left" VAlignment="Top" align="left" valign="top">4</x:td>
          <x:td id="ID_7492864" HAlignment="Left" VAlignment="Top" align="left" valign="top">
            <x:p id="ID_7492865">Trend forecast</x:p>
            <x:p id="ID_7492866">Interval of issuance</x:p>
          </x:td>
          <x:td id="ID_7492867" HAlignment="Left" VAlignment="Top" align="left" valign="top">&nbsp;</x:td>
        </x:tr>
        <x:tr id="ID_7492868">
          <x:td id="ID_7492869" HAlignment="Left" VAlignment="Top" align="left" valign="top">5</x:td>
          <x:td id="ID_7492870" HAlignment="Left" VAlignment="Top" align="left" valign="top">
            <x:p id="ID_7492871">Briefing/consultation provided</x:p>
          </x:td>
          <x:td id="ID_7492872" HAlignment="Left" VAlignment="Top" align="left" valign="top">&nbsp;</x:td>
        </x:tr>
        <x:tr id="ID_7492873">
          <x:td id="ID_7492874" HAlignment="Left" VAlignment="Top" align="left" valign="top">6</x:td>
          <x:td id="ID_7492875" HAlignment="Left" VAlignment="Top" align="left" valign="top">
            <x:p id="ID_7492876">Flight documentation</x:p>
            <x:p id="ID_7492877">Language(s) used</x:p>
          </x:td>
          <x:td id="ID_7492878" HAlignment="Left" VAlignment="Top" align="left" valign="top">&nbsp;</x:td>
        </x:tr>
        <x:tr id="ID_7492879">
          <x:td id="ID_7492880" HAlignment="Left" VAlignment="Top" align="left" valign="top">7</x:td>
          <x:td id="ID_7492881" HAlignment="Left" VAlignment="Top" align="left" valign="top">
            <x:p id="ID_7492882">Charts and other information available for briefing or consultation</x:p>
          </x:td>
          <x:td id="ID_7492883" HAlignment="Left" VAlignment="Top" align="left" valign="top">&nbsp;</x:td>
        </x:tr>
        <x:tr id="ID_7492884">
          <x:td id="ID_7492885" HAlignment="Left" VAlignment="Top" align="left" valign="top">8</x:td>
          <x:td id="ID_7492886" HAlignment="Left" VAlignment="Top" align="left" valign="top">
            <x:p id="ID_7492887">Supplementary equipment available for providing information</x:p>
          </x:td>
          <x:td id="ID_7492888" HAlignment="Left" VAlignment="Top" align="left" valign="top">&nbsp;</x:td>
        </x:tr>
        <x:tr id="ID_7492889">
          <x:td id="ID_7492890" HAlignment="Left" VAlignment="Top" align="left" valign="top">9</x:td>
          <x:td id="ID_7492891" HAlignment="Left" VAlignment="Top" align="left" valign="top">
            <x:p id="ID_7492892">ATS units provided with information</x:p>
          </x:td>
          <x:td id="ID_7492893" HAlignment="Left" VAlignment="Top" align="left" valign="top">&nbsp;</x:td>
        </x:tr>
        <x:tr id="ID_7492894">
          <x:td id="ID_7492895" HAlignment="Left" VAlignment="Top" align="left" valign="top">10</x:td>
          <x:td id="ID_7492896" HAlignment="Left" VAlignment="Top" align="left" valign="top">
            <x:p id="ID_7492897">Additional information (limitation of service, etc.)</x:p>
          </x:td>
          <x:td id="ID_7492898" HAlignment="Left" VAlignment="Top" align="left" valign="top">&nbsp;</x:td>
        </x:tr>
      </x:tbody>
    </x:table>
  </e:AD-2.11>
  <e:AD-2.12 id="EGNW-AD-2.12" Number="AD 2.12">
    <GreenBorder id="ID_7492900" />
    <e:Title id="ID_7492901">RUNWAY&nbsp;PHYSICAL&nbsp;CHARACTERISTICS</e:Title>
    <x:table id="ID_7492903" class="">
      <x:thead id="ID_7492904">
        <x:tr id="ID_7492905">
          <x:th id="ID_7492906" HAlignment="Left" VAlignment="Top" align="left" valign="top">
            <x:p id="ID_7492907">Designations RWY Number</x:p>
          </x:th>
          <x:th id="ID_7492908" HAlignment="Left" VAlignment="Top" align="left" valign="top">
            <x:p id="ID_7492909">True bearing</x:p>
          </x:th>
          <x:th id="ID_7492910" HAlignment="Left" VAlignment="Top" align="left" valign="top">
            <x:p id="ID_7492911">Dimensions of RWY</x:p>
          </x:th>
          <x:th id="ID_7492912" HAlignment="Left" VAlignment="Top" align="left" valign="top">
            <x:p id="ID_7492913">Surface of RWY/ SWY/ </x:p>
            <x:p id="ID_7492914">Strength (PCN)</x:p>
          </x:th>
          <x:th id="ID_7492915" HAlignment="Left" VAlignment="Top" align="left" valign="top">
            <x:p id="ID_7492916">THR co-ordinates/</x:p>
            <x:p id="ID_7492917">THR Geoid undulation</x:p>
          </x:th>
          <x:th id="ID_7492918" HAlignment="Left" VAlignment="Top" align="left" valign="top">
            <x:p id="ID_7492919">THR elevation/ Highest elevation of TDZ of precision APP RWY</x:p>
          </x:th>
        </x:tr>
        <x:tr id="ID_7492920">
          <x:th id="ID_7492921" HAlignment="Left" VAlignment="Top" align="left" valign="top">1</x:th>
          <x:th id="ID_7492922" HAlignment="Left" VAlignment="Top" align="left" valign="top">2</x:th>
          <x:th id="ID_7492923" HAlignment="Left" VAlignment="Top" align="left" valign="top">3</x:th>
          <x:th id="ID_7492924" HAlignment="Left" VAlignment="Top" align="left" valign="top">4</x:th>
          <x:th id="ID_7492925" HAlignment="Left" VAlignment="Top" align="left" valign="top">5</x:th>
          <x:th id="ID_7492926" HAlignment="Left" VAlignment="Top" align="left" valign="top">6</x:th>
        </x:tr>
      </x:thead>
      <x:tbody id="ID_7492927">
        <x:tr id="ID_7492928">
          <x:td id="ID_7492929" HAlignment="Left" VAlignment="Top" align="left" valign="top">&nbsp;</x:td>
          <x:td id="ID_7492930" HAlignment="Left" VAlignment="Top" align="left" valign="top">&nbsp;</x:td>
          <x:td id="ID_7492931" HAlignment="Left" VAlignment="Top" align="left" valign="top">&nbsp;</x:td>
          <x:td id="ID_7492932" HAlignment="Left" VAlignment="Top" align="left" valign="top">&nbsp;</x:td>
          <x:td id="ID_7492933" HAlignment="Left" VAlignment="Top" align="left" valign="top">&nbsp;</x:td>
          <x:td id="ID_7492934" HAlignment="Left" VAlignment="Top" align="left" valign="top">&nbsp;</x:td>
        </x:tr>
        <x:tr id="ID_7492935">
          <x:td id="ID_7492936" HAlignment="Left" VAlignment="Top" align="left" valign="top">&nbsp;</x:td>
          <x:td id="ID_7492937" HAlignment="Left" VAlignment="Top" align="left" valign="top">&nbsp;</x:td>
          <x:td id="ID_7492938" HAlignment="Left" VAlignment="Top" align="left" valign="top">&nbsp;</x:td>
          <x:td id="ID_7492939" HAlignment="Left" VAlignment="Top" align="left" valign="top">&nbsp;</x:td>
          <x:td id="ID_7492940" HAlignment="Left" VAlignment="Top" align="left" valign="top">&nbsp;</x:td>
          <x:td id="ID_7492941" HAlignment="Left" VAlignment="Top" align="left" valign="top">&nbsp;</x:td>
        </x:tr>
      </x:tbody>
    </x:table>
    <x:table id="ID_7492943" class="">
      <x:thead id="ID_7492944">
        <x:tr id="ID_7492945">
          <x:th id="ID_7492946" HAlignment="Left" VAlignment="Top" colspan="3" align="left" valign="top">
            <x:p id="ID_7492947">Slope of RWY/</x:p>
            <x:p id="ID_7492948">SWY</x:p>
          </x:th>
          <x:th id="ID_7492949" HAlignment="Left" VAlignment="Top" align="left" valign="top">
            <x:p id="ID_7492950">SWY dimensions</x:p>
          </x:th>
          <x:th id="ID_7492951" HAlignment="Left" VAlignment="Top" align="left" valign="top">
            <x:p id="ID_7492952">Clearway dimensions</x:p>
          </x:th>
          <x:th id="ID_7492953" HAlignment="Left" VAlignment="Top" align="left" valign="top">
            <x:p id="ID_7492954">Strip dimensions</x:p>
          </x:th>
          <x:th id="ID_7492955" HAlignment="Left" VAlignment="Top" align="left" valign="top">
            <x:p id="ID_7492956">OFZ</x:p>
          </x:th>
          <x:th id="ID_7492957" HAlignment="Left" VAlignment="Top" align="left" valign="top">
            <x:p id="ID_7492958">Remarks</x:p>
          </x:th>
        </x:tr>
        <x:tr id="ID_7492959">
          <x:th id="ID_7492960" HAlignment="Left" VAlignment="Top" colspan="3" align="left" valign="top">7</x:th>
          <x:th id="ID_7492961" HAlignment="Left" VAlignment="Top" align="left" valign="top">8</x:th>
          <x:th id="ID_7492962" HAlignment="Left" VAlignment="Top" align="left" valign="top">9</x:th>
          <x:th id="ID_7492963" HAlignment="Left" VAlignment="Top" align="left" valign="top">10</x:th>
          <x:th id="ID_7492964" HAlignment="Left" VAlignment="Top" align="left" valign="top">11</x:th>
          <x:th id="ID_7492965" HAlignment="Left" VAlignment="Top" align="left" valign="top">12</x:th>
        </x:tr>
      </x:thead>
      <x:tbody id="ID_7492966">
        <x:tr id="ID_7492967">
          <x:td id="ID_7492968" HAlignment="Left" VAlignment="Top" colspan="3" align="left" valign="top">&nbsp;</x:td>
          <x:td id="ID_7492969" HAlignment="Left" VAlignment="Top" align="left" valign="top">&nbsp;</x:td>
          <x:td id="ID_7492970" HAlignment="Left" VAlignment="Top" align="left" valign="top">&nbsp;</x:td>
          <x:td id="ID_7492971" HAlignment="Left" VAlignment="Top" align="left" valign="top">&nbsp;</x:td>
          <x:td id="ID_7492972" HAlignment="Left" VAlignment="Top" align="left" valign="top">&nbsp;</x:td>
          <x:td id="ID_7492973" HAlignment="Left" VAlignment="Top" align="left" valign="top">&nbsp;</x:td>
        </x:tr>
        <x:tr id="ID_7492974">
          <x:td id="ID_7492975" HAlignment="Left" VAlignment="Top" colspan="3" align="left" valign="top">&nbsp;</x:td>
          <x:td id="ID_7492976" HAlignment="Left" VAlignment="Top" align="left" valign="top">&nbsp;</x:td>
          <x:td id="ID_7492977" HAlignment="Left" VAlignment="Top" align="left" valign="top">&nbsp;</x:td>
          <x:td id="ID_7492978" HAlignment="Left" VAlignment="Top" align="left" valign="top">&nbsp;</x:td>
          <x:td id="ID_7492979" HAlignment="Left" VAlignment="Top" align="left" valign="top">&nbsp;</x:td>
          <x:td id="ID_7492980" HAlignment="Left" VAlignment="Top" align="left" valign="top">&nbsp;</x:td>
        </x:tr>
      </x:tbody>
    </x:table>
  </e:AD-2.12>
  <e:AD-2.13 id="EGNW-AD-2.13" Number="AD 2.13">
    <GreenBorder id="ID_7492982" />
    <e:Title id="ID_7492983">DECLARED&nbsp;DISTANCES</e:Title>
    <x:table id="ID_7492985" class="">
      <x:thead id="ID_7492986">
        <x:tr id="ID_7492987">
          <x:th id="ID_7492988" HAlignment="Left" VAlignment="Top" align="left" valign="top">
            <x:p id="ID_7492989">Runway designator</x:p>
          </x:th>
          <x:th id="ID_7492990" HAlignment="Left" VAlignment="Top" align="left" valign="top">
            <x:p id="ID_7492991">TORA</x:p>
          </x:th>
          <x:th id="ID_7492992" HAlignment="Left" VAlignment="Top" align="left" valign="top">
            <x:p id="ID_7492993">TODA</x:p>
          </x:th>
          <x:th id="ID_7492994" HAlignment="Left" VAlignment="Top" align="left" valign="top">
            <x:p id="ID_7492995">ASDA</x:p>
          </x:th>
          <x:th id="ID_7492996" HAlignment="Left" VAlignment="Top" align="left" valign="top">
            <x:p id="ID_7492997">LDA</x:p>
          </x:th>
          <x:th id="ID_7492998" HAlignment="Left" VAlignment="Top" align="left" valign="top">
            <x:p id="ID_7492999">Remarks</x:p>
          </x:th>
        </x:tr>
        <x:tr id="ID_7493000">
          <x:th id="ID_7493001" HAlignment="Left" VAlignment="Top" align="left" valign="top">1</x:th>
          <x:th id="ID_7493002" HAlignment="Left" VAlignment="Top" align="left" valign="top">2</x:th>
          <x:th id="ID_7493003" HAlignment="Left" VAlignment="Top" align="left" valign="top">3</x:th>
          <x:th id="ID_7493004" HAlignment="Left" VAlignment="Top" align="left" valign="top">4</x:th>
          <x:th id="ID_7493005" HAlignment="Left" VAlignment="Top" align="left" valign="top">5</x:th>
          <x:th id="ID_7493006" HAlignment="Left" VAlignment="Top" align="left" valign="top">6</x:th>
        </x:tr>
      </x:thead>
      <x:tbody id="ID_7493007">
        <x:tr id="ID_7493008">
          <x:td id="ID_7493009" HAlignment="Left" VAlignment="Top" align="left" valign="top">&nbsp;</x:td>
          <x:td id="ID_7493010" HAlignment="Left" VAlignment="Top" align="left" valign="top">&nbsp;</x:td>
          <x:td id="ID_7493011" HAlignment="Left" VAlignment="Top" align="left" valign="top">&nbsp;</x:td>
          <x:td id="ID_7493012" HAlignment="Left" VAlignment="Top" align="left" valign="top">&nbsp;</x:td>
          <x:td id="ID_7493013" HAlignment="Left" VAlignment="Top" align="left" valign="top">&nbsp;</x:td>
          <x:td id="ID_7493014" HAlignment="Left" VAlignment="Top" align="left" valign="top">&nbsp;</x:td>
        </x:tr>
        <x:tr id="ID_7493015">
          <x:td id="ID_7493016" HAlignment="Left" VAlignment="Top" align="left" valign="top">&nbsp;</x:td>
          <x:td id="ID_7493017" HAlignment="Left" VAlignment="Top" align="left" valign="top">&nbsp;</x:td>
          <x:td id="ID_7493018" HAlignment="Left" VAlignment="Top" align="left" valign="top">&nbsp;</x:td>
          <x:td id="ID_7493019" HAlignment="Left" VAlignment="Top" align="left" valign="top">&nbsp;</x:td>
          <x:td id="ID_7493020" HAlignment="Left" VAlignment="Top" align="left" valign="top">&nbsp;</x:td>
          <x:td id="ID_7493021" HAlignment="Left" VAlignment="Top" align="left" valign="top">&nbsp;</x:td>
        </x:tr>
      </x:tbody>
    </x:table>
  </e:AD-2.13>
  <e:AD-2.14 id="EGNW-AD-2.14" Number="AD 2.14">
    <GreenBorder id="ID_7493023" />
    <e:Title id="ID_7493024">APPROACH&nbsp;AND&nbsp;RUNWAY&nbsp;LIGHTING</e:Title>
    <x:table id="ID_7493026" class="">
      <x:thead id="ID_7493027">
        <x:tr id="ID_7493028">
          <x:th id="ID_7493029" HAlignment="Left" VAlignment="Top" align="left" valign="top">
            <x:p id="ID_7493030">RWY</x:p>
          </x:th>
          <x:th id="ID_7493031" HAlignment="Left" VAlignment="Top" align="left" valign="top">
            <x:p id="ID_7493032">Approach Lighting Type/</x:p>
            <x:p id="ID_7493033">Length/</x:p>
            <x:p id="ID_7493034">Intensity</x:p>
          </x:th>
          <x:th id="ID_7493035" HAlignment="Left" VAlignment="Top" align="left" valign="top">
            <x:p id="ID_7493036">Threshold lighting</x:p>
            <x:p id="ID_7493037">Colour/ </x:p>
            <x:p id="ID_7493038">Wing bars</x:p>
          </x:th>
          <x:th id="ID_7493039" HAlignment="Left" VAlignment="Top" align="left" valign="top">
            <x:p id="ID_7493040">VASIS/</x:p>
            <x:p id="ID_7493041">MEHT/</x:p>
            <x:p id="ID_7493042">PAPI</x:p>
          </x:th>
          <x:th id="ID_7493043" HAlignment="Left" VAlignment="Top" align="left" valign="top">
            <x:p id="ID_7493044">TDZ lighting</x:p>
            <x:p id="ID_7493045">Length</x:p>
          </x:th>
          <x:th id="ID_7493046" HAlignment="Left" VAlignment="Top" align="left" valign="top">
            <x:p id="ID_7493047">Runway Centre Line lighting</x:p>
            <x:p id="ID_7493048">Length/</x:p>
            <x:p id="ID_7493049">Spacing/</x:p>
            <x:p id="ID_7493050">Colour/</x:p>
            <x:p id="ID_7493051">Intensity</x:p>
          </x:th>
          <x:th id="ID_7493052" HAlignment="Left" VAlignment="Top" align="left" valign="top">
            <x:p id="ID_7493053">Runway edge lighting</x:p>
            <x:p id="ID_7493054">Length/</x:p>
            <x:p id="ID_7493055">Spacing/</x:p>
            <x:p id="ID_7493056">Colour/</x:p>
            <x:p id="ID_7493057">Intensity</x:p>
          </x:th>
          <x:th id="ID_7493058" HAlignment="Left" VAlignment="Top" align="left" valign="top">
            <x:p id="ID_7493059">Runway end lighting</x:p>
            <x:p id="ID_7493060">Colour/</x:p>
            <x:p id="ID_7493061">Wing bars</x:p>
          </x:th>
          <x:th id="ID_7493062" HAlignment="Left" VAlignment="Top" align="left" valign="top">
            <x:p id="ID_7493063">Stopway lighting</x:p>
            <x:p id="ID_7493064">Length/</x:p>
            <x:p id="ID_7493065">Colour</x:p>
          </x:th>
          <x:th id="ID_7493066" HAlignment="Left" VAlignment="Top" align="left" valign="top">
            <x:p id="ID_7493067">Remarks</x:p>
          </x:th>
        </x:tr>
        <x:tr id="ID_7493068">
          <x:th id="ID_7493069" HAlignment="Left" VAlignment="Top" align="left" valign="top">1</x:th>
          <x:th id="ID_7493070" HAlignment="Left" VAlignment="Top" align="left" valign="top">2</x:th>
          <x:th id="ID_7493071" HAlignment="Left" VAlignment="Top" align="left" valign="top">3</x:th>
          <x:th id="ID_7493072" HAlignment="Left" VAlignment="Top" align="left" valign="top">4</x:th>
          <x:th id="ID_7493073" HAlignment="Left" VAlignment="Top" align="left" valign="top">5</x:th>
          <x:th id="ID_7493074" HAlignment="Left" VAlignment="Top" align="left" valign="top">6</x:th>
          <x:th id="ID_7493075" HAlignment="Left" VAlignment="Top" align="left" valign="top">7</x:th>
          <x:th id="ID_7493076" HAlignment="Left" VAlignment="Top" align="left" valign="top">8</x:th>
          <x:th id="ID_7493077" HAlignment="Left" VAlignment="Top" align="left" valign="top">9</x:th>
          <x:th id="ID_7493078" HAlignment="Left" VAlignment="Top" align="left" valign="top">10</x:th>
        </x:tr>
      </x:thead>
      <x:tbody id="ID_7493079">
        <x:tr id="ID_7493080">
          <x:td id="ID_7493081" HAlignment="Left" VAlignment="Top" align="left" valign="top">&nbsp;</x:td>
          <x:td id="ID_7493082" HAlignment="Left" VAlignment="Top" align="left" valign="top">&nbsp;</x:td>
          <x:td id="ID_7493083" HAlignment="Left" VAlignment="Top" align="left" valign="top">&nbsp;</x:td>
          <x:td id="ID_7493084" HAlignment="Left" VAlignment="Top" align="left" valign="top">&nbsp;</x:td>
          <x:td id="ID_7493085" HAlignment="Left" VAlignment="Top" align="left" valign="top">&nbsp;</x:td>
          <x:td id="ID_7493086" HAlignment="Left" VAlignment="Top" align="left" valign="top">&nbsp;</x:td>
          <x:td id="ID_7493087" HAlignment="Left" VAlignment="Top" align="left" valign="top">&nbsp;</x:td>
          <x:td id="ID_7493088" HAlignment="Left" VAlignment="Top" align="left" valign="top">&nbsp;</x:td>
          <x:td id="ID_7493089" HAlignment="Left" VAlignment="Top" align="left" valign="top">&nbsp;</x:td>
          <x:td id="ID_7493090" HAlignment="Left" VAlignment="Top" align="left" valign="top">&nbsp;</x:td>
        </x:tr>
        <x:tr id="ID_7493091">
          <x:td id="ID_7493092" HAlignment="Left" VAlignment="Top" align="left" valign="top">&nbsp;</x:td>
          <x:td id="ID_7493093" HAlignment="Left" VAlignment="Top" align="left" valign="top">&nbsp;</x:td>
          <x:td id="ID_7493094" HAlignment="Left" VAlignment="Top" align="left" valign="top">&nbsp;</x:td>
          <x:td id="ID_7493095" HAlignment="Left" VAlignment="Top" align="left" valign="top">&nbsp;</x:td>
          <x:td id="ID_7493096" HAlignment="Left" VAlignment="Top" align="left" valign="top">&nbsp;</x:td>
          <x:td id="ID_7493097" HAlignment="Left" VAlignment="Top" align="left" valign="top">&nbsp;</x:td>
          <x:td id="ID_7493098" HAlignment="Left" VAlignment="Top" align="left" valign="top">&nbsp;</x:td>
          <x:td id="ID_7493099" HAlignment="Left" VAlignment="Top" align="left" valign="top">&nbsp;</x:td>
          <x:td id="ID_7493100" HAlignment="Left" VAlignment="Top" align="left" valign="top">&nbsp;</x:td>
          <x:td id="ID_7493101" HAlignment="Left" VAlignment="Top" align="left" valign="top">&nbsp;</x:td>
        </x:tr>
      </x:tbody>
    </x:table>
  </e:AD-2.14>
  <e:AD-2.15 id="EGNW-AD-2.15" Number="AD 2.15">
    <GreenBorder id="ID_7493103" />
    <e:Title id="ID_7493104">OTHER&nbsp;LIGHTING,&nbsp;SECONDARY&nbsp;POWER&nbsp;SUPPLY</e:Title>
    <x:table id="ID_7493106" class="">
      <x:tbody id="ID_7493107">
        <x:tr id="ID_7493108">
          <x:td id="ID_7493109" HAlignment="Left" VAlignment="Top" align="left" valign="top">1</x:td>
          <x:td id="ID_7493110" HAlignment="Left" VAlignment="Top" align="left" valign="top">
            <x:p id="ID_7493111">ABN/IBN location, characteristics and hours of operation</x:p>
          </x:td>
          <x:td id="ID_7493112" HAlignment="Left" VAlignment="Top" align="left" valign="top">&nbsp;</x:td>
        </x:tr>
        <x:tr id="ID_7493113">
          <x:td id="ID_7493114" HAlignment="Left" VAlignment="Top" align="left" valign="top">2</x:td>
          <x:td id="ID_7493115" HAlignment="Left" VAlignment="Top" align="left" valign="top">
            <x:p id="ID_7493116">LDI location and lighting</x:p>
            <x:p id="ID_7493117">Anemometer location and lighting</x:p>
          </x:td>
          <x:td id="ID_7493118" HAlignment="Left" VAlignment="Top" align="left" valign="top">&nbsp;</x:td>
        </x:tr>
        <x:tr id="ID_7493119">
          <x:td id="ID_7493120" HAlignment="Left" VAlignment="Top" align="left" valign="top">3</x:td>
          <x:td id="ID_7493121" HAlignment="Left" VAlignment="Top" align="left" valign="top">
            <x:p id="ID_7493122">TWY edge and centre line lighting</x:p>
          </x:td>
          <x:td id="ID_7493123" HAlignment="Left" VAlignment="Top" align="left" valign="top">&nbsp;</x:td>
        </x:tr>
        <x:tr id="ID_7493124">
          <x:td id="ID_7493125" HAlignment="Left" VAlignment="Top" align="left" valign="top">4</x:td>
          <x:td id="ID_7493126" HAlignment="Left" VAlignment="Top" align="left" valign="top">
            <x:p id="ID_7493127">Secondary power supply/switch-over time</x:p>
          </x:td>
          <x:td id="ID_7493128" HAlignment="Left" VAlignment="Top" align="left" valign="top">&nbsp;</x:td>
        </x:tr>
        <x:tr id="ID_7493129">
          <x:td id="ID_7493130" HAlignment="Left" VAlignment="Top" align="left" valign="top">5</x:td>
          <x:td id="ID_7493131" HAlignment="Left" VAlignment="Top" align="left" valign="top">
            <x:p id="ID_7493132">Remarks</x:p>
          </x:td>
          <x:td id="ID_7493133" HAlignment="Left" VAlignment="Top" align="left" valign="top">&nbsp;</x:td>
        </x:tr>
      </x:tbody>
    </x:table>
  </e:AD-2.15>
  <e:AD-2.16 id="EGNW-AD-2.16" Number="AD 2.16">
    <GreenBorder id="ID_7493135" />
    <e:Title id="ID_7493136">HELICOPTER&nbsp;LANDING&nbsp;AREA</e:Title>
    <x:table id="ID_7493138" class="">
      <x:tbody id="ID_7493139">
        <x:tr id="ID_7493140">
          <x:td id="ID_7493141" HAlignment="Left" VAlignment="Top" align="left" valign="top">1</x:td>
          <x:td id="ID_7493142" HAlignment="Left" VAlignment="Top" align="left" valign="top">
            <x:p id="ID_7493143">Coordinates TLOF or THR of FATO</x:p>
            <x:p id="ID_7493144">Geoid undulation</x:p>
          </x:td>
          <x:td id="ID_7493145" HAlignment="Left" VAlignment="Top" align="left" valign="top">&nbsp;</x:td>
        </x:tr>
        <x:tr id="ID_7493146">
          <x:td id="ID_7493147" HAlignment="Left" VAlignment="Top" align="left" valign="top">2</x:td>
          <x:td id="ID_7493148" HAlignment="Left" VAlignment="Top" align="left" valign="top">
            <x:p id="ID_7493149">TLOF and/or FATO elevation M/FT</x:p>
          </x:td>
          <x:td id="ID_7493150" HAlignment="Left" VAlignment="Top" align="left" valign="top">&nbsp;</x:td>
        </x:tr>
        <x:tr id="ID_7493151">
          <x:td id="ID_7493152" HAlignment="Left" VAlignment="Top" align="left" valign="top">3</x:td>
          <x:td id="ID_7493153" HAlignment="Left" VAlignment="Top" align="left" valign="top">
            <x:p id="ID_7493154">TLOF and FATO area dimensions, surface, strength, marking</x:p>
          </x:td>
          <x:td id="ID_7493155" HAlignment="Left" VAlignment="Top" align="left" valign="top">&nbsp;</x:td>
        </x:tr>
        <x:tr id="ID_7493156">
          <x:td id="ID_7493157" HAlignment="Left" VAlignment="Top" align="left" valign="top">4</x:td>
          <x:td id="ID_7493158" HAlignment="Left" VAlignment="Top" align="left" valign="top">
            <x:p id="ID_7493159">True BRG of FATO</x:p>
          </x:td>
          <x:td id="ID_7493160" HAlignment="Left" VAlignment="Top" align="left" valign="top">&nbsp;</x:td>
        </x:tr>
        <x:tr id="ID_7493161">
          <x:td id="ID_7493162" HAlignment="Left" VAlignment="Top" align="left" valign="top">5</x:td>
          <x:td id="ID_7493163" HAlignment="Left" VAlignment="Top" align="left" valign="top">
            <x:p id="ID_7493164">Declared distance available</x:p>
          </x:td>
          <x:td id="ID_7493165" HAlignment="Left" VAlignment="Top" align="left" valign="top">&nbsp;</x:td>
        </x:tr>
        <x:tr id="ID_7493166">
          <x:td id="ID_7493167" HAlignment="Left" VAlignment="Top" align="left" valign="top">6</x:td>
          <x:td id="ID_7493168" HAlignment="Left" VAlignment="Top" align="left" valign="top">
            <x:p id="ID_7493169">APP and FATO lighting</x:p>
          </x:td>
          <x:td id="ID_7493170" HAlignment="Left" VAlignment="Top" align="left" valign="top">&nbsp;</x:td>
        </x:tr>
        <x:tr id="ID_7493171">
          <x:td id="ID_7493172" HAlignment="Left" VAlignment="Top" align="left" valign="top">7</x:td>
          <x:td id="ID_7493173" HAlignment="Left" VAlignment="Top" align="left" valign="top">
            <x:p id="ID_7493174">Remarks</x:p>
          </x:td>
          <x:td id="ID_7493175" HAlignment="Left" VAlignment="Top" align="left" valign="top">&nbsp;</x:td>
        </x:tr>
      </x:tbody>
    </x:table>
  </e:AD-2.16>
  <e:AD-2.17 id="EGNW-AD-2.17" Number="AD 2.17">
    <GreenBorder id="ID_7493177" />
    <e:Title id="ID_7493178">AIR TRAFFIC SERVICES&nbsp;AIRSPACE</e:Title>
    <x:table id="ID_7493180" class="">
      <x:thead id="ID_7493181">
        <x:tr id="ID_7493182">
          <x:th id="ID_7493183" HAlignment="Left" VAlignment="Top" align="left" valign="top">
            <x:p id="ID_7493184">Designation and</x:p>
            <x:p id="ID_7493185">lateral limits</x:p>
          </x:th>
          <x:th id="ID_7493186" HAlignment="Left" VAlignment="Top" align="left" valign="top">
            <x:p id="ID_7493187">Vertical Limits</x:p>
          </x:th>
          <x:th id="ID_7493188" HAlignment="Left" VAlignment="Top" align="left" valign="top">
            <x:p id="ID_7493189">Airspace Class</x:p>
          </x:th>
          <x:th id="ID_7493190" HAlignment="Left" VAlignment="Top" align="left" valign="top">
            <x:p id="ID_7493191">ATS unit callsign/ language</x:p>
          </x:th>
          <x:th id="ID_7493192" HAlignment="Left" VAlignment="Top" align="left" valign="top">
            <x:p id="ID_7493193">Transition Altitude</x:p>
          </x:th>
          <x:th id="ID_7493194" HAlignment="Left" VAlignment="Top" align="left" valign="top">
            <x:p id="ID_7493195">Hours of Applicability</x:p>
          </x:th>
          <x:th id="ID_7493196" HAlignment="Left" VAlignment="Top" align="left" valign="top">
            <x:p id="ID_7493197">Remarks</x:p>
          </x:th>
        </x:tr>
        <x:tr id="ID_7493198">
          <x:th id="ID_7493199" HAlignment="Left" VAlignment="Top" align="left" valign="top">1</x:th>
          <x:th id="ID_7493200" HAlignment="Left" VAlignment="Top" align="left" valign="top">2</x:th>
          <x:th id="ID_7493201" HAlignment="Left" VAlignment="Top" align="left" valign="top">3</x:th>
          <x:th id="ID_7493202" HAlignment="Left" VAlignment="Top" align="left" valign="top">4</x:th>
          <x:th id="ID_7493203" HAlignment="Left" VAlignment="Top" align="left" valign="top">5</x:th>
          <x:th id="ID_7493204" HAlignment="Left" VAlignment="Top" align="left" valign="top">6</x:th>
          <x:th id="ID_7493205" HAlignment="Left" VAlignment="Top" align="left" valign="top">7</x:th>
        </x:tr>
      </x:thead>
      <x:tbody id="ID_7493206">
        <x:tr id="ID_7493207">
          <x:td id="ID_7493208" HAlignment="Left" VAlignment="Top" align="left" valign="top">&nbsp;</x:td>
          <x:td id="ID_7493209" HAlignment="Left" VAlignment="Top" align="left" valign="top">&nbsp;</x:td>
          <x:td id="ID_7493210" HAlignment="Left" VAlignment="Top" align="left" valign="top">&nbsp;</x:td>
          <x:td id="ID_7493211" HAlignment="Left" VAlignment="Top" align="left" valign="top">&nbsp;</x:td>
          <x:td id="ID_7493212" HAlignment="Left" VAlignment="Top" align="left" valign="top">&nbsp;</x:td>
          <x:td id="ID_7493213" HAlignment="Left" VAlignment="Top" align="left" valign="top">&nbsp;</x:td>
          <x:td id="ID_7493214" HAlignment="Left" VAlignment="Top" align="left" valign="top">&nbsp;</x:td>
        </x:tr>
        <x:tr id="ID_7493215">
          <x:td id="ID_7493216" HAlignment="Left" VAlignment="Top" align="left" valign="top">&nbsp;</x:td>
          <x:td id="ID_7493217" HAlignment="Left" VAlignment="Top" align="left" valign="top">&nbsp;</x:td>
          <x:td id="ID_7493218" HAlignment="Left" VAlignment="Top" align="left" valign="top">&nbsp;</x:td>
          <x:td id="ID_7493219" HAlignment="Left" VAlignment="Top" align="left" valign="top">&nbsp;</x:td>
          <x:td id="ID_7493220" HAlignment="Left" VAlignment="Top" align="left" valign="top">&nbsp;</x:td>
          <x:td id="ID_7493221" HAlignment="Left" VAlignment="Top" align="left" valign="top">&nbsp;</x:td>
          <x:td id="ID_7493222" HAlignment="Left" VAlignment="Top" align="left" valign="top">&nbsp;</x:td>
        </x:tr>
      </x:tbody>
    </x:table>
  </e:AD-2.17>
  <e:AD-2.18 id="EGNW-AD-2.18" Number="AD 2.18">
    <GreenBorder id="ID_7493224" />
    <e:Title id="ID_7493225">AIR TRAFFIC SERVICES&nbsp;COMMUNICATION&nbsp;FACILITIES</e:Title>
    <x:table id="ID_7493227" class="">
      <x:thead id="ID_7493228">
        <x:tr id="ID_7493229">
          <x:th id="ID_7493230" HAlignment="Left" VAlignment="Top" align="left" valign="top">
            <x:p id="ID_7493231">Service designation</x:p>
          </x:th>
          <x:th id="ID_7493232" HAlignment="Left" VAlignment="Top" align="left" valign="top">
            <x:p id="ID_7493233">Callsign</x:p>
          </x:th>
          <x:th id="ID_7493234" HAlignment="Left" VAlignment="Top" align="left" valign="top">
            <x:p id="ID_7493235">Channel(s)</x:p>
          </x:th>
          <x:th id="ID_7493236" HAlignment="Left" VAlignment="Top" align="left" valign="top">
            <x:p id="ID_7493237">Hours of </x:p>
            <x:p id="ID_7493238">Operation</x:p>
          </x:th>
          <x:th id="ID_7493239" HAlignment="Left" VAlignment="Top" align="left" valign="top">
            <x:p id="ID_7493240">Remarks</x:p>
          </x:th>
        </x:tr>
        <x:tr id="ID_7493241">
          <x:th id="ID_7493242" HAlignment="Left" VAlignment="Top" align="left" valign="top">1</x:th>
          <x:th id="ID_7493243" HAlignment="Left" VAlignment="Top" align="left" valign="top">2</x:th>
          <x:th id="ID_7493244" HAlignment="Left" VAlignment="Top" align="left" valign="top">3</x:th>
          <x:th id="ID_7493245" HAlignment="Left" VAlignment="Top" align="left" valign="top">4</x:th>
          <x:th id="ID_7493246" HAlignment="Left" VAlignment="Top" align="left" valign="top">5</x:th>
        </x:tr>
      </x:thead>
      <x:tbody id="ID_7493247">
        <x:tr id="ID_7493248">
          <x:td id="ID_7493249" HAlignment="Left" VAlignment="Top" align="left" valign="top">&nbsp;</x:td>
          <x:td id="ID_7493250" HAlignment="Left" VAlignment="Top" align="left" valign="top">&nbsp;</x:td>
          <x:td id="ID_7493251" HAlignment="Left" VAlignment="Top" align="left" valign="top">&nbsp;</x:td>
          <x:td id="ID_7493252" HAlignment="Left" VAlignment="Top" align="left" valign="top">&nbsp;</x:td>
          <x:td id="ID_7493253" HAlignment="Left" VAlignment="Top" align="left" valign="top">&nbsp;</x:td>
        </x:tr>
        <x:tr id="ID_7493254">
          <x:td id="ID_7493255" HAlignment="Left" VAlignment="Top" align="left" valign="top">&nbsp;</x:td>
          <x:td id="ID_7493256" HAlignment="Left" VAlignment="Top" align="left" valign="top">&nbsp;</x:td>
          <x:td id="ID_7493257" HAlignment="Left" VAlignment="Top" align="left" valign="top">&nbsp;</x:td>
          <x:td id="ID_7493258" HAlignment="Left" VAlignment="Top" align="left" valign="top">&nbsp;</x:td>
          <x:td id="ID_7493259" HAlignment="Left" VAlignment="Top" align="left" valign="top">&nbsp;</x:td>
        </x:tr>
      </x:tbody>
    </x:table>
  </e:AD-2.18>
  <e:AD-2.19 id="EGNW-AD-2.19" Number="AD 2.19">
    <GreenBorder id="ID_7493261" />
    <e:Title id="ID_7493262">RADIO&nbsp;NAVIGATION&nbsp;AND&nbsp;LANDING&nbsp;AIDS</e:Title>
    <x:table id="ID_7493264" class="">
      <x:thead id="ID_7493265">
        <x:tr id="ID_7493266">
          <x:th id="ID_7493267" HAlignment="Left" VAlignment="Top" align="left" valign="top">
            <x:p id="ID_7493268">Type of Aid CAT&nbsp;of&nbsp;ILS/MLS</x:p>
            <x:p id="ID_7493269">(For VOR/ILS/MLS, give VAR)</x:p>
          </x:th>
          <x:th id="ID_7493270" HAlignment="Left" VAlignment="Top" align="left" valign="top">
            <x:p id="ID_7493271">Ident</x:p>
          </x:th>
          <x:th id="ID_7493272" HAlignment="Left" VAlignment="Top" align="left" valign="top">
            <x:p id="ID_7493273">Frequency</x:p>
            <x:p id="ID_7493274">channel number(s), service provider, and reference path identifier(s) (RPI)</x:p>
          </x:th>
          <x:th id="ID_7493275" HAlignment="Left" VAlignment="Top" align="left" valign="top">
            <x:p id="ID_7493276">Hours of Operation</x:p>
          </x:th>
          <x:th id="ID_7493277" HAlignment="Left" VAlignment="Top" align="left" valign="top">
            <x:p id="ID_7493278">Position of transmitting antenna co-ordinates</x:p>
          </x:th>
          <x:th id="ID_7493279" HAlignment="Left" VAlignment="Top" align="left" valign="top">
            <x:p id="ID_7493280">Elevation of DME transmitting antenna</x:p>
            <x:p id="ID_7493281">GBAS, SBAS, LTP, FTP values</x:p>
          </x:th>
          <x:th id="ID_7493282" HAlignment="Left" VAlignment="Top" align="left" valign="top">
            <x:p id="ID_7493283">Remarks</x:p>
          </x:th>
        </x:tr>
        <x:tr id="ID_7493284">
          <x:th id="ID_7493285" HAlignment="Left" VAlignment="Top" align="left" valign="top">1</x:th>
          <x:th id="ID_7493286" HAlignment="Left" VAlignment="Top" align="left" valign="top">2</x:th>
          <x:th id="ID_7493287" HAlignment="Left" VAlignment="Top" align="left" valign="top">3</x:th>
          <x:th id="ID_7493288" HAlignment="Left" VAlignment="Top" align="left" valign="top">4</x:th>
          <x:th id="ID_7493289" HAlignment="Left" VAlignment="Top" align="left" valign="top">5</x:th>
          <x:th id="ID_7493290" HAlignment="Left" VAlignment="Top" align="left" valign="top">6</x:th>
          <x:th id="ID_7493291" HAlignment="Left" VAlignment="Top" align="left" valign="top">7</x:th>
        </x:tr>
      </x:thead>
      <x:tbody id="ID_7493292">
        <x:tr id="ID_7493293">
          <x:td id="ID_7493294" HAlignment="Left" VAlignment="Top" align="left" valign="top">&nbsp;</x:td>
          <x:td id="ID_7493295" HAlignment="Left" VAlignment="Top" align="left" valign="top">&nbsp;</x:td>
          <x:td id="ID_7493296" HAlignment="Left" VAlignment="Top" align="left" valign="top">&nbsp;</x:td>
          <x:td id="ID_7493297" HAlignment="Left" VAlignment="Top" align="left" valign="top">&nbsp;</x:td>
          <x:td id="ID_7493298" HAlignment="Left" VAlignment="Top" align="left" valign="top">&nbsp;</x:td>
          <x:td id="ID_7493299" HAlignment="Left" VAlignment="Top" align="left" valign="top">&nbsp;</x:td>
          <x:td id="ID_7493300" HAlignment="Left" VAlignment="Top" align="left" valign="top">&nbsp;</x:td>
        </x:tr>
      </x:tbody>
    </x:table>
  </e:AD-2.19>
  <e:AD-2.20 id="EGNW-AD-2.20" Number="AD 2.20">
    <GreenBorder id="ID_7493302" />
    <e:Title id="ID_7493303">LOCAL&nbsp;AERODROME&nbsp;REGULATIONS</e:Title>
    <x:div class="RP">
      <x:span class="sdParams" style="display:none;">TRULES_PROC;RULES_PROC_ID;7721</x:span>
      <e:Sub-section Number="1" id="EGNW-AD-2.20.1">
        <e:Title id="ID_7493305">Airport Regulations</e:Title>
        <x:p id="ID_7493306">Not applicable</x:p>
      </e:Sub-section>
      <e:Sub-section Number="2" id="EGNW-AD-2.20.2">
        <e:Title id="ID_7493308">Ground Movement</e:Title>
        <x:p id="ID_7493309">Not applicable</x:p>
      </e:Sub-section>
      <e:Sub-section Number="3" id="EGNW-AD-2.20.3">
        <e:Title id="ID_7493311">CAT II/III Operations</e:Title>
        <x:p id="ID_7493312">Not applicable</x:p>
      </e:Sub-section>
      <e:Sub-section Number="4" id="EGNW-AD-2.20.4">
        <e:Title id="ID_7493314">Warnings</e:Title>
        <x:ol id="ID_7493315" class="Numbered">
          <x:li id="ID_7493316">
            <x:p id="ID_7493317">The aerodrome is divided by a public road and only the runways to the North of the road can be used.</x:p>
          </x:li>
        </x:ol>
      </e:Sub-section>
      <e:Sub-section Number="5" id="EGNW-AD-2.20.5">
        <e:Title id="ID_7493319">Helicopter Operations</e:Title>
        <x:p id="ID_7493320">Not applicable</x:p>
      </e:Sub-section>
      <e:Sub-section Number="6" id="EGNW-AD-2.20.6">
        <e:Title id="ID_7493322">Use of Runways</e:Title>
        <x:p id="ID_7493323">Not applicable</x:p>
      </e:Sub-section>
      <e:Sub-section Number="7" id="EGNW-AD-2.20.7">
        <e:Title id="ID_7493325">Training</e:Title>
        <x:p id="ID_7493326">Not applicable</x:p>
      </e:Sub-section>
    </x:div>
  </e:AD-2.20>
  <e:AD-2.21 id="EGNW-AD-2.21" Number="AD 2.21">
    <GreenBorder id="ID_7493328" />
    <e:Title id="ID_7493329">NOISE ABATEMENT PROCEDURES</e:Title>
    <x:div class="RP">
      <x:span class="sdParams" style="display:none;">TRULES_PROC;RULES_PROC_ID;7722</x:span>
      <x:p id="ID_7493330">Not applicable</x:p>
    </x:div>
  </e:AD-2.21>
  <e:AD-2.22 id="EGNW-AD-2.22" Number="AD 2.22">
    <GreenBorder id="ID_7493332" />
    <e:Title id="ID_7493333">FLIGHT PROCEDURES</e:Title>
    <x:div class="RP">
      <x:span class="sdParams" style="display:none;">TRULES_PROC;RULES_PROC_ID;7723</x:span>
      <e:Sub-section Number="1" id="EGNW-AD-2.22.1">
        <e:Title id="ID_7493335">Inbound Aircraft</e:Title>
        <x:ol id="ID_7493336" class="Numbered">
          <x:li id="ID_7493337">
            <x:p id="ID_7493338">Inbound aircraft are requested to contact RAF Waddington.</x:p>
          </x:li>
        </x:ol>
      </e:Sub-section>
      <e:Sub-section Number="2" id="EGNW-AD-2.22.2">
        <e:Title id="ID_7493340">Local Flying Area</e:Title>
        <x:ol id="ID_7493341" class="Numbered">
          <x:li id="ID_7493342">
            <x:p id="ID_7493343">Flight within the ATZ above 1500 ft aal is also subject to clearance from Waddington ATC.</x:p>
          </x:li>
        </x:ol>
      </e:Sub-section>
      <e:Sub-section Number="3" id="EGNW-AD-2.22.3">
        <e:Title id="ID_7493345">Circuits</e:Title>
        <x:ol id="ID_7493346" class="Numbered">
          <x:li id="ID_7493347">
            <x:p id="ID_7493348">Circuit directions: All Runways - LH. Circuit height 1000 ft QFE. Microlight circuit 700 ft QFE inside GA circuit.</x:p>
          </x:li>
        </x:ol>
      </e:Sub-section>
    </x:div>
  </e:AD-2.22>
  <e:AD-2.23 id="EGNW-AD-2.23" Number="AD 2.23">
    <GreenBorder id="ID_7493350" />
    <e:Title id="ID_7493351">ADDITIONAL INFORMATION</e:Title>
    <x:div class="RP">
      <x:span class="sdParams" style="display:none;">TRULES_PROC;RULES_PROC_ID;7724</x:span>
      <x:p id="ID_7493352">Not applicable</x:p>
    </x:div>
  </e:AD-2.23>
  <e:AD-2.24 id="EGNW-AD-2.24" Number="AD 2.24">
    <GreenBorder id="ID_7493354" />
    <e:Title id="ID_7493355">CHARTS RELATED TO AN AERODROME</e:Title>
    <x:table id="ID_7493357" class="">
      <x:tbody id="ID_7493358">
        <x:tr id="ID_7493359">
          <x:td id="ID_7493360" HAlignment="Left" VAlignment="Top" align="left" valign="top">
            <x:p id="ID_7493361">
              <x:em id="ID_7493362" class="Italic">Figure: Aerodrome Chart - ICAO</x:em>
            </x:p>
          </x:td>
        </x:tr>
        <x:tr id="ID_7493363">
          <x:td id="ID_7493364" HAlignment="Left" VAlignment="Top" align="left" valign="top">
            <x:p id="ID_7493365">AD 2-EGAA-2-1</x:p>
          </x:td>
        </x:tr>
        <x:tr id="ID_7493366">
          <x:td id="ID_7493367" HAlignment="Left" VAlignment="Top" align="left" valign="top">&nbsp;</x:td>
        </x:tr>
        <x:tr id="ID_7493368">
          <x:td id="ID_7493369" HAlignment="Left" VAlignment="Top" align="left" valign="top">&nbsp;</x:td>
        </x:tr>
        <x:tr id="ID_7493370">
          <x:td id="ID_7493371" HAlignment="Left" VAlignment="Top" align="left" valign="top">&nbsp;</x:td>
        </x:tr>
        <x:tr id="ID_7493372">
          <x:td id="ID_7493373" HAlignment="Left" VAlignment="Top" align="left" valign="top">&nbsp;</x:td>
        </x:tr>
      </x:tbody>
    </x:table>
  </e:AD-2.24>
</e:Aerodrome>
