<?xml version="1.0" encoding="UTF-8"?>
<e:Aerodrome id="AD-2.EGKH" Ref="ICAO-EGKH" Title="LASHENDEN/HEADCORN" xmlns:e="http://www.eurocontrol.int/xmlns/AIM/eAIP" xmlns:x="http://www.w3.org/1999/xhtml" xmlns:xlink="http://www.w3.org/1999/xlink">
  <e:Title />
  <e:AD-2.1 id="EGKH-AD-2.1" Number="AD 2.1">
    <GreenBorder id="ID_7009755" />
    <e:Title id="ID_7009756">AERODROME LOCATION INDICATOR AND NAME</e:Title>
    <e:Generated />
  </e:AD-2.1>
  <e:AD-2.2 id="EGKH-AD-2.2" Number="AD 2.2">
    <GreenBorder id="ID_7009761" />
    <e:Title id="ID_7009762">AERODROME&nbsp;GEOGRAPHICAL&nbsp;AND&nbsp;ADMINISTRATIVE&nbsp;DATA</e:Title>
    <x:table id="ID_7009764" class="">
      <x:tbody id="ID_7009765">
        <x:tr id="ID_7009766">
          <x:td id="ID_7009767" HAlignment="Left" VAlignment="Top" align="left" valign="top">1</x:td>
          <x:td id="ID_7009768" HAlignment="Left" VAlignment="Top" align="left" valign="top">
            <x:p id="ID_7009769">ARP coordinates and site at AD</x:p>
          </x:td>
          <x:td id="ID_7009770" HAlignment="Left" VAlignment="Top" align="left" valign="top">&nbsp;</x:td>
        </x:tr>
        <x:tr id="ID_7009771">
          <x:td id="ID_7009772" HAlignment="Left" VAlignment="Top" align="left" valign="top">2</x:td>
          <x:td id="ID_7009773" HAlignment="Left" VAlignment="Top" align="left" valign="top">
            <x:p id="ID_7009774">Direction and distance from city</x:p>
          </x:td>
          <x:td id="ID_7009775" HAlignment="Left" VAlignment="Top" align="left" valign="top">&nbsp;</x:td>
        </x:tr>
        <x:tr id="ID_7009776">
          <x:td id="ID_7009777" HAlignment="Left" VAlignment="Top" align="left" valign="top">3</x:td>
          <x:td id="ID_7009778" HAlignment="Left" VAlignment="Top" align="left" valign="top">
            <x:p id="ID_7009779">Elevation / Reference temperature</x:p>
          </x:td>
          <x:td id="ID_7009780" HAlignment="Left" VAlignment="Top" align="left" valign="top">&nbsp;</x:td>
        </x:tr>
        <x:tr id="ID_7009781">
          <x:td id="ID_7009782" HAlignment="Left" VAlignment="Top" align="left" valign="top">4</x:td>
          <x:td id="ID_7009783" HAlignment="Left" VAlignment="Top" align="left" valign="top">
            <x:p id="ID_7009784">Geoid undulation at AD ELEV PSN</x:p>
          </x:td>
          <x:td id="ID_7009785" HAlignment="Left" VAlignment="Top" align="left" valign="top">&nbsp;</x:td>
        </x:tr>
        <x:tr id="ID_7009786">
          <x:td id="ID_7009787" HAlignment="Left" VAlignment="Top" align="left" valign="top">5</x:td>
          <x:td id="ID_7009788" HAlignment="Left" VAlignment="Top" align="left" valign="top">
            <x:p id="ID_7009789">Magnetic Variation / Annual Change</x:p>
          </x:td>
          <x:td id="ID_7009790" HAlignment="Left" VAlignment="Top" align="left" valign="top">&nbsp;</x:td>
        </x:tr>
        <x:tr id="ID_7009791">
          <x:td id="ID_7009792" HAlignment="Left" VAlignment="Top" align="left" valign="top">6</x:td>
          <x:td id="ID_7009793" HAlignment="Left" VAlignment="Top" align="left" valign="top">
            <x:p id="ID_7009794">AD Administration, address, telephone, telefax, AFS, e-mail address, website address</x:p>
          </x:td>
          <x:td id="ID_7009795" HAlignment="Left" VAlignment="Top" align="left" valign="top">&nbsp;</x:td>
        </x:tr>
        <x:tr id="ID_7009796">
          <x:td id="ID_7009797" HAlignment="Left" VAlignment="Top" align="left" valign="top">7</x:td>
          <x:td id="ID_7009798" HAlignment="Left" VAlignment="Top" align="left" valign="top">
            <x:p id="ID_7009799">Types of Traffic permitted (IFR/VFR)</x:p>
          </x:td>
          <x:td id="ID_7009800" HAlignment="Left" VAlignment="Top" align="left" valign="top">&nbsp;</x:td>
        </x:tr>
        <x:tr id="ID_7009801">
          <x:td id="ID_7009802" HAlignment="Left" VAlignment="Top" align="left" valign="top">8</x:td>
          <x:td id="ID_7009803" HAlignment="Left" VAlignment="Top" align="left" valign="top">
            <x:p id="ID_7009804">Remarks</x:p>
          </x:td>
          <x:td id="ID_7009805" HAlignment="Left" VAlignment="Top" align="left" valign="top">&nbsp;</x:td>
        </x:tr>
      </x:tbody>
    </x:table>
  </e:AD-2.2>
  <e:AD-2.3 id="EGKH-AD-2.3" Number="AD 2.3">
    <GreenBorder id="ID_7009807" />
    <e:Title id="ID_7009808">OPERATIONAL&nbsp;HOURS</e:Title>
    <x:table id="ID_7009810" class="">
      <x:tbody id="ID_7009811">
        <x:tr id="ID_7009812">
          <x:td id="ID_7009813" HAlignment="Left" VAlignment="Top" align="left" valign="top">1</x:td>
          <x:td id="ID_7009814" HAlignment="Left" VAlignment="Top" align="left" valign="top">
            <x:p id="ID_7009815">Aerodrome Operator</x:p>
          </x:td>
          <x:td id="ID_7009816" HAlignment="Left" VAlignment="Top" align="left" valign="top">&nbsp;</x:td>
        </x:tr>
        <x:tr id="ID_7009817">
          <x:td id="ID_7009818" HAlignment="Left" VAlignment="Top" align="left" valign="top">2</x:td>
          <x:td id="ID_7009819" HAlignment="Left" VAlignment="Top" align="left" valign="top">
            <x:p id="ID_7009820">Customs and Immigration</x:p>
          </x:td>
          <x:td id="ID_7009821" HAlignment="Left" VAlignment="Top" align="left" valign="top">
            <x:p id="ID_7009822" />
          </x:td>
        </x:tr>
        <x:tr id="ID_7009823">
          <x:td id="ID_7009824" HAlignment="Left" VAlignment="Top" align="left" valign="top">3</x:td>
          <x:td id="ID_7009825" HAlignment="Left" VAlignment="Top" align="left" valign="top">
            <x:p id="ID_7009826">Health and sanitation</x:p>
          </x:td>
          <x:td id="ID_7009827" HAlignment="Left" VAlignment="Top" align="left" valign="top">&nbsp;</x:td>
        </x:tr>
        <x:tr id="ID_7009828">
          <x:td id="ID_7009829" HAlignment="Left" VAlignment="Top" align="left" valign="top">4</x:td>
          <x:td id="ID_7009830" HAlignment="Left" VAlignment="Top" align="left" valign="top">
            <x:p id="ID_7009831">AIS Briefing Office</x:p>
          </x:td>
          <x:td id="ID_7009832" HAlignment="Left" VAlignment="Top" align="left" valign="top">&nbsp;</x:td>
        </x:tr>
        <x:tr id="ID_7009833">
          <x:td id="ID_7009834" HAlignment="Left" VAlignment="Top" align="left" valign="top">5</x:td>
          <x:td id="ID_7009835" HAlignment="Left" VAlignment="Top" align="left" valign="top">
            <x:p id="ID_7009836">ATS Reporting Office (ARO)</x:p>
          </x:td>
          <x:td id="ID_7009837" HAlignment="Left" VAlignment="Top" align="left" valign="top">&nbsp;</x:td>
        </x:tr>
        <x:tr id="ID_7009838">
          <x:td id="ID_7009839" HAlignment="Left" VAlignment="Top" align="left" valign="top">6</x:td>
          <x:td id="ID_7009840" HAlignment="Left" VAlignment="Top" align="left" valign="top">
            <x:p id="ID_7009841">MET Briefing Office</x:p>
          </x:td>
          <x:td id="ID_7009842" HAlignment="Left" VAlignment="Top" align="left" valign="top">&nbsp;</x:td>
        </x:tr>
        <x:tr id="ID_7009843">
          <x:td id="ID_7009844" HAlignment="Left" VAlignment="Top" align="left" valign="top">7</x:td>
          <x:td id="ID_7009845" HAlignment="Left" VAlignment="Top" align="left" valign="top">
            <x:p id="ID_7009846">Air Traffic Service</x:p>
          </x:td>
          <x:td id="ID_7009847" HAlignment="Left" VAlignment="Top" align="left" valign="top">&nbsp;</x:td>
        </x:tr>
        <x:tr id="ID_7009848">
          <x:td id="ID_7009849" HAlignment="Left" VAlignment="Top" align="left" valign="top">8</x:td>
          <x:td id="ID_7009850" HAlignment="Left" VAlignment="Top" align="left" valign="top">
            <x:p id="ID_7009851">Fuelling</x:p>
          </x:td>
          <x:td id="ID_7009852" HAlignment="Left" VAlignment="Top" align="left" valign="top">&nbsp;</x:td>
        </x:tr>
        <x:tr id="ID_7009853">
          <x:td id="ID_7009854" HAlignment="Left" VAlignment="Top" align="left" valign="top">9</x:td>
          <x:td id="ID_7009855" HAlignment="Left" VAlignment="Top" align="left" valign="top">
            <x:p id="ID_7009856">Handling</x:p>
          </x:td>
          <x:td id="ID_7009857" HAlignment="Left" VAlignment="Top" align="left" valign="top">&nbsp;</x:td>
        </x:tr>
        <x:tr id="ID_7009858">
          <x:td id="ID_7009859" HAlignment="Left" VAlignment="Top" align="left" valign="top">10</x:td>
          <x:td id="ID_7009860" HAlignment="Left" VAlignment="Top" align="left" valign="top">
            <x:p id="ID_7009861">Security</x:p>
          </x:td>
          <x:td id="ID_7009862" HAlignment="Left" VAlignment="Top" align="left" valign="top">&nbsp;</x:td>
        </x:tr>
        <x:tr id="ID_7009863">
          <x:td id="ID_7009864" HAlignment="Left" VAlignment="Top" align="left" valign="top">11</x:td>
          <x:td id="ID_7009865" HAlignment="Left" VAlignment="Top" align="left" valign="top">
            <x:p id="ID_7009866">De-icing</x:p>
          </x:td>
          <x:td id="ID_7009867" HAlignment="Left" VAlignment="Top" align="left" valign="top">&nbsp;</x:td>
        </x:tr>
        <x:tr id="ID_7009868">
          <x:td id="ID_7009869" HAlignment="Left" VAlignment="Top" align="left" valign="top">12</x:td>
          <x:td id="ID_7009870" HAlignment="Left" VAlignment="Top" align="left" valign="top">
            <x:p id="ID_7009871">Remarks</x:p>
          </x:td>
          <x:td id="ID_7009872" HAlignment="Left" VAlignment="Top" align="left" valign="top">&nbsp;</x:td>
        </x:tr>
      </x:tbody>
    </x:table>
  </e:AD-2.3>
  <e:AD-2.4 id="EGKH-AD-2.4" Number="AD 2.4">
    <GreenBorder id="ID_7009874" />
    <e:Title id="ID_7009875">HANDLING&nbsp;SERVICES&nbsp;AND&nbsp;FACILITIES</e:Title>
    <x:table id="ID_7009877" class="">
      <x:tbody id="ID_7009878">
        <x:tr id="ID_7009879">
          <x:td id="ID_7009880" HAlignment="Left" VAlignment="Top" align="left" valign="top">1</x:td>
          <x:td id="ID_7009881" HAlignment="Left" VAlignment="Top" align="left" valign="top">
            <x:p id="ID_7009882">Cargo handling facilities</x:p>
          </x:td>
          <x:td id="ID_7009883" HAlignment="Left" VAlignment="Top" align="left" valign="top">&nbsp;</x:td>
        </x:tr>
        <x:tr id="ID_7009884">
          <x:td id="ID_7009885" HAlignment="Left" VAlignment="Top" align="left" valign="top">2</x:td>
          <x:td id="ID_7009886" HAlignment="Left" VAlignment="Top" align="left" valign="top">
            <x:p id="ID_7009887">Fuel and oil types</x:p>
          </x:td>
          <x:td id="ID_7009888" HAlignment="Left" VAlignment="Top" align="left" valign="top">&nbsp;</x:td>
        </x:tr>
        <x:tr id="ID_7009889">
          <x:td id="ID_7009890" HAlignment="Left" VAlignment="Top" align="left" valign="top">3</x:td>
          <x:td id="ID_7009891" HAlignment="Left" VAlignment="Top" align="left" valign="top">
            <x:p id="ID_7009892">Fuelling facilities/capacity</x:p>
          </x:td>
          <x:td id="ID_7009893" HAlignment="Left" VAlignment="Top" align="left" valign="top">&nbsp;</x:td>
        </x:tr>
        <x:tr id="ID_7009894">
          <x:td id="ID_7009895" HAlignment="Left" VAlignment="Top" align="left" valign="top">4</x:td>
          <x:td id="ID_7009896" HAlignment="Left" VAlignment="Top" align="left" valign="top">
            <x:p id="ID_7009897">De-icing facilities</x:p>
          </x:td>
          <x:td id="ID_7009898" HAlignment="Left" VAlignment="Top" align="left" valign="top">&nbsp;</x:td>
        </x:tr>
        <x:tr id="ID_7009899">
          <x:td id="ID_7009900" HAlignment="Left" VAlignment="Top" align="left" valign="top">5</x:td>
          <x:td id="ID_7009901" HAlignment="Left" VAlignment="Top" align="left" valign="top">
            <x:p id="ID_7009902">Hangar space for visiting aircraft</x:p>
          </x:td>
          <x:td id="ID_7009903" HAlignment="Left" VAlignment="Top" align="left" valign="top">&nbsp;</x:td>
        </x:tr>
        <x:tr id="ID_7009904">
          <x:td id="ID_7009905" HAlignment="Left" VAlignment="Top" align="left" valign="top">6</x:td>
          <x:td id="ID_7009906" HAlignment="Left" VAlignment="Top" align="left" valign="top">
            <x:p id="ID_7009907">Repair facilities for visiting aircraft</x:p>
          </x:td>
          <x:td id="ID_7009908" HAlignment="Left" VAlignment="Top" align="left" valign="top">&nbsp;</x:td>
        </x:tr>
        <x:tr id="ID_7009909">
          <x:td id="ID_7009910" HAlignment="Left" VAlignment="Top" align="left" valign="top">7</x:td>
          <x:td id="ID_7009911" HAlignment="Left" VAlignment="Top" align="left" valign="top">
            <x:p id="ID_7009912">Remarks</x:p>
          </x:td>
          <x:td id="ID_7009913" HAlignment="Left" VAlignment="Top" align="left" valign="top">&nbsp;</x:td>
        </x:tr>
      </x:tbody>
    </x:table>
  </e:AD-2.4>
  <e:AD-2.5 id="EGKH-AD-2.5" Number="AD 2.5">
    <GreenBorder id="ID_7009915" />
    <e:Title id="ID_7009916">PASSENGER&nbsp;FACILITIES</e:Title>
    <x:table id="ID_7009918" class="">
      <x:tbody id="ID_7009919">
        <x:tr id="ID_7009920">
          <x:td id="ID_7009921" HAlignment="Left" VAlignment="Top" align="left" valign="top">1</x:td>
          <x:td id="ID_7009922" HAlignment="Left" VAlignment="Top" align="left" valign="top">
            <x:p id="ID_7009923">Hotels</x:p>
          </x:td>
          <x:td id="ID_7009924" HAlignment="Left" VAlignment="Top" align="left" valign="top">&nbsp;</x:td>
        </x:tr>
        <x:tr id="ID_7009925">
          <x:td id="ID_7009926" HAlignment="Left" VAlignment="Top" align="left" valign="top">2</x:td>
          <x:td id="ID_7009927" HAlignment="Left" VAlignment="Top" align="left" valign="top">
            <x:p id="ID_7009928">Restaurants</x:p>
          </x:td>
          <x:td id="ID_7009929" HAlignment="Left" VAlignment="Top" align="left" valign="top">&nbsp;</x:td>
        </x:tr>
        <x:tr id="ID_7009930">
          <x:td id="ID_7009931" HAlignment="Left" VAlignment="Top" align="left" valign="top">3</x:td>
          <x:td id="ID_7009932" HAlignment="Left" VAlignment="Top" align="left" valign="top">
            <x:p id="ID_7009933">Transportation</x:p>
          </x:td>
          <x:td id="ID_7009934" HAlignment="Left" VAlignment="Top" align="left" valign="top">&nbsp;</x:td>
        </x:tr>
        <x:tr id="ID_7009935">
          <x:td id="ID_7009936" HAlignment="Left" VAlignment="Top" align="left" valign="top">4</x:td>
          <x:td id="ID_7009937" HAlignment="Left" VAlignment="Top" align="left" valign="top">
            <x:p id="ID_7009938">Medical facilities</x:p>
          </x:td>
          <x:td id="ID_7009939" HAlignment="Left" VAlignment="Top" align="left" valign="top">&nbsp;</x:td>
        </x:tr>
        <x:tr id="ID_7009940">
          <x:td id="ID_7009941" HAlignment="Left" VAlignment="Top" align="left" valign="top">5</x:td>
          <x:td id="ID_7009942" HAlignment="Left" VAlignment="Top" align="left" valign="top">
            <x:p id="ID_7009943">Bank and Post Office</x:p>
          </x:td>
          <x:td id="ID_7009944" HAlignment="Left" VAlignment="Top" align="left" valign="top">&nbsp;</x:td>
        </x:tr>
        <x:tr id="ID_7009945">
          <x:td id="ID_7009946" HAlignment="Left" VAlignment="Top" align="left" valign="top">6</x:td>
          <x:td id="ID_7009947" HAlignment="Left" VAlignment="Top" align="left" valign="top">
            <x:p id="ID_7009948">Tourist Office</x:p>
          </x:td>
          <x:td id="ID_7009949" HAlignment="Left" VAlignment="Top" align="left" valign="top">&nbsp;</x:td>
        </x:tr>
        <x:tr id="ID_7009950">
          <x:td id="ID_7009951" HAlignment="Left" VAlignment="Top" align="left" valign="top">7</x:td>
          <x:td id="ID_7009952" HAlignment="Left" VAlignment="Top" align="left" valign="top">
            <x:p id="ID_7009953">Remarks</x:p>
          </x:td>
          <x:td id="ID_7009954" HAlignment="Left" VAlignment="Top" align="left" valign="top">&nbsp;</x:td>
        </x:tr>
      </x:tbody>
    </x:table>
  </e:AD-2.5>
  <e:AD-2.6 id="EGKH-AD-2.6" Number="AD 2.6">
    <GreenBorder id="ID_7009956" />
    <e:Title id="ID_7009957">RESCUE&nbsp;AND&nbsp;FIRE&nbsp;FIGHTING&nbsp;SERVICES</e:Title>
    <x:table id="ID_7009959" class="">
      <x:tbody id="ID_7009960">
        <x:tr id="ID_7009961">
          <x:td id="ID_7009962" HAlignment="Left" VAlignment="Top" align="left" valign="top">1</x:td>
          <x:td id="ID_7009963" HAlignment="Left" VAlignment="Top" align="left" valign="top">
            <x:p id="ID_7009964">AD category for fire fighting</x:p>
          </x:td>
          <x:td id="ID_7009965" HAlignment="Left" VAlignment="Top" align="left" valign="top">&nbsp;</x:td>
        </x:tr>
        <x:tr id="ID_7009966">
          <x:td id="ID_7009967" HAlignment="Left" VAlignment="Top" align="left" valign="top">2</x:td>
          <x:td id="ID_7009968" HAlignment="Left" VAlignment="Top" align="left" valign="top">
            <x:p id="ID_7009969">Rescue equipment</x:p>
          </x:td>
          <x:td id="ID_7009970" HAlignment="Left" VAlignment="Top" align="left" valign="top">&nbsp;</x:td>
        </x:tr>
        <x:tr id="ID_7009971">
          <x:td id="ID_7009972" HAlignment="Left" VAlignment="Top" align="left" valign="top">3</x:td>
          <x:td id="ID_7009973" HAlignment="Left" VAlignment="Top" align="left" valign="top">
            <x:p id="ID_7009974">Capability for removal of disabled aircraft</x:p>
          </x:td>
          <x:td id="ID_7009975" HAlignment="Left" VAlignment="Top" align="left" valign="top">&nbsp;</x:td>
        </x:tr>
        <x:tr id="ID_7009976">
          <x:td id="ID_7009977" HAlignment="Left" VAlignment="Top" align="left" valign="top">4</x:td>
          <x:td id="ID_7009978" HAlignment="Left" VAlignment="Top" align="left" valign="top">
            <x:p id="ID_7009979">Remarks</x:p>
          </x:td>
          <x:td id="ID_7009980" HAlignment="Left" VAlignment="Top" align="left" valign="top">&nbsp;</x:td>
        </x:tr>
      </x:tbody>
    </x:table>
  </e:AD-2.6>
  <e:AD-2.7 id="EGKH-AD-2.7" Number="AD 2.7">
    <GreenBorder id="ID_7009982" />
    <e:Title id="ID_7009983">SEASONAL&nbsp;AVAILABILITY&nbsp;-&nbsp;CLEARING</e:Title>
    <x:table id="ID_7009985" class="">
      <x:tbody id="ID_7009986">
        <x:tr id="ID_7009987">
          <x:td id="ID_7009988" HAlignment="Left" VAlignment="Top" align="left" valign="top">1</x:td>
          <x:td id="ID_7009989" HAlignment="Left" VAlignment="Top" align="left" valign="top">
            <x:p id="ID_7009990">Types of clearing equipment</x:p>
          </x:td>
          <x:td id="ID_7009991" HAlignment="Left" VAlignment="Top" align="left" valign="top">&nbsp;</x:td>
        </x:tr>
        <x:tr id="ID_7009992">
          <x:td id="ID_7009993" HAlignment="Left" VAlignment="Top" align="left" valign="top">2</x:td>
          <x:td id="ID_7009994" HAlignment="Left" VAlignment="Top" align="left" valign="top">
            <x:p id="ID_7009995">Clearance priorities</x:p>
          </x:td>
          <x:td id="ID_7009996" HAlignment="Left" VAlignment="Top" align="left" valign="top">&nbsp;</x:td>
        </x:tr>
        <x:tr id="ID_7009997">
          <x:td id="ID_7009998" HAlignment="Left" VAlignment="Top" align="left" valign="top">3</x:td>
          <x:td id="ID_7009999" HAlignment="Left" VAlignment="Top" align="left" valign="top">
            <x:p id="ID_7010000">Remarks</x:p>
          </x:td>
          <x:td id="ID_7010001" HAlignment="Left" VAlignment="Top" align="left" valign="top">&nbsp;</x:td>
        </x:tr>
      </x:tbody>
    </x:table>
  </e:AD-2.7>
  <e:AD-2.8 id="EGKH-AD-2.8" Number="AD 2.8">
    <GreenBorder id="ID_7010003" />
    <e:Title id="ID_7010004">APRONS,&nbsp;TAXIWAYS&nbsp;AND&nbsp;CHECK&nbsp;LOCATIONS/POSITIONS&nbsp;DATA</e:Title>
    <x:table id="ID_7010006" class="">
      <x:tbody id="ID_7010007">
        <x:tr id="ID_7010008">
          <x:td id="ID_7010009" HAlignment="Left" VAlignment="Top" align="left" valign="top">1</x:td>
          <x:td id="ID_7010010" HAlignment="Left" VAlignment="Top" align="left" valign="top">
            <x:p id="ID_7010011">Apron surface and strength</x:p>
          </x:td>
          <x:td id="ID_7010012" HAlignment="Left" VAlignment="Top" align="left" valign="top">&nbsp;</x:td>
        </x:tr>
        <x:tr id="ID_7010013">
          <x:td id="ID_7010014" HAlignment="Left" VAlignment="Top" align="left" valign="top">2</x:td>
          <x:td id="ID_7010015" HAlignment="Left" VAlignment="Top" align="left" valign="top">
            <x:p id="ID_7010016">Taxiway width, surface and strength</x:p>
          </x:td>
          <x:td id="ID_7010017" HAlignment="Left" VAlignment="Top" align="left" valign="top">&nbsp;</x:td>
        </x:tr>
        <x:tr id="ID_7010018">
          <x:td id="ID_7010019" HAlignment="Left" VAlignment="Top" align="left" valign="top">3</x:td>
          <x:td id="ID_7010020" HAlignment="Left" VAlignment="Top" align="left" valign="top">
            <x:p id="ID_7010021">Altimeter checkpoint location and elevation</x:p>
          </x:td>
          <x:td id="ID_7010022" HAlignment="Left" VAlignment="Top" align="left" valign="top">&nbsp;</x:td>
        </x:tr>
        <x:tr id="ID_7010023">
          <x:td id="ID_7010024" HAlignment="Left" VAlignment="Top" align="left" valign="top">4</x:td>
          <x:td id="ID_7010025" HAlignment="Left" VAlignment="Top" align="left" valign="top">
            <x:p id="ID_7010026">VOR checkpoints</x:p>
          </x:td>
          <x:td id="ID_7010027" HAlignment="Left" VAlignment="Top" align="left" valign="top">&nbsp;</x:td>
        </x:tr>
        <x:tr id="ID_7010028">
          <x:td id="ID_7010029" HAlignment="Left" VAlignment="Top" align="left" valign="top">5</x:td>
          <x:td id="ID_7010030" HAlignment="Left" VAlignment="Top" align="left" valign="top">
            <x:p id="ID_7010031">INS checkpoints</x:p>
          </x:td>
          <x:td id="ID_7010032" HAlignment="Left" VAlignment="Top" align="left" valign="top">&nbsp;</x:td>
        </x:tr>
        <x:tr id="ID_7010033">
          <x:td id="ID_7010034" HAlignment="Left" VAlignment="Top" align="left" valign="top">6</x:td>
          <x:td id="ID_7010035" HAlignment="Left" VAlignment="Top" align="left" valign="top">
            <x:p id="ID_7010036">Remarks</x:p>
          </x:td>
          <x:td id="ID_7010037" HAlignment="Left" VAlignment="Top" align="left" valign="top">&nbsp;</x:td>
        </x:tr>
      </x:tbody>
    </x:table>
  </e:AD-2.8>
  <e:AD-2.9 id="EGKH-AD-2.9" Number="AD 2.9">
    <GreenBorder id="ID_7010039" />
    <e:Title id="ID_7010040">SURFACE&nbsp;MOVEMENT&nbsp;GUIDANCE&nbsp;AND&nbsp;CONTROL&nbsp;SYSTEM&nbsp;AND&nbsp;MARKINGS</e:Title>
    <x:table id="ID_7010042" class="">
      <x:tbody id="ID_7010043">
        <x:tr id="ID_7010044">
          <x:td id="ID_7010045" HAlignment="Left" VAlignment="Top" align="left" valign="top">1</x:td>
          <x:td id="ID_7010046" HAlignment="Left" VAlignment="Top" align="left" valign="top">
            <x:p id="ID_7010047">Use of aircraft stand ID signs, TWY guide lines and visual docking/parking guidance system of aircraft stands</x:p>
          </x:td>
          <x:td id="ID_7010048" HAlignment="Left" VAlignment="Top" align="left" valign="top">&nbsp;</x:td>
        </x:tr>
        <x:tr id="ID_7010049">
          <x:td id="ID_7010050" HAlignment="Left" VAlignment="Top" align="left" valign="top">2</x:td>
          <x:td id="ID_7010051" HAlignment="Left" VAlignment="Top" align="left" valign="top">
            <x:p id="ID_7010052">Runway and taxiway markings and lighting</x:p>
          </x:td>
          <x:td id="ID_7010053" HAlignment="Left" VAlignment="Top" align="left" valign="top">&nbsp;</x:td>
        </x:tr>
        <x:tr id="ID_7010054">
          <x:td id="ID_7010055" HAlignment="Left" VAlignment="Top" align="left" valign="top">3</x:td>
          <x:td id="ID_7010056" HAlignment="Left" VAlignment="Top" align="left" valign="top">
            <x:p id="ID_7010057">Stop bars</x:p>
          </x:td>
          <x:td id="ID_7010058" HAlignment="Left" VAlignment="Top" align="left" valign="top">&nbsp;</x:td>
        </x:tr>
        <x:tr id="ID_7010059">
          <x:td id="ID_7010060" HAlignment="Left" VAlignment="Top" align="left" valign="top">4</x:td>
          <x:td id="ID_7010061" HAlignment="Left" VAlignment="Top" align="left" valign="top">
            <x:p id="ID_7010062">Remarks</x:p>
          </x:td>
          <x:td id="ID_7010063" HAlignment="Left" VAlignment="Top" align="left" valign="top">&nbsp;</x:td>
        </x:tr>
      </x:tbody>
    </x:table>
  </e:AD-2.9>
  <e:AD-2.10 id="EGKH-AD-2.10" Number="AD 2.10">
    <GreenBorder id="ID_7010065" />
    <e:Title id="ID_7010066">AERODROME&nbsp;OBSTACLES</e:Title>
    <x:table id="ID_7010068" class="">
      <x:thead id="ID_7010069">
        <x:tr id="ID_7010070">
          <x:th id="ID_7010071" HAlignment="Center" VAlignment="Top" colspan="6" align="center" valign="top">
            <x:p id="ID_7010072">In Approach/Take-off areas</x:p>
          </x:th>
        </x:tr>
        <x:tr id="ID_7010073">
          <x:th id="ID_7010074" HAlignment="Left" VAlignment="Top" align="left" valign="top">
            <x:p id="ID_7010075">Obstacle ID/Designation</x:p>
          </x:th>
          <x:th id="ID_7010076" HAlignment="Left" VAlignment="Top" align="left" valign="top">
            <x:p id="ID_7010077">Obstacle Type</x:p>
          </x:th>
          <x:th id="ID_7010078" HAlignment="Left" VAlignment="Top" align="left" valign="top">
            <x:p id="ID_7010079">Obstacle Position</x:p>
          </x:th>
          <x:th id="ID_7010080" HAlignment="Left" VAlignment="Top" align="left" valign="top">
            <x:p id="ID_7010081">Elevation/Height</x:p>
          </x:th>
          <x:th id="ID_7010082" HAlignment="Left" VAlignment="Top" align="left" valign="top">
            <x:p id="ID_7010083">Obstruction Lighting Type/Colour</x:p>
          </x:th>
          <x:th id="ID_7010084" HAlignment="Left" VAlignment="Top" align="left" valign="top">
            <x:p id="ID_7010085">Remarks</x:p>
          </x:th>
        </x:tr>
        <x:tr id="ID_7010086">
          <x:th id="ID_7010087" HAlignment="Left" VAlignment="Top" align="left" valign="top">1</x:th>
          <x:th id="ID_7010088" HAlignment="Left" VAlignment="Top" align="left" valign="top">2</x:th>
          <x:th id="ID_7010089" HAlignment="Left" VAlignment="Top" align="left" valign="top">3</x:th>
          <x:th id="ID_7010090" HAlignment="Left" VAlignment="Top" align="left" valign="top">4</x:th>
          <x:th id="ID_7010091" HAlignment="Left" VAlignment="Top" align="left" valign="top">5</x:th>
          <x:th id="ID_7010092" HAlignment="Left" VAlignment="Top" align="left" valign="top">6</x:th>
        </x:tr>
      </x:thead>
      <x:tbody id="ID_7010093">
        <x:tr id="ID_7010094">
          <x:td id="ID_7010095" HAlignment="Left" VAlignment="Top" align="left" valign="top">&nbsp;</x:td>
          <x:td id="ID_7010096" HAlignment="Left" VAlignment="Top" align="left" valign="top">&nbsp;</x:td>
          <x:td id="ID_7010097" HAlignment="Left" VAlignment="Top" align="left" valign="top">&nbsp;</x:td>
          <x:td id="ID_7010098" HAlignment="Left" VAlignment="Top" align="left" valign="top">&nbsp;</x:td>
          <x:td id="ID_7010099" HAlignment="Left" VAlignment="Top" align="left" valign="top">&nbsp;</x:td>
          <x:td id="ID_7010100" HAlignment="Left" VAlignment="Top" align="left" valign="top">&nbsp;</x:td>
        </x:tr>
      </x:tbody>
    </x:table>
    <x:table id="ID_7010102" class="">
      <x:thead id="ID_7010103">
        <x:tr id="ID_7010104">
          <x:th id="ID_7010105" HAlignment="Center" VAlignment="Top" colspan="6" align="center" valign="top">
            <x:p id="ID_7010106">In circling area and at aerodrome</x:p>
          </x:th>
        </x:tr>
        <x:tr id="ID_7010107">
          <x:th id="ID_7010108" HAlignment="Left" VAlignment="Top" align="left" valign="top">
            <x:p id="ID_7010109">Obstacle ID/Designation</x:p>
          </x:th>
          <x:th id="ID_7010110" HAlignment="Left" VAlignment="Top" align="left" valign="top">
            <x:p id="ID_7010111">Obstacle Type</x:p>
          </x:th>
          <x:th id="ID_7010112" HAlignment="Left" VAlignment="Top" align="left" valign="top">
            <x:p id="ID_7010113">Obstacle Position</x:p>
          </x:th>
          <x:th id="ID_7010114" HAlignment="Left" VAlignment="Top" align="left" valign="top">
            <x:p id="ID_7010115">Elevation/Height</x:p>
          </x:th>
          <x:th id="ID_7010116" HAlignment="Left" VAlignment="Top" align="left" valign="top">
            <x:p id="ID_7010117">Obstruction Lighting Type/Colour</x:p>
          </x:th>
          <x:th id="ID_7010118" HAlignment="Left" VAlignment="Top" align="left" valign="top">
            <x:p id="ID_7010119">Remarks</x:p>
          </x:th>
        </x:tr>
        <x:tr id="ID_7010120">
          <x:th id="ID_7010121" HAlignment="Left" VAlignment="Top" align="left" valign="top">1</x:th>
          <x:th id="ID_7010122" HAlignment="Left" VAlignment="Top" align="left" valign="top">2</x:th>
          <x:th id="ID_7010123" HAlignment="Left" VAlignment="Top" align="left" valign="top">3</x:th>
          <x:th id="ID_7010124" HAlignment="Left" VAlignment="Top" align="left" valign="top">4</x:th>
          <x:th id="ID_7010125" HAlignment="Left" VAlignment="Top" align="left" valign="top">5</x:th>
          <x:th id="ID_7010126" HAlignment="Left" VAlignment="Top" align="left" valign="top">6</x:th>
        </x:tr>
      </x:thead>
      <x:tbody id="ID_7010127">
        <x:tr id="ID_7010128">
          <x:td id="ID_7010129" HAlignment="Left" VAlignment="Top" align="left" valign="top">&nbsp;</x:td>
          <x:td id="ID_7010130" HAlignment="Left" VAlignment="Top" align="left" valign="top">&nbsp;</x:td>
          <x:td id="ID_7010131" HAlignment="Left" VAlignment="Top" align="left" valign="top">&nbsp;</x:td>
          <x:td id="ID_7010132" HAlignment="Left" VAlignment="Top" align="left" valign="top">&nbsp;</x:td>
          <x:td id="ID_7010133" HAlignment="Left" VAlignment="Top" align="left" valign="top">&nbsp;</x:td>
          <x:td id="ID_7010134" HAlignment="Left" VAlignment="Top" align="left" valign="top">&nbsp;</x:td>
        </x:tr>
      </x:tbody>
    </x:table>
  </e:AD-2.10>
  <e:AD-2.11 id="EGKH-AD-2.11" Number="AD 2.11">
    <GreenBorder id="ID_7010136" />
    <e:Title id="ID_7010137">METEOROLOGICAL&nbsp;INFORMATION&nbsp;PROVIDED</e:Title>
    <x:table id="ID_7010139" class="">
      <x:tbody id="ID_7010140">
        <x:tr id="ID_7010141">
          <x:td id="ID_7010142" HAlignment="Left" VAlignment="Top" align="left" valign="top">1</x:td>
          <x:td id="ID_7010143" HAlignment="Left" VAlignment="Top" align="left" valign="top">
            <x:p id="ID_7010144">Associated MET Office</x:p>
          </x:td>
          <x:td id="ID_7010145" HAlignment="Left" VAlignment="Top" align="left" valign="top">&nbsp;</x:td>
        </x:tr>
        <x:tr id="ID_7010146">
          <x:td id="ID_7010147" HAlignment="Left" VAlignment="Top" align="left" valign="top">2</x:td>
          <x:td id="ID_7010148" HAlignment="Left" VAlignment="Top" align="left" valign="top">
            <x:p id="ID_7010149">Hours of service</x:p>
            <x:p id="ID_7010150">MET Office outside hours</x:p>
          </x:td>
          <x:td id="ID_7010151" HAlignment="Left" VAlignment="Top" align="left" valign="top">&nbsp;</x:td>
        </x:tr>
        <x:tr id="ID_7010152">
          <x:td id="ID_7010153" HAlignment="Left" VAlignment="Top" align="left" valign="top">3</x:td>
          <x:td id="ID_7010154" HAlignment="Left" VAlignment="Top" align="left" valign="top">
            <x:p id="ID_7010155">Office responsible for TAF preparation</x:p>
            <x:p id="ID_7010156">Periods of validity</x:p>
          </x:td>
          <x:td id="ID_7010157" HAlignment="Left" VAlignment="Top" align="left" valign="top">&nbsp;</x:td>
        </x:tr>
        <x:tr id="ID_7010158">
          <x:td id="ID_7010159" HAlignment="Left" VAlignment="Top" align="left" valign="top">4</x:td>
          <x:td id="ID_7010160" HAlignment="Left" VAlignment="Top" align="left" valign="top">
            <x:p id="ID_7010161">Trend forecast</x:p>
            <x:p id="ID_7010162">Interval of issuance</x:p>
          </x:td>
          <x:td id="ID_7010163" HAlignment="Left" VAlignment="Top" align="left" valign="top">&nbsp;</x:td>
        </x:tr>
        <x:tr id="ID_7010164">
          <x:td id="ID_7010165" HAlignment="Left" VAlignment="Top" align="left" valign="top">5</x:td>
          <x:td id="ID_7010166" HAlignment="Left" VAlignment="Top" align="left" valign="top">
            <x:p id="ID_7010167">Briefing/consultation provided</x:p>
          </x:td>
          <x:td id="ID_7010168" HAlignment="Left" VAlignment="Top" align="left" valign="top">&nbsp;</x:td>
        </x:tr>
        <x:tr id="ID_7010169">
          <x:td id="ID_7010170" HAlignment="Left" VAlignment="Top" align="left" valign="top">6</x:td>
          <x:td id="ID_7010171" HAlignment="Left" VAlignment="Top" align="left" valign="top">
            <x:p id="ID_7010172">Flight documentation</x:p>
            <x:p id="ID_7010173">Language(s) used</x:p>
          </x:td>
          <x:td id="ID_7010174" HAlignment="Left" VAlignment="Top" align="left" valign="top">&nbsp;</x:td>
        </x:tr>
        <x:tr id="ID_7010175">
          <x:td id="ID_7010176" HAlignment="Left" VAlignment="Top" align="left" valign="top">7</x:td>
          <x:td id="ID_7010177" HAlignment="Left" VAlignment="Top" align="left" valign="top">
            <x:p id="ID_7010178">Charts and other information available for briefing or consultation</x:p>
          </x:td>
          <x:td id="ID_7010179" HAlignment="Left" VAlignment="Top" align="left" valign="top">&nbsp;</x:td>
        </x:tr>
        <x:tr id="ID_7010180">
          <x:td id="ID_7010181" HAlignment="Left" VAlignment="Top" align="left" valign="top">8</x:td>
          <x:td id="ID_7010182" HAlignment="Left" VAlignment="Top" align="left" valign="top">
            <x:p id="ID_7010183">Supplementary equipment available for providing information</x:p>
          </x:td>
          <x:td id="ID_7010184" HAlignment="Left" VAlignment="Top" align="left" valign="top">&nbsp;</x:td>
        </x:tr>
        <x:tr id="ID_7010185">
          <x:td id="ID_7010186" HAlignment="Left" VAlignment="Top" align="left" valign="top">9</x:td>
          <x:td id="ID_7010187" HAlignment="Left" VAlignment="Top" align="left" valign="top">
            <x:p id="ID_7010188">ATS units provided with information</x:p>
          </x:td>
          <x:td id="ID_7010189" HAlignment="Left" VAlignment="Top" align="left" valign="top">&nbsp;</x:td>
        </x:tr>
        <x:tr id="ID_7010190">
          <x:td id="ID_7010191" HAlignment="Left" VAlignment="Top" align="left" valign="top">10</x:td>
          <x:td id="ID_7010192" HAlignment="Left" VAlignment="Top" align="left" valign="top">
            <x:p id="ID_7010193">Additional information (limitation of service, etc.)</x:p>
          </x:td>
          <x:td id="ID_7010194" HAlignment="Left" VAlignment="Top" align="left" valign="top">&nbsp;</x:td>
        </x:tr>
      </x:tbody>
    </x:table>
  </e:AD-2.11>
  <e:AD-2.12 id="EGKH-AD-2.12" Number="AD 2.12">
    <GreenBorder id="ID_7010196" />
    <e:Title id="ID_7010197">RUNWAY&nbsp;PHYSICAL&nbsp;CHARACTERISTICS</e:Title>
    <x:table id="ID_7010199" class="">
      <x:thead id="ID_7010200">
        <x:tr id="ID_7010201">
          <x:th id="ID_7010202" HAlignment="Left" VAlignment="Top" align="left" valign="top">
            <x:p id="ID_7010203">Designations RWY Number</x:p>
          </x:th>
          <x:th id="ID_7010204" HAlignment="Left" VAlignment="Top" align="left" valign="top">
            <x:p id="ID_7010205">True bearing</x:p>
          </x:th>
          <x:th id="ID_7010206" HAlignment="Left" VAlignment="Top" align="left" valign="top">
            <x:p id="ID_7010207">Dimensions of RWY</x:p>
          </x:th>
          <x:th id="ID_7010208" HAlignment="Left" VAlignment="Top" align="left" valign="top">
            <x:p id="ID_7010209">Surface of RWY/ SWY/ </x:p>
            <x:p id="ID_7010210">Strength (PCN)</x:p>
          </x:th>
          <x:th id="ID_7010211" HAlignment="Left" VAlignment="Top" align="left" valign="top">
            <x:p id="ID_7010212">THR co-ordinates/</x:p>
            <x:p id="ID_7010213">THR Geoid undulation</x:p>
          </x:th>
          <x:th id="ID_7010214" HAlignment="Left" VAlignment="Top" align="left" valign="top">
            <x:p id="ID_7010215">THR elevation/ Highest elevation of TDZ of precision APP RWY</x:p>
          </x:th>
        </x:tr>
        <x:tr id="ID_7010216">
          <x:th id="ID_7010217" HAlignment="Left" VAlignment="Top" align="left" valign="top">1</x:th>
          <x:th id="ID_7010218" HAlignment="Left" VAlignment="Top" align="left" valign="top">2</x:th>
          <x:th id="ID_7010219" HAlignment="Left" VAlignment="Top" align="left" valign="top">3</x:th>
          <x:th id="ID_7010220" HAlignment="Left" VAlignment="Top" align="left" valign="top">4</x:th>
          <x:th id="ID_7010221" HAlignment="Left" VAlignment="Top" align="left" valign="top">5</x:th>
          <x:th id="ID_7010222" HAlignment="Left" VAlignment="Top" align="left" valign="top">6</x:th>
        </x:tr>
      </x:thead>
      <x:tbody id="ID_7010223">
        <x:tr id="ID_7010224">
          <x:td id="ID_7010225" HAlignment="Left" VAlignment="Top" align="left" valign="top">&nbsp;</x:td>
          <x:td id="ID_7010226" HAlignment="Left" VAlignment="Top" align="left" valign="top">&nbsp;</x:td>
          <x:td id="ID_7010227" HAlignment="Left" VAlignment="Top" align="left" valign="top">&nbsp;</x:td>
          <x:td id="ID_7010228" HAlignment="Left" VAlignment="Top" align="left" valign="top">&nbsp;</x:td>
          <x:td id="ID_7010229" HAlignment="Left" VAlignment="Top" align="left" valign="top">&nbsp;</x:td>
          <x:td id="ID_7010230" HAlignment="Left" VAlignment="Top" align="left" valign="top">&nbsp;</x:td>
        </x:tr>
        <x:tr id="ID_7010231">
          <x:td id="ID_7010232" HAlignment="Left" VAlignment="Top" align="left" valign="top">&nbsp;</x:td>
          <x:td id="ID_7010233" HAlignment="Left" VAlignment="Top" align="left" valign="top">&nbsp;</x:td>
          <x:td id="ID_7010234" HAlignment="Left" VAlignment="Top" align="left" valign="top">&nbsp;</x:td>
          <x:td id="ID_7010235" HAlignment="Left" VAlignment="Top" align="left" valign="top">&nbsp;</x:td>
          <x:td id="ID_7010236" HAlignment="Left" VAlignment="Top" align="left" valign="top">&nbsp;</x:td>
          <x:td id="ID_7010237" HAlignment="Left" VAlignment="Top" align="left" valign="top">&nbsp;</x:td>
        </x:tr>
      </x:tbody>
    </x:table>
    <x:table id="ID_7010239" class="">
      <x:thead id="ID_7010240">
        <x:tr id="ID_7010241">
          <x:th id="ID_7010242" HAlignment="Left" VAlignment="Top" colspan="3" align="left" valign="top">
            <x:p id="ID_7010243">Slope of RWY/</x:p>
            <x:p id="ID_7010244">SWY</x:p>
          </x:th>
          <x:th id="ID_7010245" HAlignment="Left" VAlignment="Top" align="left" valign="top">
            <x:p id="ID_7010246">SWY dimensions</x:p>
          </x:th>
          <x:th id="ID_7010247" HAlignment="Left" VAlignment="Top" align="left" valign="top">
            <x:p id="ID_7010248">Clearway dimensions</x:p>
          </x:th>
          <x:th id="ID_7010249" HAlignment="Left" VAlignment="Top" align="left" valign="top">
            <x:p id="ID_7010250">Strip dimensions</x:p>
          </x:th>
          <x:th id="ID_7010251" HAlignment="Left" VAlignment="Top" align="left" valign="top">
            <x:p id="ID_7010252">OFZ</x:p>
          </x:th>
          <x:th id="ID_7010253" HAlignment="Left" VAlignment="Top" align="left" valign="top">
            <x:p id="ID_7010254">Remarks</x:p>
          </x:th>
        </x:tr>
        <x:tr id="ID_7010255">
          <x:th id="ID_7010256" HAlignment="Left" VAlignment="Top" colspan="3" align="left" valign="top">7</x:th>
          <x:th id="ID_7010257" HAlignment="Left" VAlignment="Top" align="left" valign="top">8</x:th>
          <x:th id="ID_7010258" HAlignment="Left" VAlignment="Top" align="left" valign="top">9</x:th>
          <x:th id="ID_7010259" HAlignment="Left" VAlignment="Top" align="left" valign="top">10</x:th>
          <x:th id="ID_7010260" HAlignment="Left" VAlignment="Top" align="left" valign="top">11</x:th>
          <x:th id="ID_7010261" HAlignment="Left" VAlignment="Top" align="left" valign="top">12</x:th>
        </x:tr>
      </x:thead>
      <x:tbody id="ID_7010262">
        <x:tr id="ID_7010263">
          <x:td id="ID_7010264" HAlignment="Left" VAlignment="Top" colspan="3" align="left" valign="top">&nbsp;</x:td>
          <x:td id="ID_7010265" HAlignment="Left" VAlignment="Top" align="left" valign="top">&nbsp;</x:td>
          <x:td id="ID_7010266" HAlignment="Left" VAlignment="Top" align="left" valign="top">&nbsp;</x:td>
          <x:td id="ID_7010267" HAlignment="Left" VAlignment="Top" align="left" valign="top">&nbsp;</x:td>
          <x:td id="ID_7010268" HAlignment="Left" VAlignment="Top" align="left" valign="top">&nbsp;</x:td>
          <x:td id="ID_7010269" HAlignment="Left" VAlignment="Top" align="left" valign="top">&nbsp;</x:td>
        </x:tr>
        <x:tr id="ID_7010270">
          <x:td id="ID_7010271" HAlignment="Left" VAlignment="Top" colspan="3" align="left" valign="top">&nbsp;</x:td>
          <x:td id="ID_7010272" HAlignment="Left" VAlignment="Top" align="left" valign="top">&nbsp;</x:td>
          <x:td id="ID_7010273" HAlignment="Left" VAlignment="Top" align="left" valign="top">&nbsp;</x:td>
          <x:td id="ID_7010274" HAlignment="Left" VAlignment="Top" align="left" valign="top">&nbsp;</x:td>
          <x:td id="ID_7010275" HAlignment="Left" VAlignment="Top" align="left" valign="top">&nbsp;</x:td>
          <x:td id="ID_7010276" HAlignment="Left" VAlignment="Top" align="left" valign="top">&nbsp;</x:td>
        </x:tr>
      </x:tbody>
    </x:table>
  </e:AD-2.12>
  <e:AD-2.13 id="EGKH-AD-2.13" Number="AD 2.13">
    <GreenBorder id="ID_7010278" />
    <e:Title id="ID_7010279">DECLARED&nbsp;DISTANCES</e:Title>
    <x:table id="ID_7010281" class="">
      <x:thead id="ID_7010282">
        <x:tr id="ID_7010283">
          <x:th id="ID_7010284" HAlignment="Left" VAlignment="Top" align="left" valign="top">
            <x:p id="ID_7010285">Runway designator</x:p>
          </x:th>
          <x:th id="ID_7010286" HAlignment="Left" VAlignment="Top" align="left" valign="top">
            <x:p id="ID_7010287">TORA</x:p>
          </x:th>
          <x:th id="ID_7010288" HAlignment="Left" VAlignment="Top" align="left" valign="top">
            <x:p id="ID_7010289">TODA</x:p>
          </x:th>
          <x:th id="ID_7010290" HAlignment="Left" VAlignment="Top" align="left" valign="top">
            <x:p id="ID_7010291">ASDA</x:p>
          </x:th>
          <x:th id="ID_7010292" HAlignment="Left" VAlignment="Top" align="left" valign="top">
            <x:p id="ID_7010293">LDA</x:p>
          </x:th>
          <x:th id="ID_7010294" HAlignment="Left" VAlignment="Top" align="left" valign="top">
            <x:p id="ID_7010295">Remarks</x:p>
          </x:th>
        </x:tr>
        <x:tr id="ID_7010296">
          <x:th id="ID_7010297" HAlignment="Left" VAlignment="Top" align="left" valign="top">1</x:th>
          <x:th id="ID_7010298" HAlignment="Left" VAlignment="Top" align="left" valign="top">2</x:th>
          <x:th id="ID_7010299" HAlignment="Left" VAlignment="Top" align="left" valign="top">3</x:th>
          <x:th id="ID_7010300" HAlignment="Left" VAlignment="Top" align="left" valign="top">4</x:th>
          <x:th id="ID_7010301" HAlignment="Left" VAlignment="Top" align="left" valign="top">5</x:th>
          <x:th id="ID_7010302" HAlignment="Left" VAlignment="Top" align="left" valign="top">6</x:th>
        </x:tr>
      </x:thead>
      <x:tbody id="ID_7010303">
        <x:tr id="ID_7010304">
          <x:td id="ID_7010305" HAlignment="Left" VAlignment="Top" align="left" valign="top">&nbsp;</x:td>
          <x:td id="ID_7010306" HAlignment="Left" VAlignment="Top" align="left" valign="top">&nbsp;</x:td>
          <x:td id="ID_7010307" HAlignment="Left" VAlignment="Top" align="left" valign="top">&nbsp;</x:td>
          <x:td id="ID_7010308" HAlignment="Left" VAlignment="Top" align="left" valign="top">&nbsp;</x:td>
          <x:td id="ID_7010309" HAlignment="Left" VAlignment="Top" align="left" valign="top">&nbsp;</x:td>
          <x:td id="ID_7010310" HAlignment="Left" VAlignment="Top" align="left" valign="top">&nbsp;</x:td>
        </x:tr>
        <x:tr id="ID_7010311">
          <x:td id="ID_7010312" HAlignment="Left" VAlignment="Top" align="left" valign="top">&nbsp;</x:td>
          <x:td id="ID_7010313" HAlignment="Left" VAlignment="Top" align="left" valign="top">&nbsp;</x:td>
          <x:td id="ID_7010314" HAlignment="Left" VAlignment="Top" align="left" valign="top">&nbsp;</x:td>
          <x:td id="ID_7010315" HAlignment="Left" VAlignment="Top" align="left" valign="top">&nbsp;</x:td>
          <x:td id="ID_7010316" HAlignment="Left" VAlignment="Top" align="left" valign="top">&nbsp;</x:td>
          <x:td id="ID_7010317" HAlignment="Left" VAlignment="Top" align="left" valign="top">&nbsp;</x:td>
        </x:tr>
      </x:tbody>
    </x:table>
  </e:AD-2.13>
  <e:AD-2.14 id="EGKH-AD-2.14" Number="AD 2.14">
    <GreenBorder id="ID_7010319" />
    <e:Title id="ID_7010320">APPROACH&nbsp;AND&nbsp;RUNWAY&nbsp;LIGHTING</e:Title>
    <x:table id="ID_7010322" class="">
      <x:thead id="ID_7010323">
        <x:tr id="ID_7010324">
          <x:th id="ID_7010325" HAlignment="Left" VAlignment="Top" align="left" valign="top">
            <x:p id="ID_7010326">RWY</x:p>
          </x:th>
          <x:th id="ID_7010327" HAlignment="Left" VAlignment="Top" align="left" valign="top">
            <x:p id="ID_7010328">Approach Lighting Type/</x:p>
            <x:p id="ID_7010329">Length/</x:p>
            <x:p id="ID_7010330">Intensity</x:p>
          </x:th>
          <x:th id="ID_7010331" HAlignment="Left" VAlignment="Top" align="left" valign="top">
            <x:p id="ID_7010332">Threshold lighting</x:p>
            <x:p id="ID_7010333">Colour/ </x:p>
            <x:p id="ID_7010334">Wing bars</x:p>
          </x:th>
          <x:th id="ID_7010335" HAlignment="Left" VAlignment="Top" align="left" valign="top">
            <x:p id="ID_7010336">VASIS/</x:p>
            <x:p id="ID_7010337">MEHT/</x:p>
            <x:p id="ID_7010338">PAPI</x:p>
          </x:th>
          <x:th id="ID_7010339" HAlignment="Left" VAlignment="Top" align="left" valign="top">
            <x:p id="ID_7010340">TDZ lighting</x:p>
            <x:p id="ID_7010341">Length</x:p>
          </x:th>
          <x:th id="ID_7010342" HAlignment="Left" VAlignment="Top" align="left" valign="top">
            <x:p id="ID_7010343">Runway Centre Line lighting</x:p>
            <x:p id="ID_7010344">Length/</x:p>
            <x:p id="ID_7010345">Spacing/</x:p>
            <x:p id="ID_7010346">Colour/</x:p>
            <x:p id="ID_7010347">Intensity</x:p>
          </x:th>
          <x:th id="ID_7010348" HAlignment="Left" VAlignment="Top" align="left" valign="top">
            <x:p id="ID_7010349">Runway edge lighting</x:p>
            <x:p id="ID_7010350">Length/</x:p>
            <x:p id="ID_7010351">Spacing/</x:p>
            <x:p id="ID_7010352">Colour/</x:p>
            <x:p id="ID_7010353">Intensity</x:p>
          </x:th>
          <x:th id="ID_7010354" HAlignment="Left" VAlignment="Top" align="left" valign="top">
            <x:p id="ID_7010355">Runway end lighting</x:p>
            <x:p id="ID_7010356">Colour/</x:p>
            <x:p id="ID_7010357">Wing bars</x:p>
          </x:th>
          <x:th id="ID_7010358" HAlignment="Left" VAlignment="Top" align="left" valign="top">
            <x:p id="ID_7010359">Stopway lighting</x:p>
            <x:p id="ID_7010360">Length/</x:p>
            <x:p id="ID_7010361">Colour</x:p>
          </x:th>
          <x:th id="ID_7010362" HAlignment="Left" VAlignment="Top" align="left" valign="top">
            <x:p id="ID_7010363">Remarks</x:p>
          </x:th>
        </x:tr>
        <x:tr id="ID_7010364">
          <x:th id="ID_7010365" HAlignment="Left" VAlignment="Top" align="left" valign="top">1</x:th>
          <x:th id="ID_7010366" HAlignment="Left" VAlignment="Top" align="left" valign="top">2</x:th>
          <x:th id="ID_7010367" HAlignment="Left" VAlignment="Top" align="left" valign="top">3</x:th>
          <x:th id="ID_7010368" HAlignment="Left" VAlignment="Top" align="left" valign="top">4</x:th>
          <x:th id="ID_7010369" HAlignment="Left" VAlignment="Top" align="left" valign="top">5</x:th>
          <x:th id="ID_7010370" HAlignment="Left" VAlignment="Top" align="left" valign="top">6</x:th>
          <x:th id="ID_7010371" HAlignment="Left" VAlignment="Top" align="left" valign="top">7</x:th>
          <x:th id="ID_7010372" HAlignment="Left" VAlignment="Top" align="left" valign="top">8</x:th>
          <x:th id="ID_7010373" HAlignment="Left" VAlignment="Top" align="left" valign="top">9</x:th>
          <x:th id="ID_7010374" HAlignment="Left" VAlignment="Top" align="left" valign="top">10</x:th>
        </x:tr>
      </x:thead>
      <x:tbody id="ID_7010375">
        <x:tr id="ID_7010376">
          <x:td id="ID_7010377" HAlignment="Left" VAlignment="Top" align="left" valign="top">&nbsp;</x:td>
          <x:td id="ID_7010378" HAlignment="Left" VAlignment="Top" align="left" valign="top">&nbsp;</x:td>
          <x:td id="ID_7010379" HAlignment="Left" VAlignment="Top" align="left" valign="top">&nbsp;</x:td>
          <x:td id="ID_7010380" HAlignment="Left" VAlignment="Top" align="left" valign="top">&nbsp;</x:td>
          <x:td id="ID_7010381" HAlignment="Left" VAlignment="Top" align="left" valign="top">&nbsp;</x:td>
          <x:td id="ID_7010382" HAlignment="Left" VAlignment="Top" align="left" valign="top">&nbsp;</x:td>
          <x:td id="ID_7010383" HAlignment="Left" VAlignment="Top" align="left" valign="top">&nbsp;</x:td>
          <x:td id="ID_7010384" HAlignment="Left" VAlignment="Top" align="left" valign="top">&nbsp;</x:td>
          <x:td id="ID_7010385" HAlignment="Left" VAlignment="Top" align="left" valign="top">&nbsp;</x:td>
          <x:td id="ID_7010386" HAlignment="Left" VAlignment="Top" align="left" valign="top">&nbsp;</x:td>
        </x:tr>
        <x:tr id="ID_7010387">
          <x:td id="ID_7010388" HAlignment="Left" VAlignment="Top" align="left" valign="top">&nbsp;</x:td>
          <x:td id="ID_7010389" HAlignment="Left" VAlignment="Top" align="left" valign="top">&nbsp;</x:td>
          <x:td id="ID_7010390" HAlignment="Left" VAlignment="Top" align="left" valign="top">&nbsp;</x:td>
          <x:td id="ID_7010391" HAlignment="Left" VAlignment="Top" align="left" valign="top">&nbsp;</x:td>
          <x:td id="ID_7010392" HAlignment="Left" VAlignment="Top" align="left" valign="top">&nbsp;</x:td>
          <x:td id="ID_7010393" HAlignment="Left" VAlignment="Top" align="left" valign="top">&nbsp;</x:td>
          <x:td id="ID_7010394" HAlignment="Left" VAlignment="Top" align="left" valign="top">&nbsp;</x:td>
          <x:td id="ID_7010395" HAlignment="Left" VAlignment="Top" align="left" valign="top">&nbsp;</x:td>
          <x:td id="ID_7010396" HAlignment="Left" VAlignment="Top" align="left" valign="top">&nbsp;</x:td>
          <x:td id="ID_7010397" HAlignment="Left" VAlignment="Top" align="left" valign="top">&nbsp;</x:td>
        </x:tr>
      </x:tbody>
    </x:table>
  </e:AD-2.14>
  <e:AD-2.15 id="EGKH-AD-2.15" Number="AD 2.15">
    <GreenBorder id="ID_7010399" />
    <e:Title id="ID_7010400">OTHER&nbsp;LIGHTING,&nbsp;SECONDARY&nbsp;POWER&nbsp;SUPPLY</e:Title>
    <x:table id="ID_7010402" class="">
      <x:tbody id="ID_7010403">
        <x:tr id="ID_7010404">
          <x:td id="ID_7010405" HAlignment="Left" VAlignment="Top" align="left" valign="top">1</x:td>
          <x:td id="ID_7010406" HAlignment="Left" VAlignment="Top" align="left" valign="top">
            <x:p id="ID_7010407">ABN/IBN location, characteristics and hours of operation</x:p>
          </x:td>
          <x:td id="ID_7010408" HAlignment="Left" VAlignment="Top" align="left" valign="top">&nbsp;</x:td>
        </x:tr>
        <x:tr id="ID_7010409">
          <x:td id="ID_7010410" HAlignment="Left" VAlignment="Top" align="left" valign="top">2</x:td>
          <x:td id="ID_7010411" HAlignment="Left" VAlignment="Top" align="left" valign="top">
            <x:p id="ID_7010412">LDI location and lighting</x:p>
            <x:p id="ID_7010413">Anemometer location and lighting</x:p>
          </x:td>
          <x:td id="ID_7010414" HAlignment="Left" VAlignment="Top" align="left" valign="top">&nbsp;</x:td>
        </x:tr>
        <x:tr id="ID_7010415">
          <x:td id="ID_7010416" HAlignment="Left" VAlignment="Top" align="left" valign="top">3</x:td>
          <x:td id="ID_7010417" HAlignment="Left" VAlignment="Top" align="left" valign="top">
            <x:p id="ID_7010418">TWY edge and centre line lighting</x:p>
          </x:td>
          <x:td id="ID_7010419" HAlignment="Left" VAlignment="Top" align="left" valign="top">&nbsp;</x:td>
        </x:tr>
        <x:tr id="ID_7010420">
          <x:td id="ID_7010421" HAlignment="Left" VAlignment="Top" align="left" valign="top">4</x:td>
          <x:td id="ID_7010422" HAlignment="Left" VAlignment="Top" align="left" valign="top">
            <x:p id="ID_7010423">Secondary power supply/switch-over time</x:p>
          </x:td>
          <x:td id="ID_7010424" HAlignment="Left" VAlignment="Top" align="left" valign="top">&nbsp;</x:td>
        </x:tr>
        <x:tr id="ID_7010425">
          <x:td id="ID_7010426" HAlignment="Left" VAlignment="Top" align="left" valign="top">5</x:td>
          <x:td id="ID_7010427" HAlignment="Left" VAlignment="Top" align="left" valign="top">
            <x:p id="ID_7010428">Remarks</x:p>
          </x:td>
          <x:td id="ID_7010429" HAlignment="Left" VAlignment="Top" align="left" valign="top">&nbsp;</x:td>
        </x:tr>
      </x:tbody>
    </x:table>
  </e:AD-2.15>
  <e:AD-2.16 id="EGKH-AD-2.16" Number="AD 2.16">
    <GreenBorder id="ID_7010431" />
    <e:Title id="ID_7010432">HELICOPTER&nbsp;LANDING&nbsp;AREA</e:Title>
    <x:table id="ID_7010434" class="">
      <x:tbody id="ID_7010435">
        <x:tr id="ID_7010436">
          <x:td id="ID_7010437" HAlignment="Left" VAlignment="Top" align="left" valign="top">1</x:td>
          <x:td id="ID_7010438" HAlignment="Left" VAlignment="Top" align="left" valign="top">
            <x:p id="ID_7010439">Coordinates TLOF or THR of FATO</x:p>
            <x:p id="ID_7010440">Geoid undulation</x:p>
          </x:td>
          <x:td id="ID_7010441" HAlignment="Left" VAlignment="Top" align="left" valign="top">&nbsp;</x:td>
        </x:tr>
        <x:tr id="ID_7010442">
          <x:td id="ID_7010443" HAlignment="Left" VAlignment="Top" align="left" valign="top">2</x:td>
          <x:td id="ID_7010444" HAlignment="Left" VAlignment="Top" align="left" valign="top">
            <x:p id="ID_7010445">TLOF and/or FATO elevation M/FT</x:p>
          </x:td>
          <x:td id="ID_7010446" HAlignment="Left" VAlignment="Top" align="left" valign="top">&nbsp;</x:td>
        </x:tr>
        <x:tr id="ID_7010447">
          <x:td id="ID_7010448" HAlignment="Left" VAlignment="Top" align="left" valign="top">3</x:td>
          <x:td id="ID_7010449" HAlignment="Left" VAlignment="Top" align="left" valign="top">
            <x:p id="ID_7010450">TLOF and FATO area dimensions, surface, strength, marking</x:p>
          </x:td>
          <x:td id="ID_7010451" HAlignment="Left" VAlignment="Top" align="left" valign="top">&nbsp;</x:td>
        </x:tr>
        <x:tr id="ID_7010452">
          <x:td id="ID_7010453" HAlignment="Left" VAlignment="Top" align="left" valign="top">4</x:td>
          <x:td id="ID_7010454" HAlignment="Left" VAlignment="Top" align="left" valign="top">
            <x:p id="ID_7010455">True BRG of FATO</x:p>
          </x:td>
          <x:td id="ID_7010456" HAlignment="Left" VAlignment="Top" align="left" valign="top">&nbsp;</x:td>
        </x:tr>
        <x:tr id="ID_7010457">
          <x:td id="ID_7010458" HAlignment="Left" VAlignment="Top" align="left" valign="top">5</x:td>
          <x:td id="ID_7010459" HAlignment="Left" VAlignment="Top" align="left" valign="top">
            <x:p id="ID_7010460">Declared distance available</x:p>
          </x:td>
          <x:td id="ID_7010461" HAlignment="Left" VAlignment="Top" align="left" valign="top">&nbsp;</x:td>
        </x:tr>
        <x:tr id="ID_7010462">
          <x:td id="ID_7010463" HAlignment="Left" VAlignment="Top" align="left" valign="top">6</x:td>
          <x:td id="ID_7010464" HAlignment="Left" VAlignment="Top" align="left" valign="top">
            <x:p id="ID_7010465">APP and FATO lighting</x:p>
          </x:td>
          <x:td id="ID_7010466" HAlignment="Left" VAlignment="Top" align="left" valign="top">&nbsp;</x:td>
        </x:tr>
        <x:tr id="ID_7010467">
          <x:td id="ID_7010468" HAlignment="Left" VAlignment="Top" align="left" valign="top">7</x:td>
          <x:td id="ID_7010469" HAlignment="Left" VAlignment="Top" align="left" valign="top">
            <x:p id="ID_7010470">Remarks</x:p>
          </x:td>
          <x:td id="ID_7010471" HAlignment="Left" VAlignment="Top" align="left" valign="top">&nbsp;</x:td>
        </x:tr>
      </x:tbody>
    </x:table>
  </e:AD-2.16>
  <e:AD-2.17 id="EGKH-AD-2.17" Number="AD 2.17">
    <GreenBorder id="ID_7010473" />
    <e:Title id="ID_7010474">AIR TRAFFIC SERVICES&nbsp;AIRSPACE</e:Title>
    <x:table id="ID_7010476" class="">
      <x:thead id="ID_7010477">
        <x:tr id="ID_7010478">
          <x:th id="ID_7010479" HAlignment="Left" VAlignment="Top" align="left" valign="top">
            <x:p id="ID_7010480">Designation and</x:p>
            <x:p id="ID_7010481">lateral limits</x:p>
          </x:th>
          <x:th id="ID_7010482" HAlignment="Left" VAlignment="Top" align="left" valign="top">
            <x:p id="ID_7010483">Vertical Limits</x:p>
          </x:th>
          <x:th id="ID_7010484" HAlignment="Left" VAlignment="Top" align="left" valign="top">
            <x:p id="ID_7010485">Airspace Class</x:p>
          </x:th>
          <x:th id="ID_7010486" HAlignment="Left" VAlignment="Top" align="left" valign="top">
            <x:p id="ID_7010487">ATS unit callsign/ language</x:p>
          </x:th>
          <x:th id="ID_7010488" HAlignment="Left" VAlignment="Top" align="left" valign="top">
            <x:p id="ID_7010489">Transition Altitude</x:p>
          </x:th>
          <x:th id="ID_7010490" HAlignment="Left" VAlignment="Top" align="left" valign="top">
            <x:p id="ID_7010491">Hours of Applicability</x:p>
          </x:th>
          <x:th id="ID_7010492" HAlignment="Left" VAlignment="Top" align="left" valign="top">
            <x:p id="ID_7010493">Remarks</x:p>
          </x:th>
        </x:tr>
        <x:tr id="ID_7010494">
          <x:th id="ID_7010495" HAlignment="Left" VAlignment="Top" align="left" valign="top">1</x:th>
          <x:th id="ID_7010496" HAlignment="Left" VAlignment="Top" align="left" valign="top">2</x:th>
          <x:th id="ID_7010497" HAlignment="Left" VAlignment="Top" align="left" valign="top">3</x:th>
          <x:th id="ID_7010498" HAlignment="Left" VAlignment="Top" align="left" valign="top">4</x:th>
          <x:th id="ID_7010499" HAlignment="Left" VAlignment="Top" align="left" valign="top">5</x:th>
          <x:th id="ID_7010500" HAlignment="Left" VAlignment="Top" align="left" valign="top">6</x:th>
          <x:th id="ID_7010501" HAlignment="Left" VAlignment="Top" align="left" valign="top">7</x:th>
        </x:tr>
      </x:thead>
      <x:tbody id="ID_7010502">
        <x:tr id="ID_7010503">
          <x:td id="ID_7010504" HAlignment="Left" VAlignment="Top" align="left" valign="top">&nbsp;</x:td>
          <x:td id="ID_7010505" HAlignment="Left" VAlignment="Top" align="left" valign="top">&nbsp;</x:td>
          <x:td id="ID_7010506" HAlignment="Left" VAlignment="Top" align="left" valign="top">&nbsp;</x:td>
          <x:td id="ID_7010507" HAlignment="Left" VAlignment="Top" align="left" valign="top">&nbsp;</x:td>
          <x:td id="ID_7010508" HAlignment="Left" VAlignment="Top" align="left" valign="top">&nbsp;</x:td>
          <x:td id="ID_7010509" HAlignment="Left" VAlignment="Top" align="left" valign="top">&nbsp;</x:td>
          <x:td id="ID_7010510" HAlignment="Left" VAlignment="Top" align="left" valign="top">&nbsp;</x:td>
        </x:tr>
        <x:tr id="ID_7010511">
          <x:td id="ID_7010512" HAlignment="Left" VAlignment="Top" align="left" valign="top">&nbsp;</x:td>
          <x:td id="ID_7010513" HAlignment="Left" VAlignment="Top" align="left" valign="top">&nbsp;</x:td>
          <x:td id="ID_7010514" HAlignment="Left" VAlignment="Top" align="left" valign="top">&nbsp;</x:td>
          <x:td id="ID_7010515" HAlignment="Left" VAlignment="Top" align="left" valign="top">&nbsp;</x:td>
          <x:td id="ID_7010516" HAlignment="Left" VAlignment="Top" align="left" valign="top">&nbsp;</x:td>
          <x:td id="ID_7010517" HAlignment="Left" VAlignment="Top" align="left" valign="top">&nbsp;</x:td>
          <x:td id="ID_7010518" HAlignment="Left" VAlignment="Top" align="left" valign="top">&nbsp;</x:td>
        </x:tr>
      </x:tbody>
    </x:table>
  </e:AD-2.17>
  <e:AD-2.18 id="EGKH-AD-2.18" Number="AD 2.18">
    <GreenBorder id="ID_7010520" />
    <e:Title id="ID_7010521">AIR TRAFFIC SERVICES&nbsp;COMMUNICATION&nbsp;FACILITIES</e:Title>
    <x:table id="ID_7010523" class="">
      <x:thead id="ID_7010524">
        <x:tr id="ID_7010525">
          <x:th id="ID_7010526" HAlignment="Left" VAlignment="Top" align="left" valign="top">
            <x:p id="ID_7010527">Service designation</x:p>
          </x:th>
          <x:th id="ID_7010528" HAlignment="Left" VAlignment="Top" align="left" valign="top">
            <x:p id="ID_7010529">Callsign</x:p>
          </x:th>
          <x:th id="ID_7010530" HAlignment="Left" VAlignment="Top" align="left" valign="top">
            <x:p id="ID_7010531">Channel(s)</x:p>
          </x:th>
          <x:th id="ID_7010532" HAlignment="Left" VAlignment="Top" align="left" valign="top">
            <x:p id="ID_7010533">Hours of </x:p>
            <x:p id="ID_7010534">Operation</x:p>
          </x:th>
          <x:th id="ID_7010535" HAlignment="Left" VAlignment="Top" align="left" valign="top">
            <x:p id="ID_7010536">Remarks</x:p>
          </x:th>
        </x:tr>
        <x:tr id="ID_7010537">
          <x:th id="ID_7010538" HAlignment="Left" VAlignment="Top" align="left" valign="top">1</x:th>
          <x:th id="ID_7010539" HAlignment="Left" VAlignment="Top" align="left" valign="top">2</x:th>
          <x:th id="ID_7010540" HAlignment="Left" VAlignment="Top" align="left" valign="top">3</x:th>
          <x:th id="ID_7010541" HAlignment="Left" VAlignment="Top" align="left" valign="top">4</x:th>
          <x:th id="ID_7010542" HAlignment="Left" VAlignment="Top" align="left" valign="top">5</x:th>
        </x:tr>
      </x:thead>
      <x:tbody id="ID_7010543">
        <x:tr id="ID_7010544">
          <x:td id="ID_7010545" HAlignment="Left" VAlignment="Top" align="left" valign="top">&nbsp;</x:td>
          <x:td id="ID_7010546" HAlignment="Left" VAlignment="Top" align="left" valign="top">&nbsp;</x:td>
          <x:td id="ID_7010547" HAlignment="Left" VAlignment="Top" align="left" valign="top">&nbsp;</x:td>
          <x:td id="ID_7010548" HAlignment="Left" VAlignment="Top" align="left" valign="top">&nbsp;</x:td>
          <x:td id="ID_7010549" HAlignment="Left" VAlignment="Top" align="left" valign="top">&nbsp;</x:td>
        </x:tr>
        <x:tr id="ID_7010550">
          <x:td id="ID_7010551" HAlignment="Left" VAlignment="Top" align="left" valign="top">&nbsp;</x:td>
          <x:td id="ID_7010552" HAlignment="Left" VAlignment="Top" align="left" valign="top">&nbsp;</x:td>
          <x:td id="ID_7010553" HAlignment="Left" VAlignment="Top" align="left" valign="top">&nbsp;</x:td>
          <x:td id="ID_7010554" HAlignment="Left" VAlignment="Top" align="left" valign="top">&nbsp;</x:td>
          <x:td id="ID_7010555" HAlignment="Left" VAlignment="Top" align="left" valign="top">&nbsp;</x:td>
        </x:tr>
      </x:tbody>
    </x:table>
  </e:AD-2.18>
  <e:AD-2.19 id="EGKH-AD-2.19" Number="AD 2.19">
    <GreenBorder id="ID_7010557" />
    <e:Title id="ID_7010558">RADIO&nbsp;NAVIGATION&nbsp;AND&nbsp;LANDING&nbsp;AIDS</e:Title>
    <x:table id="ID_7010560" class="">
      <x:thead id="ID_7010561">
        <x:tr id="ID_7010562">
          <x:th id="ID_7010563" HAlignment="Left" VAlignment="Top" align="left" valign="top">
            <x:p id="ID_7010564">Type of Aid CAT&nbsp;of&nbsp;ILS/MLS</x:p>
            <x:p id="ID_7010565">(For VOR/ILS/MLS, give VAR)</x:p>
          </x:th>
          <x:th id="ID_7010566" HAlignment="Left" VAlignment="Top" align="left" valign="top">
            <x:p id="ID_7010567">Ident</x:p>
          </x:th>
          <x:th id="ID_7010568" HAlignment="Left" VAlignment="Top" align="left" valign="top">
            <x:p id="ID_7010569">Frequency</x:p>
            <x:p id="ID_7010570">channel number(s), service provider, and reference path identifier(s) (RPI)</x:p>
          </x:th>
          <x:th id="ID_7010571" HAlignment="Left" VAlignment="Top" align="left" valign="top">
            <x:p id="ID_7010572">Hours of Operation</x:p>
          </x:th>
          <x:th id="ID_7010573" HAlignment="Left" VAlignment="Top" align="left" valign="top">
            <x:p id="ID_7010574">Position of transmitting antenna co-ordinates</x:p>
          </x:th>
          <x:th id="ID_7010575" HAlignment="Left" VAlignment="Top" align="left" valign="top">
            <x:p id="ID_7010576">Elevation of DME transmitting antenna</x:p>
            <x:p id="ID_7010577">GBAS, SBAS, LTP, FTP values</x:p>
          </x:th>
          <x:th id="ID_7010578" HAlignment="Left" VAlignment="Top" align="left" valign="top">
            <x:p id="ID_7010579">Remarks</x:p>
          </x:th>
        </x:tr>
        <x:tr id="ID_7010580">
          <x:th id="ID_7010581" HAlignment="Left" VAlignment="Top" align="left" valign="top">1</x:th>
          <x:th id="ID_7010582" HAlignment="Left" VAlignment="Top" align="left" valign="top">2</x:th>
          <x:th id="ID_7010583" HAlignment="Left" VAlignment="Top" align="left" valign="top">3</x:th>
          <x:th id="ID_7010584" HAlignment="Left" VAlignment="Top" align="left" valign="top">4</x:th>
          <x:th id="ID_7010585" HAlignment="Left" VAlignment="Top" align="left" valign="top">5</x:th>
          <x:th id="ID_7010586" HAlignment="Left" VAlignment="Top" align="left" valign="top">6</x:th>
          <x:th id="ID_7010587" HAlignment="Left" VAlignment="Top" align="left" valign="top">7</x:th>
        </x:tr>
      </x:thead>
      <x:tbody id="ID_7010588">
        <x:tr id="ID_7010589">
          <x:td id="ID_7010590" HAlignment="Left" VAlignment="Top" align="left" valign="top">&nbsp;</x:td>
          <x:td id="ID_7010591" HAlignment="Left" VAlignment="Top" align="left" valign="top">&nbsp;</x:td>
          <x:td id="ID_7010592" HAlignment="Left" VAlignment="Top" align="left" valign="top">&nbsp;</x:td>
          <x:td id="ID_7010593" HAlignment="Left" VAlignment="Top" align="left" valign="top">&nbsp;</x:td>
          <x:td id="ID_7010594" HAlignment="Left" VAlignment="Top" align="left" valign="top">&nbsp;</x:td>
          <x:td id="ID_7010595" HAlignment="Left" VAlignment="Top" align="left" valign="top">&nbsp;</x:td>
          <x:td id="ID_7010596" HAlignment="Left" VAlignment="Top" align="left" valign="top">&nbsp;</x:td>
        </x:tr>
      </x:tbody>
    </x:table>
  </e:AD-2.19>
  <e:AD-2.20 id="EGKH-AD-2.20" Number="AD 2.20">
    <GreenBorder id="ID_7010598" />
    <e:Title id="ID_7010599">LOCAL&nbsp;AERODROME&nbsp;REGULATIONS</e:Title>
    <x:div class="RP">
      <x:span class="sdParams" style="display:none;">TRULES_PROC;RULES_PROC_ID;7285</x:span>
      <e:Sub-section Number="1" id="EGKH-AD-2.20.1">
        <e:Title id="ID_7010601">Airport Regulations</e:Title>
        <x:p id="ID_7010602">Not applicable</x:p>
      </e:Sub-section>
      <e:Sub-section Number="2" id="EGKH-AD-2.20.2">
        <e:Title id="ID_7010604">Ground Movement</e:Title>
        <x:p id="ID_7010605">Not applicable</x:p>
      </e:Sub-section>
      <e:Sub-section Number="3" id="EGKH-AD-2.20.3">
        <e:Title id="ID_7010607">CAT II/III Operations</e:Title>
        <x:p id="ID_7010608">Not applicable</x:p>
      </e:Sub-section>
      <e:Sub-section Number="4" id="EGKH-AD-2.20.4">
        <e:Title id="ID_7010610">Warnings</e:Title>
        <x:ol id="ID_7010611" class="Numbered">
          <x:li id="ID_7010612">
            <x:p id="ID_7010613">Free-fall parachuting takes place up to FL 150 (ENR 5-5 refers). Parachute Drop Zone is 300 m northeast of Runway 28 threshold.</x:p>
          </x:li>
          <x:li id="ID_7010614">
            <x:p id="ID_7010615">Taxiing to south of runway only. No marked taxiway and condition of manoeuvring area is poor. Pilots are cautioned to taxi with care at all times.</x:p>
          </x:li>
          <x:li id="ID_7010616">
            <x:p id="ID_7010617">Runway designators are not provided.</x:p>
          </x:li>
          <x:li id="ID_7010618">
            <x:p id="ID_7010619">Runway 03/21 is unlicensed, for details including dimensions/declared distances contact the aerodrome.</x:p>
          </x:li>
        </x:ol>
      </e:Sub-section>
      <e:Sub-section Number="5" id="EGKH-AD-2.20.5">
        <e:Title id="ID_7010621">Helicopter Operations</e:Title>
        <x:p id="ID_7010622">Not applicable</x:p>
      </e:Sub-section>
      <e:Sub-section Number="6" id="EGKH-AD-2.20.6">
        <e:Title id="ID_7010624">Use of Runways</e:Title>
        <x:p id="ID_7010625">Not applicable</x:p>
      </e:Sub-section>
      <e:Sub-section Number="7" id="EGKH-AD-2.20.7">
        <e:Title id="ID_7010627">Training</e:Title>
        <x:p id="ID_7010628">Not applicable</x:p>
      </e:Sub-section>
    </x:div>
  </e:AD-2.20>
  <e:AD-2.21 id="EGKH-AD-2.21" Number="AD 2.21">
    <GreenBorder id="ID_7010630" />
    <e:Title id="ID_7010631">NOISE ABATEMENT PROCEDURES</e:Title>
    <x:div class="RP">
      <x:span class="sdParams" style="display:none;">TRULES_PROC;RULES_PROC_ID;7286</x:span>
      <x:ol id="ID_7010632" class="Numbered">
        <x:li id="ID_7010633">
          <x:p id="ID_7010634">Aircraft are requested not to overfly the villages of Headcorn and Smarden.</x:p>
        </x:li>
      </x:ol>
    </x:div>
  </e:AD-2.21>
  <e:AD-2.22 id="EGKH-AD-2.22" Number="AD 2.22">
    <GreenBorder id="ID_7010636" />
    <e:Title id="ID_7010637">FLIGHT PROCEDURES</e:Title>
    <x:div class="RP">
      <x:span class="sdParams" style="display:none;">TRULES_PROC;RULES_PROC_ID;7287</x:span>
      <e:Sub-section Number="1" id="EGKH-AD-2.22.1">
        <e:Title id="ID_7010639">Circuit Height and Directions</e:Title>
        <x:ol id="ID_7010640" class="Numbered">
          <x:li id="ID_7010641">
            <x:p id="ID_7010642">Aeroplanes: 1000 ft - LH; Helicopters: 700 ft, Runway 10 - LH; Runway 28 - RH.</x:p>
          </x:li>
          <x:li id="ID_7010643">
            <x:p id="ID_7010644">Whilst parachuting is in progress:</x:p>
            <x:ol id="ID_7010645" class="Numbered">
              <x:li id="ID_7010646">
                <x:p id="ID_7010647">No overhead joining, aeroplanes should join downwind of the runway-in-use;</x:p>
              </x:li>
              <x:li id="ID_7010648">
                <x:p id="ID_7010649">Aeroplanes are to avoid the Drop Zone and the area in the undershoot of Runway 28 whenever parachuting is in progress;</x:p>
              </x:li>
              <x:li id="ID_7010650">
                <x:p id="ID_7010651">Helicopters may not operate in the ATZ and should check with A/G Station that no parachuting is in progress before engaging rotors.</x:p>
              </x:li>
            </x:ol>
          </x:li>
        </x:ol>
      </e:Sub-section>
    </x:div>
  </e:AD-2.22>
  <e:AD-2.23 id="EGKH-AD-2.23" Number="AD 2.23">
    <GreenBorder id="ID_7010653" />
    <e:Title id="ID_7010654">ADDITIONAL INFORMATION</e:Title>
    <x:div class="RP">
      <x:span class="sdParams" style="display:none;">TRULES_PROC;RULES_PROC_ID;7288</x:span>
      <x:p id="ID_7010655">Not applicable</x:p>
    </x:div>
  </e:AD-2.23>
  <e:AD-2.24 id="EGKH-AD-2.24" Number="AD 2.24">
    <GreenBorder id="ID_7010657" />
    <e:Title id="ID_7010658">CHARTS RELATED TO AN AERODROME</e:Title>
    <x:table id="ID_7010660" class="">
      <x:tbody id="ID_7010661">
        <x:tr id="ID_7010662">
          <x:td id="ID_7010663" HAlignment="Left" VAlignment="Top" align="left" valign="top">
            <x:p id="ID_7010664">
              <x:em id="ID_7010665" class="Italic">Figure: Aerodrome Chart - ICAO</x:em>
            </x:p>
          </x:td>
        </x:tr>
        <x:tr id="ID_7010666">
          <x:td id="ID_7010667" HAlignment="Left" VAlignment="Top" align="left" valign="top">
            <x:p id="ID_7010668">AD 2-EGAA-2-1</x:p>
          </x:td>
        </x:tr>
        <x:tr id="ID_7010669">
          <x:td id="ID_7010670" HAlignment="Left" VAlignment="Top" align="left" valign="top">&nbsp;</x:td>
        </x:tr>
        <x:tr id="ID_7010671">
          <x:td id="ID_7010672" HAlignment="Left" VAlignment="Top" align="left" valign="top">&nbsp;</x:td>
        </x:tr>
        <x:tr id="ID_7010673">
          <x:td id="ID_7010674" HAlignment="Left" VAlignment="Top" align="left" valign="top">&nbsp;</x:td>
        </x:tr>
        <x:tr id="ID_7010675">
          <x:td id="ID_7010676" HAlignment="Left" VAlignment="Top" align="left" valign="top">&nbsp;</x:td>
        </x:tr>
      </x:tbody>
    </x:table>
  </e:AD-2.24>
</e:Aerodrome>
