<?xml version="1.0" encoding="UTF-8"?>
<e:AD-1.2 id="AD-1.2" Number="AD 1.2" xmlns:e="http://www.eurocontrol.int/xmlns/AIM/eAIP" xmlns:x="http://www.w3.org/1999/xhtml" xmlns:xlink="http://www.w3.org/1999/xlink">
  <e:Title>AD 1.2 RESCUE AND FIRE FIGHTING SERVICES AND SNOW PLAN</e:Title>
  <x:div class="RP">
    <x:span class="sdParams" style="display:none;">TRULES_PROC;RULES_PROC_ID;6864</x:span>
    <e:Sub-section Number="1" id="AD-1.2.1">
      <e:Title id="ID_6948233">RESCUE AND FIRE FIGHTING SERVICES</e:Title>
      <x:div Number="1.1" id="AD-1.2.1.1">The categories of fire and rescue equipment given at AD 2.6, their relevance to individual aircraft, and the minimum scales of equipment required to meet the respective categories are contained in Civil Aviation Publication - CAP 168 - 'Licensing of Aerodromes'. They approximate closely to those contained in the relevant ICAO publications.</x:div>
      <x:div Number="1.2" id="AD-1.2.1.2">For the convenience of aircraft operators the relationship of the rescue and fire fighting categories to individual aircraft is summarised as follows: A = Aerodrome, H = Heliport<x:table id="ID_6948239" class=""><x:thead id="ID_6948240"><x:tr id="ID_6948241"><x:th id="ID_6948242" align="center" valign="middle"><x:p id="ID_6948243">Aerodrome Fire and Rescue Category</x:p></x:th><x:th id="ID_6948244" align="center" valign="middle"><x:p id="ID_6948245">Aircraft Overall Length (m)</x:p></x:th><x:th id="ID_6948246" align="center" valign="middle"><x:p id="ID_6948247">Fuselage Width (m)</x:p></x:th></x:tr></x:thead><x:tbody id="ID_6948248"><x:tr id="ID_6948249"><x:td id="ID_6948250" align="center" valign="top"><x:p id="ID_6948251">‡Special</x:p></x:td><x:td id="ID_6948252" align="center" valign="top"><x:p id="ID_6948253">0 up to but not including 9</x:p></x:td><x:td id="ID_6948254" align="center" valign="top"><x:p id="ID_6948255">3</x:p></x:td></x:tr><x:tr id="ID_6948256"><x:td id="ID_6948257" align="center" valign="top"><x:p id="ID_6948258">A1</x:p></x:td><x:td id="ID_6948259" align="center" valign="top"><x:p id="ID_6948260">0 up to but not including 9</x:p></x:td><x:td id="ID_6948261" align="center" valign="top"><x:p id="ID_6948262">3</x:p></x:td></x:tr><x:tr id="ID_6948263"><x:td id="ID_6948264" align="center" valign="top"><x:p id="ID_6948265">A2</x:p></x:td><x:td id="ID_6948266" align="center" valign="top"><x:p id="ID_6948267">9 up to but not including 12</x:p></x:td><x:td id="ID_6948268" align="center" valign="top"><x:p id="ID_6948269">3</x:p></x:td></x:tr><x:tr id="ID_6948270"><x:td id="ID_6948271" align="center" valign="top"><x:p id="ID_6948272">A3</x:p></x:td><x:td id="ID_6948273" align="center" valign="top"><x:p id="ID_6948274">12 up to but not including 18</x:p></x:td><x:td id="ID_6948275" align="center" valign="top"><x:p id="ID_6948276">3</x:p></x:td></x:tr><x:tr id="ID_6948277"><x:td id="ID_6948278" align="center" valign="top"><x:p id="ID_6948279">A4</x:p></x:td><x:td id="ID_6948280" align="center" valign="top"><x:p id="ID_6948281">18 up to but not including 24</x:p></x:td><x:td id="ID_6948282" align="center" valign="top"><x:p id="ID_6948283">4</x:p></x:td></x:tr><x:tr id="ID_6948284"><x:td id="ID_6948285" align="center" valign="top"><x:p id="ID_6948286">A5</x:p></x:td><x:td id="ID_6948287" align="center" valign="top"><x:p id="ID_6948288">24 up to but not including 28</x:p></x:td><x:td id="ID_6948289" align="center" valign="top"><x:p id="ID_6948290">4</x:p></x:td></x:tr><x:tr id="ID_6948291"><x:td id="ID_6948292" align="center" valign="top"><x:p id="ID_6948293">A6</x:p></x:td><x:td id="ID_6948294" align="center" valign="top"><x:p id="ID_6948295">28 up to but not including 39</x:p></x:td><x:td id="ID_6948296" align="center" valign="top"><x:p id="ID_6948297">5</x:p></x:td></x:tr><x:tr id="ID_6948298"><x:td id="ID_6948299" align="center" valign="top"><x:p id="ID_6948300">A7</x:p></x:td><x:td id="ID_6948301" align="center" valign="top"><x:p id="ID_6948302">39 up to but not including 49</x:p></x:td><x:td id="ID_6948303" align="center" valign="top"><x:p id="ID_6948304">5</x:p></x:td></x:tr><x:tr id="ID_6948305"><x:td id="ID_6948306" align="center" valign="top"><x:p id="ID_6948307">A8</x:p></x:td><x:td id="ID_6948308" align="center" valign="top"><x:p id="ID_6948309">49 up to but not including 61</x:p></x:td><x:td id="ID_6948310" align="center" valign="top"><x:p id="ID_6948311">7</x:p></x:td></x:tr><x:tr id="ID_6948312"><x:td id="ID_6948313" align="center" valign="top"><x:p id="ID_6948314">A9</x:p></x:td><x:td id="ID_6948315" align="center" valign="top"><x:p id="ID_6948316">61 up to but not including 76</x:p></x:td><x:td id="ID_6948317" align="center" valign="top"><x:p id="ID_6948318">7</x:p></x:td></x:tr><x:tr id="ID_6948319"><x:td id="ID_6948320" align="center" valign="top"><x:p id="ID_6948321">A10</x:p></x:td><x:td id="ID_6948322" align="center" valign="top"><x:p id="ID_6948323">76 up to but not including 90</x:p></x:td><x:td id="ID_6948324" align="center" valign="top"><x:p id="ID_6948325">8</x:p></x:td></x:tr><x:tr id="ID_6948326"><x:td id="ID_6948327" colspan="3" align="center" valign="top"><x:p id="ID_6948328">‡ Aerodromes which are generally licensed solely in order that flying instruction may take place.</x:p></x:td></x:tr></x:tbody></x:table></x:div>
      <x:div Number="1.3" id="AD-1.2.1.3">For the convenience of helicopter operators the relationship of the Rescue and Fire Fighting categories to individual helicopters is summarised as follows:<x:table id="ID_6948332" class=""><x:thead id="ID_6948333"><x:tr id="ID_6948334"><x:th id="ID_6948335" align="center" valign="middle"><x:p id="ID_6948336">Heliport Category</x:p></x:th><x:th id="ID_6948337" align="center" valign="middle"><x:p id="ID_6948338">† Aircraft Overall Length (m)</x:p></x:th></x:tr></x:thead><x:tbody id="ID_6948339"><x:tr id="ID_6948340"><x:td id="ID_6948341" align="center" valign="top"><x:p id="ID_6948342">‡Special</x:p></x:td><x:td id="ID_6948343" align="center" valign="top"><x:p id="ID_6948344">0 up to but not including 15</x:p></x:td></x:tr><x:tr id="ID_6948345"><x:td id="ID_6948346" align="center" valign="top"><x:p id="ID_6948347">H1</x:p></x:td><x:td id="ID_6948348" align="center" valign="top"><x:p id="ID_6948349">0 up to but not including 15</x:p></x:td></x:tr><x:tr id="ID_6948350"><x:td id="ID_6948351" align="center" valign="top"><x:p id="ID_6948352">H2</x:p></x:td><x:td id="ID_6948353" align="center" valign="top"><x:p id="ID_6948354">15 up to but not including 24</x:p></x:td></x:tr><x:tr id="ID_6948355"><x:td id="ID_6948356" align="center" valign="top"><x:p id="ID_6948357">H3</x:p></x:td><x:td id="ID_6948358" align="center" valign="top"><x:p id="ID_6948359">24 up to but not including 35</x:p></x:td></x:tr><x:tr id="ID_6948360"><x:td id="ID_6948361" colspan="2" align="left" valign="top"><x:p id="ID_6948362">† Helicopter length includes rotors and tail boom</x:p></x:td></x:tr><x:tr id="ID_6948363"><x:td id="ID_6948364" colspan="2" align="left" valign="top"><x:p id="ID_6948365">‡ Aerodromes which are licensed solely in order that flying instruction may take place.</x:p></x:td></x:tr></x:tbody></x:table></x:div>
      <x:div Number="1.4" id="AD-1.2.1.4">Two tables have been produced to assist with determination of adequacy when comparing military and civil RFF categories. Each table uses different criteria in forming a comparison and commanders should only use the table appropriate to their flight details.</x:div>
      <x:div Number="1.5" id="AD-1.2.1.5">The following table compares ICAO minimum standards with those likely to be available at Government military aerodromes. It is to be used by civil pilots wishing to use Government military facilities:<x:table id="ID_6948371" class=""><x:thead id="ID_6948372"><x:tr id="ID_6948373"><x:th id="ID_6948374" align="center" valign="middle"><x:p id="ID_6948375">ICAO Category</x:p></x:th><x:th id="ID_6948376" align="center" valign="middle"><x:p id="ID_6948377">Military Equivalent</x:p></x:th></x:tr></x:thead><x:tbody id="ID_6948378"><x:tr id="ID_6948379"><x:td id="ID_6948380" align="center" valign="top"><x:p id="ID_6948381">1</x:p></x:td><x:td id="ID_6948382" align="center" valign="top"><x:p id="ID_6948383">1A</x:p></x:td></x:tr><x:tr id="ID_6948384"><x:td id="ID_6948385" align="center" valign="top"><x:p id="ID_6948386">2</x:p></x:td><x:td id="ID_6948387" align="center" valign="top"><x:p id="ID_6948388">1A</x:p></x:td></x:tr><x:tr id="ID_6948389"><x:td id="ID_6948390" align="center" valign="top"><x:p id="ID_6948391">3</x:p></x:td><x:td id="ID_6948392" align="center" valign="top"><x:p id="ID_6948393">2A</x:p></x:td></x:tr><x:tr id="ID_6948394"><x:td id="ID_6948395" align="center" valign="top"><x:p id="ID_6948396">4</x:p></x:td><x:td id="ID_6948397" align="center" valign="top"><x:p id="ID_6948398">2A</x:p></x:td></x:tr><x:tr id="ID_6948399"><x:td id="ID_6948400" align="center" valign="top"><x:p id="ID_6948401">5</x:p></x:td><x:td id="ID_6948402" align="center" valign="top"><x:p id="ID_6948403">3A</x:p></x:td></x:tr><x:tr id="ID_6948404"><x:td id="ID_6948405" align="center" valign="top"><x:p id="ID_6948406">6</x:p></x:td><x:td id="ID_6948407" align="center" valign="top"><x:p id="ID_6948408">3A</x:p></x:td></x:tr><x:tr id="ID_6948409"><x:td id="ID_6948410" align="center" valign="top"><x:p id="ID_6948411">7</x:p></x:td><x:td id="ID_6948412" align="center" valign="top"><x:p id="ID_6948413">4A</x:p></x:td></x:tr><x:tr id="ID_6948414"><x:td id="ID_6948415" align="center" valign="top"><x:p id="ID_6948416">8</x:p></x:td><x:td id="ID_6948417" align="center" valign="top"><x:p id="ID_6948418">5A</x:p></x:td></x:tr><x:tr id="ID_6948419"><x:td id="ID_6948420" align="center" valign="top"><x:p id="ID_6948421">9</x:p></x:td><x:td id="ID_6948422" align="center" valign="top"><x:p id="ID_6948423">No Equivalent</x:p></x:td></x:tr><x:tr id="ID_6948424"><x:td id="ID_6948425" align="center" valign="top"><x:p id="ID_6948426">10</x:p></x:td><x:td id="ID_6948427" align="center" valign="top"><x:p id="ID_6948428">No Equivalent</x:p></x:td></x:tr></x:tbody></x:table></x:div>
      <x:div Number="1.6" id="AD-1.2.1.6">The following table compares crash/fire requirements for Government MILITARY aircraft with those facilities likely to be available at Civil aerodromes. It is to be used by pilots of Government aircraft wishing to use civil facilities.<x:table id="ID_6948432" class=""><x:thead id="ID_6948433"><x:tr id="ID_6948434"><x:th id="ID_6948435" align="center" valign="middle"><x:p id="ID_6948436">Military Category</x:p></x:th><x:th id="ID_6948437" align="center" valign="middle"><x:p id="ID_6948438">ICAO Equivalent</x:p></x:th></x:tr></x:thead><x:tbody id="ID_6948439"><x:tr id="ID_6948440"><x:td id="ID_6948441" align="center" valign="top"><x:p id="ID_6948442">–</x:p></x:td><x:td id="ID_6948443" align="center" valign="top"><x:p id="ID_6948444">1</x:p></x:td></x:tr><x:tr id="ID_6948445"><x:td id="ID_6948446" align="center" valign="top"><x:p id="ID_6948447">1A</x:p></x:td><x:td id="ID_6948448" align="center" valign="top"><x:p id="ID_6948449">2</x:p></x:td></x:tr><x:tr id="ID_6948450"><x:td id="ID_6948451" align="center" valign="top"><x:p id="ID_6948452">–</x:p></x:td><x:td id="ID_6948453" align="center" valign="top"><x:p id="ID_6948454">3</x:p></x:td></x:tr><x:tr id="ID_6948455"><x:td id="ID_6948456" align="center" valign="top"><x:p id="ID_6948457">2A</x:p></x:td><x:td id="ID_6948458" align="center" valign="top"><x:p id="ID_6948459">4</x:p></x:td></x:tr><x:tr id="ID_6948460"><x:td id="ID_6948461" align="center" valign="top"><x:p id="ID_6948462">–</x:p></x:td><x:td id="ID_6948463" align="center" valign="top"><x:p id="ID_6948464">5</x:p></x:td></x:tr><x:tr id="ID_6948465"><x:td id="ID_6948466" align="center" valign="top"><x:p id="ID_6948467">3A</x:p></x:td><x:td id="ID_6948468" align="center" valign="top"><x:p id="ID_6948469">6</x:p></x:td></x:tr><x:tr id="ID_6948470"><x:td id="ID_6948471" align="center" valign="top"><x:p id="ID_6948472">4A</x:p></x:td><x:td id="ID_6948473" align="center" valign="top"><x:p id="ID_6948474">7</x:p></x:td></x:tr><x:tr id="ID_6948475"><x:td id="ID_6948476" align="center" valign="top"><x:p id="ID_6948477">5A</x:p></x:td><x:td id="ID_6948478" align="center" valign="top"><x:p id="ID_6948479">8</x:p></x:td></x:tr><x:tr id="ID_6948480"><x:td id="ID_6948481" align="center" valign="top"><x:p id="ID_6948482">–</x:p></x:td><x:td id="ID_6948483" align="center" valign="top"><x:p id="ID_6948484">9</x:p></x:td></x:tr><x:tr id="ID_6948485"><x:td id="ID_6948486" align="center" valign="top"><x:p id="ID_6948487">–</x:p></x:td><x:td id="ID_6948488" align="center" valign="top"><x:p id="ID_6948489">10</x:p></x:td></x:tr></x:tbody></x:table></x:div>
      <x:div Number="1.7" id="AD-1.2.1.7">Although no direct comparison can be made between military and the other fire categories, the above table is an approximation of the relationship between the categories.</x:div>
    </e:Sub-section>
    <e:Sub-section Number="2" id="AD-1.2.2">
      <e:Title id="ID_6948493">SNOW PLAN</e:Title>
      <e:Sub-section Number="2.1" id="AD-1.2.2.1">
        <e:Title id="ID_6948495">Introduction</e:Title>
        <x:div Number="2.1.1" id="AD-1.2.2.1.1">Agreement has been reached through the International Civil Aviation Organisation to apply standard procedures at international aerodromes within the European/Mediterranean Region, for the clearance of winter contaminants (frost, snow, ice, slush and associated water) from aerodrome surfaces and for the measuring and reporting of aerodrome surface conditions during the winter period.</x:div>
        <x:div Number="2.1.2" id="AD-1.2.2.1.2">The following paragraphs describe the procedures, equipment and techniques that are employed at specified aerodromes in the United Kingdom for the clearance of winter contaminants from pavements. The methods used for the measurement and reporting of aerodrome surface conditions in accordance with internationally agreed procedures are included. Other United Kingdom aerodromes complying with these procedures, in whole or in part, are also included in the Snow Plan.</x:div>
      </e:Sub-section>
      <e:Sub-section Number="2.2" id="AD-1.2.2.2">
        <e:Title id="ID_6948501">Responsibility for Planning and Implementation</e:Title>
        <x:div Number="2.2.1" id="AD-1.2.2.2.1">The clearance of winter contaminants and the measurement and reporting of surface conditions is the responsibility of the aerodrome authority, assisted as necessary by other agencies.</x:div>
        <x:div Number="2.2.2" id="AD-1.2.2.2.2">Prior to the onset of winter conditions, aerodrome authorities prepare a plan to effect efficient clearance and measurement procedures intended to ensure maximum availability of the aerodrome. The plan is formulated in co-operation with ATS and the aerodrome users. Arrangements are made to ensure that the plan can be implemented as soon as meteorological forecasts indicate the likelihood of surface contamination. The first priority is to clear operational runways and other essential parts of the movement area. Provision for measurement and reporting procedures are made. Subsequently, the surfaces cleared are maintained free of contaminant as far as is reasonably practicable.</x:div>
      </e:Sub-section>
      <e:Sub-section Number="2.3" id="AD-1.2.2.3">
        <e:Title id="ID_6948507">Clearance Techniques</e:Title>
        <x:div Number="2.3.1" id="AD-1.2.2.3.1">Whenever possible, the full length and width of runways is cleared completely. Various methods are employed and brief details of those available at individual aerodromes are given in the aerodrome entry of the AIP at AD2.7.</x:div>
        <x:div Number="2.3.2" id="AD-1.2.2.3.2">Mechanical snow clearing equipment; blowers, sweepers, ploughs and rotary brushes form the main part of the contaminant clearance equipment used at most large aerodromes. As far as practicable, clearance techniques employed prevent the build-up of snow banks. Where this is unavoidable, every effort is made to restrict snow banks to such a height and distance apart as to ensure safe manoeuvring of the most critical aircraft, in this context, normally using the particular aerodrome.</x:div>
        <x:div Number="2.3.3" id="AD-1.2.2.3.3">Slush and associated standing water is cleared whilst it is forming. Clearance may have to be repeated at intervals and some interruption of operations may be inevitable.</x:div>
        <x:div Number="2.3.4" id="AD-1.2.2.3.4">Salt is only used if it is found to be essential and is restricted to areas around edge drains to prevent slush build-up and to ensure continuous drainage. Liquid or other chemicals used for clearing ice are non-toxic and should have no detrimental effects on aircraft, aerodrome surfaces or the friction value of aerodrome pavements.</x:div>
      </e:Sub-section>
      <e:Sub-section Number="2.4" id="AD-1.2.2.4">
        <e:Title id="ID_6948517">Operational Priorities for the Clearance of Movement Areas</e:Title>
        <x:div Number="2.4.1" id="AD-1.2.2.4.1">The order in which the various parts of the movement area of an aerodrome are cleared will depend on many factors and is the subject of local consultation between the aerodrome authority and users. However, as a general policy, clearance is carried out in accordance with the standard order of priority given below:<x:ol id="ID_6948520" class="Numbered"><x:li id="ID_6948521"><x:p id="ID_6948522">One main runway, including rapid exits, appropriate to the weather conditions prevailing at the time;</x:p></x:li><x:li id="ID_6948523"><x:p id="ID_6948524">appropriate run-up areas where needed;</x:p></x:li><x:li id="ID_6948525"><x:p id="ID_6948526">aprons;</x:p></x:li><x:li id="ID_6948527"><x:p id="ID_6948528">essential associated taxiways, priority being given to those presenting gradient difficulties;</x:p></x:li><x:li id="ID_6948529"><x:p id="ID_6948530">airport roads</x:p></x:li></x:ol></x:div>
        <x:div Number="2.4.2" id="AD-1.2.2.4.2">Other runways and taxiways are cleared as conditions allow.</x:div>
      </e:Sub-section>
      <e:Sub-section Number="2.5" id="AD-1.2.2.5">
        <e:Title id="ID_6948534">Assessment and Notification of Runway Surface and Allied Conditions</e:Title>
        <x:div Number="2.5.1" id="AD-1.2.2.5.1">General<x:div Number="2.5.1.1" id="AD-1.2.2.5.1.1">At participating United Kingdom aerodromes, ATS or the aerodrome authority according to local organisation, assess and report runway surface conditions. Information on runway conditions will be notified by SNOWTAM, OPMET RUNWAY STATE MESSAGE (where applicable) or by RTF on request.</x:div><x:div Number="2.5.1.2" id="AD-1.2.2.5.1.2">Until a satisfactory method has been found to determine accurately and quickly the density of a contaminant on a runway, the nature of the surface covering is described using the following categories based on subjective assessment by the personnel making the inspection:</x:div><x:p id="ID_6948541">Ice - water in its solid state, it takes many forms including sheet ice, hoar frost and rime.</x:p><x:p id="ID_6948542">Dry snow - a condition where snow can be blown loose, or if compacted by hand, will fall apart again upon release.</x:p><x:p id="ID_6948543">Compacted snow - snow which has been compressed into a solid mass that resists further compression and will hold together or break up into chunks if picked up;</x:p><x:p id="ID_6948544">Wet snow - a composition which, if compacted by hand, will stick together and tend to, or does form a snowball.</x:p><x:p id="ID_6948545">Slush - a water saturated snow which, with a heel and toe slap down action with the foot against the ground, will be displaced with a splatter.</x:p><x:p id="ID_6948546">Associated standing water - standing water produced as a result of melting contaminant in which there are no visible traces of slush or ice crystals.</x:p></x:div>
        <x:div Number="2.5.2" id="AD-1.2.2.5.2">Depth of Snow or Slush<x:div Number="2.5.2.1" id="AD-1.2.2.5.2.1">A standard depth gauge is used to measure the depth of snow or slush on runways. Readings are taken at approximately 300 metre intervals between 5 and 10 metres on each side of the centre-line and clear of the effects of rutting. By international agreement depth information is given in millimetres representing the mean of readings obtained for each third of the total runway length.</x:div></x:div>
        <x:div Number="2.5.3" id="AD-1.2.2.5.3">Snow Banks<x:div Number="2.5.3.1" id="AD-1.2.2.5.3.1">The height and distance apart of snow banks is reported as soon as these are likely to affect safe manoeuvring by the most critical aircraft, in this context, normally using the aerodrome.</x:div></x:div>
        <x:div Number="2.5.4" id="AD-1.2.2.5.4">Runways Affected by Snow and Ice<x:div Number="2.5.4.1" id="AD-1.2.2.5.4.1">On runways affected by compacted snow or ice the braking action assessment is made by use of either of the following methods:<x:ol id="ID_6948559" class="Numbered"><x:li id="ID_6948560"><x:p id="ID_6948561">Continuous Friction Measuring Equipment</x:p><x:p id="ID_6948562">This method employs a trailer towed by a vehicle at 40 mph. The equipment provides a continuous register of the mean of friction values either on paper trace or by means of a digital read-out that is used in conjunction with a hand computer. The principle employed is one of the following methods:</x:p><x:ol id="ID_6948563" class="Numbered"><x:li id="ID_6948564"><x:p id="ID_6948565">the measurement of the side-force generated between the surface and a pair of pneumatic tyres set at a fixed toe-out angle;</x:p></x:li><x:li id="ID_6948566"><x:p id="ID_6948567">the measurement of the load and drag on a single wheel chain driven from the axle of a double wheel and made to slip at approximately 14.5% of the forward speed.</x:p></x:li></x:ol></x:li><x:li id="ID_6948568"><x:p id="ID_6948569">Brake Testing Decelerometer</x:p><x:p id="ID_6948570">An assessment is made of the coefficient of friction using a brake testing decelerometer fitted in a car, van or light truck, the brakes being applied at 25 - 30 mph ensuring that the vehicle wheels are momentarily locked. A standard procedure is followed to ensure uniformity in technique. The principle employed is the assessment of the friction between skidding pneumatic tyres and selected points on the surface being tested. Vehicles fitted with anti-lock braking systems (ABS) may be used for this procedure, provided the decelerometer includes provision for measurements to be taken at a faster rate than the operation of the ABS.</x:p></x:li></x:ol></x:div><x:div Number="2.5.4.2" id="AD-1.2.2.5.4.2">The methods described in paragraph 5.4.1 are limited to use on ice (gritted or un-gritted) and dry or compacted snow. They are likely to produce misleading high readings in slush or uncompacted, wet snow or water and it will not detect, for example, that the possibility of ‘slushplaning’ exists.</x:div><x:div Number="2.5.4.3" id="AD-1.2.2.5.4.3">Braking action tests, where appropriate, are made over the usable length of the runway at approximately 3 m each side of the centre-line and in such a manner as to produce mean values for each third of the length available. Assessment of Stopway braking action where applicable should also be available on request.</x:div><x:div Number="2.5.4.4" id="AD-1.2.2.5.4.4">The results of braking action testing on compacted snow or ice are interpreted by reference to the Snow and Ice Table below.<x:table id="ID_6948578" class=""><x:thead id="ID_6948579"><x:tr id="ID_6948580"><x:th id="ID_6948581" align="left" valign="top"><x:p id="ID_6948582">FRICTION NUMBER</x:p></x:th><x:th id="ID_6948583" align="left" valign="top"><x:p id="ID_6948584">ESTIMATED BRAKING ACTION</x:p></x:th><x:th id="ID_6948585" align="left" valign="top"><x:p id="ID_6948586">OPMET SNOWTAM CODE</x:p></x:th></x:tr></x:thead><x:tbody id="ID_6948587"><x:tr id="ID_6948588"><x:td id="ID_6948589" align="left" valign="top"><x:p id="ID_6948590">.40 and above</x:p></x:td><x:td id="ID_6948591" align="left" valign="top"><x:p id="ID_6948592">Good</x:p></x:td><x:td id="ID_6948593" align="left" valign="top"><x:p id="ID_6948594">95</x:p></x:td></x:tr><x:tr id="ID_6948595"><x:td id="ID_6948596" align="left" valign="top"><x:p id="ID_6948597">.39 - .36</x:p></x:td><x:td id="ID_6948598" align="left" valign="top"><x:p id="ID_6948599">Medium/Good</x:p></x:td><x:td id="ID_6948600" align="left" valign="top"><x:p id="ID_6948601">94</x:p></x:td></x:tr><x:tr id="ID_6948602"><x:td id="ID_6948603" align="left" valign="top"><x:p id="ID_6948604">.35 - .30</x:p></x:td><x:td id="ID_6948605" align="left" valign="top"><x:p id="ID_6948606">Medium</x:p></x:td><x:td id="ID_6948607" align="left" valign="top"><x:p id="ID_6948608">93</x:p></x:td></x:tr><x:tr id="ID_6948609"><x:td id="ID_6948610" align="left" valign="top"><x:p id="ID_6948611">.29 - .26</x:p></x:td><x:td id="ID_6948612" align="left" valign="top"><x:p id="ID_6948613">Medium/Poor</x:p></x:td><x:td id="ID_6948614" align="left" valign="top"><x:p id="ID_6948615">92</x:p></x:td></x:tr><x:tr id="ID_6948616"><x:td id="ID_6948617" align="left" valign="top"><x:p id="ID_6948618">.25 and below</x:p></x:td><x:td id="ID_6948619" align="left" valign="top"><x:p id="ID_6948620">Poor</x:p></x:td><x:td id="ID_6948621" align="left" valign="top"><x:p id="ID_6948622">91</x:p></x:td></x:tr><x:tr id="ID_6948623"><x:td id="ID_6948624" align="left" valign="top"><x:p id="ID_6948625">If, for any reason, the reading</x:p></x:td><x:td id="ID_6948626" align="left" valign="top"><x:p id="ID_6948627" /></x:td><x:td id="ID_6948628" align="left" valign="top"><x:p id="ID_6948629" /></x:td></x:tr><x:tr id="ID_6948630"><x:td id="ID_6948631" align="left" valign="top"><x:p id="ID_6948632">is considered unreliable</x:p></x:td><x:td id="ID_6948633" align="left" valign="top"><x:p id="ID_6948634" /></x:td><x:td id="ID_6948635" align="left" valign="top"><x:p id="ID_6948636">99</x:p></x:td></x:tr></x:tbody></x:table></x:div><x:div Number="2.5.4.5" id="AD-1.2.2.5.4.5">It is important to remember that the braking action assessment obtained from the Snow and Ice Table is only a rough indication of the relative slipperiness of a contaminated runway in conditions of compact snow and ice only. The description ‘Good’ is used in comparative sense - good for an icy surface - and is intended to indicate that aircraft generally, but not specifically, should not be subject to undue directional control or braking difficulties, but clearly a surface affected by ice and/or snow is not as good as a clean dry or even a wet runway. The description ‘Good’ should not be used for braking action on untreated ice but may be used, where appropriate, when ice has been gritted. ‘Poor’ will almost invariably mean that conditions are extremely slippery, and probably acceptable only, if at all, to aircraft needing little or no braking or steering. Where ‘Poor’ braking assessment exists, landings should only be attempted if the Landing Distance Available exceeds the Landing Distance Required on a ‘very slippery’ or icy runway as given in the aircraft Flight Manual. The intermediate values of ‘Medium/Good’, and ‘Medium,/Poor’ have been included only to amplify the description when conditions are found to be Medium. The procedure is insufficiently refined to be able to discriminate accurately in the narrow numerical bands as set out in the table.</x:div><x:div Number="2.5.4.6" id="AD-1.2.2.5.4.6">In exceptional circumstances, grit may have to be used to increase the friction value of manoeuvring areas affected by ice or snow but it will be left on the surface only for so long as the ice or snow persists. The specification of the grit used has been agreed internationally and is selected as providing the best compromise between improving the coefficient of friction and presenting the least hazard to aircraft. However, the risk of ingestion into jet engines or of damage to the control surfaces of propeller driven aircraft, particularly where reverse thrust is used, cannot be entirely discounted. Caution in using reverse thrust is therefore advised, particularly when a sudden thaw has resulted in the grit lying on an otherwise bare surface.</x:div></x:div>
        <x:div Number="2.5.5" id="AD-1.2.2.5.5">Runways Affected by Slush<x:div Number="2.5.5.1" id="AD-1.2.2.5.5.1">Aircraft operations on runways affected by slush can be particularly hazardous and every effort is made to clear the surface, as far as is reasonably practicable, of all slush contaminant prior to aircraft movement. However, the practical difficulties of ensuring that a runway is totally slush free are significant and success depends heavily on the prevailing meteorological conditions, the resources and time available. In such conditions, up to date runway condition reports are provided. However, because of the effects of drag , friction measuring machines can produce misleading readings when operated in slush. In addition, because of the infinitely variable characteristics of the contaminant, no satisfactory method of assessing braking action in slush exists. For these reasons reports will not contain estimates of braking action derived from readings in these conditions and pilots will be informed on the RTF only of the extent and depth of the contamination.</x:div><x:div Number="2.5.5.2" id="AD-1.2.2.5.5.2">Hydroplaning conditions should be assumed to exist whenever depths of water or slush exceeding approximately 3 mm effect a significant portion of the available runway.</x:div></x:div>
        <x:div Number="2.5.6" id="AD-1.2.2.5.6">
          <x:strong id="ID_6948649">Availability of Information</x:strong>
          <x:div Number="2.5.6.1" id="AD-1.2.2.5.6.1">Information on the current state of progress of snow clearance and on the conditions of the movement areas is available from a designated authority at the aerodrome concerned. Information on pavement conditions is also be available by RTF from the aerodrome concerned</x:div>
          <x:div Number="2.5.6.2" id="AD-1.2.2.5.6.2">Information on current surface conditions at United Kingdom and other European aerodromes generally is also available from the following sources:<x:ol id="ID_6948654" class="Numbered"><x:li id="ID_6948655"><x:p id="ID_6948656">Flight Briefing Units at aerodromes;</x:p></x:li><x:li id="ID_6948657"><x:p id="ID_6948658">SNOWTAM;</x:p></x:li><x:li id="ID_6948659"><x:p id="ID_6948660">Locations served by the OPMET system (see GEN 3.5.9).</x:p></x:li></x:ol></x:div>
          <x:div Number="2.5.6.3" id="AD-1.2.2.5.6.3">The SNOWTAM provides a standard report which includes an assessment of each third of the runway. Whilst appropriate conditions prevail, participating authorities issue SNOWTAM as follows:<x:ol id="ID_6948663" class="Numbered"><x:li id="ID_6948664"><x:p id="ID_6948665">A new (not revised) SNOWTAM whenever there is a significant change in conditions;</x:p></x:li><x:li id="ID_6948666"><x:p id="ID_6948667">The maximum validity of a SNOWTAM will in no case exceed 24 hours.</x:p></x:li></x:ol></x:div>
          <x:div Number="2.5.6.4" id="AD-1.2.2.5.6.4">Risks and factors associated with operations on runways affected by snow, slush, or water are detailed within an Aeronautical Information Circular.</x:div>
          <x:div Number="2.5.6.5" id="AD-1.2.2.5.6.5">Runway surface conditions are reported in the runway state group as an eight digit code at the end of the METAR every half hour for as long as conditions warrant. The runway state group contains information on the runway designator; type; extent and depth of deposit and where appropriate, braking action. See GEN 3.5.10.</x:div>
          <x:div Number="2.5.6.6" id="AD-1.2.2.5.6.6">RTF reports to pilots provide an assessment in plain language of the available runway length, including a description of the prevailing conditions ie. ice, snow or slush, and where appropriate braking action, together with the time of the measurement.</x:div>
          <x:div Number="2.5.6.7" id="AD-1.2.2.5.6.7">Aerodromes currently participating in the Snowplan are listed in the current Snowplan AIC - details of clearance methods employed, priorities and braking action assessment may be given in the individual aerodrome entry at item 2.7.</x:div>
          <x:div Number="2.5.6.8" id="AD-1.2.2.5.6.8">Information on the distribution of SNOWTAM and the division of the aerodromes into distribution lists is published annually as an Aeronautical Information Circular before the onset of winter.</x:div>
        </x:div>
      </e:Sub-section>
    </e:Sub-section>
  </x:div>
</e:AD-1.2>
