<?xml version="1.0" encoding="UTF-8"?>
<e:Aerodrome id="AD-2.EGLK" Ref="ICAO-EGLK" Title="BLACKBUSHE" xmlns:e="http://www.eurocontrol.int/xmlns/AIM/eAIP" xmlns:x="http://www.w3.org/1999/xhtml" xmlns:xlink="http://www.w3.org/1999/xlink">
  <e:Title />
  <e:AD-2.1 id="EGLK-AD-2.1" Number="AD 2.1">
    <GreenBorder id="ID_7045154" />
    <e:Title id="ID_7045155">AERODROME LOCATION INDICATOR AND NAME</e:Title>
    <e:Generated />
  </e:AD-2.1>
  <e:AD-2.2 id="EGLK-AD-2.2" Number="AD 2.2">
    <GreenBorder id="ID_7045160" />
    <e:Title id="ID_7045161">AERODROME&nbsp;GEOGRAPHICAL&nbsp;AND&nbsp;ADMINISTRATIVE&nbsp;DATA</e:Title>
    <x:table id="ID_7045163" class="">
      <x:tbody id="ID_7045164">
        <x:tr id="ID_7045165">
          <x:td id="ID_7045166" HAlignment="Left" VAlignment="Top" align="left" valign="top">1</x:td>
          <x:td id="ID_7045167" HAlignment="Left" VAlignment="Top" align="left" valign="top">
            <x:p id="ID_7045168">ARP coordinates and site at AD</x:p>
          </x:td>
          <x:td id="ID_7045169" HAlignment="Left" VAlignment="Top" align="left" valign="top">&nbsp;</x:td>
        </x:tr>
        <x:tr id="ID_7045170">
          <x:td id="ID_7045171" HAlignment="Left" VAlignment="Top" align="left" valign="top">2</x:td>
          <x:td id="ID_7045172" HAlignment="Left" VAlignment="Top" align="left" valign="top">
            <x:p id="ID_7045173">Direction and distance from city</x:p>
          </x:td>
          <x:td id="ID_7045174" HAlignment="Left" VAlignment="Top" align="left" valign="top">&nbsp;</x:td>
        </x:tr>
        <x:tr id="ID_7045175">
          <x:td id="ID_7045176" HAlignment="Left" VAlignment="Top" align="left" valign="top">3</x:td>
          <x:td id="ID_7045177" HAlignment="Left" VAlignment="Top" align="left" valign="top">
            <x:p id="ID_7045178">Elevation / Reference temperature</x:p>
          </x:td>
          <x:td id="ID_7045179" HAlignment="Left" VAlignment="Top" align="left" valign="top">&nbsp;</x:td>
        </x:tr>
        <x:tr id="ID_7045180">
          <x:td id="ID_7045181" HAlignment="Left" VAlignment="Top" align="left" valign="top">4</x:td>
          <x:td id="ID_7045182" HAlignment="Left" VAlignment="Top" align="left" valign="top">
            <x:p id="ID_7045183">Geoid undulation at AD ELEV PSN</x:p>
          </x:td>
          <x:td id="ID_7045184" HAlignment="Left" VAlignment="Top" align="left" valign="top">&nbsp;</x:td>
        </x:tr>
        <x:tr id="ID_7045185">
          <x:td id="ID_7045186" HAlignment="Left" VAlignment="Top" align="left" valign="top">5</x:td>
          <x:td id="ID_7045187" HAlignment="Left" VAlignment="Top" align="left" valign="top">
            <x:p id="ID_7045188">Magnetic Variation / Annual Change</x:p>
          </x:td>
          <x:td id="ID_7045189" HAlignment="Left" VAlignment="Top" align="left" valign="top">&nbsp;</x:td>
        </x:tr>
        <x:tr id="ID_7045190">
          <x:td id="ID_7045191" HAlignment="Left" VAlignment="Top" align="left" valign="top">6</x:td>
          <x:td id="ID_7045192" HAlignment="Left" VAlignment="Top" align="left" valign="top">
            <x:p id="ID_7045193">AD Administration, address, telephone, telefax, AFS, e-mail address, website address</x:p>
          </x:td>
          <x:td id="ID_7045194" HAlignment="Left" VAlignment="Top" align="left" valign="top">&nbsp;</x:td>
        </x:tr>
        <x:tr id="ID_7045195">
          <x:td id="ID_7045196" HAlignment="Left" VAlignment="Top" align="left" valign="top">7</x:td>
          <x:td id="ID_7045197" HAlignment="Left" VAlignment="Top" align="left" valign="top">
            <x:p id="ID_7045198">Types of Traffic permitted (IFR/VFR)</x:p>
          </x:td>
          <x:td id="ID_7045199" HAlignment="Left" VAlignment="Top" align="left" valign="top">&nbsp;</x:td>
        </x:tr>
        <x:tr id="ID_7045200">
          <x:td id="ID_7045201" HAlignment="Left" VAlignment="Top" align="left" valign="top">8</x:td>
          <x:td id="ID_7045202" HAlignment="Left" VAlignment="Top" align="left" valign="top">
            <x:p id="ID_7045203">Remarks</x:p>
          </x:td>
          <x:td id="ID_7045204" HAlignment="Left" VAlignment="Top" align="left" valign="top">&nbsp;</x:td>
        </x:tr>
      </x:tbody>
    </x:table>
  </e:AD-2.2>
  <e:AD-2.3 id="EGLK-AD-2.3" Number="AD 2.3">
    <GreenBorder id="ID_7045206" />
    <e:Title id="ID_7045207">OPERATIONAL&nbsp;HOURS</e:Title>
    <x:table id="ID_7045209" class="">
      <x:tbody id="ID_7045210">
        <x:tr id="ID_7045211">
          <x:td id="ID_7045212" HAlignment="Left" VAlignment="Top" align="left" valign="top">1</x:td>
          <x:td id="ID_7045213" HAlignment="Left" VAlignment="Top" align="left" valign="top">
            <x:p id="ID_7045214">Aerodrome Operator</x:p>
          </x:td>
          <x:td id="ID_7045215" HAlignment="Left" VAlignment="Top" align="left" valign="top">&nbsp;</x:td>
        </x:tr>
        <x:tr id="ID_7045216">
          <x:td id="ID_7045217" HAlignment="Left" VAlignment="Top" align="left" valign="top">2</x:td>
          <x:td id="ID_7045218" HAlignment="Left" VAlignment="Top" align="left" valign="top">
            <x:p id="ID_7045219">Customs and Immigration</x:p>
          </x:td>
          <x:td id="ID_7045220" HAlignment="Left" VAlignment="Top" align="left" valign="top">
            <x:p id="ID_7045221" />
          </x:td>
        </x:tr>
        <x:tr id="ID_7045222">
          <x:td id="ID_7045223" HAlignment="Left" VAlignment="Top" align="left" valign="top">3</x:td>
          <x:td id="ID_7045224" HAlignment="Left" VAlignment="Top" align="left" valign="top">
            <x:p id="ID_7045225">Health and sanitation</x:p>
          </x:td>
          <x:td id="ID_7045226" HAlignment="Left" VAlignment="Top" align="left" valign="top">&nbsp;</x:td>
        </x:tr>
        <x:tr id="ID_7045227">
          <x:td id="ID_7045228" HAlignment="Left" VAlignment="Top" align="left" valign="top">4</x:td>
          <x:td id="ID_7045229" HAlignment="Left" VAlignment="Top" align="left" valign="top">
            <x:p id="ID_7045230">AIS Briefing Office</x:p>
          </x:td>
          <x:td id="ID_7045231" HAlignment="Left" VAlignment="Top" align="left" valign="top">&nbsp;</x:td>
        </x:tr>
        <x:tr id="ID_7045232">
          <x:td id="ID_7045233" HAlignment="Left" VAlignment="Top" align="left" valign="top">5</x:td>
          <x:td id="ID_7045234" HAlignment="Left" VAlignment="Top" align="left" valign="top">
            <x:p id="ID_7045235">ATS Reporting Office (ARO)</x:p>
          </x:td>
          <x:td id="ID_7045236" HAlignment="Left" VAlignment="Top" align="left" valign="top">&nbsp;</x:td>
        </x:tr>
        <x:tr id="ID_7045237">
          <x:td id="ID_7045238" HAlignment="Left" VAlignment="Top" align="left" valign="top">6</x:td>
          <x:td id="ID_7045239" HAlignment="Left" VAlignment="Top" align="left" valign="top">
            <x:p id="ID_7045240">MET Briefing Office</x:p>
          </x:td>
          <x:td id="ID_7045241" HAlignment="Left" VAlignment="Top" align="left" valign="top">&nbsp;</x:td>
        </x:tr>
        <x:tr id="ID_7045242">
          <x:td id="ID_7045243" HAlignment="Left" VAlignment="Top" align="left" valign="top">7</x:td>
          <x:td id="ID_7045244" HAlignment="Left" VAlignment="Top" align="left" valign="top">
            <x:p id="ID_7045245">Air Traffic Service</x:p>
          </x:td>
          <x:td id="ID_7045246" HAlignment="Left" VAlignment="Top" align="left" valign="top">&nbsp;</x:td>
        </x:tr>
        <x:tr id="ID_7045247">
          <x:td id="ID_7045248" HAlignment="Left" VAlignment="Top" align="left" valign="top">8</x:td>
          <x:td id="ID_7045249" HAlignment="Left" VAlignment="Top" align="left" valign="top">
            <x:p id="ID_7045250">Fuelling</x:p>
          </x:td>
          <x:td id="ID_7045251" HAlignment="Left" VAlignment="Top" align="left" valign="top">&nbsp;</x:td>
        </x:tr>
        <x:tr id="ID_7045252">
          <x:td id="ID_7045253" HAlignment="Left" VAlignment="Top" align="left" valign="top">9</x:td>
          <x:td id="ID_7045254" HAlignment="Left" VAlignment="Top" align="left" valign="top">
            <x:p id="ID_7045255">Handling</x:p>
          </x:td>
          <x:td id="ID_7045256" HAlignment="Left" VAlignment="Top" align="left" valign="top">&nbsp;</x:td>
        </x:tr>
        <x:tr id="ID_7045257">
          <x:td id="ID_7045258" HAlignment="Left" VAlignment="Top" align="left" valign="top">10</x:td>
          <x:td id="ID_7045259" HAlignment="Left" VAlignment="Top" align="left" valign="top">
            <x:p id="ID_7045260">Security</x:p>
          </x:td>
          <x:td id="ID_7045261" HAlignment="Left" VAlignment="Top" align="left" valign="top">&nbsp;</x:td>
        </x:tr>
        <x:tr id="ID_7045262">
          <x:td id="ID_7045263" HAlignment="Left" VAlignment="Top" align="left" valign="top">11</x:td>
          <x:td id="ID_7045264" HAlignment="Left" VAlignment="Top" align="left" valign="top">
            <x:p id="ID_7045265">De-icing</x:p>
          </x:td>
          <x:td id="ID_7045266" HAlignment="Left" VAlignment="Top" align="left" valign="top">&nbsp;</x:td>
        </x:tr>
        <x:tr id="ID_7045267">
          <x:td id="ID_7045268" HAlignment="Left" VAlignment="Top" align="left" valign="top">12</x:td>
          <x:td id="ID_7045269" HAlignment="Left" VAlignment="Top" align="left" valign="top">
            <x:p id="ID_7045270">Remarks</x:p>
          </x:td>
          <x:td id="ID_7045271" HAlignment="Left" VAlignment="Top" align="left" valign="top">&nbsp;</x:td>
        </x:tr>
      </x:tbody>
    </x:table>
  </e:AD-2.3>
  <e:AD-2.4 id="EGLK-AD-2.4" Number="AD 2.4">
    <GreenBorder id="ID_7045273" />
    <e:Title id="ID_7045274">HANDLING&nbsp;SERVICES&nbsp;AND&nbsp;FACILITIES</e:Title>
    <x:table id="ID_7045276" class="">
      <x:tbody id="ID_7045277">
        <x:tr id="ID_7045278">
          <x:td id="ID_7045279" HAlignment="Left" VAlignment="Top" align="left" valign="top">1</x:td>
          <x:td id="ID_7045280" HAlignment="Left" VAlignment="Top" align="left" valign="top">
            <x:p id="ID_7045281">Cargo handling facilities</x:p>
          </x:td>
          <x:td id="ID_7045282" HAlignment="Left" VAlignment="Top" align="left" valign="top">&nbsp;</x:td>
        </x:tr>
        <x:tr id="ID_7045283">
          <x:td id="ID_7045284" HAlignment="Left" VAlignment="Top" align="left" valign="top">2</x:td>
          <x:td id="ID_7045285" HAlignment="Left" VAlignment="Top" align="left" valign="top">
            <x:p id="ID_7045286">Fuel and oil types</x:p>
          </x:td>
          <x:td id="ID_7045287" HAlignment="Left" VAlignment="Top" align="left" valign="top">&nbsp;</x:td>
        </x:tr>
        <x:tr id="ID_7045288">
          <x:td id="ID_7045289" HAlignment="Left" VAlignment="Top" align="left" valign="top">3</x:td>
          <x:td id="ID_7045290" HAlignment="Left" VAlignment="Top" align="left" valign="top">
            <x:p id="ID_7045291">Fuelling facilities/capacity</x:p>
          </x:td>
          <x:td id="ID_7045292" HAlignment="Left" VAlignment="Top" align="left" valign="top">&nbsp;</x:td>
        </x:tr>
        <x:tr id="ID_7045293">
          <x:td id="ID_7045294" HAlignment="Left" VAlignment="Top" align="left" valign="top">4</x:td>
          <x:td id="ID_7045295" HAlignment="Left" VAlignment="Top" align="left" valign="top">
            <x:p id="ID_7045296">De-icing facilities</x:p>
          </x:td>
          <x:td id="ID_7045297" HAlignment="Left" VAlignment="Top" align="left" valign="top">&nbsp;</x:td>
        </x:tr>
        <x:tr id="ID_7045298">
          <x:td id="ID_7045299" HAlignment="Left" VAlignment="Top" align="left" valign="top">5</x:td>
          <x:td id="ID_7045300" HAlignment="Left" VAlignment="Top" align="left" valign="top">
            <x:p id="ID_7045301">Hangar space for visiting aircraft</x:p>
          </x:td>
          <x:td id="ID_7045302" HAlignment="Left" VAlignment="Top" align="left" valign="top">&nbsp;</x:td>
        </x:tr>
        <x:tr id="ID_7045303">
          <x:td id="ID_7045304" HAlignment="Left" VAlignment="Top" align="left" valign="top">6</x:td>
          <x:td id="ID_7045305" HAlignment="Left" VAlignment="Top" align="left" valign="top">
            <x:p id="ID_7045306">Repair facilities for visiting aircraft</x:p>
          </x:td>
          <x:td id="ID_7045307" HAlignment="Left" VAlignment="Top" align="left" valign="top">&nbsp;</x:td>
        </x:tr>
        <x:tr id="ID_7045308">
          <x:td id="ID_7045309" HAlignment="Left" VAlignment="Top" align="left" valign="top">7</x:td>
          <x:td id="ID_7045310" HAlignment="Left" VAlignment="Top" align="left" valign="top">
            <x:p id="ID_7045311">Remarks</x:p>
          </x:td>
          <x:td id="ID_7045312" HAlignment="Left" VAlignment="Top" align="left" valign="top">&nbsp;</x:td>
        </x:tr>
      </x:tbody>
    </x:table>
  </e:AD-2.4>
  <e:AD-2.5 id="EGLK-AD-2.5" Number="AD 2.5">
    <GreenBorder id="ID_7045314" />
    <e:Title id="ID_7045315">PASSENGER&nbsp;FACILITIES</e:Title>
    <x:table id="ID_7045317" class="">
      <x:tbody id="ID_7045318">
        <x:tr id="ID_7045319">
          <x:td id="ID_7045320" HAlignment="Left" VAlignment="Top" align="left" valign="top">1</x:td>
          <x:td id="ID_7045321" HAlignment="Left" VAlignment="Top" align="left" valign="top">
            <x:p id="ID_7045322">Hotels</x:p>
          </x:td>
          <x:td id="ID_7045323" HAlignment="Left" VAlignment="Top" align="left" valign="top">&nbsp;</x:td>
        </x:tr>
        <x:tr id="ID_7045324">
          <x:td id="ID_7045325" HAlignment="Left" VAlignment="Top" align="left" valign="top">2</x:td>
          <x:td id="ID_7045326" HAlignment="Left" VAlignment="Top" align="left" valign="top">
            <x:p id="ID_7045327">Restaurants</x:p>
          </x:td>
          <x:td id="ID_7045328" HAlignment="Left" VAlignment="Top" align="left" valign="top">&nbsp;</x:td>
        </x:tr>
        <x:tr id="ID_7045329">
          <x:td id="ID_7045330" HAlignment="Left" VAlignment="Top" align="left" valign="top">3</x:td>
          <x:td id="ID_7045331" HAlignment="Left" VAlignment="Top" align="left" valign="top">
            <x:p id="ID_7045332">Transportation</x:p>
          </x:td>
          <x:td id="ID_7045333" HAlignment="Left" VAlignment="Top" align="left" valign="top">&nbsp;</x:td>
        </x:tr>
        <x:tr id="ID_7045334">
          <x:td id="ID_7045335" HAlignment="Left" VAlignment="Top" align="left" valign="top">4</x:td>
          <x:td id="ID_7045336" HAlignment="Left" VAlignment="Top" align="left" valign="top">
            <x:p id="ID_7045337">Medical facilities</x:p>
          </x:td>
          <x:td id="ID_7045338" HAlignment="Left" VAlignment="Top" align="left" valign="top">&nbsp;</x:td>
        </x:tr>
        <x:tr id="ID_7045339">
          <x:td id="ID_7045340" HAlignment="Left" VAlignment="Top" align="left" valign="top">5</x:td>
          <x:td id="ID_7045341" HAlignment="Left" VAlignment="Top" align="left" valign="top">
            <x:p id="ID_7045342">Bank and Post Office</x:p>
          </x:td>
          <x:td id="ID_7045343" HAlignment="Left" VAlignment="Top" align="left" valign="top">&nbsp;</x:td>
        </x:tr>
        <x:tr id="ID_7045344">
          <x:td id="ID_7045345" HAlignment="Left" VAlignment="Top" align="left" valign="top">6</x:td>
          <x:td id="ID_7045346" HAlignment="Left" VAlignment="Top" align="left" valign="top">
            <x:p id="ID_7045347">Tourist Office</x:p>
          </x:td>
          <x:td id="ID_7045348" HAlignment="Left" VAlignment="Top" align="left" valign="top">&nbsp;</x:td>
        </x:tr>
        <x:tr id="ID_7045349">
          <x:td id="ID_7045350" HAlignment="Left" VAlignment="Top" align="left" valign="top">7</x:td>
          <x:td id="ID_7045351" HAlignment="Left" VAlignment="Top" align="left" valign="top">
            <x:p id="ID_7045352">Remarks</x:p>
          </x:td>
          <x:td id="ID_7045353" HAlignment="Left" VAlignment="Top" align="left" valign="top">&nbsp;</x:td>
        </x:tr>
      </x:tbody>
    </x:table>
  </e:AD-2.5>
  <e:AD-2.6 id="EGLK-AD-2.6" Number="AD 2.6">
    <GreenBorder id="ID_7045355" />
    <e:Title id="ID_7045356">RESCUE&nbsp;AND&nbsp;FIRE&nbsp;FIGHTING&nbsp;SERVICES</e:Title>
    <x:table id="ID_7045358" class="">
      <x:tbody id="ID_7045359">
        <x:tr id="ID_7045360">
          <x:td id="ID_7045361" HAlignment="Left" VAlignment="Top" align="left" valign="top">1</x:td>
          <x:td id="ID_7045362" HAlignment="Left" VAlignment="Top" align="left" valign="top">
            <x:p id="ID_7045363">AD category for fire fighting</x:p>
          </x:td>
          <x:td id="ID_7045364" HAlignment="Left" VAlignment="Top" align="left" valign="top">&nbsp;</x:td>
        </x:tr>
        <x:tr id="ID_7045365">
          <x:td id="ID_7045366" HAlignment="Left" VAlignment="Top" align="left" valign="top">2</x:td>
          <x:td id="ID_7045367" HAlignment="Left" VAlignment="Top" align="left" valign="top">
            <x:p id="ID_7045368">Rescue equipment</x:p>
          </x:td>
          <x:td id="ID_7045369" HAlignment="Left" VAlignment="Top" align="left" valign="top">&nbsp;</x:td>
        </x:tr>
        <x:tr id="ID_7045370">
          <x:td id="ID_7045371" HAlignment="Left" VAlignment="Top" align="left" valign="top">3</x:td>
          <x:td id="ID_7045372" HAlignment="Left" VAlignment="Top" align="left" valign="top">
            <x:p id="ID_7045373">Capability for removal of disabled aircraft</x:p>
          </x:td>
          <x:td id="ID_7045374" HAlignment="Left" VAlignment="Top" align="left" valign="top">&nbsp;</x:td>
        </x:tr>
        <x:tr id="ID_7045375">
          <x:td id="ID_7045376" HAlignment="Left" VAlignment="Top" align="left" valign="top">4</x:td>
          <x:td id="ID_7045377" HAlignment="Left" VAlignment="Top" align="left" valign="top">
            <x:p id="ID_7045378">Remarks</x:p>
          </x:td>
          <x:td id="ID_7045379" HAlignment="Left" VAlignment="Top" align="left" valign="top">&nbsp;</x:td>
        </x:tr>
      </x:tbody>
    </x:table>
  </e:AD-2.6>
  <e:AD-2.7 id="EGLK-AD-2.7" Number="AD 2.7">
    <GreenBorder id="ID_7045381" />
    <e:Title id="ID_7045382">SEASONAL&nbsp;AVAILABILITY&nbsp;-&nbsp;CLEARING</e:Title>
    <x:table id="ID_7045384" class="">
      <x:tbody id="ID_7045385">
        <x:tr id="ID_7045386">
          <x:td id="ID_7045387" HAlignment="Left" VAlignment="Top" align="left" valign="top">1</x:td>
          <x:td id="ID_7045388" HAlignment="Left" VAlignment="Top" align="left" valign="top">
            <x:p id="ID_7045389">Types of clearing equipment</x:p>
          </x:td>
          <x:td id="ID_7045390" HAlignment="Left" VAlignment="Top" align="left" valign="top">&nbsp;</x:td>
        </x:tr>
        <x:tr id="ID_7045391">
          <x:td id="ID_7045392" HAlignment="Left" VAlignment="Top" align="left" valign="top">2</x:td>
          <x:td id="ID_7045393" HAlignment="Left" VAlignment="Top" align="left" valign="top">
            <x:p id="ID_7045394">Clearance priorities</x:p>
          </x:td>
          <x:td id="ID_7045395" HAlignment="Left" VAlignment="Top" align="left" valign="top">&nbsp;</x:td>
        </x:tr>
        <x:tr id="ID_7045396">
          <x:td id="ID_7045397" HAlignment="Left" VAlignment="Top" align="left" valign="top">3</x:td>
          <x:td id="ID_7045398" HAlignment="Left" VAlignment="Top" align="left" valign="top">
            <x:p id="ID_7045399">Remarks</x:p>
          </x:td>
          <x:td id="ID_7045400" HAlignment="Left" VAlignment="Top" align="left" valign="top">&nbsp;</x:td>
        </x:tr>
      </x:tbody>
    </x:table>
  </e:AD-2.7>
  <e:AD-2.8 id="EGLK-AD-2.8" Number="AD 2.8">
    <GreenBorder id="ID_7045402" />
    <e:Title id="ID_7045403">APRONS,&nbsp;TAXIWAYS&nbsp;AND&nbsp;CHECK&nbsp;LOCATIONS/POSITIONS&nbsp;DATA</e:Title>
    <x:table id="ID_7045405" class="">
      <x:tbody id="ID_7045406">
        <x:tr id="ID_7045407">
          <x:td id="ID_7045408" HAlignment="Left" VAlignment="Top" align="left" valign="top">1</x:td>
          <x:td id="ID_7045409" HAlignment="Left" VAlignment="Top" align="left" valign="top">
            <x:p id="ID_7045410">Apron surface and strength</x:p>
          </x:td>
          <x:td id="ID_7045411" HAlignment="Left" VAlignment="Top" align="left" valign="top">&nbsp;</x:td>
        </x:tr>
        <x:tr id="ID_7045412">
          <x:td id="ID_7045413" HAlignment="Left" VAlignment="Top" align="left" valign="top">2</x:td>
          <x:td id="ID_7045414" HAlignment="Left" VAlignment="Top" align="left" valign="top">
            <x:p id="ID_7045415">Taxiway width, surface and strength</x:p>
          </x:td>
          <x:td id="ID_7045416" HAlignment="Left" VAlignment="Top" align="left" valign="top">&nbsp;</x:td>
        </x:tr>
        <x:tr id="ID_7045417">
          <x:td id="ID_7045418" HAlignment="Left" VAlignment="Top" align="left" valign="top">3</x:td>
          <x:td id="ID_7045419" HAlignment="Left" VAlignment="Top" align="left" valign="top">
            <x:p id="ID_7045420">Altimeter checkpoint location and elevation</x:p>
          </x:td>
          <x:td id="ID_7045421" HAlignment="Left" VAlignment="Top" align="left" valign="top">&nbsp;</x:td>
        </x:tr>
        <x:tr id="ID_7045422">
          <x:td id="ID_7045423" HAlignment="Left" VAlignment="Top" align="left" valign="top">4</x:td>
          <x:td id="ID_7045424" HAlignment="Left" VAlignment="Top" align="left" valign="top">
            <x:p id="ID_7045425">VOR checkpoints</x:p>
          </x:td>
          <x:td id="ID_7045426" HAlignment="Left" VAlignment="Top" align="left" valign="top">&nbsp;</x:td>
        </x:tr>
        <x:tr id="ID_7045427">
          <x:td id="ID_7045428" HAlignment="Left" VAlignment="Top" align="left" valign="top">5</x:td>
          <x:td id="ID_7045429" HAlignment="Left" VAlignment="Top" align="left" valign="top">
            <x:p id="ID_7045430">INS checkpoints</x:p>
          </x:td>
          <x:td id="ID_7045431" HAlignment="Left" VAlignment="Top" align="left" valign="top">&nbsp;</x:td>
        </x:tr>
        <x:tr id="ID_7045432">
          <x:td id="ID_7045433" HAlignment="Left" VAlignment="Top" align="left" valign="top">6</x:td>
          <x:td id="ID_7045434" HAlignment="Left" VAlignment="Top" align="left" valign="top">
            <x:p id="ID_7045435">Remarks</x:p>
          </x:td>
          <x:td id="ID_7045436" HAlignment="Left" VAlignment="Top" align="left" valign="top">&nbsp;</x:td>
        </x:tr>
      </x:tbody>
    </x:table>
  </e:AD-2.8>
  <e:AD-2.9 id="EGLK-AD-2.9" Number="AD 2.9">
    <GreenBorder id="ID_7045438" />
    <e:Title id="ID_7045439">SURFACE&nbsp;MOVEMENT&nbsp;GUIDANCE&nbsp;AND&nbsp;CONTROL&nbsp;SYSTEM&nbsp;AND&nbsp;MARKINGS</e:Title>
    <x:table id="ID_7045441" class="">
      <x:tbody id="ID_7045442">
        <x:tr id="ID_7045443">
          <x:td id="ID_7045444" HAlignment="Left" VAlignment="Top" align="left" valign="top">1</x:td>
          <x:td id="ID_7045445" HAlignment="Left" VAlignment="Top" align="left" valign="top">
            <x:p id="ID_7045446">Use of aircraft stand ID signs, TWY guide lines and visual docking/parking guidance system of aircraft stands</x:p>
          </x:td>
          <x:td id="ID_7045447" HAlignment="Left" VAlignment="Top" align="left" valign="top">&nbsp;</x:td>
        </x:tr>
        <x:tr id="ID_7045448">
          <x:td id="ID_7045449" HAlignment="Left" VAlignment="Top" align="left" valign="top">2</x:td>
          <x:td id="ID_7045450" HAlignment="Left" VAlignment="Top" align="left" valign="top">
            <x:p id="ID_7045451">Runway and taxiway markings and lighting</x:p>
          </x:td>
          <x:td id="ID_7045452" HAlignment="Left" VAlignment="Top" align="left" valign="top">&nbsp;</x:td>
        </x:tr>
        <x:tr id="ID_7045453">
          <x:td id="ID_7045454" HAlignment="Left" VAlignment="Top" align="left" valign="top">3</x:td>
          <x:td id="ID_7045455" HAlignment="Left" VAlignment="Top" align="left" valign="top">
            <x:p id="ID_7045456">Stop bars</x:p>
          </x:td>
          <x:td id="ID_7045457" HAlignment="Left" VAlignment="Top" align="left" valign="top">&nbsp;</x:td>
        </x:tr>
        <x:tr id="ID_7045458">
          <x:td id="ID_7045459" HAlignment="Left" VAlignment="Top" align="left" valign="top">4</x:td>
          <x:td id="ID_7045460" HAlignment="Left" VAlignment="Top" align="left" valign="top">
            <x:p id="ID_7045461">Remarks</x:p>
          </x:td>
          <x:td id="ID_7045462" HAlignment="Left" VAlignment="Top" align="left" valign="top">&nbsp;</x:td>
        </x:tr>
      </x:tbody>
    </x:table>
  </e:AD-2.9>
  <e:AD-2.10 id="EGLK-AD-2.10" Number="AD 2.10">
    <GreenBorder id="ID_7045464" />
    <e:Title id="ID_7045465">AERODROME&nbsp;OBSTACLES</e:Title>
    <x:table id="ID_7045467" class="">
      <x:thead id="ID_7045468">
        <x:tr id="ID_7045469">
          <x:th id="ID_7045470" HAlignment="Center" VAlignment="Top" colspan="6" align="center" valign="top">
            <x:p id="ID_7045471">In Approach/Take-off areas</x:p>
          </x:th>
        </x:tr>
        <x:tr id="ID_7045472">
          <x:th id="ID_7045473" HAlignment="Left" VAlignment="Top" align="left" valign="top">
            <x:p id="ID_7045474">Obstacle ID/Designation</x:p>
          </x:th>
          <x:th id="ID_7045475" HAlignment="Left" VAlignment="Top" align="left" valign="top">
            <x:p id="ID_7045476">Obstacle Type</x:p>
          </x:th>
          <x:th id="ID_7045477" HAlignment="Left" VAlignment="Top" align="left" valign="top">
            <x:p id="ID_7045478">Obstacle Position</x:p>
          </x:th>
          <x:th id="ID_7045479" HAlignment="Left" VAlignment="Top" align="left" valign="top">
            <x:p id="ID_7045480">Elevation/Height</x:p>
          </x:th>
          <x:th id="ID_7045481" HAlignment="Left" VAlignment="Top" align="left" valign="top">
            <x:p id="ID_7045482">Obstruction Lighting Type/Colour</x:p>
          </x:th>
          <x:th id="ID_7045483" HAlignment="Left" VAlignment="Top" align="left" valign="top">
            <x:p id="ID_7045484">Remarks</x:p>
          </x:th>
        </x:tr>
        <x:tr id="ID_7045485">
          <x:th id="ID_7045486" HAlignment="Left" VAlignment="Top" align="left" valign="top">1</x:th>
          <x:th id="ID_7045487" HAlignment="Left" VAlignment="Top" align="left" valign="top">2</x:th>
          <x:th id="ID_7045488" HAlignment="Left" VAlignment="Top" align="left" valign="top">3</x:th>
          <x:th id="ID_7045489" HAlignment="Left" VAlignment="Top" align="left" valign="top">4</x:th>
          <x:th id="ID_7045490" HAlignment="Left" VAlignment="Top" align="left" valign="top">5</x:th>
          <x:th id="ID_7045491" HAlignment="Left" VAlignment="Top" align="left" valign="top">6</x:th>
        </x:tr>
      </x:thead>
      <x:tbody id="ID_7045492">
        <x:tr id="ID_7045493">
          <x:td id="ID_7045494" HAlignment="Left" VAlignment="Top" align="left" valign="top">&nbsp;</x:td>
          <x:td id="ID_7045495" HAlignment="Left" VAlignment="Top" align="left" valign="top">&nbsp;</x:td>
          <x:td id="ID_7045496" HAlignment="Left" VAlignment="Top" align="left" valign="top">&nbsp;</x:td>
          <x:td id="ID_7045497" HAlignment="Left" VAlignment="Top" align="left" valign="top">&nbsp;</x:td>
          <x:td id="ID_7045498" HAlignment="Left" VAlignment="Top" align="left" valign="top">&nbsp;</x:td>
          <x:td id="ID_7045499" HAlignment="Left" VAlignment="Top" align="left" valign="top">&nbsp;</x:td>
        </x:tr>
      </x:tbody>
    </x:table>
    <x:table id="ID_7045501" class="">
      <x:thead id="ID_7045502">
        <x:tr id="ID_7045503">
          <x:th id="ID_7045504" HAlignment="Center" VAlignment="Top" colspan="6" align="center" valign="top">
            <x:p id="ID_7045505">In circling area and at aerodrome</x:p>
          </x:th>
        </x:tr>
        <x:tr id="ID_7045506">
          <x:th id="ID_7045507" HAlignment="Left" VAlignment="Top" align="left" valign="top">
            <x:p id="ID_7045508">Obstacle ID/Designation</x:p>
          </x:th>
          <x:th id="ID_7045509" HAlignment="Left" VAlignment="Top" align="left" valign="top">
            <x:p id="ID_7045510">Obstacle Type</x:p>
          </x:th>
          <x:th id="ID_7045511" HAlignment="Left" VAlignment="Top" align="left" valign="top">
            <x:p id="ID_7045512">Obstacle Position</x:p>
          </x:th>
          <x:th id="ID_7045513" HAlignment="Left" VAlignment="Top" align="left" valign="top">
            <x:p id="ID_7045514">Elevation/Height</x:p>
          </x:th>
          <x:th id="ID_7045515" HAlignment="Left" VAlignment="Top" align="left" valign="top">
            <x:p id="ID_7045516">Obstruction Lighting Type/Colour</x:p>
          </x:th>
          <x:th id="ID_7045517" HAlignment="Left" VAlignment="Top" align="left" valign="top">
            <x:p id="ID_7045518">Remarks</x:p>
          </x:th>
        </x:tr>
        <x:tr id="ID_7045519">
          <x:th id="ID_7045520" HAlignment="Left" VAlignment="Top" align="left" valign="top">1</x:th>
          <x:th id="ID_7045521" HAlignment="Left" VAlignment="Top" align="left" valign="top">2</x:th>
          <x:th id="ID_7045522" HAlignment="Left" VAlignment="Top" align="left" valign="top">3</x:th>
          <x:th id="ID_7045523" HAlignment="Left" VAlignment="Top" align="left" valign="top">4</x:th>
          <x:th id="ID_7045524" HAlignment="Left" VAlignment="Top" align="left" valign="top">5</x:th>
          <x:th id="ID_7045525" HAlignment="Left" VAlignment="Top" align="left" valign="top">6</x:th>
        </x:tr>
      </x:thead>
      <x:tbody id="ID_7045526">
        <x:tr id="ID_7045527">
          <x:td id="ID_7045528" HAlignment="Left" VAlignment="Top" align="left" valign="top">&nbsp;</x:td>
          <x:td id="ID_7045529" HAlignment="Left" VAlignment="Top" align="left" valign="top">&nbsp;</x:td>
          <x:td id="ID_7045530" HAlignment="Left" VAlignment="Top" align="left" valign="top">&nbsp;</x:td>
          <x:td id="ID_7045531" HAlignment="Left" VAlignment="Top" align="left" valign="top">&nbsp;</x:td>
          <x:td id="ID_7045532" HAlignment="Left" VAlignment="Top" align="left" valign="top">&nbsp;</x:td>
          <x:td id="ID_7045533" HAlignment="Left" VAlignment="Top" align="left" valign="top">&nbsp;</x:td>
        </x:tr>
      </x:tbody>
    </x:table>
  </e:AD-2.10>
  <e:AD-2.11 id="EGLK-AD-2.11" Number="AD 2.11">
    <GreenBorder id="ID_7045535" />
    <e:Title id="ID_7045536">METEOROLOGICAL&nbsp;INFORMATION&nbsp;PROVIDED</e:Title>
    <x:table id="ID_7045538" class="">
      <x:tbody id="ID_7045539">
        <x:tr id="ID_7045540">
          <x:td id="ID_7045541" HAlignment="Left" VAlignment="Top" align="left" valign="top">1</x:td>
          <x:td id="ID_7045542" HAlignment="Left" VAlignment="Top" align="left" valign="top">
            <x:p id="ID_7045543">Associated MET Office</x:p>
          </x:td>
          <x:td id="ID_7045544" HAlignment="Left" VAlignment="Top" align="left" valign="top">&nbsp;</x:td>
        </x:tr>
        <x:tr id="ID_7045545">
          <x:td id="ID_7045546" HAlignment="Left" VAlignment="Top" align="left" valign="top">2</x:td>
          <x:td id="ID_7045547" HAlignment="Left" VAlignment="Top" align="left" valign="top">
            <x:p id="ID_7045548">Hours of service</x:p>
            <x:p id="ID_7045549">MET Office outside hours</x:p>
          </x:td>
          <x:td id="ID_7045550" HAlignment="Left" VAlignment="Top" align="left" valign="top">&nbsp;</x:td>
        </x:tr>
        <x:tr id="ID_7045551">
          <x:td id="ID_7045552" HAlignment="Left" VAlignment="Top" align="left" valign="top">3</x:td>
          <x:td id="ID_7045553" HAlignment="Left" VAlignment="Top" align="left" valign="top">
            <x:p id="ID_7045554">Office responsible for TAF preparation</x:p>
            <x:p id="ID_7045555">Periods of validity</x:p>
          </x:td>
          <x:td id="ID_7045556" HAlignment="Left" VAlignment="Top" align="left" valign="top">&nbsp;</x:td>
        </x:tr>
        <x:tr id="ID_7045557">
          <x:td id="ID_7045558" HAlignment="Left" VAlignment="Top" align="left" valign="top">4</x:td>
          <x:td id="ID_7045559" HAlignment="Left" VAlignment="Top" align="left" valign="top">
            <x:p id="ID_7045560">Trend forecast</x:p>
            <x:p id="ID_7045561">Interval of issuance</x:p>
          </x:td>
          <x:td id="ID_7045562" HAlignment="Left" VAlignment="Top" align="left" valign="top">&nbsp;</x:td>
        </x:tr>
        <x:tr id="ID_7045563">
          <x:td id="ID_7045564" HAlignment="Left" VAlignment="Top" align="left" valign="top">5</x:td>
          <x:td id="ID_7045565" HAlignment="Left" VAlignment="Top" align="left" valign="top">
            <x:p id="ID_7045566">Briefing/consultation provided</x:p>
          </x:td>
          <x:td id="ID_7045567" HAlignment="Left" VAlignment="Top" align="left" valign="top">&nbsp;</x:td>
        </x:tr>
        <x:tr id="ID_7045568">
          <x:td id="ID_7045569" HAlignment="Left" VAlignment="Top" align="left" valign="top">6</x:td>
          <x:td id="ID_7045570" HAlignment="Left" VAlignment="Top" align="left" valign="top">
            <x:p id="ID_7045571">Flight documentation</x:p>
            <x:p id="ID_7045572">Language(s) used</x:p>
          </x:td>
          <x:td id="ID_7045573" HAlignment="Left" VAlignment="Top" align="left" valign="top">&nbsp;</x:td>
        </x:tr>
        <x:tr id="ID_7045574">
          <x:td id="ID_7045575" HAlignment="Left" VAlignment="Top" align="left" valign="top">7</x:td>
          <x:td id="ID_7045576" HAlignment="Left" VAlignment="Top" align="left" valign="top">
            <x:p id="ID_7045577">Charts and other information available for briefing or consultation</x:p>
          </x:td>
          <x:td id="ID_7045578" HAlignment="Left" VAlignment="Top" align="left" valign="top">&nbsp;</x:td>
        </x:tr>
        <x:tr id="ID_7045579">
          <x:td id="ID_7045580" HAlignment="Left" VAlignment="Top" align="left" valign="top">8</x:td>
          <x:td id="ID_7045581" HAlignment="Left" VAlignment="Top" align="left" valign="top">
            <x:p id="ID_7045582">Supplementary equipment available for providing information</x:p>
          </x:td>
          <x:td id="ID_7045583" HAlignment="Left" VAlignment="Top" align="left" valign="top">&nbsp;</x:td>
        </x:tr>
        <x:tr id="ID_7045584">
          <x:td id="ID_7045585" HAlignment="Left" VAlignment="Top" align="left" valign="top">9</x:td>
          <x:td id="ID_7045586" HAlignment="Left" VAlignment="Top" align="left" valign="top">
            <x:p id="ID_7045587">ATS units provided with information</x:p>
          </x:td>
          <x:td id="ID_7045588" HAlignment="Left" VAlignment="Top" align="left" valign="top">&nbsp;</x:td>
        </x:tr>
        <x:tr id="ID_7045589">
          <x:td id="ID_7045590" HAlignment="Left" VAlignment="Top" align="left" valign="top">10</x:td>
          <x:td id="ID_7045591" HAlignment="Left" VAlignment="Top" align="left" valign="top">
            <x:p id="ID_7045592">Additional information (limitation of service, etc.)</x:p>
          </x:td>
          <x:td id="ID_7045593" HAlignment="Left" VAlignment="Top" align="left" valign="top">&nbsp;</x:td>
        </x:tr>
      </x:tbody>
    </x:table>
  </e:AD-2.11>
  <e:AD-2.12 id="EGLK-AD-2.12" Number="AD 2.12">
    <GreenBorder id="ID_7045595" />
    <e:Title id="ID_7045596">RUNWAY&nbsp;PHYSICAL&nbsp;CHARACTERISTICS</e:Title>
    <x:table id="ID_7045598" class="">
      <x:thead id="ID_7045599">
        <x:tr id="ID_7045600">
          <x:th id="ID_7045601" HAlignment="Left" VAlignment="Top" align="left" valign="top">
            <x:p id="ID_7045602">Designations RWY Number</x:p>
          </x:th>
          <x:th id="ID_7045603" HAlignment="Left" VAlignment="Top" align="left" valign="top">
            <x:p id="ID_7045604">True bearing</x:p>
          </x:th>
          <x:th id="ID_7045605" HAlignment="Left" VAlignment="Top" align="left" valign="top">
            <x:p id="ID_7045606">Dimensions of RWY</x:p>
          </x:th>
          <x:th id="ID_7045607" HAlignment="Left" VAlignment="Top" align="left" valign="top">
            <x:p id="ID_7045608">Surface of RWY/ SWY/ </x:p>
            <x:p id="ID_7045609">Strength (PCN)</x:p>
          </x:th>
          <x:th id="ID_7045610" HAlignment="Left" VAlignment="Top" align="left" valign="top">
            <x:p id="ID_7045611">THR co-ordinates/</x:p>
            <x:p id="ID_7045612">THR Geoid undulation</x:p>
          </x:th>
          <x:th id="ID_7045613" HAlignment="Left" VAlignment="Top" align="left" valign="top">
            <x:p id="ID_7045614">THR elevation/ Highest elevation of TDZ of precision APP RWY</x:p>
          </x:th>
        </x:tr>
        <x:tr id="ID_7045615">
          <x:th id="ID_7045616" HAlignment="Left" VAlignment="Top" align="left" valign="top">1</x:th>
          <x:th id="ID_7045617" HAlignment="Left" VAlignment="Top" align="left" valign="top">2</x:th>
          <x:th id="ID_7045618" HAlignment="Left" VAlignment="Top" align="left" valign="top">3</x:th>
          <x:th id="ID_7045619" HAlignment="Left" VAlignment="Top" align="left" valign="top">4</x:th>
          <x:th id="ID_7045620" HAlignment="Left" VAlignment="Top" align="left" valign="top">5</x:th>
          <x:th id="ID_7045621" HAlignment="Left" VAlignment="Top" align="left" valign="top">6</x:th>
        </x:tr>
      </x:thead>
      <x:tbody id="ID_7045622">
        <x:tr id="ID_7045623">
          <x:td id="ID_7045624" HAlignment="Left" VAlignment="Top" align="left" valign="top">&nbsp;</x:td>
          <x:td id="ID_7045625" HAlignment="Left" VAlignment="Top" align="left" valign="top">&nbsp;</x:td>
          <x:td id="ID_7045626" HAlignment="Left" VAlignment="Top" align="left" valign="top">&nbsp;</x:td>
          <x:td id="ID_7045627" HAlignment="Left" VAlignment="Top" align="left" valign="top">&nbsp;</x:td>
          <x:td id="ID_7045628" HAlignment="Left" VAlignment="Top" align="left" valign="top">&nbsp;</x:td>
          <x:td id="ID_7045629" HAlignment="Left" VAlignment="Top" align="left" valign="top">&nbsp;</x:td>
        </x:tr>
        <x:tr id="ID_7045630">
          <x:td id="ID_7045631" HAlignment="Left" VAlignment="Top" align="left" valign="top">&nbsp;</x:td>
          <x:td id="ID_7045632" HAlignment="Left" VAlignment="Top" align="left" valign="top">&nbsp;</x:td>
          <x:td id="ID_7045633" HAlignment="Left" VAlignment="Top" align="left" valign="top">&nbsp;</x:td>
          <x:td id="ID_7045634" HAlignment="Left" VAlignment="Top" align="left" valign="top">&nbsp;</x:td>
          <x:td id="ID_7045635" HAlignment="Left" VAlignment="Top" align="left" valign="top">&nbsp;</x:td>
          <x:td id="ID_7045636" HAlignment="Left" VAlignment="Top" align="left" valign="top">&nbsp;</x:td>
        </x:tr>
      </x:tbody>
    </x:table>
    <x:table id="ID_7045638" class="">
      <x:thead id="ID_7045639">
        <x:tr id="ID_7045640">
          <x:th id="ID_7045641" HAlignment="Left" VAlignment="Top" colspan="3" align="left" valign="top">
            <x:p id="ID_7045642">Slope of RWY/</x:p>
            <x:p id="ID_7045643">SWY</x:p>
          </x:th>
          <x:th id="ID_7045644" HAlignment="Left" VAlignment="Top" align="left" valign="top">
            <x:p id="ID_7045645">SWY dimensions</x:p>
          </x:th>
          <x:th id="ID_7045646" HAlignment="Left" VAlignment="Top" align="left" valign="top">
            <x:p id="ID_7045647">Clearway dimensions</x:p>
          </x:th>
          <x:th id="ID_7045648" HAlignment="Left" VAlignment="Top" align="left" valign="top">
            <x:p id="ID_7045649">Strip dimensions</x:p>
          </x:th>
          <x:th id="ID_7045650" HAlignment="Left" VAlignment="Top" align="left" valign="top">
            <x:p id="ID_7045651">OFZ</x:p>
          </x:th>
          <x:th id="ID_7045652" HAlignment="Left" VAlignment="Top" align="left" valign="top">
            <x:p id="ID_7045653">Remarks</x:p>
          </x:th>
        </x:tr>
        <x:tr id="ID_7045654">
          <x:th id="ID_7045655" HAlignment="Left" VAlignment="Top" colspan="3" align="left" valign="top">7</x:th>
          <x:th id="ID_7045656" HAlignment="Left" VAlignment="Top" align="left" valign="top">8</x:th>
          <x:th id="ID_7045657" HAlignment="Left" VAlignment="Top" align="left" valign="top">9</x:th>
          <x:th id="ID_7045658" HAlignment="Left" VAlignment="Top" align="left" valign="top">10</x:th>
          <x:th id="ID_7045659" HAlignment="Left" VAlignment="Top" align="left" valign="top">11</x:th>
          <x:th id="ID_7045660" HAlignment="Left" VAlignment="Top" align="left" valign="top">12</x:th>
        </x:tr>
      </x:thead>
      <x:tbody id="ID_7045661">
        <x:tr id="ID_7045662">
          <x:td id="ID_7045663" HAlignment="Left" VAlignment="Top" colspan="3" align="left" valign="top">&nbsp;</x:td>
          <x:td id="ID_7045664" HAlignment="Left" VAlignment="Top" align="left" valign="top">&nbsp;</x:td>
          <x:td id="ID_7045665" HAlignment="Left" VAlignment="Top" align="left" valign="top">&nbsp;</x:td>
          <x:td id="ID_7045666" HAlignment="Left" VAlignment="Top" align="left" valign="top">&nbsp;</x:td>
          <x:td id="ID_7045667" HAlignment="Left" VAlignment="Top" align="left" valign="top">&nbsp;</x:td>
          <x:td id="ID_7045668" HAlignment="Left" VAlignment="Top" align="left" valign="top">&nbsp;</x:td>
        </x:tr>
        <x:tr id="ID_7045669">
          <x:td id="ID_7045670" HAlignment="Left" VAlignment="Top" colspan="3" align="left" valign="top">&nbsp;</x:td>
          <x:td id="ID_7045671" HAlignment="Left" VAlignment="Top" align="left" valign="top">&nbsp;</x:td>
          <x:td id="ID_7045672" HAlignment="Left" VAlignment="Top" align="left" valign="top">&nbsp;</x:td>
          <x:td id="ID_7045673" HAlignment="Left" VAlignment="Top" align="left" valign="top">&nbsp;</x:td>
          <x:td id="ID_7045674" HAlignment="Left" VAlignment="Top" align="left" valign="top">&nbsp;</x:td>
          <x:td id="ID_7045675" HAlignment="Left" VAlignment="Top" align="left" valign="top">&nbsp;</x:td>
        </x:tr>
      </x:tbody>
    </x:table>
  </e:AD-2.12>
  <e:AD-2.13 id="EGLK-AD-2.13" Number="AD 2.13">
    <GreenBorder id="ID_7045677" />
    <e:Title id="ID_7045678">DECLARED&nbsp;DISTANCES</e:Title>
    <x:table id="ID_7045680" class="">
      <x:thead id="ID_7045681">
        <x:tr id="ID_7045682">
          <x:th id="ID_7045683" HAlignment="Left" VAlignment="Top" align="left" valign="top">
            <x:p id="ID_7045684">Runway designator</x:p>
          </x:th>
          <x:th id="ID_7045685" HAlignment="Left" VAlignment="Top" align="left" valign="top">
            <x:p id="ID_7045686">TORA</x:p>
          </x:th>
          <x:th id="ID_7045687" HAlignment="Left" VAlignment="Top" align="left" valign="top">
            <x:p id="ID_7045688">TODA</x:p>
          </x:th>
          <x:th id="ID_7045689" HAlignment="Left" VAlignment="Top" align="left" valign="top">
            <x:p id="ID_7045690">ASDA</x:p>
          </x:th>
          <x:th id="ID_7045691" HAlignment="Left" VAlignment="Top" align="left" valign="top">
            <x:p id="ID_7045692">LDA</x:p>
          </x:th>
          <x:th id="ID_7045693" HAlignment="Left" VAlignment="Top" align="left" valign="top">
            <x:p id="ID_7045694">Remarks</x:p>
          </x:th>
        </x:tr>
        <x:tr id="ID_7045695">
          <x:th id="ID_7045696" HAlignment="Left" VAlignment="Top" align="left" valign="top">1</x:th>
          <x:th id="ID_7045697" HAlignment="Left" VAlignment="Top" align="left" valign="top">2</x:th>
          <x:th id="ID_7045698" HAlignment="Left" VAlignment="Top" align="left" valign="top">3</x:th>
          <x:th id="ID_7045699" HAlignment="Left" VAlignment="Top" align="left" valign="top">4</x:th>
          <x:th id="ID_7045700" HAlignment="Left" VAlignment="Top" align="left" valign="top">5</x:th>
          <x:th id="ID_7045701" HAlignment="Left" VAlignment="Top" align="left" valign="top">6</x:th>
        </x:tr>
      </x:thead>
      <x:tbody id="ID_7045702">
        <x:tr id="ID_7045703">
          <x:td id="ID_7045704" HAlignment="Left" VAlignment="Top" align="left" valign="top">&nbsp;</x:td>
          <x:td id="ID_7045705" HAlignment="Left" VAlignment="Top" align="left" valign="top">&nbsp;</x:td>
          <x:td id="ID_7045706" HAlignment="Left" VAlignment="Top" align="left" valign="top">&nbsp;</x:td>
          <x:td id="ID_7045707" HAlignment="Left" VAlignment="Top" align="left" valign="top">&nbsp;</x:td>
          <x:td id="ID_7045708" HAlignment="Left" VAlignment="Top" align="left" valign="top">&nbsp;</x:td>
          <x:td id="ID_7045709" HAlignment="Left" VAlignment="Top" align="left" valign="top">&nbsp;</x:td>
        </x:tr>
        <x:tr id="ID_7045710">
          <x:td id="ID_7045711" HAlignment="Left" VAlignment="Top" align="left" valign="top">&nbsp;</x:td>
          <x:td id="ID_7045712" HAlignment="Left" VAlignment="Top" align="left" valign="top">&nbsp;</x:td>
          <x:td id="ID_7045713" HAlignment="Left" VAlignment="Top" align="left" valign="top">&nbsp;</x:td>
          <x:td id="ID_7045714" HAlignment="Left" VAlignment="Top" align="left" valign="top">&nbsp;</x:td>
          <x:td id="ID_7045715" HAlignment="Left" VAlignment="Top" align="left" valign="top">&nbsp;</x:td>
          <x:td id="ID_7045716" HAlignment="Left" VAlignment="Top" align="left" valign="top">&nbsp;</x:td>
        </x:tr>
      </x:tbody>
    </x:table>
  </e:AD-2.13>
  <e:AD-2.14 id="EGLK-AD-2.14" Number="AD 2.14">
    <GreenBorder id="ID_7045718" />
    <e:Title id="ID_7045719">APPROACH&nbsp;AND&nbsp;RUNWAY&nbsp;LIGHTING</e:Title>
    <x:table id="ID_7045721" class="">
      <x:thead id="ID_7045722">
        <x:tr id="ID_7045723">
          <x:th id="ID_7045724" HAlignment="Left" VAlignment="Top" align="left" valign="top">
            <x:p id="ID_7045725">RWY</x:p>
          </x:th>
          <x:th id="ID_7045726" HAlignment="Left" VAlignment="Top" align="left" valign="top">
            <x:p id="ID_7045727">Approach Lighting Type/</x:p>
            <x:p id="ID_7045728">Length/</x:p>
            <x:p id="ID_7045729">Intensity</x:p>
          </x:th>
          <x:th id="ID_7045730" HAlignment="Left" VAlignment="Top" align="left" valign="top">
            <x:p id="ID_7045731">Threshold lighting</x:p>
            <x:p id="ID_7045732">Colour/ </x:p>
            <x:p id="ID_7045733">Wing bars</x:p>
          </x:th>
          <x:th id="ID_7045734" HAlignment="Left" VAlignment="Top" align="left" valign="top">
            <x:p id="ID_7045735">VASIS/</x:p>
            <x:p id="ID_7045736">MEHT/</x:p>
            <x:p id="ID_7045737">PAPI</x:p>
          </x:th>
          <x:th id="ID_7045738" HAlignment="Left" VAlignment="Top" align="left" valign="top">
            <x:p id="ID_7045739">TDZ lighting</x:p>
            <x:p id="ID_7045740">Length</x:p>
          </x:th>
          <x:th id="ID_7045741" HAlignment="Left" VAlignment="Top" align="left" valign="top">
            <x:p id="ID_7045742">Runway Centre Line lighting</x:p>
            <x:p id="ID_7045743">Length/</x:p>
            <x:p id="ID_7045744">Spacing/</x:p>
            <x:p id="ID_7045745">Colour/</x:p>
            <x:p id="ID_7045746">Intensity</x:p>
          </x:th>
          <x:th id="ID_7045747" HAlignment="Left" VAlignment="Top" align="left" valign="top">
            <x:p id="ID_7045748">Runway edge lighting</x:p>
            <x:p id="ID_7045749">Length/</x:p>
            <x:p id="ID_7045750">Spacing/</x:p>
            <x:p id="ID_7045751">Colour/</x:p>
            <x:p id="ID_7045752">Intensity</x:p>
          </x:th>
          <x:th id="ID_7045753" HAlignment="Left" VAlignment="Top" align="left" valign="top">
            <x:p id="ID_7045754">Runway end lighting</x:p>
            <x:p id="ID_7045755">Colour/</x:p>
            <x:p id="ID_7045756">Wing bars</x:p>
          </x:th>
          <x:th id="ID_7045757" HAlignment="Left" VAlignment="Top" align="left" valign="top">
            <x:p id="ID_7045758">Stopway lighting</x:p>
            <x:p id="ID_7045759">Length/</x:p>
            <x:p id="ID_7045760">Colour</x:p>
          </x:th>
          <x:th id="ID_7045761" HAlignment="Left" VAlignment="Top" align="left" valign="top">
            <x:p id="ID_7045762">Remarks</x:p>
          </x:th>
        </x:tr>
        <x:tr id="ID_7045763">
          <x:th id="ID_7045764" HAlignment="Left" VAlignment="Top" align="left" valign="top">1</x:th>
          <x:th id="ID_7045765" HAlignment="Left" VAlignment="Top" align="left" valign="top">2</x:th>
          <x:th id="ID_7045766" HAlignment="Left" VAlignment="Top" align="left" valign="top">3</x:th>
          <x:th id="ID_7045767" HAlignment="Left" VAlignment="Top" align="left" valign="top">4</x:th>
          <x:th id="ID_7045768" HAlignment="Left" VAlignment="Top" align="left" valign="top">5</x:th>
          <x:th id="ID_7045769" HAlignment="Left" VAlignment="Top" align="left" valign="top">6</x:th>
          <x:th id="ID_7045770" HAlignment="Left" VAlignment="Top" align="left" valign="top">7</x:th>
          <x:th id="ID_7045771" HAlignment="Left" VAlignment="Top" align="left" valign="top">8</x:th>
          <x:th id="ID_7045772" HAlignment="Left" VAlignment="Top" align="left" valign="top">9</x:th>
          <x:th id="ID_7045773" HAlignment="Left" VAlignment="Top" align="left" valign="top">10</x:th>
        </x:tr>
      </x:thead>
      <x:tbody id="ID_7045774">
        <x:tr id="ID_7045775">
          <x:td id="ID_7045776" HAlignment="Left" VAlignment="Top" align="left" valign="top">&nbsp;</x:td>
          <x:td id="ID_7045777" HAlignment="Left" VAlignment="Top" align="left" valign="top">&nbsp;</x:td>
          <x:td id="ID_7045778" HAlignment="Left" VAlignment="Top" align="left" valign="top">&nbsp;</x:td>
          <x:td id="ID_7045779" HAlignment="Left" VAlignment="Top" align="left" valign="top">&nbsp;</x:td>
          <x:td id="ID_7045780" HAlignment="Left" VAlignment="Top" align="left" valign="top">&nbsp;</x:td>
          <x:td id="ID_7045781" HAlignment="Left" VAlignment="Top" align="left" valign="top">&nbsp;</x:td>
          <x:td id="ID_7045782" HAlignment="Left" VAlignment="Top" align="left" valign="top">&nbsp;</x:td>
          <x:td id="ID_7045783" HAlignment="Left" VAlignment="Top" align="left" valign="top">&nbsp;</x:td>
          <x:td id="ID_7045784" HAlignment="Left" VAlignment="Top" align="left" valign="top">&nbsp;</x:td>
          <x:td id="ID_7045785" HAlignment="Left" VAlignment="Top" align="left" valign="top">&nbsp;</x:td>
        </x:tr>
        <x:tr id="ID_7045786">
          <x:td id="ID_7045787" HAlignment="Left" VAlignment="Top" align="left" valign="top">&nbsp;</x:td>
          <x:td id="ID_7045788" HAlignment="Left" VAlignment="Top" align="left" valign="top">&nbsp;</x:td>
          <x:td id="ID_7045789" HAlignment="Left" VAlignment="Top" align="left" valign="top">&nbsp;</x:td>
          <x:td id="ID_7045790" HAlignment="Left" VAlignment="Top" align="left" valign="top">&nbsp;</x:td>
          <x:td id="ID_7045791" HAlignment="Left" VAlignment="Top" align="left" valign="top">&nbsp;</x:td>
          <x:td id="ID_7045792" HAlignment="Left" VAlignment="Top" align="left" valign="top">&nbsp;</x:td>
          <x:td id="ID_7045793" HAlignment="Left" VAlignment="Top" align="left" valign="top">&nbsp;</x:td>
          <x:td id="ID_7045794" HAlignment="Left" VAlignment="Top" align="left" valign="top">&nbsp;</x:td>
          <x:td id="ID_7045795" HAlignment="Left" VAlignment="Top" align="left" valign="top">&nbsp;</x:td>
          <x:td id="ID_7045796" HAlignment="Left" VAlignment="Top" align="left" valign="top">&nbsp;</x:td>
        </x:tr>
      </x:tbody>
    </x:table>
  </e:AD-2.14>
  <e:AD-2.15 id="EGLK-AD-2.15" Number="AD 2.15">
    <GreenBorder id="ID_7045798" />
    <e:Title id="ID_7045799">OTHER&nbsp;LIGHTING,&nbsp;SECONDARY&nbsp;POWER&nbsp;SUPPLY</e:Title>
    <x:table id="ID_7045801" class="">
      <x:tbody id="ID_7045802">
        <x:tr id="ID_7045803">
          <x:td id="ID_7045804" HAlignment="Left" VAlignment="Top" align="left" valign="top">1</x:td>
          <x:td id="ID_7045805" HAlignment="Left" VAlignment="Top" align="left" valign="top">
            <x:p id="ID_7045806">ABN/IBN location, characteristics and hours of operation</x:p>
          </x:td>
          <x:td id="ID_7045807" HAlignment="Left" VAlignment="Top" align="left" valign="top">&nbsp;</x:td>
        </x:tr>
        <x:tr id="ID_7045808">
          <x:td id="ID_7045809" HAlignment="Left" VAlignment="Top" align="left" valign="top">2</x:td>
          <x:td id="ID_7045810" HAlignment="Left" VAlignment="Top" align="left" valign="top">
            <x:p id="ID_7045811">LDI location and lighting</x:p>
            <x:p id="ID_7045812">Anemometer location and lighting</x:p>
          </x:td>
          <x:td id="ID_7045813" HAlignment="Left" VAlignment="Top" align="left" valign="top">&nbsp;</x:td>
        </x:tr>
        <x:tr id="ID_7045814">
          <x:td id="ID_7045815" HAlignment="Left" VAlignment="Top" align="left" valign="top">3</x:td>
          <x:td id="ID_7045816" HAlignment="Left" VAlignment="Top" align="left" valign="top">
            <x:p id="ID_7045817">TWY edge and centre line lighting</x:p>
          </x:td>
          <x:td id="ID_7045818" HAlignment="Left" VAlignment="Top" align="left" valign="top">&nbsp;</x:td>
        </x:tr>
        <x:tr id="ID_7045819">
          <x:td id="ID_7045820" HAlignment="Left" VAlignment="Top" align="left" valign="top">4</x:td>
          <x:td id="ID_7045821" HAlignment="Left" VAlignment="Top" align="left" valign="top">
            <x:p id="ID_7045822">Secondary power supply/switch-over time</x:p>
          </x:td>
          <x:td id="ID_7045823" HAlignment="Left" VAlignment="Top" align="left" valign="top">&nbsp;</x:td>
        </x:tr>
        <x:tr id="ID_7045824">
          <x:td id="ID_7045825" HAlignment="Left" VAlignment="Top" align="left" valign="top">5</x:td>
          <x:td id="ID_7045826" HAlignment="Left" VAlignment="Top" align="left" valign="top">
            <x:p id="ID_7045827">Remarks</x:p>
          </x:td>
          <x:td id="ID_7045828" HAlignment="Left" VAlignment="Top" align="left" valign="top">&nbsp;</x:td>
        </x:tr>
      </x:tbody>
    </x:table>
  </e:AD-2.15>
  <e:AD-2.16 id="EGLK-AD-2.16" Number="AD 2.16">
    <GreenBorder id="ID_7045830" />
    <e:Title id="ID_7045831">HELICOPTER&nbsp;LANDING&nbsp;AREA</e:Title>
    <x:table id="ID_7045833" class="">
      <x:tbody id="ID_7045834">
        <x:tr id="ID_7045835">
          <x:td id="ID_7045836" HAlignment="Left" VAlignment="Top" align="left" valign="top">1</x:td>
          <x:td id="ID_7045837" HAlignment="Left" VAlignment="Top" align="left" valign="top">
            <x:p id="ID_7045838">Coordinates TLOF or THR of FATO</x:p>
            <x:p id="ID_7045839">Geoid undulation</x:p>
          </x:td>
          <x:td id="ID_7045840" HAlignment="Left" VAlignment="Top" align="left" valign="top">&nbsp;</x:td>
        </x:tr>
        <x:tr id="ID_7045841">
          <x:td id="ID_7045842" HAlignment="Left" VAlignment="Top" align="left" valign="top">2</x:td>
          <x:td id="ID_7045843" HAlignment="Left" VAlignment="Top" align="left" valign="top">
            <x:p id="ID_7045844">TLOF and/or FATO elevation M/FT</x:p>
          </x:td>
          <x:td id="ID_7045845" HAlignment="Left" VAlignment="Top" align="left" valign="top">&nbsp;</x:td>
        </x:tr>
        <x:tr id="ID_7045846">
          <x:td id="ID_7045847" HAlignment="Left" VAlignment="Top" align="left" valign="top">3</x:td>
          <x:td id="ID_7045848" HAlignment="Left" VAlignment="Top" align="left" valign="top">
            <x:p id="ID_7045849">TLOF and FATO area dimensions, surface, strength, marking</x:p>
          </x:td>
          <x:td id="ID_7045850" HAlignment="Left" VAlignment="Top" align="left" valign="top">&nbsp;</x:td>
        </x:tr>
        <x:tr id="ID_7045851">
          <x:td id="ID_7045852" HAlignment="Left" VAlignment="Top" align="left" valign="top">4</x:td>
          <x:td id="ID_7045853" HAlignment="Left" VAlignment="Top" align="left" valign="top">
            <x:p id="ID_7045854">True BRG of FATO</x:p>
          </x:td>
          <x:td id="ID_7045855" HAlignment="Left" VAlignment="Top" align="left" valign="top">&nbsp;</x:td>
        </x:tr>
        <x:tr id="ID_7045856">
          <x:td id="ID_7045857" HAlignment="Left" VAlignment="Top" align="left" valign="top">5</x:td>
          <x:td id="ID_7045858" HAlignment="Left" VAlignment="Top" align="left" valign="top">
            <x:p id="ID_7045859">Declared distance available</x:p>
          </x:td>
          <x:td id="ID_7045860" HAlignment="Left" VAlignment="Top" align="left" valign="top">&nbsp;</x:td>
        </x:tr>
        <x:tr id="ID_7045861">
          <x:td id="ID_7045862" HAlignment="Left" VAlignment="Top" align="left" valign="top">6</x:td>
          <x:td id="ID_7045863" HAlignment="Left" VAlignment="Top" align="left" valign="top">
            <x:p id="ID_7045864">APP and FATO lighting</x:p>
          </x:td>
          <x:td id="ID_7045865" HAlignment="Left" VAlignment="Top" align="left" valign="top">&nbsp;</x:td>
        </x:tr>
        <x:tr id="ID_7045866">
          <x:td id="ID_7045867" HAlignment="Left" VAlignment="Top" align="left" valign="top">7</x:td>
          <x:td id="ID_7045868" HAlignment="Left" VAlignment="Top" align="left" valign="top">
            <x:p id="ID_7045869">Remarks</x:p>
          </x:td>
          <x:td id="ID_7045870" HAlignment="Left" VAlignment="Top" align="left" valign="top">&nbsp;</x:td>
        </x:tr>
      </x:tbody>
    </x:table>
  </e:AD-2.16>
  <e:AD-2.17 id="EGLK-AD-2.17" Number="AD 2.17">
    <GreenBorder id="ID_7045872" />
    <e:Title id="ID_7045873">AIR TRAFFIC SERVICES&nbsp;AIRSPACE</e:Title>
    <x:table id="ID_7045875" class="">
      <x:thead id="ID_7045876">
        <x:tr id="ID_7045877">
          <x:th id="ID_7045878" HAlignment="Left" VAlignment="Top" align="left" valign="top">
            <x:p id="ID_7045879">Designation and</x:p>
            <x:p id="ID_7045880">lateral limits</x:p>
          </x:th>
          <x:th id="ID_7045881" HAlignment="Left" VAlignment="Top" align="left" valign="top">
            <x:p id="ID_7045882">Vertical Limits</x:p>
          </x:th>
          <x:th id="ID_7045883" HAlignment="Left" VAlignment="Top" align="left" valign="top">
            <x:p id="ID_7045884">Airspace Class</x:p>
          </x:th>
          <x:th id="ID_7045885" HAlignment="Left" VAlignment="Top" align="left" valign="top">
            <x:p id="ID_7045886">ATS unit callsign/ language</x:p>
          </x:th>
          <x:th id="ID_7045887" HAlignment="Left" VAlignment="Top" align="left" valign="top">
            <x:p id="ID_7045888">Transition Altitude</x:p>
          </x:th>
          <x:th id="ID_7045889" HAlignment="Left" VAlignment="Top" align="left" valign="top">
            <x:p id="ID_7045890">Hours of Applicability</x:p>
          </x:th>
          <x:th id="ID_7045891" HAlignment="Left" VAlignment="Top" align="left" valign="top">
            <x:p id="ID_7045892">Remarks</x:p>
          </x:th>
        </x:tr>
        <x:tr id="ID_7045893">
          <x:th id="ID_7045894" HAlignment="Left" VAlignment="Top" align="left" valign="top">1</x:th>
          <x:th id="ID_7045895" HAlignment="Left" VAlignment="Top" align="left" valign="top">2</x:th>
          <x:th id="ID_7045896" HAlignment="Left" VAlignment="Top" align="left" valign="top">3</x:th>
          <x:th id="ID_7045897" HAlignment="Left" VAlignment="Top" align="left" valign="top">4</x:th>
          <x:th id="ID_7045898" HAlignment="Left" VAlignment="Top" align="left" valign="top">5</x:th>
          <x:th id="ID_7045899" HAlignment="Left" VAlignment="Top" align="left" valign="top">6</x:th>
          <x:th id="ID_7045900" HAlignment="Left" VAlignment="Top" align="left" valign="top">7</x:th>
        </x:tr>
      </x:thead>
      <x:tbody id="ID_7045901">
        <x:tr id="ID_7045902">
          <x:td id="ID_7045903" HAlignment="Left" VAlignment="Top" align="left" valign="top">&nbsp;</x:td>
          <x:td id="ID_7045904" HAlignment="Left" VAlignment="Top" align="left" valign="top">&nbsp;</x:td>
          <x:td id="ID_7045905" HAlignment="Left" VAlignment="Top" align="left" valign="top">&nbsp;</x:td>
          <x:td id="ID_7045906" HAlignment="Left" VAlignment="Top" align="left" valign="top">&nbsp;</x:td>
          <x:td id="ID_7045907" HAlignment="Left" VAlignment="Top" align="left" valign="top">&nbsp;</x:td>
          <x:td id="ID_7045908" HAlignment="Left" VAlignment="Top" align="left" valign="top">&nbsp;</x:td>
          <x:td id="ID_7045909" HAlignment="Left" VAlignment="Top" align="left" valign="top">&nbsp;</x:td>
        </x:tr>
        <x:tr id="ID_7045910">
          <x:td id="ID_7045911" HAlignment="Left" VAlignment="Top" align="left" valign="top">&nbsp;</x:td>
          <x:td id="ID_7045912" HAlignment="Left" VAlignment="Top" align="left" valign="top">&nbsp;</x:td>
          <x:td id="ID_7045913" HAlignment="Left" VAlignment="Top" align="left" valign="top">&nbsp;</x:td>
          <x:td id="ID_7045914" HAlignment="Left" VAlignment="Top" align="left" valign="top">&nbsp;</x:td>
          <x:td id="ID_7045915" HAlignment="Left" VAlignment="Top" align="left" valign="top">&nbsp;</x:td>
          <x:td id="ID_7045916" HAlignment="Left" VAlignment="Top" align="left" valign="top">&nbsp;</x:td>
          <x:td id="ID_7045917" HAlignment="Left" VAlignment="Top" align="left" valign="top">&nbsp;</x:td>
        </x:tr>
      </x:tbody>
    </x:table>
  </e:AD-2.17>
  <e:AD-2.18 id="EGLK-AD-2.18" Number="AD 2.18">
    <GreenBorder id="ID_7045919" />
    <e:Title id="ID_7045920">AIR TRAFFIC SERVICES&nbsp;COMMUNICATION&nbsp;FACILITIES</e:Title>
    <x:table id="ID_7045922" class="">
      <x:thead id="ID_7045923">
        <x:tr id="ID_7045924">
          <x:th id="ID_7045925" HAlignment="Left" VAlignment="Top" align="left" valign="top">
            <x:p id="ID_7045926">Service designation</x:p>
          </x:th>
          <x:th id="ID_7045927" HAlignment="Left" VAlignment="Top" align="left" valign="top">
            <x:p id="ID_7045928">Callsign</x:p>
          </x:th>
          <x:th id="ID_7045929" HAlignment="Left" VAlignment="Top" align="left" valign="top">
            <x:p id="ID_7045930">Channel(s)</x:p>
          </x:th>
          <x:th id="ID_7045931" HAlignment="Left" VAlignment="Top" align="left" valign="top">
            <x:p id="ID_7045932">Hours of </x:p>
            <x:p id="ID_7045933">Operation</x:p>
          </x:th>
          <x:th id="ID_7045934" HAlignment="Left" VAlignment="Top" align="left" valign="top">
            <x:p id="ID_7045935">Remarks</x:p>
          </x:th>
        </x:tr>
        <x:tr id="ID_7045936">
          <x:th id="ID_7045937" HAlignment="Left" VAlignment="Top" align="left" valign="top">1</x:th>
          <x:th id="ID_7045938" HAlignment="Left" VAlignment="Top" align="left" valign="top">2</x:th>
          <x:th id="ID_7045939" HAlignment="Left" VAlignment="Top" align="left" valign="top">3</x:th>
          <x:th id="ID_7045940" HAlignment="Left" VAlignment="Top" align="left" valign="top">4</x:th>
          <x:th id="ID_7045941" HAlignment="Left" VAlignment="Top" align="left" valign="top">5</x:th>
        </x:tr>
      </x:thead>
      <x:tbody id="ID_7045942">
        <x:tr id="ID_7045943">
          <x:td id="ID_7045944" HAlignment="Left" VAlignment="Top" align="left" valign="top">&nbsp;</x:td>
          <x:td id="ID_7045945" HAlignment="Left" VAlignment="Top" align="left" valign="top">&nbsp;</x:td>
          <x:td id="ID_7045946" HAlignment="Left" VAlignment="Top" align="left" valign="top">&nbsp;</x:td>
          <x:td id="ID_7045947" HAlignment="Left" VAlignment="Top" align="left" valign="top">&nbsp;</x:td>
          <x:td id="ID_7045948" HAlignment="Left" VAlignment="Top" align="left" valign="top">&nbsp;</x:td>
        </x:tr>
        <x:tr id="ID_7045949">
          <x:td id="ID_7045950" HAlignment="Left" VAlignment="Top" align="left" valign="top">&nbsp;</x:td>
          <x:td id="ID_7045951" HAlignment="Left" VAlignment="Top" align="left" valign="top">&nbsp;</x:td>
          <x:td id="ID_7045952" HAlignment="Left" VAlignment="Top" align="left" valign="top">&nbsp;</x:td>
          <x:td id="ID_7045953" HAlignment="Left" VAlignment="Top" align="left" valign="top">&nbsp;</x:td>
          <x:td id="ID_7045954" HAlignment="Left" VAlignment="Top" align="left" valign="top">&nbsp;</x:td>
        </x:tr>
      </x:tbody>
    </x:table>
  </e:AD-2.18>
  <e:AD-2.19 id="EGLK-AD-2.19" Number="AD 2.19">
    <GreenBorder id="ID_7045956" />
    <e:Title id="ID_7045957">RADIO&nbsp;NAVIGATION&nbsp;AND&nbsp;LANDING&nbsp;AIDS</e:Title>
    <x:table id="ID_7045959" class="">
      <x:thead id="ID_7045960">
        <x:tr id="ID_7045961">
          <x:th id="ID_7045962" HAlignment="Left" VAlignment="Top" align="left" valign="top">
            <x:p id="ID_7045963">Type of Aid CAT&nbsp;of&nbsp;ILS/MLS</x:p>
            <x:p id="ID_7045964">(For VOR/ILS/MLS, give VAR)</x:p>
          </x:th>
          <x:th id="ID_7045965" HAlignment="Left" VAlignment="Top" align="left" valign="top">
            <x:p id="ID_7045966">Ident</x:p>
          </x:th>
          <x:th id="ID_7045967" HAlignment="Left" VAlignment="Top" align="left" valign="top">
            <x:p id="ID_7045968">Frequency</x:p>
            <x:p id="ID_7045969">channel number(s), service provider, and reference path identifier(s) (RPI)</x:p>
          </x:th>
          <x:th id="ID_7045970" HAlignment="Left" VAlignment="Top" align="left" valign="top">
            <x:p id="ID_7045971">Hours of Operation</x:p>
          </x:th>
          <x:th id="ID_7045972" HAlignment="Left" VAlignment="Top" align="left" valign="top">
            <x:p id="ID_7045973">Position of transmitting antenna co-ordinates</x:p>
          </x:th>
          <x:th id="ID_7045974" HAlignment="Left" VAlignment="Top" align="left" valign="top">
            <x:p id="ID_7045975">Elevation of DME transmitting antenna</x:p>
            <x:p id="ID_7045976">GBAS, SBAS, LTP, FTP values</x:p>
          </x:th>
          <x:th id="ID_7045977" HAlignment="Left" VAlignment="Top" align="left" valign="top">
            <x:p id="ID_7045978">Remarks</x:p>
          </x:th>
        </x:tr>
        <x:tr id="ID_7045979">
          <x:th id="ID_7045980" HAlignment="Left" VAlignment="Top" align="left" valign="top">1</x:th>
          <x:th id="ID_7045981" HAlignment="Left" VAlignment="Top" align="left" valign="top">2</x:th>
          <x:th id="ID_7045982" HAlignment="Left" VAlignment="Top" align="left" valign="top">3</x:th>
          <x:th id="ID_7045983" HAlignment="Left" VAlignment="Top" align="left" valign="top">4</x:th>
          <x:th id="ID_7045984" HAlignment="Left" VAlignment="Top" align="left" valign="top">5</x:th>
          <x:th id="ID_7045985" HAlignment="Left" VAlignment="Top" align="left" valign="top">6</x:th>
          <x:th id="ID_7045986" HAlignment="Left" VAlignment="Top" align="left" valign="top">7</x:th>
        </x:tr>
      </x:thead>
      <x:tbody id="ID_7045987">
        <x:tr id="ID_7045988">
          <x:td id="ID_7045989" HAlignment="Left" VAlignment="Top" align="left" valign="top">&nbsp;</x:td>
          <x:td id="ID_7045990" HAlignment="Left" VAlignment="Top" align="left" valign="top">&nbsp;</x:td>
          <x:td id="ID_7045991" HAlignment="Left" VAlignment="Top" align="left" valign="top">&nbsp;</x:td>
          <x:td id="ID_7045992" HAlignment="Left" VAlignment="Top" align="left" valign="top">&nbsp;</x:td>
          <x:td id="ID_7045993" HAlignment="Left" VAlignment="Top" align="left" valign="top">&nbsp;</x:td>
          <x:td id="ID_7045994" HAlignment="Left" VAlignment="Top" align="left" valign="top">&nbsp;</x:td>
          <x:td id="ID_7045995" HAlignment="Left" VAlignment="Top" align="left" valign="top">&nbsp;</x:td>
        </x:tr>
      </x:tbody>
    </x:table>
  </e:AD-2.19>
  <e:AD-2.20 id="EGLK-AD-2.20" Number="AD 2.20">
    <GreenBorder id="ID_7045997" />
    <e:Title id="ID_7045998">LOCAL&nbsp;AERODROME&nbsp;REGULATIONS</e:Title>
    <x:div class="RP">
      <x:span class="sdParams" style="display:none;">TRULES_PROC;RULES_PROC_ID;7313</x:span>
      <e:Sub-section Number="1" id="EGLK-AD-2.20.1">
        <e:Title id="ID_7046000">Airport Regulations</e:Title>
        <x:ol id="ID_7046001" class="Numbered">
          <x:li id="ID_7046002">
            <x:p id="ID_7046003">Non-radio aircraft not accepted except in an emergency.</x:p>
          </x:li>
          <x:li id="ID_7046004">
            <x:p id="ID_7046005">Due to planning restrictions, Cessna Skymaster, Dornier 28 D Sky Servant, Gates Learjet 23, 24, 25, 28, 29 and Piaggio P166 aircraft may not land at this aerodrome.</x:p>
          </x:li>
          <x:li id="ID_7046006">
            <x:p id="ID_7046007">Limited to four aircraft undertaking circuit practice/training. All circuit bookings managed by ATSU.</x:p>
          </x:li>
          <x:li id="ID_7046008">
            <x:p id="ID_7046009">All pilots/operators are bound by the Blackbushe Airport Terms and Conditions, which are available on the aerodrome website.</x:p>
          </x:li>
        </x:ol>
      </e:Sub-section>
      <e:Sub-section Number="2" id="EGLK-AD-2.20.2">
        <e:Title id="ID_7046011">Ground Movement</e:Title>
        <x:p id="ID_7046012">Not applicable.</x:p>
      </e:Sub-section>
      <e:Sub-section Number="3" id="EGLK-AD-2.20.3">
        <e:Title id="ID_7046014">CAT II/III Operations</e:Title>
        <x:p id="ID_7046015">Not applicable.</x:p>
      </e:Sub-section>
      <e:Sub-section Number="4" id="EGLK-AD-2.20.4">
        <e:Title id="ID_7046017">Warnings</e:Title>
        <x:ol id="ID_7046018" class="Numbered">
          <x:li id="ID_7046019">
            <x:p id="ID_7046020">The grassed surface South of Runway 07/25 between Taxiways C and D is unsuitable for use by certain types of helicopter due to its poor grading. Pilots are cautioned to positively ascertain that the grading of this area is suitable for their operational requirements.</x:p>
          </x:li>
          <x:li id="ID_7046021">
            <x:p id="ID_7046022">Visual glide slope guidance signals for both Runways 07 and 25 are visible to the south of the extended runway centre-lines where normal obstacle clearance is not guaranteed. They should not be used until the aircraft is aligned with the runway.</x:p>
          </x:li>
          <x:li id="ID_7046023">
            <x:p id="ID_7046024">Caution large concentrations of birds maybe on and in vicinity of the aerodrome.</x:p>
          </x:li>
          <x:li id="ID_7046025">
            <x:p id="ID_7046026">Helicopter training in designated areas takes place on the Airport.</x:p>
          </x:li>
          <x:li id="ID_7046027">
            <x:p id="ID_7046028">Blackbushe is located 3.8 nm northwest of Farnborough aerodrome, which shares a similar runway orientation. Pilots should exercise caution in identifying the correct aerodrome from the air, notably when approaching Blackbushe from the south and southeast. Farnborough is distinguishable by a large silver coloured hangar and terminal complex located to the north of the runway.</x:p>
          </x:li>
        </x:ol>
      </e:Sub-section>
      <e:Sub-section Number="5" id="EGLK-AD-2.20.5">
        <e:Title id="ID_7046030">Helicopter Operations</e:Title>
        <x:p id="ID_7046031">Not applicable.</x:p>
      </e:Sub-section>
      <e:Sub-section Number="6" id="EGLK-AD-2.20.6">
        <e:Title id="ID_7046033">Use of Runways</e:Title>
        <x:ol id="ID_7046034" class="Numbered">
          <x:li id="ID_7046035">
            <x:p id="ID_7046036">When the RVR is below 500 m, departures are not permitted unless AOC holders have less restrictive authorised take-off minima. Pilots are advised that there is no runway centre-line lighting and departure in RVR conditions of less than 400 m is at the pilot’s discretion. Take-off will not be permitted if the RVR is less than 250 m.</x:p>
          </x:li>
          <x:li id="ID_7046037">
            <x:p id="ID_7046038">The Airport and its runways can be closed at the Airport Managements discretion.</x:p>
          </x:li>
          <x:li id="ID_7046039">
            <x:p id="ID_7046040">PPR is always required by telephone, by visiting aircraft.</x:p>
          </x:li>
        </x:ol>
      </e:Sub-section>
      <e:Sub-section Number="7" id="EGLK-AD-2.20.7">
        <e:Title id="ID_7046042">Training</e:Title>
        <x:p id="ID_7046043">Not applicable.</x:p>
      </e:Sub-section>
    </x:div>
  </e:AD-2.20>
  <e:AD-2.21 id="EGLK-AD-2.21" Number="AD 2.21">
    <GreenBorder id="ID_7046045" />
    <e:Title id="ID_7046046">NOISE ABATEMENT PROCEDURES</e:Title>
    <x:div class="RP">
      <x:span class="sdParams" style="display:none;">TRULES_PROC;RULES_PROC_ID;7314</x:span>
      <x:ol id="ID_7046047" class="Numbered">
        <x:li id="ID_7046048">
          <x:p id="ID_7046049">Remain well clear of the village of Yateley to the northeast of the aerodrome and Hartley Wintney to the west of the aerodrome.</x:p>
        </x:li>
      </x:ol>
    </x:div>
  </e:AD-2.21>
  <e:AD-2.22 id="EGLK-AD-2.22" Number="AD 2.22">
    <GreenBorder id="ID_7046051" />
    <e:Title id="ID_7046052">FLIGHT PROCEDURES</e:Title>
    <x:div class="RP">
      <x:span class="sdParams" style="display:none;">TRULES_PROC;RULES_PROC_ID;7315</x:span>
      <e:Sub-section Number="1" id="EGLK-AD-2.22.1">
        <e:Title id="ID_7046054">General</e:Title>
        <x:ol id="ID_7046055" class="Numbered">
          <x:li id="ID_7046056">
            <x:p id="ID_7046057">All circuits are to be flown south of the aerodrome.</x:p>
          </x:li>
          <x:li id="ID_7046058">
            <x:p id="ID_7046059">Pilots approaching Blackbushe should remain north of the Woking - Basingstoke railway line to avoid conflict with aircraft using Farnborough.</x:p>
          </x:li>
          <x:li id="ID_7046060">
            <x:p id="ID_7046061">Circuit heights<x:br />Day: Light single-engined aircraft - 800 ft (QFE) Twin-engined and executive aircraft - 1200 ft (QFE)<x:br />Night: All aircraft - 1000 ft (QFE)</x:p>
          </x:li>
          <x:li id="ID_7046062">
            <x:p id="ID_7046063">Procedures for Airways flights. See EGLF AD 2.22, Flight Procedures, paragraph 2.</x:p>
          </x:li>
        </x:ol>
      </e:Sub-section>
      <e:Sub-section Number="2" id="EGLK-AD-2.22.2">
        <e:Title id="ID_7046065">Missed Approaches</e:Title>
        <x:ol id="ID_7046066" class="Numbered">
          <x:li id="ID_7046067">
            <x:p id="ID_7046068">In the event of an aircraft carrying out a Missed Approach, pilots are requested where able, to carry out a visual circuit (south side of the Runway) AND remain within the Blackbushe ATZ North of the M3.</x:p>
          </x:li>
          <x:li id="ID_7046069">
            <x:p id="ID_7046070">Pilots must remain aware of the close proximity of instrument approach procedures to Farnborough, and the likelihood of traffic confliction as a result.</x:p>
          </x:li>
          <x:li id="ID_7046071">
            <x:p id="ID_7046072">Where remaining within the Blackbushe ATZ is not possible, the following Missed Approach tracks/altitudes are recommended to deconflict against IFR operations into/out of Farnborough. Note these have not been assessed for terrain clearance, and pilots must ensure they adhere to their own terrain clearance requirements, remain outside of Controlled Airspace, and maintain a good lookout within Class G airspace for other aircraft in the vicinity.</x:p>
          </x:li>
          <x:li id="ID_7046073">
            <x:p id="ID_7046074">Farnborough radar may offer traffic information and guidance on repositioning during its hours of operation.</x:p>
            <x:ol id="ID_7046075" class="Numbered">
              <x:li id="ID_7046076">
                <x:p id="ID_7046077">Runway 07</x:p>
                <x:ol id="ID_7046078" class="Numbered">
                  <x:li id="ID_7046079">
                    <x:p id="ID_7046080">Climb straight ahead until passing BLC D2.0 or 1,500 ft QNH (whichever is sooner) then turn left to WOD NDB. Maintain VMC (if possible) and remain outside controlled airspace climbing to altitude 2,400 ft. Retain last assigned SSR code and contact Farnborough Radar frequency 134.350 MHz.</x:p>
                  </x:li>
                  <x:li id="ID_7046081">
                    <x:p id="ID_7046082">If 2 way contact cannot be established with Farnborough Radar, aircraft should either attempt a further approach to Blackbushe, or divert remaining outside of Controlled Airspace as appropriate.</x:p>
                  </x:li>
                  <x:li id="ID_7046083">
                    <x:p id="ID_7046084">Pilots should note the Farnborough ATZ is notified as active H24.</x:p>
                  </x:li>
                </x:ol>
              </x:li>
              <x:li id="ID_7046085">
                <x:p id="ID_7046086">Runway 25</x:p>
                <x:ol id="ID_7046087" class="Numbered">
                  <x:li id="ID_7046088">
                    <x:p id="ID_7046089">Climb straight ahead until passing BLC D2.0 or 1,500 ft QNH (whichever is sooner) then turn right on track to the west, maintain VMC (if possible) and climb to altitude 2,400 ft. Retain last assigned SSR code and contact Farnborough Radar frequency 134.350 MHz.</x:p>
                  </x:li>
                  <x:li id="ID_7046090">
                    <x:p id="ID_7046091">If 2 way contact cannot be established with Farnborough Radar, aircraft should either attempt a further approach to Blackbushe, or divert remaining outside of Controlled Airspace as appropriate.</x:p>
                  </x:li>
                  <x:li id="ID_7046092">
                    <x:p id="ID_7046093">Pilots should note the Farnborough ATZ is notified as active H24.</x:p>
                  </x:li>
                </x:ol>
              </x:li>
            </x:ol>
          </x:li>
        </x:ol>
      </e:Sub-section>
    </x:div>
  </e:AD-2.22>
  <e:AD-2.23 id="EGLK-AD-2.23" Number="AD 2.23">
    <GreenBorder id="ID_7046095" />
    <e:Title id="ID_7046096">ADDITIONAL INFORMATION</e:Title>
    <x:div class="RP">
      <x:span class="sdParams" style="display:none;">TRULES_PROC;RULES_PROC_ID;7316</x:span>
      <x:p id="ID_7046097">Not applicable.</x:p>
    </x:div>
  </e:AD-2.23>
  <e:AD-2.24 id="EGLK-AD-2.24" Number="AD 2.24">
    <GreenBorder id="ID_7046099" />
    <e:Title id="ID_7046100">CHARTS RELATED TO AN AERODROME</e:Title>
    <x:table id="ID_7046102" class="">
      <x:tbody id="ID_7046103">
        <x:tr id="ID_7046104">
          <x:td id="ID_7046105" HAlignment="Left" VAlignment="Top" align="left" valign="top">
            <x:p id="ID_7046106">
              <x:em id="ID_7046107" class="Italic">Figure: Aerodrome Chart - ICAO</x:em>
            </x:p>
          </x:td>
        </x:tr>
        <x:tr id="ID_7046108">
          <x:td id="ID_7046109" HAlignment="Left" VAlignment="Top" align="left" valign="top">
            <x:p id="ID_7046110">AD 2-EGAA-2-1</x:p>
          </x:td>
        </x:tr>
        <x:tr id="ID_7046111">
          <x:td id="ID_7046112" HAlignment="Left" VAlignment="Top" align="left" valign="top">&nbsp;</x:td>
        </x:tr>
        <x:tr id="ID_7046113">
          <x:td id="ID_7046114" HAlignment="Left" VAlignment="Top" align="left" valign="top">&nbsp;</x:td>
        </x:tr>
        <x:tr id="ID_7046115">
          <x:td id="ID_7046116" HAlignment="Left" VAlignment="Top" align="left" valign="top">&nbsp;</x:td>
        </x:tr>
        <x:tr id="ID_7046117">
          <x:td id="ID_7046118" HAlignment="Left" VAlignment="Top" align="left" valign="top">&nbsp;</x:td>
        </x:tr>
      </x:tbody>
    </x:table>
  </e:AD-2.24>
</e:Aerodrome>
