<?xml version="1.0" encoding="UTF-8"?>
<e:Heliport id="AD-3.EGBV" Ref="ICAO-EGBV" Title="SILVERSTONE HELIPORT" xmlns:e="http://www.eurocontrol.int/xmlns/AIM/eAIP" xmlns:x="http://www.w3.org/1999/xhtml" xmlns:xlink="http://www.w3.org/1999/xlink">
  <e:Title />
  <e:AD-3.1 id="EGBV-AD-3.1" Number="AD 3.1">
    <GreenBorder id="ID_6850912" />
    <e:Title id="ID_6850913">HELIPORT LOCATION INDICATOR AND NAME</e:Title>
    <e:Generated />
  </e:AD-3.1>
  <e:AD-3.2 id="EGBV-AD-3.2" Number="AD 3.2">
    <GreenBorder id="ID_6850918" />
    <e:Title id="ID_6850919">HELIPORT&nbsp;GEOGRAPHICAL&nbsp;AND&nbsp;ADMINISTRATIVE&nbsp;DATA</e:Title>
    <x:table id="ID_6850921" class="">
      <x:tbody id="ID_6850922">
        <x:tr id="ID_6850923">
          <x:td id="ID_6850924" HAlignment="Left" VAlignment="Top" align="left" valign="top">1</x:td>
          <x:td id="ID_6850925" HAlignment="Left" VAlignment="Top" align="left" valign="top">
            <x:p id="ID_6850926">ARP coordinates and site at AD</x:p>
          </x:td>
          <x:td id="ID_6850927" HAlignment="Left" VAlignment="Top" align="left" valign="top">&nbsp;</x:td>
        </x:tr>
        <x:tr id="ID_6850928">
          <x:td id="ID_6850929" HAlignment="Left" VAlignment="Top" align="left" valign="top">2</x:td>
          <x:td id="ID_6850930" HAlignment="Left" VAlignment="Top" align="left" valign="top">
            <x:p id="ID_6850931">Direction and distance from city</x:p>
          </x:td>
          <x:td id="ID_6850932" HAlignment="Left" VAlignment="Top" align="left" valign="top">&nbsp;</x:td>
        </x:tr>
        <x:tr id="ID_6850933">
          <x:td id="ID_6850934" HAlignment="Left" VAlignment="Top" align="left" valign="top">3</x:td>
          <x:td id="ID_6850935" HAlignment="Left" VAlignment="Top" align="left" valign="top">
            <x:p id="ID_6850936">Elevation / Reference temperature</x:p>
          </x:td>
          <x:td id="ID_6850937" HAlignment="Left" VAlignment="Top" align="left" valign="top">&nbsp;</x:td>
        </x:tr>
        <x:tr id="ID_6850938">
          <x:td id="ID_6850939" HAlignment="Left" VAlignment="Top" align="left" valign="top">4</x:td>
          <x:td id="ID_6850940" HAlignment="Left" VAlignment="Top" align="left" valign="top">
            <x:p id="ID_6850941">Geoid undulation at AD ELEV PSN</x:p>
          </x:td>
          <x:td id="ID_6850942" HAlignment="Left" VAlignment="Top" align="left" valign="top">&nbsp;</x:td>
        </x:tr>
        <x:tr id="ID_6850943">
          <x:td id="ID_6850944" HAlignment="Left" VAlignment="Top" align="left" valign="top">5</x:td>
          <x:td id="ID_6850945" HAlignment="Left" VAlignment="Top" align="left" valign="top">
            <x:p id="ID_6850946">Magnetic Variation / Annual Change</x:p>
          </x:td>
          <x:td id="ID_6850947" HAlignment="Left" VAlignment="Top" align="left" valign="top">&nbsp;</x:td>
        </x:tr>
        <x:tr id="ID_6850948">
          <x:td id="ID_6850949" HAlignment="Left" VAlignment="Top" align="left" valign="top">6</x:td>
          <x:td id="ID_6850950" HAlignment="Left" VAlignment="Top" align="left" valign="top">
            <x:p id="ID_6850951">AD Administration, address, telephone, telefax, AFS, e-mail address, website address</x:p>
          </x:td>
          <x:td id="ID_6850952" HAlignment="Left" VAlignment="Top" align="left" valign="top">&nbsp;</x:td>
        </x:tr>
        <x:tr id="ID_6850953">
          <x:td id="ID_6850954" HAlignment="Left" VAlignment="Top" align="left" valign="top">7</x:td>
          <x:td id="ID_6850955" HAlignment="Left" VAlignment="Top" align="left" valign="top">
            <x:p id="ID_6850956">Types of Traffic permitted (IFR/VFR)</x:p>
          </x:td>
          <x:td id="ID_6850957" HAlignment="Left" VAlignment="Top" align="left" valign="top">&nbsp;</x:td>
        </x:tr>
        <x:tr id="ID_6850958">
          <x:td id="ID_6850959" HAlignment="Left" VAlignment="Top" align="left" valign="top">8</x:td>
          <x:td id="ID_6850960" HAlignment="Left" VAlignment="Top" align="left" valign="top">
            <x:p id="ID_6850961">Remarks</x:p>
          </x:td>
          <x:td id="ID_6850962" HAlignment="Left" VAlignment="Top" align="left" valign="top">&nbsp;</x:td>
        </x:tr>
      </x:tbody>
    </x:table>
  </e:AD-3.2>
  <e:AD-3.3 id="EGBV-AD-3.3" Number="AD 3.3">
    <GreenBorder id="ID_6850964" />
    <e:Title id="ID_6850965">OPERATIONAL&nbsp;HOURS</e:Title>
    <x:table id="ID_6850967" class="">
      <x:tbody id="ID_6850968">
        <x:tr id="ID_6850969">
          <x:td id="ID_6850970" HAlignment="Left" VAlignment="Top" align="left" valign="top">1</x:td>
          <x:td id="ID_6850971" HAlignment="Left" VAlignment="Top" align="left" valign="top">
            <x:p id="ID_6850972">Aerodrome Operator</x:p>
          </x:td>
          <x:td id="ID_6850973" HAlignment="Left" VAlignment="Top" align="left" valign="top">&nbsp;</x:td>
        </x:tr>
        <x:tr id="ID_6850974">
          <x:td id="ID_6850975" HAlignment="Left" VAlignment="Top" align="left" valign="top">2</x:td>
          <x:td id="ID_6850976" HAlignment="Left" VAlignment="Top" align="left" valign="top">
            <x:p id="ID_6850977">Customs and Immigration</x:p>
          </x:td>
          <x:td id="ID_6850978" HAlignment="Left" VAlignment="Top" align="left" valign="top">
            <x:p id="ID_6850979" />
          </x:td>
        </x:tr>
        <x:tr id="ID_6850980">
          <x:td id="ID_6850981" HAlignment="Left" VAlignment="Top" align="left" valign="top">3</x:td>
          <x:td id="ID_6850982" HAlignment="Left" VAlignment="Top" align="left" valign="top">
            <x:p id="ID_6850983">Health and sanitation</x:p>
          </x:td>
          <x:td id="ID_6850984" HAlignment="Left" VAlignment="Top" align="left" valign="top">&nbsp;</x:td>
        </x:tr>
        <x:tr id="ID_6850985">
          <x:td id="ID_6850986" HAlignment="Left" VAlignment="Top" align="left" valign="top">4</x:td>
          <x:td id="ID_6850987" HAlignment="Left" VAlignment="Top" align="left" valign="top">
            <x:p id="ID_6850988">AIS Briefing Office</x:p>
          </x:td>
          <x:td id="ID_6850989" HAlignment="Left" VAlignment="Top" align="left" valign="top">&nbsp;</x:td>
        </x:tr>
        <x:tr id="ID_6850990">
          <x:td id="ID_6850991" HAlignment="Left" VAlignment="Top" align="left" valign="top">5</x:td>
          <x:td id="ID_6850992" HAlignment="Left" VAlignment="Top" align="left" valign="top">
            <x:p id="ID_6850993">ATS Reporting Office (ARO)</x:p>
          </x:td>
          <x:td id="ID_6850994" HAlignment="Left" VAlignment="Top" align="left" valign="top">&nbsp;</x:td>
        </x:tr>
        <x:tr id="ID_6850995">
          <x:td id="ID_6850996" HAlignment="Left" VAlignment="Top" align="left" valign="top">6</x:td>
          <x:td id="ID_6850997" HAlignment="Left" VAlignment="Top" align="left" valign="top">
            <x:p id="ID_6850998">MET Briefing Office</x:p>
          </x:td>
          <x:td id="ID_6850999" HAlignment="Left" VAlignment="Top" align="left" valign="top">&nbsp;</x:td>
        </x:tr>
        <x:tr id="ID_6851000">
          <x:td id="ID_6851001" HAlignment="Left" VAlignment="Top" align="left" valign="top">7</x:td>
          <x:td id="ID_6851002" HAlignment="Left" VAlignment="Top" align="left" valign="top">
            <x:p id="ID_6851003">Air Traffic Service</x:p>
          </x:td>
          <x:td id="ID_6851004" HAlignment="Left" VAlignment="Top" align="left" valign="top">&nbsp;</x:td>
        </x:tr>
        <x:tr id="ID_6851005">
          <x:td id="ID_6851006" HAlignment="Left" VAlignment="Top" align="left" valign="top">8</x:td>
          <x:td id="ID_6851007" HAlignment="Left" VAlignment="Top" align="left" valign="top">
            <x:p id="ID_6851008">Fuelling</x:p>
          </x:td>
          <x:td id="ID_6851009" HAlignment="Left" VAlignment="Top" align="left" valign="top">&nbsp;</x:td>
        </x:tr>
        <x:tr id="ID_6851010">
          <x:td id="ID_6851011" HAlignment="Left" VAlignment="Top" align="left" valign="top">9</x:td>
          <x:td id="ID_6851012" HAlignment="Left" VAlignment="Top" align="left" valign="top">
            <x:p id="ID_6851013">Handling</x:p>
          </x:td>
          <x:td id="ID_6851014" HAlignment="Left" VAlignment="Top" align="left" valign="top">&nbsp;</x:td>
        </x:tr>
        <x:tr id="ID_6851015">
          <x:td id="ID_6851016" HAlignment="Left" VAlignment="Top" align="left" valign="top">10</x:td>
          <x:td id="ID_6851017" HAlignment="Left" VAlignment="Top" align="left" valign="top">
            <x:p id="ID_6851018">Security</x:p>
          </x:td>
          <x:td id="ID_6851019" HAlignment="Left" VAlignment="Top" align="left" valign="top">&nbsp;</x:td>
        </x:tr>
        <x:tr id="ID_6851020">
          <x:td id="ID_6851021" HAlignment="Left" VAlignment="Top" align="left" valign="top">11</x:td>
          <x:td id="ID_6851022" HAlignment="Left" VAlignment="Top" align="left" valign="top">
            <x:p id="ID_6851023">De-icing</x:p>
          </x:td>
          <x:td id="ID_6851024" HAlignment="Left" VAlignment="Top" align="left" valign="top">&nbsp;</x:td>
        </x:tr>
        <x:tr id="ID_6851025">
          <x:td id="ID_6851026" HAlignment="Left" VAlignment="Top" align="left" valign="top">12</x:td>
          <x:td id="ID_6851027" HAlignment="Left" VAlignment="Top" align="left" valign="top">
            <x:p id="ID_6851028">Remarks</x:p>
          </x:td>
          <x:td id="ID_6851029" HAlignment="Left" VAlignment="Top" align="left" valign="top">&nbsp;</x:td>
        </x:tr>
      </x:tbody>
    </x:table>
  </e:AD-3.3>
  <e:AD-3.4 id="EGBV-AD-3.4" Number="AD 3.4">
    <GreenBorder id="ID_6851031" />
    <e:Title id="ID_6851032">HANDLING&nbsp;SERVICES&nbsp;AND&nbsp;FACILITIES</e:Title>
    <x:table id="ID_6851034" class="">
      <x:tbody id="ID_6851035">
        <x:tr id="ID_6851036">
          <x:td id="ID_6851037" HAlignment="Left" VAlignment="Top" align="left" valign="top">1</x:td>
          <x:td id="ID_6851038" HAlignment="Left" VAlignment="Top" align="left" valign="top">
            <x:p id="ID_6851039">Cargo handling facilities</x:p>
          </x:td>
          <x:td id="ID_6851040" HAlignment="Left" VAlignment="Top" align="left" valign="top">&nbsp;</x:td>
        </x:tr>
        <x:tr id="ID_6851041">
          <x:td id="ID_6851042" HAlignment="Left" VAlignment="Top" align="left" valign="top">2</x:td>
          <x:td id="ID_6851043" HAlignment="Left" VAlignment="Top" align="left" valign="top">
            <x:p id="ID_6851044">Fuel and oil types</x:p>
          </x:td>
          <x:td id="ID_6851045" HAlignment="Left" VAlignment="Top" align="left" valign="top">&nbsp;</x:td>
        </x:tr>
        <x:tr id="ID_6851046">
          <x:td id="ID_6851047" HAlignment="Left" VAlignment="Top" align="left" valign="top">3</x:td>
          <x:td id="ID_6851048" HAlignment="Left" VAlignment="Top" align="left" valign="top">
            <x:p id="ID_6851049">Fuelling facilities/capacity</x:p>
          </x:td>
          <x:td id="ID_6851050" HAlignment="Left" VAlignment="Top" align="left" valign="top">&nbsp;</x:td>
        </x:tr>
        <x:tr id="ID_6851051">
          <x:td id="ID_6851052" HAlignment="Left" VAlignment="Top" align="left" valign="top">4</x:td>
          <x:td id="ID_6851053" HAlignment="Left" VAlignment="Top" align="left" valign="top">
            <x:p id="ID_6851054">De-icing facilities</x:p>
          </x:td>
          <x:td id="ID_6851055" HAlignment="Left" VAlignment="Top" align="left" valign="top">&nbsp;</x:td>
        </x:tr>
        <x:tr id="ID_6851056">
          <x:td id="ID_6851057" HAlignment="Left" VAlignment="Top" align="left" valign="top">5</x:td>
          <x:td id="ID_6851058" HAlignment="Left" VAlignment="Top" align="left" valign="top">
            <x:p id="ID_6851059">Hangar space for visiting aircraft</x:p>
          </x:td>
          <x:td id="ID_6851060" HAlignment="Left" VAlignment="Top" align="left" valign="top">&nbsp;</x:td>
        </x:tr>
        <x:tr id="ID_6851061">
          <x:td id="ID_6851062" HAlignment="Left" VAlignment="Top" align="left" valign="top">6</x:td>
          <x:td id="ID_6851063" HAlignment="Left" VAlignment="Top" align="left" valign="top">
            <x:p id="ID_6851064">Repair facilities for visiting aircraft</x:p>
          </x:td>
          <x:td id="ID_6851065" HAlignment="Left" VAlignment="Top" align="left" valign="top">&nbsp;</x:td>
        </x:tr>
        <x:tr id="ID_6851066">
          <x:td id="ID_6851067" HAlignment="Left" VAlignment="Top" align="left" valign="top">7</x:td>
          <x:td id="ID_6851068" HAlignment="Left" VAlignment="Top" align="left" valign="top">
            <x:p id="ID_6851069">Remarks</x:p>
          </x:td>
          <x:td id="ID_6851070" HAlignment="Left" VAlignment="Top" align="left" valign="top">&nbsp;</x:td>
        </x:tr>
      </x:tbody>
    </x:table>
  </e:AD-3.4>
  <e:AD-3.5 id="EGBV-AD-3.5" Number="AD 3.5">
    <GreenBorder id="ID_6851072" />
    <e:Title id="ID_6851073">PASSENGER&nbsp;FACILITIES</e:Title>
    <x:table id="ID_6851075" class="">
      <x:tbody id="ID_6851076">
        <x:tr id="ID_6851077">
          <x:td id="ID_6851078" HAlignment="Left" VAlignment="Top" align="left" valign="top">1</x:td>
          <x:td id="ID_6851079" HAlignment="Left" VAlignment="Top" align="left" valign="top">
            <x:p id="ID_6851080">Hotels</x:p>
          </x:td>
          <x:td id="ID_6851081" HAlignment="Left" VAlignment="Top" align="left" valign="top">&nbsp;</x:td>
        </x:tr>
        <x:tr id="ID_6851082">
          <x:td id="ID_6851083" HAlignment="Left" VAlignment="Top" align="left" valign="top">2</x:td>
          <x:td id="ID_6851084" HAlignment="Left" VAlignment="Top" align="left" valign="top">
            <x:p id="ID_6851085">Restaurants</x:p>
          </x:td>
          <x:td id="ID_6851086" HAlignment="Left" VAlignment="Top" align="left" valign="top">&nbsp;</x:td>
        </x:tr>
        <x:tr id="ID_6851087">
          <x:td id="ID_6851088" HAlignment="Left" VAlignment="Top" align="left" valign="top">3</x:td>
          <x:td id="ID_6851089" HAlignment="Left" VAlignment="Top" align="left" valign="top">
            <x:p id="ID_6851090">Transportation</x:p>
          </x:td>
          <x:td id="ID_6851091" HAlignment="Left" VAlignment="Top" align="left" valign="top">&nbsp;</x:td>
        </x:tr>
        <x:tr id="ID_6851092">
          <x:td id="ID_6851093" HAlignment="Left" VAlignment="Top" align="left" valign="top">4</x:td>
          <x:td id="ID_6851094" HAlignment="Left" VAlignment="Top" align="left" valign="top">
            <x:p id="ID_6851095">Medical facilities</x:p>
          </x:td>
          <x:td id="ID_6851096" HAlignment="Left" VAlignment="Top" align="left" valign="top">&nbsp;</x:td>
        </x:tr>
        <x:tr id="ID_6851097">
          <x:td id="ID_6851098" HAlignment="Left" VAlignment="Top" align="left" valign="top">5</x:td>
          <x:td id="ID_6851099" HAlignment="Left" VAlignment="Top" align="left" valign="top">
            <x:p id="ID_6851100">Bank and Post Office</x:p>
          </x:td>
          <x:td id="ID_6851101" HAlignment="Left" VAlignment="Top" align="left" valign="top">&nbsp;</x:td>
        </x:tr>
        <x:tr id="ID_6851102">
          <x:td id="ID_6851103" HAlignment="Left" VAlignment="Top" align="left" valign="top">6</x:td>
          <x:td id="ID_6851104" HAlignment="Left" VAlignment="Top" align="left" valign="top">
            <x:p id="ID_6851105">Tourist Office</x:p>
          </x:td>
          <x:td id="ID_6851106" HAlignment="Left" VAlignment="Top" align="left" valign="top">&nbsp;</x:td>
        </x:tr>
        <x:tr id="ID_6851107">
          <x:td id="ID_6851108" HAlignment="Left" VAlignment="Top" align="left" valign="top">7</x:td>
          <x:td id="ID_6851109" HAlignment="Left" VAlignment="Top" align="left" valign="top">
            <x:p id="ID_6851110">Remarks</x:p>
          </x:td>
          <x:td id="ID_6851111" HAlignment="Left" VAlignment="Top" align="left" valign="top">&nbsp;</x:td>
        </x:tr>
      </x:tbody>
    </x:table>
  </e:AD-3.5>
  <e:AD-3.6 id="EGBV-AD-3.6" Number="AD 3.6">
    <GreenBorder id="ID_6851113" />
    <e:Title id="ID_6851114">RESCUE&nbsp;AND&nbsp;FIRE&nbsp;FIGHTING&nbsp;SERVICES</e:Title>
    <x:table id="ID_6851116" class="">
      <x:tbody id="ID_6851117">
        <x:tr id="ID_6851118">
          <x:td id="ID_6851119" HAlignment="Left" VAlignment="Top" align="left" valign="top">1</x:td>
          <x:td id="ID_6851120" HAlignment="Left" VAlignment="Top" align="left" valign="top">
            <x:p id="ID_6851121">AD category for fire fighting</x:p>
          </x:td>
          <x:td id="ID_6851122" HAlignment="Left" VAlignment="Top" align="left" valign="top">&nbsp;</x:td>
        </x:tr>
        <x:tr id="ID_6851123">
          <x:td id="ID_6851124" HAlignment="Left" VAlignment="Top" align="left" valign="top">2</x:td>
          <x:td id="ID_6851125" HAlignment="Left" VAlignment="Top" align="left" valign="top">
            <x:p id="ID_6851126">Rescue equipment</x:p>
          </x:td>
          <x:td id="ID_6851127" HAlignment="Left" VAlignment="Top" align="left" valign="top">&nbsp;</x:td>
        </x:tr>
        <x:tr id="ID_6851128">
          <x:td id="ID_6851129" HAlignment="Left" VAlignment="Top" align="left" valign="top">3</x:td>
          <x:td id="ID_6851130" HAlignment="Left" VAlignment="Top" align="left" valign="top">
            <x:p id="ID_6851131">Capability for removal of disabled aircraft</x:p>
          </x:td>
          <x:td id="ID_6851132" HAlignment="Left" VAlignment="Top" align="left" valign="top">&nbsp;</x:td>
        </x:tr>
        <x:tr id="ID_6851133">
          <x:td id="ID_6851134" HAlignment="Left" VAlignment="Top" align="left" valign="top">4</x:td>
          <x:td id="ID_6851135" HAlignment="Left" VAlignment="Top" align="left" valign="top">
            <x:p id="ID_6851136">Remarks</x:p>
          </x:td>
          <x:td id="ID_6851137" HAlignment="Left" VAlignment="Top" align="left" valign="top">&nbsp;</x:td>
        </x:tr>
      </x:tbody>
    </x:table>
  </e:AD-3.6>
  <e:AD-3.7 id="EGBV-AD-3.7" Number="AD 3.7">
    <GreenBorder id="ID_6851139" />
    <e:Title id="ID_6851140">SEASONAL&nbsp;AVAILABILITY&nbsp;-&nbsp;CLEARING</e:Title>
    <x:table id="ID_6851142" class="">
      <x:tbody id="ID_6851143">
        <x:tr id="ID_6851144">
          <x:td id="ID_6851145" HAlignment="Left" VAlignment="Top" align="left" valign="top">1</x:td>
          <x:td id="ID_6851146" HAlignment="Left" VAlignment="Top" align="left" valign="top">
            <x:p id="ID_6851147">Types of clearing equipment</x:p>
          </x:td>
          <x:td id="ID_6851148" HAlignment="Left" VAlignment="Top" align="left" valign="top">&nbsp;</x:td>
        </x:tr>
        <x:tr id="ID_6851149">
          <x:td id="ID_6851150" HAlignment="Left" VAlignment="Top" align="left" valign="top">2</x:td>
          <x:td id="ID_6851151" HAlignment="Left" VAlignment="Top" align="left" valign="top">
            <x:p id="ID_6851152">Clearance priorities</x:p>
          </x:td>
          <x:td id="ID_6851153" HAlignment="Left" VAlignment="Top" align="left" valign="top">&nbsp;</x:td>
        </x:tr>
        <x:tr id="ID_6851154">
          <x:td id="ID_6851155" HAlignment="Left" VAlignment="Top" align="left" valign="top">3</x:td>
          <x:td id="ID_6851156" HAlignment="Left" VAlignment="Top" align="left" valign="top">
            <x:p id="ID_6851157">Remarks</x:p>
          </x:td>
          <x:td id="ID_6851158" HAlignment="Left" VAlignment="Top" align="left" valign="top">&nbsp;</x:td>
        </x:tr>
      </x:tbody>
    </x:table>
  </e:AD-3.7>
  <e:AD-3.8 id="EGBV-AD-3.8" Number="AD 3.8">
    <GreenBorder id="ID_6851160" />
    <e:Title id="ID_6851161">APRONS,&nbsp;TAXIWAYS&nbsp;AND&nbsp;CHECK&nbsp;LOCATIONS/POSITIONS&nbsp;DATA</e:Title>
    <x:table id="ID_6851163" class="">
      <x:tbody id="ID_6851164">
        <x:tr id="ID_6851165">
          <x:td id="ID_6851166" HAlignment="Left" VAlignment="Top" align="left" valign="top">1</x:td>
          <x:td id="ID_6851167" HAlignment="Left" VAlignment="Top" align="left" valign="top">
            <x:p id="ID_6851168">Apron surface and strength</x:p>
          </x:td>
          <x:td id="ID_6851169" HAlignment="Left" VAlignment="Top" align="left" valign="top">&nbsp;</x:td>
        </x:tr>
        <x:tr id="ID_6851170">
          <x:td id="ID_6851171" HAlignment="Left" VAlignment="Top" align="left" valign="top">2</x:td>
          <x:td id="ID_6851172" HAlignment="Left" VAlignment="Top" align="left" valign="top">
            <x:p id="ID_6851173">Taxiway width, surface and strength</x:p>
          </x:td>
          <x:td id="ID_6851174" HAlignment="Left" VAlignment="Top" align="left" valign="top">&nbsp;</x:td>
        </x:tr>
        <x:tr id="ID_6851175">
          <x:td id="ID_6851176" HAlignment="Left" VAlignment="Top" align="left" valign="top">3</x:td>
          <x:td id="ID_6851177" HAlignment="Left" VAlignment="Top" align="left" valign="top">
            <x:p id="ID_6851178">Altimeter checkpoint location and elevation</x:p>
          </x:td>
          <x:td id="ID_6851179" HAlignment="Left" VAlignment="Top" align="left" valign="top">&nbsp;</x:td>
        </x:tr>
        <x:tr id="ID_6851180">
          <x:td id="ID_6851181" HAlignment="Left" VAlignment="Top" align="left" valign="top">4</x:td>
          <x:td id="ID_6851182" HAlignment="Left" VAlignment="Top" align="left" valign="top">
            <x:p id="ID_6851183">VOR checkpoints</x:p>
          </x:td>
          <x:td id="ID_6851184" HAlignment="Left" VAlignment="Top" align="left" valign="top">&nbsp;</x:td>
        </x:tr>
        <x:tr id="ID_6851185">
          <x:td id="ID_6851186" HAlignment="Left" VAlignment="Top" align="left" valign="top">5</x:td>
          <x:td id="ID_6851187" HAlignment="Left" VAlignment="Top" align="left" valign="top">
            <x:p id="ID_6851188">INS checkpoints</x:p>
          </x:td>
          <x:td id="ID_6851189" HAlignment="Left" VAlignment="Top" align="left" valign="top">&nbsp;</x:td>
        </x:tr>
        <x:tr id="ID_6851190">
          <x:td id="ID_6851191" HAlignment="Left" VAlignment="Top" align="left" valign="top">6</x:td>
          <x:td id="ID_6851192" HAlignment="Left" VAlignment="Top" align="left" valign="top">
            <x:p id="ID_6851193">Remarks</x:p>
          </x:td>
          <x:td id="ID_6851194" HAlignment="Left" VAlignment="Top" align="left" valign="top">&nbsp;</x:td>
        </x:tr>
      </x:tbody>
    </x:table>
  </e:AD-3.8>
  <e:AD-3.9 id="EGBV-AD-3.9" Number="AD 3.9">
    <GreenBorder id="ID_6851196" />
    <e:Title id="ID_6851197">MARKINGS AND&nbsp;MARKERS</e:Title>
    <x:table id="ID_6851199" class="">
      <x:tbody id="ID_6851200">
        <x:tr id="ID_6851201">
          <x:td id="ID_6851202" HAlignment="Left" VAlignment="Top" align="left" valign="top">1</x:td>
          <x:td id="ID_6851203" HAlignment="Left" VAlignment="Top" align="left" valign="top">
            <x:p id="ID_6851204">Use of aircraft stand ID signs, TWY guide lines and visual docking/parking guidance system of aircraft stands</x:p>
          </x:td>
          <x:td id="ID_6851205" HAlignment="Left" VAlignment="Top" align="left" valign="top">&nbsp;</x:td>
        </x:tr>
        <x:tr id="ID_6851206">
          <x:td id="ID_6851207" HAlignment="Left" VAlignment="Top" align="left" valign="top">2</x:td>
          <x:td id="ID_6851208" HAlignment="Left" VAlignment="Top" align="left" valign="top">
            <x:p id="ID_6851209">Runway and taxiway markings and lighting</x:p>
          </x:td>
          <x:td id="ID_6851210" HAlignment="Left" VAlignment="Top" align="left" valign="top">&nbsp;</x:td>
        </x:tr>
        <x:tr id="ID_6851211">
          <x:td id="ID_6851212" HAlignment="Left" VAlignment="Top" align="left" valign="top">3</x:td>
          <x:td id="ID_6851213" HAlignment="Left" VAlignment="Top" align="left" valign="top">
            <x:p id="ID_6851214">Stop bars</x:p>
          </x:td>
          <x:td id="ID_6851215" HAlignment="Left" VAlignment="Top" align="left" valign="top">&nbsp;</x:td>
        </x:tr>
        <x:tr id="ID_6851216">
          <x:td id="ID_6851217" HAlignment="Left" VAlignment="Top" align="left" valign="top">4</x:td>
          <x:td id="ID_6851218" HAlignment="Left" VAlignment="Top" align="left" valign="top">
            <x:p id="ID_6851219">Remarks</x:p>
          </x:td>
          <x:td id="ID_6851220" HAlignment="Left" VAlignment="Top" align="left" valign="top">&nbsp;</x:td>
        </x:tr>
      </x:tbody>
    </x:table>
  </e:AD-3.9>
  <e:AD-3.10 id="EGBV-AD-3.10" Number="AD 3.10">
    <GreenBorder id="ID_6851222" />
    <e:Title id="ID_6851223">HELIPORT&nbsp;OBSTACLES</e:Title>
    <x:table id="ID_6851225" class="">
      <x:thead id="ID_6851226">
        <x:tr id="ID_6851227">
          <x:th id="ID_6851228" HAlignment="Center" VAlignment="Top" colspan="6" align="left" valign="top">
            <x:p id="ID_6851229">In Approach/Take-off areas</x:p>
          </x:th>
        </x:tr>
        <x:tr id="ID_6851230">
          <x:th id="ID_6851231" HAlignment="Left" VAlignment="Top" align="left" valign="top">
            <x:p id="ID_6851232">Obstacle ID/Designation</x:p>
          </x:th>
          <x:th id="ID_6851233" HAlignment="Left" VAlignment="Top" align="left" valign="top">
            <x:p id="ID_6851234">Obstacle Type</x:p>
          </x:th>
          <x:th id="ID_6851235" HAlignment="Left" VAlignment="Top" align="left" valign="top">
            <x:p id="ID_6851236">Obstacle Position</x:p>
          </x:th>
          <x:th id="ID_6851237" HAlignment="Left" VAlignment="Top" align="left" valign="top">
            <x:p id="ID_6851238">Elevation/Height</x:p>
          </x:th>
          <x:th id="ID_6851239" HAlignment="Left" VAlignment="Top" align="left" valign="top">
            <x:p id="ID_6851240">Obstruction Lighting Type/Colour</x:p>
          </x:th>
          <x:th id="ID_6851241" HAlignment="Left" VAlignment="Top" align="left" valign="top">
            <x:p id="ID_6851242">Remarks</x:p>
          </x:th>
        </x:tr>
        <x:tr id="ID_6851243">
          <x:th id="ID_6851244" HAlignment="Left" VAlignment="Top" align="left" valign="top">1</x:th>
          <x:th id="ID_6851245" HAlignment="Left" VAlignment="Top" align="left" valign="top">2</x:th>
          <x:th id="ID_6851246" HAlignment="Left" VAlignment="Top" align="left" valign="top">3</x:th>
          <x:th id="ID_6851247" HAlignment="Left" VAlignment="Top" align="left" valign="top">4</x:th>
          <x:th id="ID_6851248" HAlignment="Left" VAlignment="Top" align="left" valign="top">5</x:th>
          <x:th id="ID_6851249" HAlignment="Left" VAlignment="Top" align="left" valign="top">6</x:th>
        </x:tr>
      </x:thead>
      <x:tbody id="ID_6851250">
        <x:tr id="ID_6851251">
          <x:td id="ID_6851252" HAlignment="Left" VAlignment="Top" align="left" valign="top">&nbsp;</x:td>
          <x:td id="ID_6851253" HAlignment="Left" VAlignment="Top" align="left" valign="top">&nbsp;</x:td>
          <x:td id="ID_6851254" HAlignment="Left" VAlignment="Top" align="left" valign="top">&nbsp;</x:td>
          <x:td id="ID_6851255" HAlignment="Left" VAlignment="Top" align="left" valign="top">&nbsp;</x:td>
          <x:td id="ID_6851256" HAlignment="Left" VAlignment="Top" align="left" valign="top">&nbsp;</x:td>
          <x:td id="ID_6851257" HAlignment="Left" VAlignment="Top" align="left" valign="top">&nbsp;</x:td>
        </x:tr>
      </x:tbody>
    </x:table>
    <x:table id="ID_6851259" class="">
      <x:thead id="ID_6851260">
        <x:tr id="ID_6851261">
          <x:th id="ID_6851262" HAlignment="Center" VAlignment="Top" colspan="6" align="left" valign="top">
            <x:p id="ID_6851263">In circling area and at aerodrome</x:p>
          </x:th>
        </x:tr>
        <x:tr id="ID_6851264">
          <x:th id="ID_6851265" HAlignment="Left" VAlignment="Top" align="left" valign="top">
            <x:p id="ID_6851266">Obstacle ID/Designation</x:p>
          </x:th>
          <x:th id="ID_6851267" HAlignment="Left" VAlignment="Top" align="left" valign="top">
            <x:p id="ID_6851268">Obstacle Type</x:p>
          </x:th>
          <x:th id="ID_6851269" HAlignment="Left" VAlignment="Top" align="left" valign="top">
            <x:p id="ID_6851270">Obstacle Position</x:p>
          </x:th>
          <x:th id="ID_6851271" HAlignment="Left" VAlignment="Top" align="left" valign="top">
            <x:p id="ID_6851272">Elevation/Height</x:p>
          </x:th>
          <x:th id="ID_6851273" HAlignment="Left" VAlignment="Top" align="left" valign="top">
            <x:p id="ID_6851274">Obstruction Lighting Type/Colour</x:p>
          </x:th>
          <x:th id="ID_6851275" HAlignment="Left" VAlignment="Top" align="left" valign="top">
            <x:p id="ID_6851276">Remarks</x:p>
          </x:th>
        </x:tr>
        <x:tr id="ID_6851277">
          <x:th id="ID_6851278" HAlignment="Left" VAlignment="Top" align="left" valign="top">1</x:th>
          <x:th id="ID_6851279" HAlignment="Left" VAlignment="Top" align="left" valign="top">2</x:th>
          <x:th id="ID_6851280" HAlignment="Left" VAlignment="Top" align="left" valign="top">3</x:th>
          <x:th id="ID_6851281" HAlignment="Left" VAlignment="Top" align="left" valign="top">4</x:th>
          <x:th id="ID_6851282" HAlignment="Left" VAlignment="Top" align="left" valign="top">5</x:th>
          <x:th id="ID_6851283" HAlignment="Left" VAlignment="Top" align="left" valign="top">6</x:th>
        </x:tr>
      </x:thead>
      <x:tbody id="ID_6851284">
        <x:tr id="ID_6851285">
          <x:td id="ID_6851286" HAlignment="Left" VAlignment="Top" align="left" valign="top">&nbsp;</x:td>
          <x:td id="ID_6851287" HAlignment="Left" VAlignment="Top" align="left" valign="top">&nbsp;</x:td>
          <x:td id="ID_6851288" HAlignment="Left" VAlignment="Top" align="left" valign="top">&nbsp;</x:td>
          <x:td id="ID_6851289" HAlignment="Left" VAlignment="Top" align="left" valign="top">&nbsp;</x:td>
          <x:td id="ID_6851290" HAlignment="Left" VAlignment="Top" align="left" valign="top">&nbsp;</x:td>
          <x:td id="ID_6851291" HAlignment="Left" VAlignment="Top" align="left" valign="top">&nbsp;</x:td>
        </x:tr>
      </x:tbody>
    </x:table>
  </e:AD-3.10>
  <e:AD-3.11 id="EGBV-AD-3.11" Number="AD 3.11">
    <GreenBorder id="ID_6851293" />
    <e:Title id="ID_6851294">METEOROLOGICAL&nbsp;INFORMATION&nbsp;PROVIDED</e:Title>
    <x:table id="ID_6851296" class="">
      <x:tbody id="ID_6851297">
        <x:tr id="ID_6851298">
          <x:td id="ID_6851299" HAlignment="Left" VAlignment="Top" align="left" valign="top">1</x:td>
          <x:td id="ID_6851300" HAlignment="Left" VAlignment="Top" align="left" valign="top">
            <x:p id="ID_6851301">Associated MET Office</x:p>
          </x:td>
          <x:td id="ID_6851302" HAlignment="Left" VAlignment="Top" align="left" valign="top">&nbsp;</x:td>
        </x:tr>
        <x:tr id="ID_6851303">
          <x:td id="ID_6851304" HAlignment="Left" VAlignment="Top" align="left" valign="top">2</x:td>
          <x:td id="ID_6851305" HAlignment="Left" VAlignment="Top" align="left" valign="top">
            <x:p id="ID_6851306">Hours of service</x:p>
            <x:p id="ID_6851307">MET Office outside hours</x:p>
          </x:td>
          <x:td id="ID_6851308" HAlignment="Left" VAlignment="Top" align="left" valign="top">&nbsp;</x:td>
        </x:tr>
        <x:tr id="ID_6851309">
          <x:td id="ID_6851310" HAlignment="Left" VAlignment="Top" align="left" valign="top">3</x:td>
          <x:td id="ID_6851311" HAlignment="Left" VAlignment="Top" align="left" valign="top">
            <x:p id="ID_6851312">Office responsible for TAF preparation</x:p>
            <x:p id="ID_6851313">Periods of validity</x:p>
          </x:td>
          <x:td id="ID_6851314" HAlignment="Left" VAlignment="Top" align="left" valign="top">&nbsp;</x:td>
        </x:tr>
        <x:tr id="ID_6851315">
          <x:td id="ID_6851316" HAlignment="Left" VAlignment="Top" align="left" valign="top">4</x:td>
          <x:td id="ID_6851317" HAlignment="Left" VAlignment="Top" align="left" valign="top">
            <x:p id="ID_6851318">Trend forecast</x:p>
            <x:p id="ID_6851319">Interval of issuance</x:p>
          </x:td>
          <x:td id="ID_6851320" HAlignment="Left" VAlignment="Top" align="left" valign="top">&nbsp;</x:td>
        </x:tr>
        <x:tr id="ID_6851321">
          <x:td id="ID_6851322" HAlignment="Left" VAlignment="Top" align="left" valign="top">5</x:td>
          <x:td id="ID_6851323" HAlignment="Left" VAlignment="Top" align="left" valign="top">
            <x:p id="ID_6851324">Briefing/consultation provided</x:p>
          </x:td>
          <x:td id="ID_6851325" HAlignment="Left" VAlignment="Top" align="left" valign="top">&nbsp;</x:td>
        </x:tr>
        <x:tr id="ID_6851326">
          <x:td id="ID_6851327" HAlignment="Left" VAlignment="Top" align="left" valign="top">6</x:td>
          <x:td id="ID_6851328" HAlignment="Left" VAlignment="Top" align="left" valign="top">
            <x:p id="ID_6851329">Flight documentation</x:p>
            <x:p id="ID_6851330">Language(s) used</x:p>
          </x:td>
          <x:td id="ID_6851331" HAlignment="Left" VAlignment="Top" align="left" valign="top">&nbsp;</x:td>
        </x:tr>
        <x:tr id="ID_6851332">
          <x:td id="ID_6851333" HAlignment="Left" VAlignment="Top" align="left" valign="top">7</x:td>
          <x:td id="ID_6851334" HAlignment="Left" VAlignment="Top" align="left" valign="top">
            <x:p id="ID_6851335">Charts and other information available for briefing or consultation</x:p>
          </x:td>
          <x:td id="ID_6851336" HAlignment="Left" VAlignment="Top" align="left" valign="top">&nbsp;</x:td>
        </x:tr>
        <x:tr id="ID_6851337">
          <x:td id="ID_6851338" HAlignment="Left" VAlignment="Top" align="left" valign="top">8</x:td>
          <x:td id="ID_6851339" HAlignment="Left" VAlignment="Top" align="left" valign="top">
            <x:p id="ID_6851340">Supplementary equipment available for providing information</x:p>
          </x:td>
          <x:td id="ID_6851341" HAlignment="Left" VAlignment="Top" align="left" valign="top">&nbsp;</x:td>
        </x:tr>
        <x:tr id="ID_6851342">
          <x:td id="ID_6851343" HAlignment="Left" VAlignment="Top" align="left" valign="top">9</x:td>
          <x:td id="ID_6851344" HAlignment="Left" VAlignment="Top" align="left" valign="top">
            <x:p id="ID_6851345">ATS units provided with information</x:p>
          </x:td>
          <x:td id="ID_6851346" HAlignment="Left" VAlignment="Top" align="left" valign="top">&nbsp;</x:td>
        </x:tr>
        <x:tr id="ID_6851347">
          <x:td id="ID_6851348" HAlignment="Left" VAlignment="Top" align="left" valign="top">10</x:td>
          <x:td id="ID_6851349" HAlignment="Left" VAlignment="Top" align="left" valign="top">
            <x:p id="ID_6851350">Additional information (limitation of service, etc.)</x:p>
          </x:td>
          <x:td id="ID_6851351" HAlignment="Left" VAlignment="Top" align="left" valign="top">&nbsp;</x:td>
        </x:tr>
      </x:tbody>
    </x:table>
  </e:AD-3.11>
  <e:AD-3.12 id="EGBV-AD-3.12" Number="AD 3.12">
    <GreenBorder id="ID_6851353" />
    <e:Title id="ID_6851354">HELIPORT DATA</e:Title>
    <x:table id="ID_6851356" class="">
      <x:thead id="ID_6851357">
        <x:tr id="ID_6851358">
          <x:th id="ID_6851359" HAlignment="Left" VAlignment="Top" align="left" valign="top">
            <x:p id="ID_6851360">Designations RWY Number</x:p>
          </x:th>
          <x:th id="ID_6851361" HAlignment="Left" VAlignment="Top" align="left" valign="top">
            <x:p id="ID_6851362">True bearing</x:p>
          </x:th>
          <x:th id="ID_6851363" HAlignment="Left" VAlignment="Top" align="left" valign="top">
            <x:p id="ID_6851364">Dimensions of RWY</x:p>
          </x:th>
          <x:th id="ID_6851365" HAlignment="Left" VAlignment="Top" align="left" valign="top">
            <x:p id="ID_6851366">Surface of RWY/ SWY/ </x:p>
            <x:p id="ID_6851367">Strength (PCN)</x:p>
          </x:th>
          <x:th id="ID_6851368" HAlignment="Left" VAlignment="Top" align="left" valign="top">
            <x:p id="ID_6851369">THR co-ordinates/</x:p>
            <x:p id="ID_6851370">THR Geoid undulation</x:p>
          </x:th>
          <x:th id="ID_6851371" HAlignment="Left" VAlignment="Top" align="left" valign="top">
            <x:p id="ID_6851372">THR elevation/ Highest elevation of TDZ of precision APP RWY</x:p>
          </x:th>
        </x:tr>
        <x:tr id="ID_6851373">
          <x:th id="ID_6851374" HAlignment="Left" VAlignment="Top" align="left" valign="top">1</x:th>
          <x:th id="ID_6851375" HAlignment="Left" VAlignment="Top" align="left" valign="top">2</x:th>
          <x:th id="ID_6851376" HAlignment="Left" VAlignment="Top" align="left" valign="top">3</x:th>
          <x:th id="ID_6851377" HAlignment="Left" VAlignment="Top" align="left" valign="top">4</x:th>
          <x:th id="ID_6851378" HAlignment="Left" VAlignment="Top" align="left" valign="top">5</x:th>
          <x:th id="ID_6851379" HAlignment="Left" VAlignment="Top" align="left" valign="top">6</x:th>
        </x:tr>
      </x:thead>
      <x:tbody id="ID_6851380">
        <x:tr id="ID_6851381">
          <x:td id="ID_6851382" HAlignment="Left" VAlignment="Top" align="left" valign="top">&nbsp;</x:td>
          <x:td id="ID_6851383" HAlignment="Left" VAlignment="Top" align="left" valign="top">&nbsp;</x:td>
          <x:td id="ID_6851384" HAlignment="Left" VAlignment="Top" align="left" valign="top">&nbsp;</x:td>
          <x:td id="ID_6851385" HAlignment="Left" VAlignment="Top" align="left" valign="top">&nbsp;</x:td>
          <x:td id="ID_6851386" HAlignment="Left" VAlignment="Top" align="left" valign="top">&nbsp;</x:td>
          <x:td id="ID_6851387" HAlignment="Left" VAlignment="Top" align="left" valign="top">&nbsp;</x:td>
        </x:tr>
        <x:tr id="ID_6851388">
          <x:td id="ID_6851389" HAlignment="Left" VAlignment="Top" align="left" valign="top">&nbsp;</x:td>
          <x:td id="ID_6851390" HAlignment="Left" VAlignment="Top" align="left" valign="top">&nbsp;</x:td>
          <x:td id="ID_6851391" HAlignment="Left" VAlignment="Top" align="left" valign="top">&nbsp;</x:td>
          <x:td id="ID_6851392" HAlignment="Left" VAlignment="Top" align="left" valign="top">&nbsp;</x:td>
          <x:td id="ID_6851393" HAlignment="Left" VAlignment="Top" align="left" valign="top">&nbsp;</x:td>
          <x:td id="ID_6851394" HAlignment="Left" VAlignment="Top" align="left" valign="top">&nbsp;</x:td>
        </x:tr>
      </x:tbody>
    </x:table>
    <x:table id="ID_6851396" class="">
      <x:thead id="ID_6851397">
        <x:tr id="ID_6851398">
          <x:th id="ID_6851399" HAlignment="Left" VAlignment="Top" colspan="3" align="left" valign="top">
            <x:p id="ID_6851400">Slope of RWY/</x:p>
            <x:p id="ID_6851401">SWY</x:p>
          </x:th>
          <x:th id="ID_6851402" HAlignment="Left" VAlignment="Top" align="left" valign="top">
            <x:p id="ID_6851403">SWY dimensions</x:p>
          </x:th>
          <x:th id="ID_6851404" HAlignment="Left" VAlignment="Top" align="left" valign="top">
            <x:p id="ID_6851405">Clearway dimensions</x:p>
          </x:th>
          <x:th id="ID_6851406" HAlignment="Left" VAlignment="Top" align="left" valign="top">
            <x:p id="ID_6851407">Strip dimensions</x:p>
          </x:th>
          <x:th id="ID_6851408" HAlignment="Left" VAlignment="Top" align="left" valign="top">
            <x:p id="ID_6851409">OFZ</x:p>
          </x:th>
          <x:th id="ID_6851410" HAlignment="Left" VAlignment="Top" align="left" valign="top">
            <x:p id="ID_6851411">Remarks</x:p>
          </x:th>
        </x:tr>
        <x:tr id="ID_6851412">
          <x:th id="ID_6851413" HAlignment="Left" VAlignment="Top" colspan="3" align="left" valign="top">7</x:th>
          <x:th id="ID_6851414" HAlignment="Left" VAlignment="Top" align="left" valign="top">8</x:th>
          <x:th id="ID_6851415" HAlignment="Left" VAlignment="Top" align="left" valign="top">9</x:th>
          <x:th id="ID_6851416" HAlignment="Left" VAlignment="Top" align="left" valign="top">10</x:th>
          <x:th id="ID_6851417" HAlignment="Left" VAlignment="Top" align="left" valign="top">11</x:th>
          <x:th id="ID_6851418" HAlignment="Left" VAlignment="Top" align="left" valign="top">12</x:th>
        </x:tr>
      </x:thead>
      <x:tbody id="ID_6851419">
        <x:tr id="ID_6851420">
          <x:td id="ID_6851421" HAlignment="Left" VAlignment="Top" colspan="3" align="left" valign="top">&nbsp;</x:td>
          <x:td id="ID_6851422" HAlignment="Left" VAlignment="Top" align="left" valign="top">&nbsp;</x:td>
          <x:td id="ID_6851423" HAlignment="Left" VAlignment="Top" align="left" valign="top">&nbsp;</x:td>
          <x:td id="ID_6851424" HAlignment="Left" VAlignment="Top" align="left" valign="top">&nbsp;</x:td>
          <x:td id="ID_6851425" HAlignment="Left" VAlignment="Top" align="left" valign="top">&nbsp;</x:td>
          <x:td id="ID_6851426" HAlignment="Left" VAlignment="Top" align="left" valign="top">&nbsp;</x:td>
        </x:tr>
        <x:tr id="ID_6851427">
          <x:td id="ID_6851428" HAlignment="Left" VAlignment="Top" colspan="3" align="left" valign="top">&nbsp;</x:td>
          <x:td id="ID_6851429" HAlignment="Left" VAlignment="Top" align="left" valign="top">&nbsp;</x:td>
          <x:td id="ID_6851430" HAlignment="Left" VAlignment="Top" align="left" valign="top">&nbsp;</x:td>
          <x:td id="ID_6851431" HAlignment="Left" VAlignment="Top" align="left" valign="top">&nbsp;</x:td>
          <x:td id="ID_6851432" HAlignment="Left" VAlignment="Top" align="left" valign="top">&nbsp;</x:td>
          <x:td id="ID_6851433" HAlignment="Left" VAlignment="Top" align="left" valign="top">&nbsp;</x:td>
        </x:tr>
      </x:tbody>
    </x:table>
  </e:AD-3.12>
  <e:AD-3.13 id="EGBV-AD-3.13" Number="AD 3.13">
    <GreenBorder id="ID_6851435" />
    <e:Title id="ID_6851436">DECLARED&nbsp;DISTANCES</e:Title>
    <x:table id="ID_6851438" class="">
      <x:thead id="ID_6851439">
        <x:tr id="ID_6851440">
          <x:th id="ID_6851441" HAlignment="Left" VAlignment="Top" align="left" valign="top">
            <x:p id="ID_6851442">Runway designator</x:p>
          </x:th>
          <x:th id="ID_6851443" HAlignment="Left" VAlignment="Top" align="left" valign="top">
            <x:p id="ID_6851444">TORA</x:p>
          </x:th>
          <x:th id="ID_6851445" HAlignment="Left" VAlignment="Top" align="left" valign="top">
            <x:p id="ID_6851446">TODA</x:p>
          </x:th>
          <x:th id="ID_6851447" HAlignment="Left" VAlignment="Top" align="left" valign="top">
            <x:p id="ID_6851448">ASDA</x:p>
          </x:th>
          <x:th id="ID_6851449" HAlignment="Left" VAlignment="Top" align="left" valign="top">
            <x:p id="ID_6851450">LDA</x:p>
          </x:th>
          <x:th id="ID_6851451" HAlignment="Left" VAlignment="Top" align="left" valign="top">
            <x:p id="ID_6851452">Remarks</x:p>
          </x:th>
        </x:tr>
        <x:tr id="ID_6851453">
          <x:th id="ID_6851454" HAlignment="Left" VAlignment="Top" align="left" valign="top">1</x:th>
          <x:th id="ID_6851455" HAlignment="Left" VAlignment="Top" align="left" valign="top">2</x:th>
          <x:th id="ID_6851456" HAlignment="Left" VAlignment="Top" align="left" valign="top">3</x:th>
          <x:th id="ID_6851457" HAlignment="Left" VAlignment="Top" align="left" valign="top">4</x:th>
          <x:th id="ID_6851458" HAlignment="Left" VAlignment="Top" align="left" valign="top">5</x:th>
          <x:th id="ID_6851459" HAlignment="Left" VAlignment="Top" align="left" valign="top">6</x:th>
        </x:tr>
      </x:thead>
      <x:tbody id="ID_6851460">
        <x:tr id="ID_6851461">
          <x:td id="ID_6851462" HAlignment="Left" VAlignment="Top" align="left" valign="top">&nbsp;</x:td>
          <x:td id="ID_6851463" HAlignment="Left" VAlignment="Top" align="left" valign="top">&nbsp;</x:td>
          <x:td id="ID_6851464" HAlignment="Left" VAlignment="Top" align="left" valign="top">&nbsp;</x:td>
          <x:td id="ID_6851465" HAlignment="Left" VAlignment="Top" align="left" valign="top">&nbsp;</x:td>
          <x:td id="ID_6851466" HAlignment="Left" VAlignment="Top" align="left" valign="top">&nbsp;</x:td>
          <x:td id="ID_6851467" HAlignment="Left" VAlignment="Top" align="left" valign="top">&nbsp;</x:td>
        </x:tr>
        <x:tr id="ID_6851468">
          <x:td id="ID_6851469" HAlignment="Left" VAlignment="Top" align="left" valign="top">&nbsp;</x:td>
          <x:td id="ID_6851470" HAlignment="Left" VAlignment="Top" align="left" valign="top">&nbsp;</x:td>
          <x:td id="ID_6851471" HAlignment="Left" VAlignment="Top" align="left" valign="top">&nbsp;</x:td>
          <x:td id="ID_6851472" HAlignment="Left" VAlignment="Top" align="left" valign="top">&nbsp;</x:td>
          <x:td id="ID_6851473" HAlignment="Left" VAlignment="Top" align="left" valign="top">&nbsp;</x:td>
          <x:td id="ID_6851474" HAlignment="Left" VAlignment="Top" align="left" valign="top">&nbsp;</x:td>
        </x:tr>
      </x:tbody>
    </x:table>
  </e:AD-3.13>
  <e:AD-3.14 id="EGBV-AD-3.14" Number="AD 3.14">
    <GreenBorder id="ID_6851476" />
    <e:Title id="ID_6851477">APPROACH&nbsp;AND&nbsp;FATO&nbsp;LIGHTING</e:Title>
    <x:table id="ID_6851479" class="">
      <x:thead id="ID_6851480">
        <x:tr id="ID_6851481">
          <x:th id="ID_6851482" HAlignment="Left" VAlignment="Top" align="left" valign="top">
            <x:p id="ID_6851483">RWY</x:p>
          </x:th>
          <x:th id="ID_6851484" HAlignment="Left" VAlignment="Top" align="left" valign="top">
            <x:p id="ID_6851485">Approach Lighting Type/</x:p>
            <x:p id="ID_6851486">Length/</x:p>
            <x:p id="ID_6851487">Intensity</x:p>
          </x:th>
          <x:th id="ID_6851488" HAlignment="Left" VAlignment="Top" align="left" valign="top">
            <x:p id="ID_6851489">Threshold lighting</x:p>
            <x:p id="ID_6851490">Colour/ </x:p>
            <x:p id="ID_6851491">Wing bars</x:p>
          </x:th>
          <x:th id="ID_6851492" HAlignment="Left" VAlignment="Top" align="left" valign="top">
            <x:p id="ID_6851493">VASIS/</x:p>
            <x:p id="ID_6851494">MEHT/</x:p>
            <x:p id="ID_6851495">PAPI</x:p>
          </x:th>
          <x:th id="ID_6851496" HAlignment="Left" VAlignment="Top" align="left" valign="top">
            <x:p id="ID_6851497">TDZ lighting</x:p>
            <x:p id="ID_6851498">Length</x:p>
          </x:th>
          <x:th id="ID_6851499" HAlignment="Left" VAlignment="Top" align="left" valign="top">
            <x:p id="ID_6851500">Runway Centre Line lighting</x:p>
            <x:p id="ID_6851501">Length/</x:p>
            <x:p id="ID_6851502">Spacing/</x:p>
            <x:p id="ID_6851503">Colour/</x:p>
            <x:p id="ID_6851504">Intensity</x:p>
          </x:th>
          <x:th id="ID_6851505" HAlignment="Left" VAlignment="Top" align="left" valign="top">
            <x:p id="ID_6851506">Runway edge lighting</x:p>
            <x:p id="ID_6851507">Length/</x:p>
            <x:p id="ID_6851508">Spacing/</x:p>
            <x:p id="ID_6851509">Colour/</x:p>
            <x:p id="ID_6851510">Intensity</x:p>
          </x:th>
          <x:th id="ID_6851511" HAlignment="Left" VAlignment="Top" align="left" valign="top">
            <x:p id="ID_6851512">Runway end lighting</x:p>
            <x:p id="ID_6851513">Colour/</x:p>
            <x:p id="ID_6851514">Wing bars</x:p>
          </x:th>
          <x:th id="ID_6851515" HAlignment="Left" VAlignment="Top" align="left" valign="top">
            <x:p id="ID_6851516">Stopway lighting</x:p>
            <x:p id="ID_6851517">Length/</x:p>
            <x:p id="ID_6851518">Colour</x:p>
          </x:th>
          <x:th id="ID_6851519" HAlignment="Left" VAlignment="Top" align="left" valign="top">
            <x:p id="ID_6851520">Remarks</x:p>
          </x:th>
        </x:tr>
        <x:tr id="ID_6851521">
          <x:th id="ID_6851522" HAlignment="Left" VAlignment="Top" align="left" valign="top">1</x:th>
          <x:th id="ID_6851523" HAlignment="Left" VAlignment="Top" align="left" valign="top">2</x:th>
          <x:th id="ID_6851524" HAlignment="Left" VAlignment="Top" align="left" valign="top">3</x:th>
          <x:th id="ID_6851525" HAlignment="Left" VAlignment="Top" align="left" valign="top">4</x:th>
          <x:th id="ID_6851526" HAlignment="Left" VAlignment="Top" align="left" valign="top">5</x:th>
          <x:th id="ID_6851527" HAlignment="Left" VAlignment="Top" align="left" valign="top">6</x:th>
          <x:th id="ID_6851528" HAlignment="Left" VAlignment="Top" align="left" valign="top">7</x:th>
          <x:th id="ID_6851529" HAlignment="Left" VAlignment="Top" align="left" valign="top">8</x:th>
          <x:th id="ID_6851530" HAlignment="Left" VAlignment="Top" align="left" valign="top">9</x:th>
          <x:th id="ID_6851531" HAlignment="Left" VAlignment="Top" align="left" valign="top">10</x:th>
        </x:tr>
      </x:thead>
      <x:tbody id="ID_6851532">
        <x:tr id="ID_6851533">
          <x:td id="ID_6851534" HAlignment="Left" VAlignment="Top" align="left" valign="top">&nbsp;</x:td>
          <x:td id="ID_6851535" HAlignment="Left" VAlignment="Top" align="left" valign="top">&nbsp;</x:td>
          <x:td id="ID_6851536" HAlignment="Left" VAlignment="Top" align="left" valign="top">&nbsp;</x:td>
          <x:td id="ID_6851537" HAlignment="Left" VAlignment="Top" align="left" valign="top">&nbsp;</x:td>
          <x:td id="ID_6851538" HAlignment="Left" VAlignment="Top" align="left" valign="top">&nbsp;</x:td>
          <x:td id="ID_6851539" HAlignment="Left" VAlignment="Top" align="left" valign="top">&nbsp;</x:td>
          <x:td id="ID_6851540" HAlignment="Left" VAlignment="Top" align="left" valign="top">&nbsp;</x:td>
          <x:td id="ID_6851541" HAlignment="Left" VAlignment="Top" align="left" valign="top">&nbsp;</x:td>
          <x:td id="ID_6851542" HAlignment="Left" VAlignment="Top" align="left" valign="top">&nbsp;</x:td>
          <x:td id="ID_6851543" HAlignment="Left" VAlignment="Top" align="left" valign="top">&nbsp;</x:td>
        </x:tr>
        <x:tr id="ID_6851544">
          <x:td id="ID_6851545" HAlignment="Left" VAlignment="Top" align="left" valign="top">&nbsp;</x:td>
          <x:td id="ID_6851546" HAlignment="Left" VAlignment="Top" align="left" valign="top">&nbsp;</x:td>
          <x:td id="ID_6851547" HAlignment="Left" VAlignment="Top" align="left" valign="top">&nbsp;</x:td>
          <x:td id="ID_6851548" HAlignment="Left" VAlignment="Top" align="left" valign="top">&nbsp;</x:td>
          <x:td id="ID_6851549" HAlignment="Left" VAlignment="Top" align="left" valign="top">&nbsp;</x:td>
          <x:td id="ID_6851550" HAlignment="Left" VAlignment="Top" align="left" valign="top">&nbsp;</x:td>
          <x:td id="ID_6851551" HAlignment="Left" VAlignment="Top" align="left" valign="top">&nbsp;</x:td>
          <x:td id="ID_6851552" HAlignment="Left" VAlignment="Top" align="left" valign="top">&nbsp;</x:td>
          <x:td id="ID_6851553" HAlignment="Left" VAlignment="Top" align="left" valign="top">&nbsp;</x:td>
          <x:td id="ID_6851554" HAlignment="Left" VAlignment="Top" align="left" valign="top">&nbsp;</x:td>
        </x:tr>
      </x:tbody>
    </x:table>
  </e:AD-3.14>
  <e:AD-3.15 id="EGBV-AD-3.15" Number="AD 3.15">
    <GreenBorder id="ID_6851556" />
    <e:Title id="ID_6851557">OTHER&nbsp;LIGHTING,&nbsp;SECONDARY&nbsp;POWER&nbsp;SUPPLY</e:Title>
    <x:table id="ID_6851559" class="">
      <x:tbody id="ID_6851560">
        <x:tr id="ID_6851561">
          <x:td id="ID_6851562" HAlignment="Left" VAlignment="Top" align="left" valign="top">1</x:td>
          <x:td id="ID_6851563" HAlignment="Left" VAlignment="Top" align="left" valign="top">
            <x:p id="ID_6851564">ABN/IBN location, characteristics and hours of operation</x:p>
          </x:td>
          <x:td id="ID_6851565" HAlignment="Left" VAlignment="Top" align="left" valign="top">&nbsp;</x:td>
        </x:tr>
        <x:tr id="ID_6851566">
          <x:td id="ID_6851567" HAlignment="Left" VAlignment="Top" align="left" valign="top">2</x:td>
          <x:td id="ID_6851568" HAlignment="Left" VAlignment="Top" align="left" valign="top">
            <x:p id="ID_6851569">LDI location and lighting</x:p>
            <x:p id="ID_6851570">Anemometer location and lighting</x:p>
          </x:td>
          <x:td id="ID_6851571" HAlignment="Left" VAlignment="Top" align="left" valign="top">&nbsp;</x:td>
        </x:tr>
        <x:tr id="ID_6851572">
          <x:td id="ID_6851573" HAlignment="Left" VAlignment="Top" align="left" valign="top">3</x:td>
          <x:td id="ID_6851574" HAlignment="Left" VAlignment="Top" align="left" valign="top">
            <x:p id="ID_6851575">TWY edge and centre line lighting</x:p>
          </x:td>
          <x:td id="ID_6851576" HAlignment="Left" VAlignment="Top" align="left" valign="top">&nbsp;</x:td>
        </x:tr>
        <x:tr id="ID_6851577">
          <x:td id="ID_6851578" HAlignment="Left" VAlignment="Top" align="left" valign="top">4</x:td>
          <x:td id="ID_6851579" HAlignment="Left" VAlignment="Top" align="left" valign="top">
            <x:p id="ID_6851580">Secondary power supply/switch-over time</x:p>
          </x:td>
          <x:td id="ID_6851581" HAlignment="Left" VAlignment="Top" align="left" valign="top">&nbsp;</x:td>
        </x:tr>
        <x:tr id="ID_6851582">
          <x:td id="ID_6851583" HAlignment="Left" VAlignment="Top" align="left" valign="top">5</x:td>
          <x:td id="ID_6851584" HAlignment="Left" VAlignment="Top" align="left" valign="top">
            <x:p id="ID_6851585">Remarks</x:p>
          </x:td>
          <x:td id="ID_6851586" HAlignment="Left" VAlignment="Top" align="left" valign="top">&nbsp;</x:td>
        </x:tr>
      </x:tbody>
    </x:table>
  </e:AD-3.15>
  <e:AD-3.16 id="EGBV-AD-3.16" Number="AD 3.16">
    <GreenBorder id="ID_6851588" />
    <e:Title id="ID_6851589">AIR TRAFFIC SERVICES AIRSPACE</e:Title>
    <x:table id="ID_6851591" class="">
      <x:tbody id="ID_6851592">
        <x:tr id="ID_6851593">
          <x:td id="ID_6851594" HAlignment="Left" VAlignment="Top" align="left" valign="top">1</x:td>
          <x:td id="ID_6851595" HAlignment="Left" VAlignment="Top" align="left" valign="top">
            <x:p id="ID_6851596">Coordinates TLOF or THR of FATO</x:p>
            <x:p id="ID_6851597">Geoid undulation</x:p>
          </x:td>
          <x:td id="ID_6851598" HAlignment="Left" VAlignment="Top" align="left" valign="top">&nbsp;</x:td>
        </x:tr>
        <x:tr id="ID_6851599">
          <x:td id="ID_6851600" HAlignment="Left" VAlignment="Top" align="left" valign="top">2</x:td>
          <x:td id="ID_6851601" HAlignment="Left" VAlignment="Top" align="left" valign="top">
            <x:p id="ID_6851602">TLOF and/or FATO elevation M/FT</x:p>
          </x:td>
          <x:td id="ID_6851603" HAlignment="Left" VAlignment="Top" align="left" valign="top">&nbsp;</x:td>
        </x:tr>
        <x:tr id="ID_6851604">
          <x:td id="ID_6851605" HAlignment="Left" VAlignment="Top" align="left" valign="top">3</x:td>
          <x:td id="ID_6851606" HAlignment="Left" VAlignment="Top" align="left" valign="top">
            <x:p id="ID_6851607">TLOF and FATO area dimensions, surface, strength, marking</x:p>
          </x:td>
          <x:td id="ID_6851608" HAlignment="Left" VAlignment="Top" align="left" valign="top">&nbsp;</x:td>
        </x:tr>
        <x:tr id="ID_6851609">
          <x:td id="ID_6851610" HAlignment="Left" VAlignment="Top" align="left" valign="top">4</x:td>
          <x:td id="ID_6851611" HAlignment="Left" VAlignment="Top" align="left" valign="top">
            <x:p id="ID_6851612">True BRG of FATO</x:p>
          </x:td>
          <x:td id="ID_6851613" HAlignment="Left" VAlignment="Top" align="left" valign="top">&nbsp;</x:td>
        </x:tr>
        <x:tr id="ID_6851614">
          <x:td id="ID_6851615" HAlignment="Left" VAlignment="Top" align="left" valign="top">5</x:td>
          <x:td id="ID_6851616" HAlignment="Left" VAlignment="Top" align="left" valign="top">
            <x:p id="ID_6851617">Declared distance available</x:p>
          </x:td>
          <x:td id="ID_6851618" HAlignment="Left" VAlignment="Top" align="left" valign="top">&nbsp;</x:td>
        </x:tr>
        <x:tr id="ID_6851619">
          <x:td id="ID_6851620" HAlignment="Left" VAlignment="Top" align="left" valign="top">6</x:td>
          <x:td id="ID_6851621" HAlignment="Left" VAlignment="Top" align="left" valign="top">
            <x:p id="ID_6851622">APP and FATO lighting</x:p>
          </x:td>
          <x:td id="ID_6851623" HAlignment="Left" VAlignment="Top" align="left" valign="top">&nbsp;</x:td>
        </x:tr>
        <x:tr id="ID_6851624">
          <x:td id="ID_6851625" HAlignment="Left" VAlignment="Top" align="left" valign="top">7</x:td>
          <x:td id="ID_6851626" HAlignment="Left" VAlignment="Top" align="left" valign="top">
            <x:p id="ID_6851627">Remarks</x:p>
          </x:td>
          <x:td id="ID_6851628" HAlignment="Left" VAlignment="Top" align="left" valign="top">&nbsp;</x:td>
        </x:tr>
      </x:tbody>
    </x:table>
  </e:AD-3.16>
  <e:AD-3.17 id="EGBV-AD-3.17" Number="AD 3.17">
    <GreenBorder id="ID_6851630" />
    <e:Title id="ID_6851631">AIR TRAFFIC SERVICES COMMUNICATION FACILITIES</e:Title>
    <x:table id="ID_6851633" class="">
      <x:thead id="ID_6851634">
        <x:tr id="ID_6851635">
          <x:th id="ID_6851636" HAlignment="Left" VAlignment="Top" align="left" valign="top">
            <x:p id="ID_6851637">Designation and</x:p>
            <x:p id="ID_6851638">lateral limits</x:p>
          </x:th>
          <x:th id="ID_6851639" HAlignment="Left" VAlignment="Top" align="left" valign="top">
            <x:p id="ID_6851640">Vertical Limits</x:p>
          </x:th>
          <x:th id="ID_6851641" HAlignment="Left" VAlignment="Top" align="left" valign="top">
            <x:p id="ID_6851642">Airspace Class</x:p>
          </x:th>
          <x:th id="ID_6851643" HAlignment="Left" VAlignment="Top" align="left" valign="top">
            <x:p id="ID_6851644">ATS unit callsign/ language</x:p>
          </x:th>
          <x:th id="ID_6851645" HAlignment="Left" VAlignment="Top" align="left" valign="top">
            <x:p id="ID_6851646">Transition Altitude</x:p>
          </x:th>
          <x:th id="ID_6851647" HAlignment="Left" VAlignment="Top" align="left" valign="top">
            <x:p id="ID_6851648">Hours of Applicability</x:p>
          </x:th>
          <x:th id="ID_6851649" HAlignment="Left" VAlignment="Top" align="left" valign="top">
            <x:p id="ID_6851650">Remarks</x:p>
          </x:th>
        </x:tr>
        <x:tr id="ID_6851651">
          <x:th id="ID_6851652" HAlignment="Left" VAlignment="Top" align="left" valign="top">1</x:th>
          <x:th id="ID_6851653" HAlignment="Left" VAlignment="Top" align="left" valign="top">2</x:th>
          <x:th id="ID_6851654" HAlignment="Left" VAlignment="Top" align="left" valign="top">3</x:th>
          <x:th id="ID_6851655" HAlignment="Left" VAlignment="Top" align="left" valign="top">4</x:th>
          <x:th id="ID_6851656" HAlignment="Left" VAlignment="Top" align="left" valign="top">5</x:th>
          <x:th id="ID_6851657" HAlignment="Left" VAlignment="Top" align="left" valign="top">6</x:th>
          <x:th id="ID_6851658" HAlignment="Left" VAlignment="Top" align="left" valign="top">7</x:th>
        </x:tr>
      </x:thead>
      <x:tbody id="ID_6851659">
        <x:tr id="ID_6851660">
          <x:td id="ID_6851661" HAlignment="Left" VAlignment="Top" align="left" valign="top">&nbsp;</x:td>
          <x:td id="ID_6851662" HAlignment="Left" VAlignment="Top" align="left" valign="top">&nbsp;</x:td>
          <x:td id="ID_6851663" HAlignment="Left" VAlignment="Top" align="left" valign="top">&nbsp;</x:td>
          <x:td id="ID_6851664" HAlignment="Left" VAlignment="Top" align="left" valign="top">&nbsp;</x:td>
          <x:td id="ID_6851665" HAlignment="Left" VAlignment="Top" align="left" valign="top">&nbsp;</x:td>
          <x:td id="ID_6851666" HAlignment="Left" VAlignment="Top" align="left" valign="top">&nbsp;</x:td>
          <x:td id="ID_6851667" HAlignment="Left" VAlignment="Top" align="left" valign="top">&nbsp;</x:td>
        </x:tr>
        <x:tr id="ID_6851668">
          <x:td id="ID_6851669" HAlignment="Left" VAlignment="Top" align="left" valign="top">&nbsp;</x:td>
          <x:td id="ID_6851670" HAlignment="Left" VAlignment="Top" align="left" valign="top">&nbsp;</x:td>
          <x:td id="ID_6851671" HAlignment="Left" VAlignment="Top" align="left" valign="top">&nbsp;</x:td>
          <x:td id="ID_6851672" HAlignment="Left" VAlignment="Top" align="left" valign="top">&nbsp;</x:td>
          <x:td id="ID_6851673" HAlignment="Left" VAlignment="Top" align="left" valign="top">&nbsp;</x:td>
          <x:td id="ID_6851674" HAlignment="Left" VAlignment="Top" align="left" valign="top">&nbsp;</x:td>
          <x:td id="ID_6851675" HAlignment="Left" VAlignment="Top" align="left" valign="top">&nbsp;</x:td>
        </x:tr>
      </x:tbody>
    </x:table>
  </e:AD-3.17>
  <e:AD-3.18 id="EGBV-AD-3.18" Number="AD 3.18">
    <GreenBorder id="ID_6851677" />
    <e:Title id="ID_6851678">RADIO NAVIGATION AND LANDING&nbsp;AIDS</e:Title>
    <x:table id="ID_6851680" class="">
      <x:thead id="ID_6851681">
        <x:tr id="ID_6851682">
          <x:th id="ID_6851683" HAlignment="Left" VAlignment="Top" align="left" valign="top">
            <x:p id="ID_6851684">Service designation</x:p>
          </x:th>
          <x:th id="ID_6851685" HAlignment="Left" VAlignment="Top" align="left" valign="top">
            <x:p id="ID_6851686">Callsign</x:p>
          </x:th>
          <x:th id="ID_6851687" HAlignment="Left" VAlignment="Top" align="left" valign="top">
            <x:p id="ID_6851688">Channel(s)</x:p>
          </x:th>
          <x:th id="ID_6851689" HAlignment="Left" VAlignment="Top" align="left" valign="top">
            <x:p id="ID_6851690">Hours of </x:p>
            <x:p id="ID_6851691">Operation</x:p>
          </x:th>
          <x:th id="ID_6851692" HAlignment="Left" VAlignment="Top" align="left" valign="top">
            <x:p id="ID_6851693">Remarks</x:p>
          </x:th>
        </x:tr>
        <x:tr id="ID_6851694">
          <x:th id="ID_6851695" HAlignment="Left" VAlignment="Top" align="left" valign="top">1</x:th>
          <x:th id="ID_6851696" HAlignment="Left" VAlignment="Top" align="left" valign="top">2</x:th>
          <x:th id="ID_6851697" HAlignment="Left" VAlignment="Top" align="left" valign="top">3</x:th>
          <x:th id="ID_6851698" HAlignment="Left" VAlignment="Top" align="left" valign="top">4</x:th>
          <x:th id="ID_6851699" HAlignment="Left" VAlignment="Top" align="left" valign="top">5</x:th>
        </x:tr>
      </x:thead>
      <x:tbody id="ID_6851700">
        <x:tr id="ID_6851701">
          <x:td id="ID_6851702" HAlignment="Left" VAlignment="Top" align="left" valign="top">&nbsp;</x:td>
          <x:td id="ID_6851703" HAlignment="Left" VAlignment="Top" align="left" valign="top">&nbsp;</x:td>
          <x:td id="ID_6851704" HAlignment="Left" VAlignment="Top" align="left" valign="top">&nbsp;</x:td>
          <x:td id="ID_6851705" HAlignment="Left" VAlignment="Top" align="left" valign="top">&nbsp;</x:td>
          <x:td id="ID_6851706" HAlignment="Left" VAlignment="Top" align="left" valign="top">&nbsp;</x:td>
        </x:tr>
        <x:tr id="ID_6851707">
          <x:td id="ID_6851708" HAlignment="Left" VAlignment="Top" align="left" valign="top">&nbsp;</x:td>
          <x:td id="ID_6851709" HAlignment="Left" VAlignment="Top" align="left" valign="top">&nbsp;</x:td>
          <x:td id="ID_6851710" HAlignment="Left" VAlignment="Top" align="left" valign="top">&nbsp;</x:td>
          <x:td id="ID_6851711" HAlignment="Left" VAlignment="Top" align="left" valign="top">&nbsp;</x:td>
          <x:td id="ID_6851712" HAlignment="Left" VAlignment="Top" align="left" valign="top">&nbsp;</x:td>
        </x:tr>
      </x:tbody>
    </x:table>
  </e:AD-3.18>
  <e:AD-3.19 id="EGBV-AD-3.19" Number="AD 3.19">
    <GreenBorder id="ID_6851714" />
    <e:Title id="ID_6851715">LOCAL HELIPORT REGULATIONS</e:Title>
  </e:AD-3.19>
  <e:AD-3.20 id="EGBV-AD-3.20" Number="AD 3.20">
    <GreenBorder id="ID_6851717" />
    <e:Title id="ID_6851718">NOISE ABATEMENT PROCEDURES</e:Title>
  </e:AD-3.20>
  <e:AD-3.21 id="EGBV-AD-3.21" Number="AD 3.21">
    <GreenBorder id="ID_6851720" />
    <e:Title id="ID_6851721">FLIGHT PROCEDURES</e:Title>
  </e:AD-3.21>
  <e:AD-3.22 id="EGBV-AD-3.22" Number="AD 3.22">
    <GreenBorder id="ID_6851723" />
    <e:Title id="ID_6851724">ADDITIONAL INFORMATION</e:Title>
  </e:AD-3.22>
  <e:AD-3.23 id="EGBV-AD-3.23" Number="AD 3.23">
    <GreenBorder id="ID_6851726" />
    <e:Title id="ID_6851727">CHARTS RELATED TO A HELIPORT</e:Title>
  </e:AD-3.23>
</e:Heliport>
