<?xml version="1.0" encoding="UTF-8"?>
<e:ENR-1.4 id="ENR-1.4" Number="ENR 1.4" xmlns:e="http://www.eurocontrol.int/xmlns/AIM/eAIP" xmlns:x="http://www.w3.org/1999/xhtml" xmlns:xlink="http://www.w3.org/1999/xlink">
  <e:Title>ENR 1.4 ATS AIRSPACE CLASSIFICATION AND DESCRIPTION</e:Title>
  <x:div class="RP">
    <x:span class="sdParams" style="display:none;">TRULES_PROC;RULES_PROC_ID;6848</x:span>
    <e:Sub-section Number="1" id="ENR-1.4.1">
      <e:Title id="ID_6912878">Air Traffic Services Airspace Classification</e:Title>
      <x:div Number="1.1" id="ENR-1.4.1.1">Within the UK FIR and UIR, Airspace is classified as A, C, D, E, F and G in accordance with Standardised European Rules of the Air, subject to the Differences notified at GEN 1.7. The Airspace Classifications are described in subsequent paragraphs.</x:div>
      <x:div Number="1.2" id="ENR-1.4.1.2">ALL Class A, C, D and E Airspace is hereby notified for the purposes of Article 163 sub-paragraphs (4) (5) (6) and (8) (b) (i) of the Air Navigation Order 2009.</x:div>
    </e:Sub-section>
    <e:Sub-section Number="2" id="ENR-1.4.2">
      <e:Title id="ID_6912884">Air Traffic Services Airspace Description</e:Title>
      <e:Sub-section Number="2.1" id="ENR-1.4.2.1">
        <e:Title id="ID_6912886">Class A - Controlled Airspace</e:Title>
        <x:table id="ID_6912888" class="">
          <x:thead id="ID_6912889">
            <x:tr id="ID_6912890">
              <x:th id="ID_6912891" align="left" valign="top">
                <x:p id="ID_6912892" />
              </x:th>
              <x:th id="ID_6912893" align="left" valign="top">
                <x:p id="ID_6912894">IFR</x:p>
              </x:th>
              <x:th id="ID_6912895" align="left" valign="top">
                <x:p id="ID_6912896">VFR</x:p>
              </x:th>
            </x:tr>
          </x:thead>
          <x:tbody id="ID_6912897">
            <x:tr id="ID_6912898">
              <x:td id="ID_6912899" align="left" valign="top">
                <x:p id="ID_6912900">
                  <x:strong id="ID_6912901">Service</x:strong>
                </x:p>
              </x:td>
              <x:td id="ID_6912902" align="left" valign="top">
                <x:p id="ID_6912903">Air Traffic Control Service.</x:p>
              </x:td>
              <x:td id="ID_6912904" rowspan="2" align="center" valign="middle">
                <x:p id="ID_6912905">VFR FLIGHT</x:p>
              </x:td>
            </x:tr>
            <x:tr id="ID_6912906">
              <x:td id="ID_6912907" align="left" valign="top">
                <x:p id="ID_6912908">
                  <x:strong id="ID_6912909">Separation</x:strong>
                </x:p>
              </x:td>
              <x:td id="ID_6912910" align="left" valign="top">
                <x:p id="ID_6912911">Separation provided between all IFR flights by ATC.</x:p>
              </x:td>
            </x:tr>
            <x:tr id="ID_6912912">
              <x:td id="ID_6912913" align="left" valign="top">
                <x:p id="ID_6912914">
                  <x:strong id="ID_6912915">ATC Rules</x:strong>
                </x:p>
              </x:td>
              <x:td id="ID_6912916" align="left" valign="top">
                <x:p id="ID_6912917">Flight Plan required;<x:strong id="ID_6912919"> (See Note 1)</x:strong></x:p>
                <x:p id="ID_6912920">ATC clearance required;</x:p>
                <x:p id="ID_6912921">Radio Communication required;</x:p>
                <x:p id="ID_6912922">ATC instructions are mandatory.</x:p>
              </x:td>
              <x:td id="ID_6912923" align="center" valign="middle">
                <x:p id="ID_6912924">NOT</x:p>
              </x:td>
            </x:tr>
            <x:tr id="ID_6912925">
              <x:td id="ID_6912926" align="left" valign="top">
                <x:p id="ID_6912927">
                  <x:strong id="ID_6912928">VMC Minima</x:strong>
                </x:p>
              </x:td>
              <x:td id="ID_6912929" align="left" valign="top">
                <x:p id="ID_6912930">At or above FL 100: 8 km flight visibility, 1500 m horizontal and 1000 ft vertical distance from cloud<x:br/><x:br/>Below FL 100: 5 km flight visibility, 1500 m horizontal and 1000 ft vertical distance from cloud<x:strong id="ID_6912932"> (See Note 2)</x:strong></x:p>
              </x:td>
              <x:td id="ID_6912933" rowspan="2" align="center" valign="middle">
                <x:p id="ID_6912934">PERMITTED</x:p>
              </x:td>
            </x:tr>
            <x:tr id="ID_6912935">
              <x:td id="ID_6912936" align="left" valign="top">
                <x:p id="ID_6912937">
                  <x:strong id="ID_6912938">Speed Limitation</x:strong>
                </x:p>
              </x:td>
              <x:td id="ID_6912939" align="left" valign="top">
                <x:p id="ID_6912940">As published in procedures or instructed by ATC.</x:p>
              </x:td>
            </x:tr>
          </x:tbody>
        </x:table>
        <x:div id="ID_6912941" class="Note">
          <x:p id="ID_6912942">Note: In certain circumstances, Flight Plan requirements may be satisfied by passing flight details on RTF (detailed at ENR 1.10).</x:p>
        </x:div>
        <x:div id="ID_6912943" class="Note">
          <x:p id="ID_6912944">Note: For the purposes of:</x:p>
        </x:div>
        <x:ol id="ID_6912945" class="Numbered">
          <x:li id="ID_6912946">
            <x:p id="ID_6912947">Climbs and descents maintaining VMC;</x:p>
          </x:li>
          <x:li id="ID_6912948">
            <x:p id="ID_6912949">Powered aircraft - Airways crossings (ENR 1.1, paragraph 1.6.1.6.1);</x:p>
          </x:li>
          <x:li id="ID_6912950">
            <x:p id="ID_6912951">Powered aircraft - other penetrations of Airways (ENR 1.1, paragraph 1.6.1.6.2).</x:p>
          </x:li>
        </x:ol>
        <e:Sub-section Number="2.1.1" id="ENR-1.4.2.1.1">
          <e:Title id="ID_6912953">Notifications</e:Title>
          <x:div Number="2.1.1.1" id="ENR-1.4.2.1.1.1">The following Airspace is notified Class A Airspace:<x:ol id="ID_6912956" class="Numbered"><x:li id="ID_6912957"><x:p id="ID_6912958"><x:strong id="ID_6912959">All Control Areas (Airways) below FL 195 as notified within the UK FIR </x:strong>With the exceptions listed below:</x:p><x:ol id="ID_6912961" class="Numbered"><x:li id="ID_6912962"><x:p id="ID_6912963">Those parts which lie within the boundaries of the Belfast TMAs/CTRs and Scottish TMAs;</x:p></x:li><x:li id="ID_6912964"><x:p id="ID_6912965">part of Airway L10 (between Isle of Man VOR IOM and Belfast VOR BEL);</x:p></x:li><x:li id="ID_6912966"><x:p id="ID_6912967">part of Airway L15 (between MAKUX and DUFFY);</x:p></x:li><x:li id="ID_6912968"><x:p id="ID_6912969">part of Airway L18 (between BADSI and LIPGO);</x:p></x:li><x:li id="ID_6912970"><x:p id="ID_6912971">part of Airway L70 (between KOLID and PENIL and RAMOX and BAGSO);</x:p></x:li><x:li id="ID_6912972"><x:p id="ID_6912973">part of Airway L602 (between Glasgow VOR GOW and Tiree VOR TIR);</x:p></x:li><x:li id="ID_6912974"><x:p id="ID_6912975">part of Airway L603 (between Isle of Man VOR IOM and LISBO);</x:p></x:li><x:li id="ID_6912976"><x:p id="ID_6912977">part of Airway L975 (between GINIS and LIFFY);</x:p></x:li><x:li id="ID_6912978"><x:p id="ID_6912979">part of Airway N34 (between NEVRI and Belfast VOR BEL);</x:p></x:li><x:li id="ID_6912980"><x:p id="ID_6912981">part of Airway N560 (between Glasgow VOR GOW and KOKAL);</x:p></x:li><x:li id="ID_6912982"><x:p id="ID_6912983">part of Airway N562 (between Turnberry VOR TRN and Machrihanish DME MAC);</x:p></x:li><x:li id="ID_6912984"><x:p id="ID_6912985">parts of Airway N601 (552239N 0031545W to GRICE and Area 1 bounded by 551735N 0025427W - 551724N 0024532W - 551241N 0023052W - 545912N 0022555W - 545610N 0024159W - 551735N 0025427W);</x:p></x:li><x:li id="ID_6912986"><x:p id="ID_6912987">part of Airway N864 between EXMOR and the southern boundary of L9 below FL 105;</x:p></x:li><x:li id="ID_6912988"><x:p id="ID_6912989">part of Airway P6 (between RUBOV and Belfast VOR BEL);</x:p></x:li><x:li id="ID_6912990"><x:p id="ID_6912991">Airway P18 (between UVAVU and NATEB below FL 125 and between NATEB and Aberdeen VOR ADN at all levels);</x:p></x:li><x:li id="ID_6912992"><x:p id="ID_6912993">parts of Airway P600 (between ROTEV (FIR Boundary) and ENUKU) and (between Aberdeen VOR ADN and BUDON);</x:p></x:li><x:li id="ID_6912994"><x:p id="ID_6912995">part of Airway P620 (between NIMAT and BLACA);</x:p></x:li><x:li id="ID_6912996"><x:p id="ID_6912997">part of Airway Y124 (between LUTIP and DEXEN (FIR Boundary));</x:p></x:li><x:li id="ID_6912998"><x:p id="ID_6912999">Airway Y904 (between Aberdeen VOR ADN and Wick VOR WIK);</x:p></x:li><x:li id="ID_6913000"><x:p id="ID_6913001">Airway Y905 (between Aberdeen VOR ADN and Sumburgh VOR SUM);</x:p></x:li><x:li id="ID_6913002"><x:p id="ID_6913003">Airway Y906 (between RIMOL and Stornoway VOR STN);</x:p></x:li><x:li id="ID_6913004"><x:p id="ID_6913005">Airway Y911 (between BOYNE (FIR Boundary) and Isle of Man VOR IOM);</x:p></x:li><x:li id="ID_6913006"><x:p id="ID_6913007">Airway Y958 (between BRUCE and TOBMO);</x:p></x:li><x:li id="ID_6913008"><x:p id="ID_6913009">the BANBA Control Area.</x:p></x:li></x:ol><x:p id="ID_6913010">(See also ENR 1.4 paras 2.3.1.1 and 2.4.1.2).</x:p></x:li><x:li id="ID_6913011"><x:p id="ID_6913012"><x:strong id="ID_6913013">Channel Islands Terminal Control Area (North and South);</x:strong></x:p><x:p id="ID_6913014">Outside the notified hours of watch of the Jersey Air Traffic Control Unit:</x:p><x:ol id="ID_6913015" class="Numbered"><x:li id="ID_6913016"><x:p id="ID_6913017">Those parts of the Channel Islands TMA (South), which lie within the Brest FIR are notified as Class E Airspace and are controlled by Brest ACC.</x:p></x:li><x:li id="ID_6913018"><x:p id="ID_6913019">Those parts of the Channel Islands TMA (North) which lie within the London FIR and are located below the lower limits of existing ATS routes N862, N90, Y91, Q41, M185, L980 are notified as Class G Airspace.</x:p></x:li></x:ol></x:li><x:li id="ID_6913020"><x:p id="ID_6913021"><x:strong id="ID_6913022">Clacton Control Area below FL 195;</x:strong></x:p></x:li><x:li id="ID_6913023"><x:p id="ID_6913024"><x:strong id="ID_6913025">Cotswold Control Area 3 below FL 195;</x:strong></x:p></x:li><x:li id="ID_6913026"><x:p id="ID_6913027"><x:strong id="ID_6913028">Daventry Control Area below FL 195;</x:strong></x:p></x:li><x:li id="ID_6913029"><x:p id="ID_6913030"><x:strong id="ID_6913031">London Terminal Control Area below FL 195;</x:strong></x:p></x:li><x:li id="ID_6913032"><x:p id="ID_6913033"><x:strong id="ID_6913034">Manchester Terminal Control Area below FL 195;</x:strong></x:p></x:li><x:li id="ID_6913035"><x:p id="ID_6913036"><x:strong id="ID_6913037">North Sea Control Area, </x:strong>CTA 2 (GODOS) and CTA 3 (MOLIX) FL 175 to FL 195;</x:p></x:li><x:li id="ID_6913039"><x:p id="ID_6913040"><x:strong id="ID_6913041">Portsmouth Control Area below FL 195;</x:strong></x:p></x:li><x:li id="ID_6913042"><x:p id="ID_6913043"><x:strong id="ID_6913044">Shanwick Oceanic Control Area;</x:strong></x:p><x:p id="ID_6913045">The Shanwick, Santa Maria, New York and Reykjavik Oceanic Control Areas are hereby notified pursuant to Article 255 (1) of the Air Navigation Order 2009 at and above FL 55 for the purposes of ICAO Annex 11 Chapter 2 para 2.6.1 and SERA.6001(a) Classification of Airspaces Class A.</x:p></x:li><x:li id="ID_6913046"><x:p id="ID_6913047"><x:strong id="ID_6913048">Strumble Control Area 1;</x:strong></x:p></x:li><x:li id="ID_6913049"><x:p id="ID_6913050"><x:strong id="ID_6913051">Worthing Control Area below FL 195.</x:strong></x:p></x:li></x:ol></x:div>
        </e:Sub-section>
      </e:Sub-section>
      <e:Sub-section Number="2.2" id="ENR-1.4.2.2">
        <e:Title id="ID_6913053">Class B - Controlled Airspace</e:Title>
        <x:table id="ID_6913055" class="">
          <x:thead id="ID_6913056">
            <x:tr id="ID_6913057">
              <x:th id="ID_6913058" align="left" valign="top" />
              <x:th id="ID_6913059" align="center" valign="top">
                <x:p id="ID_6913060">IFR</x:p>
              </x:th>
              <x:th id="ID_6913061" align="center" valign="top">
                <x:p id="ID_6913062">VFR</x:p>
              </x:th>
            </x:tr>
          </x:thead>
          <x:tbody id="ID_6913063">
            <x:tr id="ID_6913064">
              <x:td id="ID_6913065" align="left" valign="top">
                <x:p id="ID_6913066">
                  <x:strong id="ID_6913067">Service</x:strong>
                </x:p>
              </x:td>
              <x:td id="ID_6913068" colspan="2" align="center" valign="top">
                <x:p id="ID_6913069">Air Traffic Control Service.</x:p>
              </x:td>
            </x:tr>
            <x:tr id="ID_6913070">
              <x:td id="ID_6913071" align="left" valign="top">
                <x:p id="ID_6913072">
                  <x:strong id="ID_6913073">Separation</x:strong>
                </x:p>
              </x:td>
              <x:td id="ID_6913074" colspan="2" align="center" valign="top">
                <x:p id="ID_6913075">Separation provided between all flights by ATC.</x:p>
              </x:td>
            </x:tr>
            <x:tr id="ID_6913076">
              <x:td id="ID_6913077" align="left" valign="top">
                <x:p id="ID_6913078">
                  <x:strong id="ID_6913079">ATC Rules</x:strong>
                </x:p>
              </x:td>
              <x:td id="ID_6913080" colspan="2" align="center" valign="top">
                <x:p id="ID_6913081">Flight Plan required;<x:strong id="ID_6913083"> (See Note)</x:strong></x:p>
                <x:p id="ID_6913084">ATC clearance required;</x:p>
                <x:p id="ID_6913085">Radio Communication required;</x:p>
                <x:p id="ID_6913086">ATC instructions are mandatory.</x:p>
              </x:td>
            </x:tr>
            <x:tr id="ID_6913087">
              <x:td id="ID_6913088" rowspan="2" align="left" valign="top">
                <x:p id="ID_6913089">
                  <x:strong id="ID_6913090">VMC Minima</x:strong>
                </x:p>
              </x:td>
              <x:td id="ID_6913091" rowspan="2" align="left" valign="top">
                <x:p id="ID_6913092">Not applicable.</x:p>
              </x:td>
              <x:td id="ID_6913093" align="left" valign="top">
                <x:p id="ID_6913094">
                  <x:strong id="ID_6913095">At or above FL 100:</x:strong>
                </x:p>
                <x:p id="ID_6913096">8 km flight visibility</x:p>
                <x:p id="ID_6913097">Clear of cloud.</x:p>
              </x:td>
            </x:tr>
            <x:tr id="ID_6913098">
              <x:td id="ID_6913099" align="left" valign="top">
                <x:p id="ID_6913100">
                  <x:strong id="ID_6913101">Below FL 100:</x:strong>
                </x:p>
                <x:p id="ID_6913102">5 km flight visibility</x:p>
                <x:p id="ID_6913103">Clear of cloud.</x:p>
              </x:td>
            </x:tr>
            <x:tr id="ID_6913104">
              <x:td id="ID_6913105" align="left" valign="top">
                <x:p id="ID_6913106">
                  <x:strong id="ID_6913107">Speed Limitation</x:strong>
                </x:p>
              </x:td>
              <x:td id="ID_6913108" colspan="2" align="center" valign="top">
                <x:p id="ID_6913109">As published in procedures or instructed by ATC.</x:p>
              </x:td>
            </x:tr>
          </x:tbody>
        </x:table>
        <x:div id="ID_6913110" class="Note">
          <x:p id="ID_6913111">Note: In certain circumstances, Flight Plan requirements may be satisfied by passing flight details on RTF (detailed at ENR 1.10).</x:p>
        </x:div>
        <x:p id="ID_6913112" />
        <x:table id="ID_6913114" class="ClearTableForm">
          <x:tbody id="ID_6913115">
            <x:tr id="ID_6913116">
              <x:td id="ID_6913117" colspan="3" align="center" valign="top">
                <x:p id="ID_6913118">
                  <x:strong id="ID_6913119">No UK Airspace is currently designated Class B.</x:strong>
                </x:p>
              </x:td>
            </x:tr>
          </x:tbody>
        </x:table>
      </e:Sub-section>
      <e:Sub-section Number="2.3" id="ENR-1.4.2.3">
        <e:Title id="ID_6913121">Class C - Controlled Airspace</e:Title>
        <x:table id="ID_6913123" class="">
          <x:thead id="ID_6913124">
            <x:tr id="ID_6913125">
              <x:th id="ID_6913126" align="left" valign="top" />
              <x:th id="ID_6913127" align="center" valign="top">
                <x:p id="ID_6913128">IFR</x:p>
              </x:th>
              <x:th id="ID_6913129" align="center" valign="top">
                <x:p id="ID_6913130">VFR</x:p>
              </x:th>
            </x:tr>
          </x:thead>
          <x:tbody id="ID_6913131">
            <x:tr id="ID_6913132">
              <x:td id="ID_6913133" align="left" valign="top">
                <x:p id="ID_6913134">
                  <x:strong id="ID_6913135">Service</x:strong>
                </x:p>
              </x:td>
              <x:td id="ID_6913136" colspan="2" align="center" valign="top">
                <x:p id="ID_6913137">Air Traffic Control Service.</x:p>
              </x:td>
            </x:tr>
            <x:tr id="ID_6913138">
              <x:td id="ID_6913139" align="left" valign="top">
                <x:p id="ID_6913140">
                  <x:strong id="ID_6913141">Separation</x:strong>
                </x:p>
              </x:td>
              <x:td id="ID_6913142" align="left" valign="top">
                <x:p id="ID_6913143">Separation provided between all IFR flights by ATC.</x:p>
              </x:td>
              <x:td id="ID_6913144" align="left" valign="top">
                <x:p id="ID_6913145">All VFR flights separated from all IFR flights by ATC.</x:p>
                <x:p id="ID_6913146">Traffic information provided on other VFR flights and traffic avoidance advice on request.</x:p>
              </x:td>
            </x:tr>
            <x:tr id="ID_6913147">
              <x:td id="ID_6913148" align="left" valign="top">
                <x:p id="ID_6913149">
                  <x:strong id="ID_6913150">ATC Rules</x:strong>
                </x:p>
              </x:td>
              <x:td id="ID_6913151" colspan="2" align="center" valign="top">
                <x:p id="ID_6913152">Flight Plan required;<x:strong id="ID_6913154"> (See Note)</x:strong></x:p>
                <x:p id="ID_6913155">ATC clearance required;</x:p>
                <x:p id="ID_6913156">Radio Communication required;</x:p>
                <x:p id="ID_6913157">ATC instructions are mandatory.</x:p>
              </x:td>
            </x:tr>
            <x:tr id="ID_6913158">
              <x:td id="ID_6913159" rowspan="2" align="left" valign="top">
                <x:p id="ID_6913160">
                  <x:strong id="ID_6913161">VMC Minima</x:strong>
                </x:p>
              </x:td>
              <x:td id="ID_6913162" rowspan="2" align="left" valign="top">
                <x:p id="ID_6913163">Not applicable.</x:p>
              </x:td>
              <x:td id="ID_6913164" align="left" valign="top">
                <x:p id="ID_6913165">
                  <x:strong id="ID_6913166">At or above FL 100:</x:strong>
                </x:p>
                <x:p id="ID_6913167">8 km flight visibility</x:p>
                <x:p id="ID_6913168">1500 m horizontal and 1000 ft vertical distance from cloud;</x:p>
              </x:td>
            </x:tr>
            <x:tr id="ID_6913169">
              <x:td id="ID_6913170" align="left" valign="top">
                <x:p id="ID_6913171">
                  <x:strong id="ID_6913172">Below FL 100:</x:strong>
                </x:p>
                <x:p id="ID_6913173">5 km flight visibility</x:p>
                <x:p id="ID_6913174">1500 m horizontal and 1000 ft vertical distance from cloud.</x:p>
              </x:td>
            </x:tr>
            <x:tr id="ID_6913175">
              <x:td id="ID_6913176" align="left" valign="top">
                <x:p id="ID_6913177">
                  <x:strong id="ID_6913178">Speed Limitation</x:strong>
                </x:p>
              </x:td>
              <x:td id="ID_6913179" align="left" valign="top">
                <x:p id="ID_6913180">As published in procedures or instructed by ATC.</x:p>
              </x:td>
              <x:td id="ID_6913181" align="left" valign="top">
                <x:p id="ID_6913182">
                  <x:strong id="ID_6913183">Below FL 100:</x:strong>
                </x:p>
                <x:p id="ID_6913184">250 kt IAS;</x:p>
                <x:p id="ID_6913185">
                  <x:strong id="ID_6913186">OR</x:strong>
                </x:p>
                <x:p id="ID_6913187">lower when published in procedures or instructed by ATC.</x:p>
              </x:td>
            </x:tr>
          </x:tbody>
        </x:table>
        <x:div id="ID_6913188" class="Note">
          <x:p id="ID_6913189">Note: In certain circumstances, Flight Plan requirements may be satisfied by passing flight details on RTF (detailed at ENR 1.10).</x:p>
        </x:div>
        <e:Sub-section Number="2.3.1" id="ENR-1.4.2.3.1">
          <e:Title id="ID_6913191">Notifications</e:Title>
          <x:div Number="2.3.1.1" id="ENR-1.4.2.3.1.1">The following airspace is notified as Class C Airspace:<x:ol id="ID_6913194" class="Numbered"><x:li id="ID_6913195"><x:p id="ID_6913196">The London and Scottish FIRs above FL 195 including all Control Areas (including Airways) as notified within the UK FIR and Upper Airspace Control Area - the London and Scottish UIR between FL 245 and FL 660 (which includes the Hebrides Upper Control Area (UTA));</x:p></x:li><x:li id="ID_6913197"><x:p id="ID_6913198">Cotswold Control Areas 1 and 2 below FL195;</x:p></x:li><x:li id="ID_6913199"><x:p id="ID_6913200">Midlands Control Area;</x:p></x:li><x:li id="ID_6913201"><x:p id="ID_6913202">Severn Control Areas 1 and 2 below FL165;</x:p></x:li><x:li id="ID_6913203"><x:p id="ID_6913204">Southern Control Area;</x:p></x:li><x:li id="ID_6913205"><x:p id="ID_6913206">Strumble Control Area 2;</x:p></x:li><x:li id="ID_6913207"><x:p id="ID_6913208">Manchester Terminal Control Area above FL 195;</x:p></x:li><x:li id="ID_6913209"><x:p id="ID_6913210">Scottish Terminal Control Area above FL 195;</x:p></x:li><x:li id="ID_6913211"><x:p id="ID_6913212">Airway L18 below FL 195 between BADSI and LIPGO;</x:p></x:li><x:li id="ID_6913213"><x:p id="ID_6913214">Airway L70 below FL 195 between KOLID and PENIL and RAMOX and BAGSO;</x:p></x:li><x:li id="ID_6913215"><x:p id="ID_6913216">Airway L975 below FL 195 between GINIS and LIFFY;</x:p></x:li><x:li id="ID_6913217"><x:p id="ID_6913218">N601 Airspace extension below FL 195 between BEDFO and EMBOR;</x:p></x:li><x:li id="ID_6913219"><x:p id="ID_6913220">Airway Y124 below FL 195 between LUTIP and DEXEN (FIR Boundary).</x:p></x:li></x:ol></x:div>
        </e:Sub-section>
        <e:Sub-section Number="2.3.2" id="ENR-1.4.2.3.2">
          <e:Title id="ID_6913222">VFR Flight in Class C Airspace</e:Title>
          <x:div Number="2.3.2.1" id="ENR-1.4.2.3.2.1">General arrangements for VFR flight in Class C airspace are specified at ENR 1.1.4.</x:div>
          <x:div Number="2.3.2.2" id="ENR-1.4.2.3.2.2">Specific arrangements for glider operations within Temporary Reserved Areas in Class C airspace above FL 195 are detailed at ENR 1.1.1 paragraph 9 (Charts see ENR 6-3-0-3/4).</x:div>
        </e:Sub-section>
      </e:Sub-section>
      <e:Sub-section Number="2.4" id="ENR-1.4.2.4">
        <e:Title id="ID_6913228">Class D - Controlled Airspace</e:Title>
        <x:table id="ID_6913230" class="">
          <x:thead id="ID_6913231">
            <x:tr id="ID_6913232">
              <x:th id="ID_6913233" align="left" valign="top" />
              <x:th id="ID_6913234" align="center" valign="top">
                <x:p id="ID_6913235">IFR</x:p>
              </x:th>
              <x:th id="ID_6913236" align="center" valign="top">
                <x:p id="ID_6913237">VFR</x:p>
              </x:th>
            </x:tr>
          </x:thead>
          <x:tbody id="ID_6913238">
            <x:tr id="ID_6913239">
              <x:td id="ID_6913240" align="left" valign="top">
                <x:p id="ID_6913241">
                  <x:strong id="ID_6913242">Service</x:strong>
                </x:p>
              </x:td>
              <x:td id="ID_6913243" colspan="2" align="center" valign="top">
                <x:p id="ID_6913244">Air Traffic Control Service.</x:p>
              </x:td>
            </x:tr>
            <x:tr id="ID_6913245">
              <x:td id="ID_6913246" align="left" valign="top">
                <x:p id="ID_6913247">
                  <x:strong id="ID_6913248">Separation</x:strong>
                </x:p>
              </x:td>
              <x:td id="ID_6913249" align="left" valign="top">
                <x:p id="ID_6913250">Separation provided between all IFR flights by ATC.</x:p>
                <x:p id="ID_6913251">Traffic information provided on VFR flights and traffic avoidance advice on request.</x:p>
              </x:td>
              <x:td id="ID_6913252" align="left" valign="top">
                <x:p id="ID_6913253">ATC separation not provided.</x:p>
                <x:p id="ID_6913254">Traffic information provided on IFR flights and other VFR flights; traffic avoidance advice on request.</x:p>
              </x:td>
            </x:tr>
            <x:tr id="ID_6913255">
              <x:td id="ID_6913256" align="left" valign="top">
                <x:p id="ID_6913257">
                  <x:strong id="ID_6913258">ATC Rules</x:strong>
                </x:p>
              </x:td>
              <x:td id="ID_6913259" colspan="2" align="center" valign="top">
                <x:p id="ID_6913260">Flight Plan required;<x:strong id="ID_6913262"> (See Note)</x:strong></x:p>
                <x:p id="ID_6913263">ATC clearance required;</x:p>
                <x:p id="ID_6913264">Radio Communication required;</x:p>
                <x:p id="ID_6913265">ATC instructions are mandatory.</x:p>
              </x:td>
            </x:tr>
            <x:tr id="ID_6913266">
              <x:td id="ID_6913267" rowspan="3" align="left" valign="top">
                <x:p id="ID_6913268">
                  <x:strong id="ID_6913269">VMC Minima</x:strong>
                </x:p>
              </x:td>
              <x:td id="ID_6913270" rowspan="3" align="left" valign="top">
                <x:p id="ID_6913271">Not applicable.</x:p>
              </x:td>
              <x:td id="ID_6913272" align="left" valign="top">
                <x:p id="ID_6913273">
                  <x:strong id="ID_6913274">At or above FL 100:</x:strong>
                </x:p>
                <x:p id="ID_6913275">8 km flight visibility</x:p>
                <x:p id="ID_6913276">1500 m horizontal and 1000 ft vertical distance from cloud;</x:p>
              </x:td>
            </x:tr>
            <x:tr id="ID_6913277">
              <x:td id="ID_6913278" align="left" valign="top">
                <x:p id="ID_6913279">
                  <x:strong id="ID_6913280">Below FL 100:</x:strong>
                </x:p>
                <x:p id="ID_6913281">5 km flight visibility</x:p>
                <x:p id="ID_6913282">1500 m horizontal and 1000 ft vertical distance from cloud.</x:p>
              </x:td>
            </x:tr>
            <x:tr id="ID_6913283">
              <x:td id="ID_6913284" align="left" valign="top">&nbsp;</x:td>
            </x:tr>
            <x:tr id="ID_6913285">
              <x:td id="ID_6913286" align="left" valign="top">
                <x:p id="ID_6913287">
                  <x:strong id="ID_6913288">Speed Limitation</x:strong>
                </x:p>
              </x:td>
              <x:td id="ID_6913289" colspan="2" align="left" valign="top">
                <x:p id="ID_6913290">
                  <x:strong id="ID_6913291">Below FL 100:</x:strong>
                </x:p>
                <x:p id="ID_6913292">250 kt IAS;</x:p>
                <x:p id="ID_6913293">
                  <x:strong id="ID_6913294">OR</x:strong>
                </x:p>
                <x:p id="ID_6913295">lower when published in procedures or instructed by ATC.</x:p>
              </x:td>
            </x:tr>
          </x:tbody>
        </x:table>
        <x:div id="ID_6913296" class="Note">
          <x:p id="ID_6913297">Note: In certain circumstances, Flight Plan requirements may be satisfied by passing flight details on RTF (detailed at ENR 1.10).</x:p>
        </x:div>
        <e:Sub-section Number="2.4.1" id="ENR-1.4.2.4.1">
          <e:Title id="ID_6913299">Notifications</e:Title>
          <x:div Number="2.4.1.1" id="ENR-1.4.2.4.1.1">The following airspace is notified as Class D Airspace during the notified hours of watch of the appropriate Air Traffic Control Unit.<x:table id="ID_6913303" class="ClearTableForm"><x:tbody id="ID_6913304"><x:tr id="ID_6913305"><x:td id="ID_6913306" align="left" valign="top"><x:p id="ID_6913307">Aberdeen Control Zone/Control Area<x:strong id="ID_6913309"> (Notes 1 and 2(a)) </x:strong>;</x:p></x:td><x:td id="ID_6913311" align="left" valign="top"><x:p id="ID_6913312">Leeds Bradford Control Zone/Control Area<x:strong id="ID_6913314"> (Note 1) </x:strong>;</x:p></x:td></x:tr><x:tr id="ID_6913316"><x:td id="ID_6913317" align="left" valign="top"><x:p id="ID_6913318">Balder Control Area<x:strong id="ID_6913320"> (Note 4) </x:strong>;</x:p><x:p id="ID_6913322">Belfast Control Zone;</x:p><x:p id="ID_6913323">Belfast Terminal Control Area;</x:p><x:p id="ID_6913324">Belfast/City Control Zone/Control Area;</x:p><x:p id="ID_6913325">Birmingham Control Zone/Control Area<x:strong id="ID_6913327"> (Note 3) </x:strong>;</x:p><x:p id="ID_6913329">Bournemouth Control Zone<x:strong id="ID_6913331"> (Note 1) </x:strong>;</x:p><x:p id="ID_6913333">Bristol Control Zone/Control Area;</x:p><x:p id="ID_6913334">Brize Norton Control Zone;</x:p><x:p id="ID_6913335">Cardiff Control Zone/Control Area<x:strong id="ID_6913337"> (Note 3) </x:strong>;</x:p><x:p id="ID_6913339">Channel Islands Control Zone/Control Area<x:strong id="ID_6913341">  (Note 2(f)) </x:strong>;</x:p><x:p id="ID_6913343">Doncaster Sheffield Control Zone/Control Area<x:strong id="ID_6913345"> (Notes 1 and 3) </x:strong>;</x:p><x:p id="ID_6913347">Durham Tees Valley Control Zone/Control Area;</x:p><x:p id="ID_6913348">East Midlands Control Zone/Control Area<x:strong id="ID_6913350"> (Note 3) </x:strong>;</x:p><x:p id="ID_6913352">Edinburgh Control Zone/Control Area<x:strong id="ID_6913354"> (Notes 1, 2(b) and 3) </x:strong>;</x:p><x:p id="ID_6913356">Ekofisk Control Area<x:strong id="ID_6913358"> (Note 4) </x:strong>;</x:p><x:p id="ID_6913360">Glasgow Control Zone/Control Area<x:strong id="ID_6913362"> (Notes 1, 2(b) and 3) </x:strong>;</x:p><x:p id="ID_6913364">Isle of Man Control Zone/Control Area<x:strong id="ID_6913366"> (Note 1) </x:strong>;</x:p></x:td><x:td id="ID_6913368" align="left" valign="top"><x:p id="ID_6913369">Liverpool Control Zone/Control Area<x:strong id="ID_6913371"> (Note 3) </x:strong>;</x:p><x:p id="ID_6913373">London Control Zone<x:strong id="ID_6913375"> (Notes 2(e) and 3) </x:strong>;</x:p><x:p id="ID_6913377">London/City Control Zone/Control Area<x:strong id="ID_6913379"> (Note 2(e)) </x:strong>;</x:p><x:p id="ID_6913381">London Gatwick Control Zone/Control Area<x:strong id="ID_6913383"> (Note 3) </x:strong>;</x:p><x:p id="ID_6913385">London Luton Control Zone/Control Area<x:strong id="ID_6913387"> (Note 3) </x:strong>;</x:p><x:p id="ID_6913389">London Stansted Control Zone/Control Area<x:strong id="ID_6913391"> (Note 3) </x:strong>;</x:p><x:p id="ID_6913393">Manchester Control Zone/Control Area<x:strong id="ID_6913395"> (Note 3) </x:strong>;</x:p><x:p id="ID_6913397">Newcastle Control Zone/Control Area<x:strong id="ID_6913399"> (Notes 1 and 2(b)) </x:strong>;</x:p><x:p id="ID_6913401">Norwich Control Zone/Control Area<x:strong id="ID_6913403"> (Notes 1 and 3) </x:strong>;</x:p><x:p id="ID_6913405">Prestwick Control Zone/Control Area<x:strong id="ID_6913407"> (Notes 2(b) and 3) </x:strong>;</x:p><x:p id="ID_6913409">Scottish Terminal Control Area as shown at ENR 6-2-1-5;</x:p><x:p id="ID_6913410">Solent Control Area<x:strong id="ID_6913412"> (Note 1) </x:strong>;</x:p><x:p id="ID_6913414">Southampton Control Zone<x:strong id="ID_6913416"> (Note 1) </x:strong>;</x:p><x:p id="ID_6913418">Southend Control Zone/Control Area;</x:p><x:p id="ID_6913419">Strangford Control Area;</x:p><x:p id="ID_6913420">Sumburgh Control Zone/Control Area<x:strong id="ID_6913422"> (Note 2(c) and (d)) </x:strong>.</x:p></x:td></x:tr></x:tbody></x:table><x:p id="ID_6913424"><x:strong id="ID_6913425">Note 1</x:strong></x:p><x:p id="ID_6913426">Notified as Class D Airspace for the purposes of SERA.6001 Classification of Airspaces, during the notified hours of watch of the appropriate Air Traffic Control Unit subject to the conditions in Note 2.</x:p><x:p id="ID_6913427"><x:strong id="ID_6913428">Note 2</x:strong></x:p><x:ol id="ID_6913429" class="Numbered"><x:li id="ID_6913430"><x:p id="ID_6913431">An aircraft without radio equipment must not fly in Class D Airspace during the notified hours of watch of the appropriate air traffic control unit unless it has been otherwise authorised by the appropriate air traffic control unit and is subject to the conditions at paragraph (c).</x:p></x:li><x:li id="ID_6913432"><x:p id="ID_6913433">An aircraft without radio equipment and flown in accordance with the Instrument Flight Rules must not fly in Class E Airspace during the notified hours of watch of the appropriate air traffic control unit unless it has been otherwise authorised by the appropriate air traffic control unit and is subject to the conditions at paragraph (c).</x:p></x:li><x:li id="ID_6913434"><x:p id="ID_6913435">For the purposes of paragraphs (1) and (2), the conditions are that the aircraft must:</x:p><x:ol id="ID_6913436" class="Numbered"><x:li id="ID_6913437"><x:p id="ID_6913438">only fly during the day;</x:p></x:li><x:li id="ID_6913439"><x:p id="ID_6913440">only fly within notified controlled airspace notified for the purpose of this paragraph;</x:p></x:li><x:li id="ID_6913441"><x:p id="ID_6913442">remain at least 1500 m horizontally and 1000 ft vertically away from cloud and in a flight visibility of at least 5 km;</x:p></x:li><x:li id="ID_6913443"><x:p id="ID_6913444">comply with any electronic conspicuity requirements specified by the air traffic control unit; and</x:p></x:li><x:li id="ID_6913445"><x:p id="ID_6913446">comply with any other conditions specified by the appropriate air traffic control unit.<x:br/>(As applied to the Isle of Man by the Civil Aviation (Subordinate Legislation) (Application) (No 2) Order 1996).</x:p></x:li></x:ol></x:li></x:ol><x:p id="ID_6913447"><x:strong id="ID_6913448">Note 3</x:strong></x:p><x:ol id="ID_6913449" class="Numbered"><x:li id="ID_6913450"><x:p id="ID_6913451">Birmingham Control Zone and Control Area.</x:p><x:p id="ID_6913452">The Birmingham Aerodrome Traffic Zone is hereby notified for the purposes of Schedule 7, Private Pilots Licence (Aeroplanes), sub-para 2 (c) (ii) and Basic Commercial Pilots Licence (Aeroplanes) sub-para 3 (g) (ii), of the Air Navigation Order 2009, when there is a flight visibility of at least 3 km.</x:p></x:li><x:li id="ID_6913453"><x:p id="ID_6913454">Cardiff Control Zone and Control Area.</x:p><x:p id="ID_6913455">The Cardiff Aerodrome Traffic Zone is hereby notified for the purposes of Schedule 7, Private Pilots Licence (Aeroplanes), sub-para 2(c)(ii) and Basic Commercial Pilots Licence (Aeroplanes) sub-para 3 (g ) (ii), of the Air Navigation Order 2009, when there is a flight visibility of at least 3 km.</x:p></x:li><x:li id="ID_6913456"><x:p id="ID_6913457">Doncaster Sheffield Control Zone.</x:p><x:p id="ID_6913458">The Aerodrome Traffic Zone and the entry/exit lanes at Doncaster Airport, are hereby notified for the purposes of Schedule 7 of the Air Navigation Order 2009, Part A, Private Pilots Licence (Aeroplanes), sub-para 2 (c) (ii) and Basic Commercial Pilots Licence (Aeroplanes) sub-para 3 (g) (ii), when there is a flight visibility of at least 3 km.</x:p></x:li><x:li id="ID_6913459"><x:p id="ID_6913460">East Midlands Control Zone and Control Area.</x:p><x:p id="ID_6913461">The East Midlands Aerodrome Traffic Zone is hereby notified for the purposes of Schedule 7 Part A, Private Pilots Licence (Aeroplanes), sub-para 2 (c) (ii) and Basic Commercial Pilots Licence (Aeroplanes) sub-para 3 (g) (ii), of the Air Navigation Order 2009, when there is a flight visibility of at least 3 km. The entry/exit lanes in the East Midlands Control Zone are hereby notified for the purposes of Schedule 7 Part A, Private Pilots Licence (Aeroplanes), sub-para 2 (c) (ii) and Basic Commercial Pilots Licence (Aeroplanes) sub-para 3 (g) (ii), of the Air Navigation Order 2009, when there is a flight visibility of at least 4 km.</x:p></x:li><x:li id="ID_6913462"><x:p id="ID_6913463">Edinburgh Control Zone.</x:p><x:p id="ID_6913464">The Aerodrome Traffic Zone and the entry/exit lanes at Edinburgh Airport, are hereby notified for the purposes of Schedule 7 of the Air Navigation Order 2009, Part A, Private Pilots Licence (Aeroplanes), sub-para 2 (c) (ii) and Basic Commercial Pilots Licence (Aeroplanes) sub-para 3 (g) (ii), when there is a flight visibility of at least 3 km.</x:p></x:li><x:li id="ID_6913465"><x:p id="ID_6913466">Glasgow Control Zone.</x:p><x:p id="ID_6913467">The Aerodrome Traffic Zone and the entry/exit lanes at Glasgow Airport, are hereby notified for the purposes of Schedule 7 of the Air Navigation Order 2009, Part A, Private Pilots Licence (Aeroplanes), sub-para 2 (c) (ii) and Basic Commercial Pilots Licence (Aeroplanes) sub-para 3 (g) (ii), when there is a flight visibility of at least 3 km.</x:p></x:li><x:li id="ID_6913468"><x:p id="ID_6913469">Liverpool Control Zone and Control Area.</x:p><x:p id="ID_6913470">The access lanes and Aerodrome Traffic Zone/local flying area for Liverpool are hereby notified for the purposes of Schedule 7, Private Pilots Licence (Aeroplanes), sub-paragraph 2 (c) (ii) and Basic Commercial Pilots Licence (Aeroplanes) sub-paragraph 3 (g) (ii), of the Air Navigation Order 2009 when there is a flight visibility of at least 3 km.</x:p></x:li><x:li id="ID_6913471"><x:p id="ID_6913472">London Gatwick Control Zone and Control Area.</x:p><x:p id="ID_6913473">That part of the Redhill local flying area that lies within the Gatwick CTR is hereby notified for the purposes of Schedule 7, Private Pilots Licence (Aeroplanes) sub-para 2 (c) (ii) and Basic Commercial Pilots Licence (Aeroplanes) sub-para 3 (g) (ii), of the Air Navigation Order 2009 when there is a flight visibility of at least 3 km.</x:p></x:li><x:li id="ID_6913474"><x:p id="ID_6913475">London Control Zone.</x:p><x:ol id="ID_6913476" class="Numbered"><x:li id="ID_6913477"><x:p id="ID_6913478">The access lanes/local flying areas for Denham, White Waltham, Fairoaks, Brooklands and the London Heliport contained within the London Control Zone are hereby notified for the purposes of Schedule 7, Private Pilots Licence (Aeroplanes), sub-para 2 (c) (ii) and Basic Commercial Pilots Licence (Aeroplanes) sub-para 3 (g) (ii), of the Air Navigation Order 2009 when there is a flight visibility of at least 3 km;</x:p></x:li><x:li id="ID_6913479"><x:p id="ID_6913480">The Northolt Aerodrome Traffic Zone and the Radar Manoeuvring Area contained within the London Control Zone are hereby notified for the purposes of Schedule 7, Private Pilots Licence (Aeroplanes), sub-para 2 (c) (ii) and Basic Commercial Pilots Licence (Aeroplanes) sub-para 3 (g) (ii), of the Air Navigation Order 2009 when there is a flight visibility of at least 4 km.</x:p></x:li></x:ol></x:li><x:li id="ID_6913481"><x:p id="ID_6913482">London Luton Control Zone and Control Area.</x:p><x:p id="ID_6913483">The London Luton Aerodrome Traffic Zone and the entry/exit lanes in the London Luton Control Zone are hereby notified for the purposes of Schedule 7, Private Pilots Licence (Aeroplanes), sub-para 2 (c) (ii) and Basic Commercial Pilots Licence (Aeroplanes) sub-para 3 (g) (ii), of the Air Navigation Order 2009 when there is a flight visibility of at least 3 km.</x:p></x:li><x:li id="ID_6913484"><x:p id="ID_6913485">London Stansted Control Zone and Control Area.</x:p><x:ol id="ID_6913486" class="Numbered"><x:li id="ID_6913487"><x:p id="ID_6913488">The London Stansted Aerodrome Traffic Zone is hereby notified for the purposes of Schedule 7, Private Pilots Licence (Aeroplanes), sub-para 2 (c) (ii) and Basic Commercial Pilots Licence (Aeroplanes) sub-para 3 (g) (ii), of the Air Navigation Order 2009 when there is a flight visibility of at least 3 km.</x:p></x:li><x:li id="ID_6913489"><x:p id="ID_6913490">That part of the Andrewsfield Aerodrome Traffic Zone from ground level to 1500 ft QNH which lies within the London Stansted Control Zone, is notified for the purposes of Schedule 7, Private Pilots Licence (Aeroplanes) sub-para 2 (c) (ii) and Basic Commercial Pilots Licence (Aeroplanes) sub-para 3 (g) (ii), of the Air Navigation Order 2009, when there is a flight visibility of at least 3 km.</x:p></x:li></x:ol></x:li><x:li id="ID_6913491"><x:p id="ID_6913492">Manchester Control Zone and Control Area.</x:p><x:ol id="ID_6913493" class="Numbered"><x:li id="ID_6913494"><x:p id="ID_6913495">The access lanes and Aerodrome Traffic Zones/local flying areas for Manchester and Manchester Woodford are hereby notified for the purposes of Schedule 7, Private Pilots Licence (Aeroplanes), sub-paragraph 2 (c) (ii) and Basic Commercial Pilots Licence (Aeroplanes) sub-paragraph 3 (g) (ii), of the Air Navigation Order 2009 when there is a flight visibility of at least 3 km.</x:p></x:li><x:li id="ID_6913496"><x:p id="ID_6913497">The Manchester Control Zone Special Low Level Route is hereby notified for the purposes of Schedule 7, Private Pilots Licence (Aeroplanes), sub-paragraph 2(c)(ii) and Basic Commercial Pilots Licence (Aeroplanes) subparagraph 3 (g) (ii), of the Air Navigation Order 2009 when there is a flight visibility of at least 4 km. The Low Level Route is illustrated at AD 2-EGCC-4-1.</x:p></x:li><x:li id="ID_6913498"><x:p id="ID_6913499">For the purposes of SERA.3105 Minimum Heights, an aircraft flying within the Manchester Control Zone Special Low Level Route is permitted to fly below 1000 ft above the highest obstacle within a radius of 600 m from the aircraft if:</x:p><x:ol id="ID_6913500" class="Numbered"><x:li id="ID_6913501"><x:p id="ID_6913502">it is flying on a special VFR flight; or</x:p></x:li><x:li id="ID_6913503"><x:p id="ID_6913504">it is operating in accordance with the procedures notified for the route.</x:p></x:li></x:ol></x:li></x:ol></x:li><x:li id="ID_6913505"><x:p id="ID_6913506">Norwich Control Zone and Control Area.</x:p><x:p id="ID_6913507">The Norwich Aerodrome Traffic Zone is hereby notified for the purposes of Schedule 7, Private Pilots Licence (Aeroplanes), sub-para 2(c)(ii) and Basic Commercial Pilots Licence (Aeroplanes) sub-para 3 (g) (ii), of the Air Navigation Order 2009, when there is a flight visibility of at least 3 km.</x:p></x:li><x:li id="ID_6913508"><x:p id="ID_6913509">Prestwick Control Zone.</x:p><x:p id="ID_6913510">The Aerodrome Traffic Zone and the entry/exit lanes at Prestwick Airport are hereby notified for the purposes of Schedule 7 of the Air Navigation Order 2009, Part A, Private Pilots Licence (Aeroplanes), sub-para 2 (c) (ii) and Basic Commercial Pilots Licence (Aeroplanes) sub-para 3 (g) (ii), when there is a flight visibility of at least 3 km.</x:p></x:li></x:ol><x:p id="ID_6913511"><x:strong id="ID_6913512">Note 4</x:strong></x:p><x:ol id="ID_6913513" class="Numbered"><x:li id="ID_6913514"><x:p id="ID_6913515">Balder CTA and Ekofisk CTA.</x:p><x:p id="ID_6913516">At Norway ACC (SG West), Sector Offshore is manned with Air Traffic Controllers and a Flight Data Operator (FDO), working frequencies 125.550 MHz, 134.200 MHz and 125.875 MHz. Sector Offshore may be split into 2 or 3 working positions when decided by the Supervisor. Due to the nature of surveillance measures, including the mandate for the carriage and operation of ADS-B transponders, associated with the airspace in which the provision of Air Traffic Services has been delegated by the UK to Norway in conjunction with the introduction of the Balder CTA and Ekofisk CTA within the UK FIR, the following procedures outline the agreed access arrangements.</x:p><x:ol id="ID_6913517" class="Numbered"><x:li id="ID_6913518"><x:p id="ID_6913519">The UK MOD reserves the right of access to such airspace for State aircraft regardless of their equipage or ability to comply with the requirements set out by the delegated service provider; for:</x:p><x:ol id="ID_6913520" class="Itemised"><x:li id="ID_6913521"><x:p id="ID_6913522">Aircraft in an emergency;</x:p></x:li><x:li id="ID_6913523"><x:p id="ID_6913524">Aircraft involved in National Security tasks, where possible under the positive control of either: Land, Maritime or Airborne Units;</x:p></x:li><x:li id="ID_6913525"><x:p id="ID_6913526">Aircraft engaged in Maritime operations, where possible under positive control.</x:p></x:li></x:ol><x:p id="ID_6913527">Under such circumstances UK State aircraft will operate within the subject airspace under ‘due regard’ procedures in accordance with Article 3d to the Convention of International Civil Aviation.</x:p></x:li><x:li id="ID_6913528"><x:p id="ID_6913529">Specific procedures to enable UK MOD (including UK based USAFE) aircraft to conduct normal operational training sorties are detailed below.</x:p></x:li></x:ol></x:li><x:li id="ID_6913530"><x:p id="ID_6913531"><x:strong id="ID_6913532">Procedures for Coordination of Operational Air Traffic (OAT).</x:strong></x:p><x:ol id="ID_6913533" class="Numbered"><x:li id="ID_6913534"><x:p id="ID_6913535"><x:strong id="ID_6913536">Coordination of Planned OAT Exercises. </x:strong>Planned military OAT exercises within the Area of Common Interest (see relevant section of LOA) should be coordinated with Norway ACC SG West at least 24 hours prior to the start of the exercise, with a request for Special Use Airspace (SUA) for the planned exercise. In a normal offshore helicopter traffic situation (priorities may need to be defined) Norway ACC SG West will give an approval for the SUA request.</x:p><x:p id="ID_6913538">The SUA request shall contain:</x:p><x:ol id="ID_6913539" class="Numbered"><x:li id="ID_6913540"><x:p id="ID_6913541">The lateral and vertical limits of the Exercise Area;</x:p></x:li><x:li id="ID_6913542"><x:p id="ID_6913543">The time for start and finish of the Exercise, including means of activation and deactivation of the Exercise Area;</x:p></x:li><x:li id="ID_6913544"><x:p id="ID_6913545">Contact information for the Exercise Coordination Unit;</x:p></x:li><x:li id="ID_6913546"><x:p id="ID_6913547">Other operational information related to the Exercise, such as number of aircraft involved, if applicable.</x:p></x:li></x:ol></x:li><x:li id="ID_6913548"><x:p id="ID_6913549"><x:strong id="ID_6913550">Special Procedures for Coordination of OAT Operations.</x:strong></x:p><x:ol id="ID_6913551" class="Numbered"><x:li id="ID_6913552"><x:p id="ID_6913553"><x:strong id="ID_6913554">Purpose. </x:strong>Outwith Exercise scenarios, when MOD OAT requires to operate within the Area of Common Interest (ACI), the OAT will normally require to be controlled by a MOD Operational Control Unit (OCU) during the operations. OAT operations within the ACI are to remain outside of the lateral limits of Helicopter Traffic Zones (HTZ).</x:p></x:li><x:li id="ID_6913556"><x:p id="ID_6913557">The following coordination procedures are to be applied between UK MOD units and Norway ACC SG West in respect of OAT carrying out operations and training within the ACI when prior co-ordination of the OAT operations is not applicable. The procedures are designed to ensure safe operations for both civil offshore helicopters and OAT operating simultaneously within the ACI.</x:p></x:li><x:li id="ID_6913558"><x:p id="ID_6913559"><x:strong id="ID_6913560">Procedures for OAT Coordination. </x:strong>When OAT operations are required within the ACI, the appropriate UK MOD OCU or the OAT planning to enter the ACI, shall contact the appropriate sector at Norway ACC SG West, on the appropriate frequency or telephone line, prior to entering the ACI, with the following information, where applicable:</x:p><x:p id="ID_6913562">(aa) MOD OCU or OAT callsign;</x:p><x:p id="ID_6913563">(bb) The estimated position and a time for the OAT entering the ACI;</x:p><x:p id="ID_6913564">(cc) Expected direction and estimated period of time for the OAT operations within ACI;</x:p><x:p id="ID_6913565">(dd) The lateral and vertical limits of the Operating Area;</x:p><x:p id="ID_6913566">(ee) Maximum altitude for the OAT operations within ACI;</x:p><x:p id="ID_6913567">(ff) Radar transponder status, including SSR code, if applicable (aircraft may not be ADS-B-out equipped);</x:p><x:p id="ID_6913568">(gg) Other information, such as contact information to the MOD OCU.</x:p></x:li></x:ol><x:p id="ID_6913569">When OAT operations within the ACI are finished, the appropriate MOD OCU or the OAT shall contact the appropriate sector at Norway ACC SG West, on the allocated frequency or telephone line, to deactivate the OAT operations within the ACI and release the airspace for civil helicopter operations.</x:p></x:li></x:ol></x:li><x:li id="ID_6913570"><x:p id="ID_6913571"><x:strong id="ID_6913572">Communications.</x:strong></x:p><x:ol id="ID_6913573" class="Numbered"><x:li id="ID_6913574"><x:p id="ID_6913575">Exchange of Operational Air Traffic Information.</x:p><x:ol id="ID_6913576" class="Numbered"><x:li id="ID_6913577"><x:p id="ID_6913578">Means of Communication.</x:p><x:p id="ID_6913579">(aa) Equipment.</x:p><x:p id="ID_6913580">Fixed Communication with Norway ACC SG West via public telephone lines (see para (c)(2)) or Mobile VHF Communication with Norway ACC SG West (see para (c)(3)).</x:p></x:li><x:li id="ID_6913581"><x:p id="ID_6913582"><x:strong id="ID_6913583">Telephone Coordination. </x:strong>Exchange of Airspace Requests, flight plan data, estimates and other OAT-messages by telephone shall be carried out in accordance with the tables below:</x:p><x:p id="ID_6913585">(aa)<x:strong id="ID_6913587"> Messages to Norway ACC SG West.</x:strong></x:p><x:p id="ID_6913588">Switchboard: +47 51 65 8000</x:p><x:p id="ID_6913589">Supervisor: +47 51 65 8142</x:p><x:p id="ID_6913590">Sector Offshore (FDO): +47 51 65 8155</x:p><x:p id="ID_6913591">Sector Offshore (ATCO): +47 51 65 8232</x:p><x:p id="ID_6913592">Telefax: +47 51 65 8154</x:p></x:li><x:li id="ID_6913593"><x:p id="ID_6913594"><x:strong id="ID_6913595">VHF RX/TX Communication</x:strong></x:p><x:table id="ID_6913597" class=""><x:thead id="ID_6913598"><x:tr id="ID_6913599"><x:th id="ID_6913600" align="left" valign="top"><x:p id="ID_6913601">ATC Sector</x:p></x:th><x:th id="ID_6913602" align="left" valign="top"><x:p id="ID_6913603">R/T Callsign</x:p></x:th><x:th id="ID_6913604" align="left" valign="top"><x:p id="ID_6913605">Frequency</x:p></x:th><x:th id="ID_6913606" align="left" valign="top"><x:p id="ID_6913607">Hours of Operation</x:p></x:th></x:tr></x:thead><x:tbody id="ID_6913608"><x:tr id="ID_6913609"><x:td id="ID_6913610" align="left" valign="top"><x:p id="ID_6913611">Offshore Sector 20 Ekofisk</x:p></x:td><x:td id="ID_6913612" align="left" valign="top"><x:p id="ID_6913613">Norway Control</x:p></x:td><x:td id="ID_6913614" align="left" valign="top"><x:p id="ID_6913615">125.875 MHz</x:p></x:td><x:td id="ID_6913616" align="left" valign="top"><x:p id="ID_6913617">0600-2030 Mon-Fri*</x:p></x:td></x:tr><x:tr id="ID_6913618"><x:td id="ID_6913619" align="left" valign="top"><x:p id="ID_6913620">Offshore Sector 21 Balder</x:p></x:td><x:td id="ID_6913621" align="left" valign="top"><x:p id="ID_6913622">Norway Control</x:p></x:td><x:td id="ID_6913623" align="left" valign="top"><x:p id="ID_6913624">134.200 MHz</x:p></x:td><x:td id="ID_6913625" align="left" valign="top"><x:p id="ID_6913626">0600-2030 Mon-Fri*</x:p></x:td></x:tr><x:tr id="ID_6913627"><x:td id="ID_6913628" align="left" valign="top"><x:p id="ID_6913629">Offshore Sector 22 Statfjord</x:p></x:td><x:td id="ID_6913630" align="left" valign="top"><x:p id="ID_6913631">Norway Control</x:p></x:td><x:td id="ID_6913632" align="left" valign="top"><x:p id="ID_6913633">125.550 MHz</x:p></x:td><x:td id="ID_6913634" align="left" valign="top"><x:p id="ID_6913635">H24</x:p></x:td></x:tr></x:tbody></x:table><x:p id="ID_6913636"><x:strong id="ID_6913637">Note: </x:strong>*Published opening hours are in UTC. During summer time period 1 hour earlier.</x:p><x:p id="ID_6913639">ATS Offshore is provided by Norway ACC SG West Sector South (Sector 20 and 21) and Sector North (Sector 22) outside Sector Offshore opening hours.</x:p></x:li></x:ol></x:li></x:ol></x:li></x:ol></x:div>
          <x:div Number="2.4.1.2" id="ENR-1.4.2.4.1.2">The following sections of Airways are notified as Class D Airspace during the notified hours of watch of the appropriate Air Traffic Control Unit:<x:ol id="ID_6913642" class="Numbered"><x:li id="ID_6913643"><x:p id="ID_6913644">L10, Isle of Man VOR IOM to Belfast VOR BEL;</x:p></x:li><x:li id="ID_6913645"><x:p id="ID_6913646">L15, MAKUX to DUFFY;</x:p></x:li><x:li id="ID_6913647"><x:p id="ID_6913648">L186, NORBO to Turnberry VOR TRN;</x:p></x:li><x:li id="ID_6913649"><x:p id="ID_6913650">L602 within the Glasgow CTR and Scottish TMA;</x:p></x:li><x:li id="ID_6913651"><x:p id="ID_6913652">L603, Isle of Man VOR IOM to LISBO;</x:p></x:li><x:li id="ID_6913653"><x:p id="ID_6913654">L612, NAVSO to GOW;</x:p></x:li><x:li id="ID_6913655"><x:p id="ID_6913656">N34, NEVRI to Belfast VOR BEL;</x:p></x:li><x:li id="ID_6913657"><x:p id="ID_6913658">N560 within the Glasgow CTR and Scottish TMA;</x:p></x:li><x:li id="ID_6913659"><x:p id="ID_6913660">N562 within the Scottish TMA;</x:p></x:li><x:li id="ID_6913661"><x:p id="ID_6913662">N601, IPDOR to GRICE and an area which is part of N601 (Area 1 bounded by 551735N 0025427W - 551724N 0024532W - 551241N 0023052W - 545912N 0022555W - 545610N 0024159W - 551735N 0025427W) (See ENR 3.1);</x:p></x:li><x:li id="ID_6913663"><x:p id="ID_6913664">An area of N864, below FL105, from EXMOR to a line joining 513946N 0032432W - 513838N 0031727W - 513743N 0030845W; and UNURO to PIPAR;</x:p></x:li><x:li id="ID_6913665"><x:p id="ID_6913666">P6, RUBOV to Belfast VOR BEL;</x:p></x:li><x:li id="ID_6913667"><x:p id="ID_6913668">P18, UVAVU to NATEB (below FL 125) and NATEB to Aberdeen VOR ADN (All Levels);</x:p></x:li><x:li id="ID_6913669"><x:p id="ID_6913670">P600, ROTEV to ENUKU;</x:p></x:li><x:li id="ID_6913671"><x:p id="ID_6913672">P600 within the Aberdeen CTR/CTA;</x:p></x:li><x:li id="ID_6913673"><x:p id="ID_6913674">P620, NIMAT to BLACA;</x:p></x:li><x:li id="ID_6913675"><x:p id="ID_6913676">T256, OSMEG to NORBO;</x:p></x:li><x:li id="ID_6913677"><x:p id="ID_6913678">Y96, HAVEN to NORBO;</x:p></x:li><x:li id="ID_6913679"><x:p id="ID_6913680">Y904 within the Aberdeen CTR/CTA;</x:p></x:li><x:li id="ID_6913681"><x:p id="ID_6913682">Y905 within the Aberdeen CTR/CTA.</x:p></x:li></x:ol></x:div>
        </e:Sub-section>
      </e:Sub-section>
      <e:Sub-section Number="2.5" id="ENR-1.4.2.5">
        <e:Title id="ID_6913684">Class E - Controlled Airspace</e:Title>
        <x:table id="ID_6913686" class="">
          <x:thead id="ID_6913687">
            <x:tr id="ID_6913688">
              <x:th id="ID_6913689" align="left" valign="top" />
              <x:th id="ID_6913690" align="center" valign="top">
                <x:p id="ID_6913691">IFR</x:p>
              </x:th>
              <x:th id="ID_6913692" align="center" valign="top">
                <x:p id="ID_6913693">VFR</x:p>
              </x:th>
            </x:tr>
          </x:thead>
          <x:tbody id="ID_6913694">
            <x:tr id="ID_6913695">
              <x:td id="ID_6913696" align="left" valign="top">
                <x:p id="ID_6913697">
                  <x:strong id="ID_6913698">Service</x:strong>
                </x:p>
              </x:td>
              <x:td id="ID_6913699" align="left" valign="top">
                <x:p id="ID_6913700">Air Traffic Control Service.</x:p>
              </x:td>
              <x:td id="ID_6913701" align="left" valign="top">
                <x:p id="ID_6913702">Traffic information as far as practicable.</x:p>
              </x:td>
            </x:tr>
            <x:tr id="ID_6913703">
              <x:td id="ID_6913704" align="left" valign="top">
                <x:p id="ID_6913705">
                  <x:strong id="ID_6913706">Separation</x:strong>
                </x:p>
              </x:td>
              <x:td id="ID_6913707" align="left" valign="top">
                <x:p id="ID_6913708">Separation provided between all flights by ATC.</x:p>
                <x:p id="ID_6913709">Traffic information provided on VFR flights as far as practicable.</x:p>
              </x:td>
              <x:td id="ID_6913710" align="left" valign="top">
                <x:p id="ID_6913711">ATC separation not provided.</x:p>
                <x:p id="ID_6913712">Traffic information as far as practicable.</x:p>
              </x:td>
            </x:tr>
            <x:tr id="ID_6913713">
              <x:td id="ID_6913714" align="left" valign="top">
                <x:p id="ID_6913715">
                  <x:strong id="ID_6913716">ATC Rules</x:strong>
                </x:p>
              </x:td>
              <x:td id="ID_6913717" align="left" valign="top">
                <x:p id="ID_6913718">Flight Plan required;<x:strong id="ID_6913720"> (See Note)</x:strong></x:p>
                <x:p id="ID_6913721">ATC clearance required;</x:p>
                <x:p id="ID_6913722">Radio Communication required;</x:p>
                <x:p id="ID_6913723">ATC instructions are mandatory.</x:p>
              </x:td>
              <x:td id="ID_6913724" align="left" valign="top">
                <x:p id="ID_6913725">None.</x:p>
                <x:p id="ID_6913726">However, pilots are encouraged to contact ATC and comply with instructions.</x:p>
              </x:td>
            </x:tr>
            <x:tr id="ID_6913727">
              <x:td id="ID_6913728" rowspan="3" align="left" valign="top">
                <x:p id="ID_6913729">
                  <x:strong id="ID_6913730">VMC Minima</x:strong>
                </x:p>
              </x:td>
              <x:td id="ID_6913731" rowspan="3" align="left" valign="top">
                <x:p id="ID_6913732">Not applicable.</x:p>
              </x:td>
              <x:td id="ID_6913733" align="left" valign="top">
                <x:p id="ID_6913734">
                  <x:strong id="ID_6913735">At or above FL 100:</x:strong>
                </x:p>
                <x:p id="ID_6913736">8 km flight visibility</x:p>
                <x:p id="ID_6913737">1500 m horizontal and 1000 ft vertical distance from cloud;</x:p>
              </x:td>
            </x:tr>
            <x:tr id="ID_6913738">
              <x:td id="ID_6913739" align="left" valign="top">
                <x:p id="ID_6913740">
                  <x:strong id="ID_6913741">Below FL 100:</x:strong>
                </x:p>
                <x:p id="ID_6913742">5 km flight visibility</x:p>
                <x:p id="ID_6913743">1500 m horizontal and 1000 ft vertical distance from cloud;</x:p>
              </x:td>
            </x:tr>
            <x:tr id="ID_6913744">
              <x:td id="ID_6913745" align="left" valign="top">&nbsp;</x:td>
            </x:tr>
            <x:tr id="ID_6913746">
              <x:td id="ID_6913747" align="left" valign="top">
                <x:p id="ID_6913748">
                  <x:strong id="ID_6913749">Speed Limitation</x:strong>
                </x:p>
              </x:td>
              <x:td id="ID_6913750" colspan="2" align="left" valign="top">
                <x:p id="ID_6913751">
                  <x:strong id="ID_6913752">Below FL 100:</x:strong>
                </x:p>
                <x:p id="ID_6913753">250 kt IAS;</x:p>
                <x:p id="ID_6913754">
                  <x:strong id="ID_6913755">OR</x:strong>
                </x:p>
                <x:p id="ID_6913756">lower when published in procedures or instructed by ATC.</x:p>
              </x:td>
            </x:tr>
          </x:tbody>
        </x:table>
        <x:div id="ID_6913757" class="Note">
          <x:p id="ID_6913758">Note: In certain circumstances, Flight Plan requirements may be satisfied by passing flight details on RTF (detailed at ENR 1.10).</x:p>
        </x:div>
        <e:Sub-section Number="2.5.1" id="ENR-1.4.2.5.1">
          <e:Title id="ID_6913760">Notifications</e:Title>
          <x:div Number="2.5.1.1" id="ENR-1.4.2.5.1.1">The following airspace is notified as Class E Airspace:<x:ol id="ID_6913763" class="Numbered"><x:li id="ID_6913764"><x:p id="ID_6913765">Parts of the Scottish Terminal Control Area below 6000 ft (See ENR 6-2-1-5);</x:p></x:li><x:li id="ID_6913766"><x:p id="ID_6913767">part of Airway L602 (between Glasgow VOR GOW and Tiree VOR TIR) (See<x:strong id="ID_6913769"> Note </x:strong>);</x:p></x:li><x:li id="ID_6913771"><x:p id="ID_6913772">part of Airway N560 (between Glasgow VOR GOW and KOKAL) (See<x:strong id="ID_6913774"> Note </x:strong>);</x:p></x:li><x:li id="ID_6913776"><x:p id="ID_6913777">part of Airway N562 (between Turnberry VOR TRN and Machrihanish DME MAC) (See<x:strong id="ID_6913779"> Note </x:strong>);</x:p></x:li><x:li id="ID_6913781"><x:p id="ID_6913782">part of Airway P600 (between Aberdeen VOR ADN and BUDON) (See<x:strong id="ID_6913784"> Note </x:strong>);</x:p></x:li><x:li id="ID_6913786"><x:p id="ID_6913787">Airway Y904 (between Aberdeen VOR ADN and Wick VOR WIK) (See<x:strong id="ID_6913789"> Note </x:strong>);</x:p></x:li><x:li id="ID_6913791"><x:p id="ID_6913792">Airway Y905 (between Aberdeen VOR ADN and Sumburgh VOR SUM) (See<x:strong id="ID_6913794"> Note </x:strong>);</x:p></x:li><x:li id="ID_6913796"><x:p id="ID_6913797">Airway Y906 (between RIMOL and Stornoway VOR STN) (See<x:strong id="ID_6913799"> Note </x:strong>);</x:p></x:li><x:li id="ID_6913801"><x:p id="ID_6913802">Airway Y911 (between BOYNE (FIR Boundary) and Isle of Man VOR IOM) (See<x:strong id="ID_6913804"> Note </x:strong>);</x:p></x:li><x:li id="ID_6913806"><x:p id="ID_6913807">Airway Y958 (between BRUCE and TOBMO) (See<x:strong id="ID_6913809"> Note </x:strong>).</x:p></x:li></x:ol><x:div id="ID_6913811" class="Note"><x:p id="ID_6913812">Note: Additionally notified as Transponder Mandatory Zone airspace for the purposes of Article 39(2) and Schedule 5 paragraph 3(6)(b) of the Air Navigation Order 2009.</x:p></x:div></x:div>
        </e:Sub-section>
      </e:Sub-section>
      <e:Sub-section Number="2.6" id="ENR-1.4.2.6">
        <e:Title id="ID_6913814">Class F - Advisory Airspace</e:Title>
        <x:table id="ID_6913816" class="">
          <x:thead id="ID_6913817">
            <x:tr id="ID_6913818">
              <x:th id="ID_6913819" align="left" valign="top" />
              <x:th id="ID_6913820" align="center" valign="top">
                <x:p id="ID_6913821">IFR</x:p>
              </x:th>
              <x:th id="ID_6913822" align="center" valign="top">
                <x:p id="ID_6913823">VFR</x:p>
              </x:th>
            </x:tr>
          </x:thead>
          <x:tbody id="ID_6913824">
            <x:tr id="ID_6913825">
              <x:td id="ID_6913826" align="left" valign="top">
                <x:p id="ID_6913827">
                  <x:strong id="ID_6913828">Service</x:strong>
                </x:p>
              </x:td>
              <x:td id="ID_6913829" align="left" valign="top">
                <x:p id="ID_6913830">Air Traffic Advisory Service.</x:p>
              </x:td>
              <x:td id="ID_6913831" align="left" valign="top">
                <x:p id="ID_6913832">UK Flight Information Services as required (Basic Service, Traffic Service).</x:p>
              </x:td>
            </x:tr>
            <x:tr id="ID_6913833">
              <x:td id="ID_6913834" rowspan="4" align="left" valign="top">
                <x:p id="ID_6913835">
                  <x:strong id="ID_6913836">VMC Minima</x:strong>
                </x:p>
              </x:td>
              <x:td id="ID_6913837" rowspan="4" align="left" valign="top">
                <x:p id="ID_6913838">Not applicable.</x:p>
              </x:td>
              <x:td id="ID_6913839" align="left" valign="top">
                <x:p id="ID_6913840">
                  <x:strong id="ID_6913841">At or above FL 100:</x:strong>
                </x:p>
                <x:p id="ID_6913842">8 km flight visibility</x:p>
                <x:p id="ID_6913843">1500 m horizontal and 1000 ft vertical distance from cloud;</x:p>
              </x:td>
            </x:tr>
            <x:tr id="ID_6913844">
              <x:td id="ID_6913845" align="left" valign="top">
                <x:p id="ID_6913846">
                  <x:strong id="ID_6913847">Below FL 100:</x:strong>
                </x:p>
                <x:p id="ID_6913848">5 km flight visibility</x:p>
                <x:p id="ID_6913849">1500 m horizontal and 1000 ft vertical distance from cloud;</x:p>
              </x:td>
            </x:tr>
            <x:tr id="ID_6913850">
              <x:td id="ID_6913851" align="left" valign="top">
                <x:p id="ID_6913852">
                  <x:strong id="ID_6913853">OR,</x:strong>
                </x:p>
              </x:td>
            </x:tr>
            <x:tr id="ID_6913854">
              <x:td id="ID_6913855" align="left" valign="top">
                <x:p id="ID_6913856">
                  <x:strong id="ID_6913857">At or below 3000 ft amsl:</x:strong>
                </x:p>
                <x:ol id="ID_6913858" class="Numbered">
                  <x:li id="ID_6913859">
                    <x:p id="ID_6913860">aircraft:</x:p>
                    <x:p id="ID_6913861">5 km flight visibility</x:p>
                    <x:p id="ID_6913862">clear of cloud and with the surface in sight;</x:p>
                  </x:li>
                  <x:li id="ID_6913863">
                    <x:p id="ID_6913864">aircraft (except helicopters) 140 KIAS or less:</x:p>
                    <x:p id="ID_6913865">1500 m flight visibility</x:p>
                    <x:p id="ID_6913866">clear of cloud and with the surface in sight;</x:p>
                  </x:li>
                  <x:li id="ID_6913867">
                    <x:p id="ID_6913868">helicopters at a speed which, having regard to the visibility, is reasonable:</x:p>
                    <x:p id="ID_6913869">clear of cloud and with the surface in sight in a flight visibility of at least 1500m.</x:p>
                  </x:li>
                </x:ol>
              </x:td>
            </x:tr>
            <x:tr id="ID_6913870">
              <x:td id="ID_6913871" align="left" valign="top">
                <x:p id="ID_6913872">
                  <x:strong id="ID_6913873">Speed Limitation</x:strong>
                </x:p>
              </x:td>
              <x:td id="ID_6913874" colspan="2" align="left" valign="top">
                <x:p id="ID_6913875">
                  <x:strong id="ID_6913876">Below FL 100:</x:strong>
                </x:p>
                <x:p id="ID_6913877">250 kt IAS;</x:p>
                <x:p id="ID_6913878">
                  <x:strong id="ID_6913879">OR</x:strong>
                </x:p>
                <x:p id="ID_6913880">lower when published in procedures or instructed by ATC.</x:p>
              </x:td>
            </x:tr>
          </x:tbody>
        </x:table>
        <e:Sub-section Number="2.6.1" id="ENR-1.4.2.6.1">
          <e:Title id="ID_6913882">Designation</e:Title>
          <x:p id="ID_6913883">No UK Airspace is currently designated as Class F.</x:p>
        </e:Sub-section>
      </e:Sub-section>
      <e:Sub-section Number="2.7" id="ENR-1.4.2.7">
        <e:Title id="ID_6913885">Class G Airspace</e:Title>
        <x:table id="ID_6913887" class="">
          <x:thead id="ID_6913888">
            <x:tr id="ID_6913889">
              <x:th id="ID_6913890" align="left" valign="top" />
              <x:th id="ID_6913891" align="center" valign="top">
                <x:p id="ID_6913892">IFR</x:p>
              </x:th>
              <x:th id="ID_6913893" align="center" valign="top">
                <x:p id="ID_6913894">VFR</x:p>
              </x:th>
            </x:tr>
          </x:thead>
          <x:tbody id="ID_6913895">
            <x:tr id="ID_6913896">
              <x:td id="ID_6913897" align="left" valign="top">
                <x:p id="ID_6913898">
                  <x:strong id="ID_6913899">Service</x:strong>
                </x:p>
              </x:td>
              <x:td id="ID_6913900" colspan="2" align="left" valign="top">
                <x:p id="ID_6913901">UK Flight Information Services as required (Basic Service, Traffic Service, Deconfliction Service or Procedural Service)</x:p>
              </x:td>
            </x:tr>
            <x:tr id="ID_6913902">
              <x:td id="ID_6913903" align="left" valign="top">
                <x:p id="ID_6913904">
                  <x:strong id="ID_6913905">Separation</x:strong>
                </x:p>
              </x:td>
              <x:td id="ID_6913906" colspan="2" align="left" valign="top">
                <x:p id="ID_6913907">ATC Separation cannot be provided due to the nature of the unknown Class G traffic environment.<x:br/>Deconfliction advice is provided against participating aircraft under a Procedural Service or against participating and non-participating traffic (unknown traffic) under a Deconfliction Service. Both the Procedural Service and Deconfliction Service aim to achieve planned deconfliction minima.</x:p>
              </x:td>
            </x:tr>
            <x:tr id="ID_6913908">
              <x:td id="ID_6913909" align="left" valign="top">
                <x:p id="ID_6913910">
                  <x:strong id="ID_6913911">ATC Rules</x:strong>
                </x:p>
              </x:td>
              <x:td id="ID_6913912" colspan="2" align="left" valign="top">
                <x:p id="ID_6913913">Instructions issued by controllers to pilots operating outside controlled airspace are not mandatory; however, the services rely upon pilot compliance with the specified terms and conditions so as to promote a safer operating environment for all airspace users.</x:p>
              </x:td>
            </x:tr>
            <x:tr id="ID_6913914">
              <x:td id="ID_6913915" rowspan="4" align="left" valign="top">
                <x:p id="ID_6913916">
                  <x:strong id="ID_6913917">VMC Minima</x:strong>
                </x:p>
              </x:td>
              <x:td id="ID_6913918" rowspan="4" align="left" valign="top">
                <x:p id="ID_6913919">Not applicable.</x:p>
              </x:td>
              <x:td id="ID_6913920" align="left" valign="top">
                <x:p id="ID_6913921">
                  <x:strong id="ID_6913922">At or above FL 100:</x:strong>
                </x:p>
                <x:p id="ID_6913923">8 km flight visibility</x:p>
                <x:p id="ID_6913924">1500 m horizontal and 1000 ft vertical distance from cloud;</x:p>
              </x:td>
            </x:tr>
            <x:tr id="ID_6913925">
              <x:td id="ID_6913926" align="left" valign="top">
                <x:p id="ID_6913927">
                  <x:strong id="ID_6913928">Below FL 100:</x:strong>
                </x:p>
                <x:p id="ID_6913929">5 km flight visibility</x:p>
                <x:p id="ID_6913930">1500 m horizontal and 1000 ft vertical distance from cloud;</x:p>
              </x:td>
            </x:tr>
            <x:tr id="ID_6913931">
              <x:td id="ID_6913932" align="left" valign="top">
                <x:p id="ID_6913933">
                  <x:strong id="ID_6913934">OR,</x:strong>
                </x:p>
              </x:td>
            </x:tr>
            <x:tr id="ID_6913935">
              <x:td id="ID_6913936" align="left" valign="top">
                <x:p id="ID_6913937">
                  <x:strong id="ID_6913938">At or below 3000 ft amsl:</x:strong>
                </x:p>
                <x:ol id="ID_6913939" class="Numbered">
                  <x:li id="ID_6913940">
                    <x:p id="ID_6913941">aircraft:</x:p>
                    <x:p id="ID_6913942">5 km flight visibility</x:p>
                    <x:p id="ID_6913943">clear of cloud and with the surface in sight;</x:p>
                  </x:li>
                  <x:li id="ID_6913944">
                    <x:p id="ID_6913945">aircraft (except helicopters) 140 KIAS or less:</x:p>
                    <x:p id="ID_6913946">1500 m flight visibility</x:p>
                    <x:p id="ID_6913947">clear of cloud and with the surface in sight;</x:p>
                  </x:li>
                  <x:li id="ID_6913948">
                    <x:p id="ID_6913949">helicopters at a speed which, having regard to the visibility, is reasonable:</x:p>
                    <x:p id="ID_6913950">clear of cloud and with the surface in sight in a flight visibility of at least 1500m.</x:p>
                  </x:li>
                </x:ol>
              </x:td>
            </x:tr>
            <x:tr id="ID_6913951">
              <x:td id="ID_6913952" align="left" valign="top">
                <x:p id="ID_6913953">
                  <x:strong id="ID_6913954">Speed Limitation</x:strong>
                </x:p>
              </x:td>
              <x:td id="ID_6913955" colspan="2" align="left" valign="top">
                <x:p id="ID_6913956">
                  <x:strong id="ID_6913957">Below FL 100:</x:strong>
                </x:p>
                <x:p id="ID_6913958">250 kt IAS;</x:p>
                <x:p id="ID_6913959">
                  <x:strong id="ID_6913960">OR</x:strong>
                </x:p>
                <x:p id="ID_6913961">lower when published in procedures or instructed by ATC.</x:p>
              </x:td>
            </x:tr>
          </x:tbody>
        </x:table>
        <e:Sub-section Number="2.7.1" id="ENR-1.4.2.7.1">
          <e:Title id="ID_6913963">Designation</e:Title>
          <x:div Number="2.7.1.1" id="ENR-1.4.2.7.1.1">All UK Airspace, including that above FL 660, not included in Classes A to F.</x:div>
        </e:Sub-section>
        <e:Sub-section Number="2.7.2" id="ENR-1.4.2.7.2">
          <e:Title id="ID_6913967">Aerodrome Traffic Zones and Notification for Rule 11</e:Title>
          <x:div Number="2.7.2.1" id="ENR-1.4.2.7.2.1">Aerodrome Traffic Zones (ATZs) are not included in the Airspace Classification System. An ATZ assumes the conditions associated with the Class of Airspace in which it is situated.</x:div>
          <x:div Number="2.7.2.2" id="ENR-1.4.2.7.2.2">Every aerodrome at which an ATZ is established is notified for the purposes of Rule 11 of the Rules of the Air Regulations 2015. As a minimum therefore, when flying within an ATZ the requirements of Rule 11 must be complied with.</x:div>
          <x:div Number="2.7.2.3" id="ENR-1.4.2.7.2.3">ATZs at civil licensed aerodromes are notified in the UK AIP within individual aerodrome entries. ATZs at other than civil licensed aerodromes are notified in the UK AIP at ENR 2-2.</x:div>
          <x:div Number="2.7.2.4" id="ENR-1.4.2.7.2.4">Where the requirements of the Class of Airspace of which an ATZ forms a part are more stringent than Rule 11 then those must be complied with. Thus, in Class G Airspace Rule 11 will be the relevant requirement, but in Class A Airspace the more onerous requirements of Class A take precedence.</x:div>
          <x:div Number="2.7.2.5" id="ENR-1.4.2.7.2.5">Aerodromes at which ATZs may be established are those which:<x:ol id="ID_6913978" class="Numbered"><x:li id="ID_6913979"><x:p id="ID_6913980">Are government aerodromes; or</x:p></x:li><x:li id="ID_6913981"><x:p id="ID_6913982">have an Air Traffic Control Unit; or</x:p></x:li><x:li id="ID_6913983"><x:p id="ID_6913984">have an Aerodrome Flight Information Unit; or</x:p></x:li><x:li id="ID_6913985"><x:p id="ID_6913986">are licensed and have a means of two-way radio communication with aircraft; and whose hours of operation are notified for the purposes of Rule 11.</x:p></x:li></x:ol></x:div>
          <x:div Number="2.7.2.6" id="ENR-1.4.2.7.2.6">Pilots should be aware that in order to comply with the provisions of Rule 11 they must adopt the following procedures:<x:ol id="ID_6913989" class="Numbered"><x:li id="ID_6913990"><x:p id="ID_6913991">Before taking off or landing at an aerodrome within an ATZ or transitting through the associated airspace, obtain the permission of the air traffic control unit, or where there is no air traffic control unit, obtain information from the flight information service unit or air/ground radio station to enable the flight to be conducted with safety.</x:p></x:li><x:li id="ID_6913992"><x:p id="ID_6913993">Radio equipped aircraft must maintain a continuous watch on the appropriate radio frequency and advise the air traffic control unit, flight information unit or air/ground radio station of their position and height on entering the zone and immediately prior to leaving it.</x:p></x:li><x:li id="ID_6913994"><x:p id="ID_6913995">Non-radio aircraft operating within a notified ATZ must comply with any conditions prescribed by the air traffic control unit, flight information unit or air/ground radio station prior to the commencement of the flight with any instructions issued by visual means.</x:p></x:li></x:ol></x:div>
          <x:div Number="2.7.2.7" id="ENR-1.4.2.7.2.7">Failure to establish two-way radio communications with the air traffic control unit, flight information unit or air/ground radio station during their notified hours of operation must not be taken as an indication that the ATZ is inactive. In that event, except where the aircraft is in a state of emergency or is being operated in accordance with radio failure procedures, pilots should remain clear of the ATZ.</x:div>
          <x:div Number="2.7.2.8" id="ENR-1.4.2.7.2.8">Rule 11 does not apply outside the notified hours of operation. Permanent changes or temporary extensions to ATZ hours may be notified by United Kingdom NOTAM. Pilots should exercise caution, however, since some airfields may continue to operate outside of those notified hours.</x:div>
        </e:Sub-section>
      </e:Sub-section>
    </e:Sub-section>
  </x:div>
</e:ENR-1.4>
