<?xml version="1.0" encoding="UTF-8"?>
<e:ENR-1.12 id="ENR-1.12" Number="ENR 1.12" xmlns:e="http://www.eurocontrol.int/xmlns/AIM/eAIP" xmlns:x="http://www.w3.org/1999/xhtml" xmlns:xlink="http://www.w3.org/1999/xlink">
  <e:Title>ENR 1.12 INTERCEPTION OF CIVIL AIRCRAFT</e:Title>
  <x:div class="RP">
    <x:span class="sdParams" style="display:none;">TRULES_PROC;RULES_PROC_ID;6856</x:span>
    <e:Sub-section Number="1" id="ENR-1.12.1">
      <e:Title id="ID_6938163">Notification</e:Title>
      <x:div Number="1.1" id="ENR-1.12.1.1">The procedure to be followed by the pilot-in-command of an intercepted aircraft and visual signals for use by intercepting and intercepted aircraft listed below are hereby notified for the purposes of Schedule 11 of the Air Navigation Order 2000.</x:div>
      <x:div Number="1.2" id="ENR-1.12.1.2">Under Article 9 of the Convention on International Civil Aviation, each contracting State reserves the right for reasons of military necessity or public safety, to restrict or prohibit the aircraft of other States from flying over certain areas of its territory.</x:div>
      <x:div Number="1.3" id="ENR-1.12.1.3">The Regulations of a State may prescribe the need to investigate the identity of aircraft. Accordingly, it may be necessary to lead an aircraft of another nation, which has been intercepted, away from a particular area (such as a prohibited area) or, an intercepted aircraft may be required to land for security reasons at a designated aerodrome.</x:div>
      <x:div Number="1.4" id="ENR-1.12.1.4">To avoid the interception of civil aircraft, adherence to flight plans and ATC procedures and the maintenance of a listening watch on the appropriate ATC frequency, make the possibility of interception highly improbable. If the identity of an aircraft is in doubt, all possible efforts will be made to secure identification through the appropriate Air Traffic Service Units.</x:div>
      <x:div Number="1.5" id="ENR-1.12.1.5">As interception of civil aircraft are, in all cases, potentially hazardous, the interception procedures will only be used as a last resort.</x:div>
      <x:div Number="1.6" id="ENR-1.12.1.6">The word 'interception' does not include the intercept and escort service provided on request to an aircraft in distress in accordance with Search and Rescue procedures.</x:div>
      <x:div Number="1.7" id="ENR-1.12.1.7">An aircraft which is intercepted by another aircraft shall immediately:<x:ol id="ID_6938178" class="Numbered"><x:li id="ID_6938179"><x:p id="ID_6938180">Follow the instructions given by the intercepting aircraft, interpreting and responding to visual signals in accordance with the tables at ENR 1-12-2;</x:p></x:li><x:li id="ID_6938181"><x:p id="ID_6938182">notify, if possible, the appropriate Air Traffic Services Unit;</x:p></x:li><x:li id="ID_6938183"><x:p id="ID_6938184">attempt to establish radio communication with the intercepting aircraft or with the appropriate intercept control unit, by making a general call on the emergency frequency 121.500 MHz, giving the identity of the intercepted aircraft and the nature of the flight; and if no contact has been established and if practicable, repeating this call on the emergency frequency 243 MHz;</x:p></x:li><x:li id="ID_6938185"><x:p id="ID_6938186">if equipped with SSR transponder, select Mode A, Code 7700 and Mode C, unless otherwise instructed by the appropriate Air Traffic Services Unit.</x:p></x:li></x:ol></x:div>
      <x:div Number="1.8" id="ENR-1.12.1.8">If radio contact with the intercepting aircraft is established but communication in a common language is not possible, attempts shall be made to convey essential information and acknowledgement of instructions by using the following phrases and pronunciations:<x:table id="ID_6938190" class=""><x:tbody id="ID_6938191"><x:tr id="ID_6938192"><x:td id="ID_6938193" align="center" valign="middle"><x:p id="ID_6938194"><x:strong id="ID_6938195">Phrase</x:strong></x:p></x:td><x:td id="ID_6938196" align="center" valign="middle"><x:p id="ID_6938197"><x:strong id="ID_6938198">Pronunciation</x:strong></x:p></x:td><x:td id="ID_6938199" align="center" valign="middle"><x:p id="ID_6938200"><x:strong id="ID_6938201">Meaning</x:strong></x:p></x:td><x:td id="ID_6938202" align="center" valign="middle"><x:p id="ID_6938203"><x:strong id="ID_6938204">Phrase</x:strong></x:p></x:td><x:td id="ID_6938205" align="center" valign="middle"><x:p id="ID_6938206"><x:strong id="ID_6938207">Pronunciation</x:strong></x:p></x:td><x:td id="ID_6938208" align="center" valign="middle"><x:p id="ID_6938209"><x:strong id="ID_6938210">Meaning</x:strong></x:p></x:td></x:tr><x:tr id="ID_6938211"><x:td id="ID_6938212" align="left" valign="top"><x:p id="ID_6938213">Callsign</x:p></x:td><x:td id="ID_6938214" align="left" valign="top"><x:p id="ID_6938215"><x:strong id="ID_6938216">Kol </x:strong>sa - In</x:p></x:td><x:td id="ID_6938218" align="left" valign="top"><x:p id="ID_6938219">My callsign is (callsign)</x:p></x:td><x:td id="ID_6938220" align="left" valign="top"><x:p id="ID_6938221">Mayday</x:p></x:td><x:td id="ID_6938222" align="left" valign="top"><x:p id="ID_6938223"><x:strong id="ID_6938224">Mayday</x:strong></x:p></x:td><x:td id="ID_6938225" align="left" valign="top"><x:p id="ID_6938226">I am in distress</x:p></x:td></x:tr><x:tr id="ID_6938227"><x:td id="ID_6938228" align="left" valign="top"><x:p id="ID_6938229">Wilco</x:p></x:td><x:td id="ID_6938230" align="left" valign="top"><x:p id="ID_6938231"><x:strong id="ID_6938232">Vill </x:strong>- Ko</x:p></x:td><x:td id="ID_6938234" align="left" valign="top"><x:p id="ID_6938235">Understood will comply</x:p></x:td><x:td id="ID_6938236" align="left" valign="top"><x:p id="ID_6938237">Hijack</x:p></x:td><x:td id="ID_6938238" align="left" valign="top"><x:p id="ID_6938239"><x:strong id="ID_6938240">Hi - Jack</x:strong></x:p></x:td><x:td id="ID_6938241" align="left" valign="top"><x:p id="ID_6938242">I have been hijacked</x:p></x:td></x:tr><x:tr id="ID_6938243"><x:td id="ID_6938244" align="left" valign="top"><x:p id="ID_6938245">Can Not</x:p></x:td><x:td id="ID_6938246" align="left" valign="top"><x:p id="ID_6938247"><x:strong id="ID_6938248">Kann </x:strong>Nott</x:p></x:td><x:td id="ID_6938250" align="left" valign="top"><x:p id="ID_6938251">Unable to comply</x:p></x:td><x:td id="ID_6938252" align="left" valign="top"><x:p id="ID_6938253">Land</x:p><x:p id="ID_6938254">(place name)</x:p></x:td><x:td id="ID_6938255" align="left" valign="top"><x:p id="ID_6938256">Laand</x:p><x:p id="ID_6938257">(place name)</x:p></x:td><x:td id="ID_6938258" align="left" valign="top"><x:p id="ID_6938259">I request to land at</x:p><x:p id="ID_6938260">(place name)</x:p></x:td></x:tr><x:tr id="ID_6938261"><x:td id="ID_6938262" align="left" valign="top"><x:p id="ID_6938263">Repeat</x:p></x:td><x:td id="ID_6938264" align="left" valign="top"><x:p id="ID_6938265">Ree -<x:strong id="ID_6938267"> Peet</x:strong></x:p></x:td><x:td id="ID_6938268" align="left" valign="top"><x:p id="ID_6938269">Repeat your instruction</x:p></x:td><x:td id="ID_6938270" align="left" valign="top"><x:p id="ID_6938271">Descend</x:p></x:td><x:td id="ID_6938272" align="left" valign="top"><x:p id="ID_6938273">Dee -<x:strong id="ID_6938275"> Send</x:strong></x:p></x:td><x:td id="ID_6938276" align="left" valign="top"><x:p id="ID_6938277">I require descent</x:p></x:td></x:tr><x:tr id="ID_6938278"><x:td id="ID_6938279" align="left" valign="top"><x:p id="ID_6938280">Am Lost</x:p></x:td><x:td id="ID_6938281" align="left" valign="top"><x:p id="ID_6938282"><x:strong id="ID_6938283">Am Losst</x:strong></x:p></x:td><x:td id="ID_6938284" align="left" valign="top"><x:p id="ID_6938285">Position unknown</x:p></x:td><x:td id="ID_6938286" align="left" valign="top">&nbsp;</x:td><x:td id="ID_6938287" align="left" valign="top">&nbsp;</x:td><x:td id="ID_6938288" align="left" valign="top">&nbsp;</x:td></x:tr></x:tbody></x:table><x:div id="ID_6938289" class="Note"><x:p id="ID_6938290">Note: The callsign required to be given is that used in radiotelephony communications with Air Traffic Services Units and corresponding to the aircraft identification in the flight plan.</x:p></x:div><x:div id="ID_6938291" class="Note"><x:p id="ID_6938292">Note: Circumstances may not always permit, nor make desirable, the use of the phrase 'HIJACK'.</x:p></x:div></x:div>
      <x:div Number="1.9" id="ENR-1.12.1.9">The following phrases are expected to be used by the intercepting aircraft in the circumstances described above: (SERA.11015 Interception Table S11-3 refers).<x:table id="ID_6938296" class=""><x:tbody id="ID_6938297"><x:tr id="ID_6938298"><x:td id="ID_6938299" align="center" valign="middle"><x:p id="ID_6938300"><x:strong id="ID_6938301">Phrase</x:strong></x:p></x:td><x:td id="ID_6938302" align="center" valign="middle"><x:p id="ID_6938303"><x:strong id="ID_6938304">Pronunciation</x:strong></x:p></x:td><x:td id="ID_6938305" align="center" valign="middle"><x:p id="ID_6938306"><x:strong id="ID_6938307">Meaning</x:strong></x:p></x:td><x:td id="ID_6938308" align="center" valign="middle"><x:p id="ID_6938309"><x:strong id="ID_6938310">Phrase</x:strong></x:p></x:td><x:td id="ID_6938311" align="center" valign="middle"><x:p id="ID_6938312"><x:strong id="ID_6938313">Pronunciation</x:strong></x:p></x:td><x:td id="ID_6938314" align="center" valign="middle"><x:p id="ID_6938315"><x:strong id="ID_6938316">Meaning</x:strong></x:p></x:td></x:tr><x:tr id="ID_6938317"><x:td id="ID_6938318" align="left" valign="top"><x:p id="ID_6938319">Callsign</x:p></x:td><x:td id="ID_6938320" align="left" valign="top"><x:p id="ID_6938321"><x:strong id="ID_6938322">Kol </x:strong>sa - In</x:p></x:td><x:td id="ID_6938324" align="left" valign="top"><x:p id="ID_6938325">What is your callsign?</x:p></x:td><x:td id="ID_6938326" align="left" valign="top"><x:p id="ID_6938327">You Land</x:p></x:td><x:td id="ID_6938328" align="left" valign="top"><x:p id="ID_6938329"><x:strong id="ID_6938330">You Laand</x:strong></x:p></x:td><x:td id="ID_6938331" align="left" valign="top"><x:p id="ID_6938332">Land at this aerodrome</x:p></x:td></x:tr><x:tr id="ID_6938333"><x:td id="ID_6938334" align="left" valign="top"><x:p id="ID_6938335">Follow</x:p></x:td><x:td id="ID_6938336" align="left" valign="top"><x:p id="ID_6938337"><x:strong id="ID_6938338">Fol </x:strong>- Lo</x:p></x:td><x:td id="ID_6938340" align="left" valign="top"><x:p id="ID_6938341">Follow me</x:p></x:td><x:td id="ID_6938342" align="left" valign="top"><x:p id="ID_6938343">Proceed</x:p></x:td><x:td id="ID_6938344" align="left" valign="top"><x:p id="ID_6938345">Pro -<x:strong id="ID_6938347"> Seed</x:strong></x:p></x:td><x:td id="ID_6938348" align="left" valign="top"><x:p id="ID_6938349">You may proceed</x:p></x:td></x:tr><x:tr id="ID_6938350"><x:td id="ID_6938351" align="left" valign="top"><x:p id="ID_6938352">Descend</x:p></x:td><x:td id="ID_6938353" align="left" valign="top"><x:p id="ID_6938354">Dee -<x:strong id="ID_6938356"> Send</x:strong></x:p></x:td><x:td id="ID_6938357" align="left" valign="top"><x:p id="ID_6938358">Descend for landing</x:p></x:td><x:td id="ID_6938359" align="left" valign="top">&nbsp;</x:td><x:td id="ID_6938360" align="left" valign="top">&nbsp;</x:td><x:td id="ID_6938361" align="left" valign="top">&nbsp;</x:td></x:tr></x:tbody></x:table></x:div>
      <x:div Number="1.10" id="ENR-1.12.1.10">If any instructions received by radio from any sources conflict with those given by the intercepting aircraft by signals, the intercepted aircraft shall request immediate clarification while continuing to comply with the visual instructions given by the intercepting aircraft.</x:div>
      <x:div Number="1.11" id="ENR-1.12.1.11">If any instructions received by radio from any sources conflict with those given by the intercepting aircraft by radio, the intercepted aircraft shall request immediate clarification while continuing to comply with the radio instructions given by the intercepting aircraft.</x:div>
    </e:Sub-section>
    <e:Sub-section Number="2" id="ENR-1.12.2">
      <e:Title id="ID_6938367">SIGNALS FOR USE IN THE EVENT OF INTERCEPTION</e:Title>
      <x:table id="ID_6938369" class="">
        <x:thead id="ID_6938370">
          <x:tr id="ID_6938371">
            <x:th id="ID_6938372" colspan="5" align="left" valign="top">
              <x:p id="ID_6938373">Signals initiated by intercepting aircraft and responses by intercepted aircraft</x:p>
            </x:th>
          </x:tr>
          <x:tr id="ID_6938374">
            <x:th id="ID_6938375" align="left" valign="top">
              <x:p id="ID_6938376">Series</x:p>
            </x:th>
            <x:th id="ID_6938377" align="left" valign="top">
              <x:p id="ID_6938378">INTERCEPTING Aircraft Signals</x:p>
            </x:th>
            <x:th id="ID_6938379" align="left" valign="top">
              <x:p id="ID_6938380">Meaning</x:p>
            </x:th>
            <x:th id="ID_6938381" align="left" valign="top">
              <x:p id="ID_6938382">INTERCEPTED Aircraft Responds</x:p>
            </x:th>
            <x:th id="ID_6938383" align="left" valign="top">
              <x:p id="ID_6938384">Meaning</x:p>
            </x:th>
          </x:tr>
        </x:thead>
        <x:tbody id="ID_6938385">
          <x:tr id="ID_6938386">
            <x:td id="ID_6938387" align="center" valign="top">
              <x:p id="ID_6938388">1</x:p>
            </x:td>
            <x:td id="ID_6938389" align="left" valign="top">
              <x:p id="ID_6938390">DAY-Rocking wings from a position slightly above and ahead of, and normally to the left of, the intercepted aircraft and, after acknowledgement, a slow level turn, normally to the left, on to the desired heading.</x:p>
              <x:p id="ID_6938391">NIGHT-Same and, in addition, flashing navigational lights at irregular intervals.</x:p>
              <x:div id="ID_6938392" class="Note">
                <x:p id="ID_6938393">Note: Meteorological conditions or terrain may require the intercepting aircraft to take up a position slightly above and ahead of, and to the right of the intercepted aircraft and to make the subsequent turn to the right.</x:p>
              </x:div>
              <x:div id="ID_6938394" class="Note">
                <x:p id="ID_6938395">Note: If the intercepted aircraft is not able to keep pace with the intercepting aircraft, the latter is expected to fly a series of race-track patterns and to rock its wings each time it passes the intercepted aircraft.</x:p>
              </x:div>
            </x:td>
            <x:td id="ID_6938396" align="center" valign="top">
              <x:p id="ID_6938397">You have been intercepted.</x:p>
              <x:p id="ID_6938398">Follow me.</x:p>
            </x:td>
            <x:td id="ID_6938399" align="left" valign="top">
              <x:p id="ID_6938400">
                <x:strong id="ID_6938401">AEROPLANES:</x:strong>
              </x:p>
              <x:p id="ID_6938402">DAY-Rocking wings and following.</x:p>
              <x:p id="ID_6938403">NIGHT-Same and, in addition, flashing navigational lights at irregular intervals.</x:p>
              <x:p id="ID_6938404">
                <x:strong id="ID_6938405">HELICOPTERS:</x:strong>
              </x:p>
              <x:p id="ID_6938406">DAY or NIGHT-Rocking aircraft, flashing navigational lights at irregular intervals and following.</x:p>
              <x:div id="ID_6938407" class="Note">
                <x:p id="ID_6938408">Note: Additional action required to be taken by intercepted aircraft is prescribed in paragraphs 1.7, 1.8, 1.9, 1.10 and 1.11 on ENR 1-12-1.</x:p>
              </x:div>
            </x:td>
            <x:td id="ID_6938409" align="center" valign="top">
              <x:p id="ID_6938410">Understood, will comply.</x:p>
            </x:td>
          </x:tr>
          <x:tr id="ID_6938411">
            <x:td id="ID_6938412" align="center" valign="top">
              <x:p id="ID_6938413">2</x:p>
            </x:td>
            <x:td id="ID_6938414" align="left" valign="top">
              <x:p id="ID_6938415">DAY or NIGHT-An abrupt breakaway manoeuvre from the intercepted aircraft consisting of a climbing turn of 90 degrees or more without crossing the line of flight of the intercepted aircraft.</x:p>
            </x:td>
            <x:td id="ID_6938416" align="center" valign="top">
              <x:p id="ID_6938417">You may proceed.</x:p>
            </x:td>
            <x:td id="ID_6938418" align="left" valign="top">
              <x:p id="ID_6938419">
                <x:strong id="ID_6938420">AEROPLANES:</x:strong>
              </x:p>
              <x:p id="ID_6938421">DAY or NIGHT- Rocking wings.</x:p>
              <x:p id="ID_6938422">
                <x:strong id="ID_6938423">HELICOPTERS:</x:strong>
              </x:p>
              <x:p id="ID_6938424">DAY or NIGHT-Rocking aircraft.</x:p>
            </x:td>
            <x:td id="ID_6938425" align="center" valign="top">
              <x:p id="ID_6938426">Understood, will comply.</x:p>
            </x:td>
          </x:tr>
          <x:tr id="ID_6938427">
            <x:td id="ID_6938428" align="center" valign="top">
              <x:p id="ID_6938429">3</x:p>
            </x:td>
            <x:td id="ID_6938430" align="left" valign="top">
              <x:p id="ID_6938431">DAY-Circling aerodrome, lowering landing gear and overflying runway in the direction of landing or, if the intercepted aircraft is a helicopter, overflying the helicopter landing area.</x:p>
              <x:p id="ID_6938432">NIGHT-Same and, in addition, showing steady landing lights.</x:p>
            </x:td>
            <x:td id="ID_6938433" align="center" valign="top">
              <x:p id="ID_6938434">Land at this aerodrome.</x:p>
            </x:td>
            <x:td id="ID_6938435" align="left" valign="top">
              <x:p id="ID_6938436">
                <x:strong id="ID_6938437">AEROPLANES:</x:strong>
              </x:p>
              <x:p id="ID_6938438">DAY-Lowering landing gear, following the intercepting aircraft and, if after over-flying the runway landing is considered safe, proceeding to land.</x:p>
              <x:p id="ID_6938439">NIGHT-Same and, in addition, showing steady landing lights (if carried).</x:p>
              <x:p id="ID_6938440">
                <x:strong id="ID_6938441">HELICOPTERS:</x:strong>
              </x:p>
              <x:p id="ID_6938442">DAY or NIGHT-Following the intercepting aircraft and proceeding to land, showing a steady landing light (if carried).</x:p>
            </x:td>
            <x:td id="ID_6938443" align="center" valign="top">
              <x:p id="ID_6938444">Understood, will comply.</x:p>
            </x:td>
          </x:tr>
        </x:tbody>
      </x:table>
      <x:table id="ID_6938446" class="">
        <x:thead id="ID_6938447">
          <x:tr id="ID_6938448">
            <x:th id="ID_6938449" colspan="5" align="left" valign="top">
              <x:p id="ID_6938450">Signals initiated by intercepted aircraft and responses by intercepting aircraft</x:p>
            </x:th>
          </x:tr>
          <x:tr id="ID_6938451">
            <x:th id="ID_6938452" align="left" valign="top">
              <x:p id="ID_6938453">Series</x:p>
            </x:th>
            <x:th id="ID_6938454" align="left" valign="top">
              <x:p id="ID_6938455">INTERCEPTED Aircraft Signals</x:p>
            </x:th>
            <x:th id="ID_6938456" align="left" valign="top">
              <x:p id="ID_6938457">Meaning</x:p>
            </x:th>
            <x:th id="ID_6938458" align="left" valign="top">
              <x:p id="ID_6938459">INTERCEPTING Aircraft Responds</x:p>
            </x:th>
            <x:th id="ID_6938460" align="left" valign="top">
              <x:p id="ID_6938461">Meaning</x:p>
            </x:th>
          </x:tr>
        </x:thead>
        <x:tbody id="ID_6938462">
          <x:tr id="ID_6938463">
            <x:td id="ID_6938464" align="center" valign="top">
              <x:p id="ID_6938465">4</x:p>
            </x:td>
            <x:td id="ID_6938466" align="left" valign="top">
              <x:p id="ID_6938467">
                <x:strong id="ID_6938468">AEROPLANES:</x:strong>
              </x:p>
              <x:p id="ID_6938469">DAY-Raising landing gear while passing over landing runway at a height exceeding 300 m (1000 ft) but not exceeding 600 m (2000 ft) above the aerodrome level, and continuing to circle the aerodrome.</x:p>
              <x:p id="ID_6938470">NIGHT-Flashing landing lights while passing over landing runway at a height exceeding 300 m (1000 ft) but not exceeding 600 m (2000 ft) above the aerodrome level, and continuing to circle the aerodrome. If unable to flash landing lights, flash any other lights available.</x:p>
            </x:td>
            <x:td id="ID_6938471" align="center" valign="top">
              <x:p id="ID_6938472">Aerodrome you have designated is inadequate.</x:p>
            </x:td>
            <x:td id="ID_6938473" align="left" valign="top">
              <x:p id="ID_6938474">DAY or NIGHT-If it is desired that the intercepted aircraft follow the intercepting aircraft to an alternate aerodrome, the intercepting aircraft raises its landing gear and uses the Series 1 signals prescribed for intercepting aircraft.</x:p>
              <x:p id="ID_6938475">If it is decided to release the intercepted aircraft, the intercepting aircraft uses the Series 2 signals prescribed for intercepting aircraft.</x:p>
            </x:td>
            <x:td id="ID_6938476" align="center" valign="top">
              <x:p id="ID_6938477">Understood, follow me.</x:p>
              <x:p id="ID_6938478"><x:br/><x:br/></x:p>
              <x:p id="ID_6938479"><x:br/></x:p>
              <x:p id="ID_6938480">Understood, you may proceed.</x:p>
            </x:td>
          </x:tr>
          <x:tr id="ID_6938481">
            <x:td id="ID_6938482" align="center" valign="top">
              <x:p id="ID_6938483">5</x:p>
            </x:td>
            <x:td id="ID_6938484" align="left" valign="top">
              <x:p id="ID_6938485">
                <x:strong id="ID_6938486">AEROPLANES:</x:strong>
              </x:p>
              <x:p id="ID_6938487">DAY or NIGHT- Regular switching on and off all available lights but in such a manner as to be distinct from flashing lights.</x:p>
            </x:td>
            <x:td id="ID_6938488" align="center" valign="top">
              <x:p id="ID_6938489">Cannot comply.</x:p>
            </x:td>
            <x:td id="ID_6938490" align="left" valign="top">
              <x:p id="ID_6938491">DAY or NIGHT-Use Series 2 signals prescribed for intercepting aircraft.</x:p>
            </x:td>
            <x:td id="ID_6938492" align="center" valign="top">
              <x:p id="ID_6938493">Understood.</x:p>
            </x:td>
          </x:tr>
          <x:tr id="ID_6938494">
            <x:td id="ID_6938495" align="center" valign="top">
              <x:p id="ID_6938496">6</x:p>
            </x:td>
            <x:td id="ID_6938497" align="left" valign="top">
              <x:p id="ID_6938498">AEROPLANES:</x:p>
              <x:p id="ID_6938499">DAY or NIGHT-Irregular flashing of all available lights.</x:p>
              <x:p id="ID_6938500">HELICOPTERS:</x:p>
              <x:p id="ID_6938501">DAY or NIGHT-Irregular flashing of all available lights.</x:p>
            </x:td>
            <x:td id="ID_6938502" align="center" valign="top">
              <x:p id="ID_6938503">In distress.</x:p>
            </x:td>
            <x:td id="ID_6938504" align="left" valign="top">
              <x:p id="ID_6938505">DAY or NIGHT-Use Series 2 signals prescribed for intercepting aircraft.</x:p>
              <x:p id="ID_6938506" />
              <x:p id="ID_6938507" />
            </x:td>
            <x:td id="ID_6938508" align="center" valign="top">
              <x:p id="ID_6938509">Understood.</x:p>
            </x:td>
          </x:tr>
        </x:tbody>
      </x:table>
    </e:Sub-section>
  </x:div>
</e:ENR-1.12>
