<?xml version="1.0" encoding="UTF-8"?>
<e:ENR-4.3 id="ENR-4.3" Number="ENR 4.3" xmlns:e="http://www.eurocontrol.int/xmlns/AIM/eAIP" xmlns:x="http://www.w3.org/1999/xhtml" xmlns:xlink="http://www.w3.org/1999/xlink">
  <e:Title>ENR 4.3 GLOBAL NAVIGATION SATELLITE SYSTEM (GNSS)</e:Title>
  <x:div class="RP">
    <x:span class="sdParams" style="display:none;">TRULES_PROC;RULES_PROC_ID;6860</x:span>
    <x:table id="ID_6945480" class="">
      <x:thead id="ID_6945481">
        <x:tr id="ID_6945482">
          <x:th id="ID_6945483" align="left" valign="top">
            <x:p id="ID_6945484">GNSS Element</x:p>
          </x:th>
          <x:th id="ID_6945485" align="left" valign="top">
            <x:p id="ID_6945486">Frequency</x:p>
          </x:th>
          <x:th id="ID_6945487" align="left" valign="top">
            <x:p id="ID_6945488">Co-ordinates</x:p>
          </x:th>
          <x:th id="ID_6945489" align="left" valign="top">
            <x:p id="ID_6945490">Remarks</x:p>
          </x:th>
        </x:tr>
      </x:thead>
      <x:tbody id="ID_6945491">
        <x:tr id="ID_6945492">
          <x:td id="ID_6945493" align="left" valign="top">
            <x:p id="ID_6945494">GPS</x:p>
          </x:td>
          <x:td id="ID_6945495" align="left" valign="top">
            <x:p id="ID_6945496">SPS L1 (1575.42 MHz)</x:p>
          </x:td>
          <x:td id="ID_6945497" align="left" valign="top">
            <x:p id="ID_6945498">All UK Airspace</x:p>
          </x:td>
          <x:td id="ID_6945499" align="left" valign="top">
            <x:p id="ID_6945500">Nil</x:p>
          </x:td>
        </x:tr>
        <x:tr id="ID_6945501">
          <x:td id="ID_6945502" align="left" valign="top">
            <x:p id="ID_6945503">EGNOS</x:p>
          </x:td>
          <x:td id="ID_6945504" align="left" valign="top">
            <x:p id="ID_6945505">L1 (1575.42 MHz)</x:p>
          </x:td>
          <x:td id="ID_6945506" align="left" valign="top">
            <x:p id="ID_6945507">As notified through individual aerodrome Instrument Approach Procedures</x:p>
          </x:td>
          <x:td id="ID_6945508" align="left" valign="top">
            <x:p id="ID_6945509">Nil</x:p>
          </x:td>
        </x:tr>
      </x:tbody>
    </x:table>
  </x:div>
</e:ENR-4.3>
