<?xml version="1.0" encoding="UTF-8"?>
<e:GEN-1.4 id="GEN-1.4" Number="GEN 1.4" xmlns:e="http://www.eurocontrol.int/xmlns/AIM/eAIP" xmlns:x="http://www.w3.org/1999/xhtml" xmlns:xlink="http://www.w3.org/1999/xlink">
  <e:Title>GEN 1.4 ENTRY, TRANSIT AND DEPARTURE OF CARGO</e:Title>
  <x:div class="RP">
    <x:span class="sdParams" style="display:none;">TRULES_PROC;RULES_PROC_ID;6828</x:span>
    <e:Sub-section Number="1" id="GEN-1.4.1">
      <e:Title id="ID_6858629">CUSTOMS AND EXCISE REQUIREMENTS</e:Title>
      <x:div Number="1.1" id="GEN-1.4.1.1">
        <x:strong id="ID_6858632">Importation and Exportation of Cargo and Cargo in Transit</x:strong>
        <x:div Number="1.1.1" id="GEN-1.4.1.1.1">
          <x:strong id="ID_6858635">Movement of Community Goods</x:strong>
          <x:div Number="1.1.1.1" id="GEN-1.4.1.1.1.1">With the completion of the Single Market, Community goods moving within the EC are considered to be in 'Free Circulation', and will for the most part, no longer require Community Transit documentation. Community/Free Circulation goods are those which:<x:ol id="ID_6858638" class="Numbered"><x:li id="ID_6858639"><x:p id="ID_6858640">Originate in the Community; or</x:p></x:li><x:li id="ID_6858641"><x:p id="ID_6858642">are goods imported from a non-Community country and which have had all duties and charges paid and are said to be in Free Circulation;</x:p></x:li><x:li id="ID_6858643"><x:p id="ID_6858644">goods which have been manufactured in the community wholly or partly from materials or parts which are in Free Circulation.</x:p></x:li></x:ol></x:div>
        </x:div>
        <x:div Number="1.1.2" id="GEN-1.4.1.1.2">
          <x:strong id="ID_6858647">Import of Non-Community Goods</x:strong>
          <x:div Number="1.1.2.1" id="GEN-1.4.1.1.2.1">The importation of goods from a third country are subject to customs controls and require documentary evidence. Refer to HM Revenue and Customs Notice 199 – Imported goods: Customs procedures and customs debt.</x:div>
        </x:div>
        <x:div Number="1.1.3" id="GEN-1.4.1.1.3">
          <x:strong id="ID_6858652">Transit of Non-Community Goods</x:strong>
          <x:div Number="1.1.3.1" id="GEN-1.4.1.1.3.1">Goods which transit the UK and are not in Free Circulation are required to be under Customs control.</x:div>
        </x:div>
        <x:div Number="1.1.4" id="GEN-1.4.1.1.4">
          <x:strong id="ID_6858657">Export of Non-Community Goods</x:strong>
          <x:div Number="1.1.4.1" id="GEN-1.4.1.1.4.1">Goods which are to be exported either direct to a third country, or via the EU require an export declaration to be lodged at the Customs office of export. Further information can be found in HM Revenue and Customs Notice 275 – Export Procedures.</x:div>
        </x:div>
      </x:div>
      <x:div Number="1.2" id="GEN-1.4.1.2">
        <x:strong id="ID_6858662">Freight Charters - Consolidation and Consignment Size</x:strong>
        <x:div Number="1.2.1" id="GEN-1.4.1.2.1">For outbound cargo charters between the United Kingdom and Europe* there is no minimum consignment size requirement. Consolidation is permitted.</x:div>
        <x:div Number="1.2.2" id="GEN-1.4.1.2.2">For outbound cargo charters from the United Kingdom, other than to Europe* and the USA, no consignment shall be carried unless it exceeds 500 kg in weight, or 3.0 cubic metres in volume. Consolidation of consignments of less than 500 kg is permitted.</x:div>
        <x:div Number="1.2.3" id="GEN-1.4.1.2.3">For inbound charters to the United Kingdom, other than from USA and Canada, there are no consignment size or consolidation restrictions.</x:div>
        <x:div Number="1.2.4" id="GEN-1.4.1.2.4">For inbound charters from Canada, no consignment shall be carried unless it exceeds 500 kg in weight or 3.0 cubic metres in volume. Consolidation of consignments of less than 500 kg is permitted.</x:div>
        <x:div Number="1.2.5" id="GEN-1.4.1.2.5">Special arrangements apply for both inbound and outbound charters to and from the USA and details can be obtained from IA 2A, Department of Transport.</x:div>
        <x:div id="ID_6858673" class="Note">
          <x:p id="ID_6858674">Note: * Europe means the area comprising the following countries:</x:p>
        </x:div>
        <x:table id="ID_6858676" class="ClearTableForm">
          <x:tbody id="ID_6858677">
            <x:tr id="ID_6858678">
              <x:td id="ID_6858679" align="left" valign="top">
                <x:p id="ID_6858680">Albania</x:p>
              </x:td>
              <x:td id="ID_6858681" align="left" valign="top">
                <x:p id="ID_6858682">Algeria</x:p>
              </x:td>
              <x:td id="ID_6858683" align="left" valign="top">
                <x:p id="ID_6858684">Andorra</x:p>
              </x:td>
            </x:tr>
            <x:tr id="ID_6858685">
              <x:td id="ID_6858686" align="left" valign="top">
                <x:p id="ID_6858687">Austria</x:p>
              </x:td>
              <x:td id="ID_6858688" align="left" valign="top">
                <x:p id="ID_6858689">Belgium</x:p>
              </x:td>
              <x:td id="ID_6858690" align="left" valign="top">
                <x:p id="ID_6858691">Republic of Bosnia &amp; Herzegovina</x:p>
              </x:td>
            </x:tr>
            <x:tr id="ID_6858692">
              <x:td id="ID_6858693" align="left" valign="top">
                <x:p id="ID_6858694">Bulgaria</x:p>
              </x:td>
              <x:td id="ID_6858695" align="left" valign="top">
                <x:p id="ID_6858696">CIS (West of Urals)</x:p>
              </x:td>
              <x:td id="ID_6858697" align="left" valign="top">
                <x:p id="ID_6858698">Croatia</x:p>
              </x:td>
            </x:tr>
            <x:tr id="ID_6858699">
              <x:td id="ID_6858700" align="left" valign="top">
                <x:p id="ID_6858701">Czech Republic</x:p>
              </x:td>
              <x:td id="ID_6858702" align="left" valign="top">
                <x:p id="ID_6858703">Denmark</x:p>
              </x:td>
              <x:td id="ID_6858704" align="left" valign="top">
                <x:p id="ID_6858705">Finland</x:p>
              </x:td>
            </x:tr>
            <x:tr id="ID_6858706">
              <x:td id="ID_6858707" align="left" valign="top">
                <x:p id="ID_6858708">France</x:p>
              </x:td>
              <x:td id="ID_6858709" align="left" valign="top">
                <x:p id="ID_6858710">Germany</x:p>
              </x:td>
              <x:td id="ID_6858711" align="left" valign="top">
                <x:p id="ID_6858712">Gibraltar</x:p>
              </x:td>
            </x:tr>
            <x:tr id="ID_6858713">
              <x:td id="ID_6858714" align="left" valign="top">
                <x:p id="ID_6858715">Greece</x:p>
              </x:td>
              <x:td id="ID_6858716" align="left" valign="top">
                <x:p id="ID_6858717">Hungary</x:p>
              </x:td>
              <x:td id="ID_6858718" align="left" valign="top">
                <x:p id="ID_6858719">Iceland</x:p>
              </x:td>
            </x:tr>
            <x:tr id="ID_6858720">
              <x:td id="ID_6858721" align="left" valign="top">
                <x:p id="ID_6858722">Republic of Ireland</x:p>
              </x:td>
              <x:td id="ID_6858723" align="left" valign="top">
                <x:p id="ID_6858724">Italy</x:p>
              </x:td>
              <x:td id="ID_6858725" align="left" valign="top">
                <x:p id="ID_6858726">Liechtenstein</x:p>
              </x:td>
            </x:tr>
            <x:tr id="ID_6858727">
              <x:td id="ID_6858728" align="left" valign="top">
                <x:p id="ID_6858729">Luxembourg</x:p>
              </x:td>
              <x:td id="ID_6858730" align="left" valign="top">
                <x:p id="ID_6858731">Macedonia</x:p>
              </x:td>
              <x:td id="ID_6858732" align="left" valign="top">
                <x:p id="ID_6858733">Malta</x:p>
              </x:td>
            </x:tr>
            <x:tr id="ID_6858734">
              <x:td id="ID_6858735" align="left" valign="top">
                <x:p id="ID_6858736">Monaco</x:p>
              </x:td>
              <x:td id="ID_6858737" align="left" valign="top">
                <x:p id="ID_6858738">Morocco</x:p>
              </x:td>
              <x:td id="ID_6858739" align="left" valign="top">
                <x:p id="ID_6858740">Netherlands</x:p>
              </x:td>
            </x:tr>
            <x:tr id="ID_6858741">
              <x:td id="ID_6858742" align="left" valign="top">
                <x:p id="ID_6858743">Norway</x:p>
              </x:td>
              <x:td id="ID_6858744" align="left" valign="top">
                <x:p id="ID_6858745">Poland</x:p>
              </x:td>
              <x:td id="ID_6858746" align="left" valign="top">
                <x:p id="ID_6858747">Portugal (including Azores &amp; Madeira)</x:p>
              </x:td>
            </x:tr>
            <x:tr id="ID_6858748">
              <x:td id="ID_6858749" align="left" valign="top">
                <x:p id="ID_6858750">Romania</x:p>
              </x:td>
              <x:td id="ID_6858751" align="left" valign="top">
                <x:p id="ID_6858752">Slovenia</x:p>
              </x:td>
              <x:td id="ID_6858753" align="left" valign="top">
                <x:p id="ID_6858754">San Marino</x:p>
              </x:td>
            </x:tr>
            <x:tr id="ID_6858755">
              <x:td id="ID_6858756" align="left" valign="top">
                <x:p id="ID_6858757">Slovak Republic</x:p>
              </x:td>
              <x:td id="ID_6858758" align="left" valign="top">
                <x:p id="ID_6858759">Spain (including Balearics &amp; Canaries)</x:p>
              </x:td>
              <x:td id="ID_6858760" align="left" valign="top">
                <x:p id="ID_6858761">Sweden</x:p>
              </x:td>
            </x:tr>
            <x:tr id="ID_6858762">
              <x:td id="ID_6858763" align="left" valign="top">
                <x:p id="ID_6858764">Switzerland</x:p>
              </x:td>
              <x:td id="ID_6858765" align="left" valign="top">
                <x:p id="ID_6858766">Tunisia</x:p>
              </x:td>
              <x:td id="ID_6858767" align="left" valign="top">
                <x:p id="ID_6858768">Turkey (Europe &amp; Asia)</x:p>
              </x:td>
            </x:tr>
            <x:tr id="ID_6858769">
              <x:td id="ID_6858770" align="left" valign="top">
                <x:p id="ID_6858771">Fed Rep of Yugoslavia (Serbia &amp; Montenegro)</x:p>
              </x:td>
              <x:td id="ID_6858772" align="left" valign="top">&nbsp;</x:td>
              <x:td id="ID_6858773" align="left" valign="top">&nbsp;</x:td>
            </x:tr>
          </x:tbody>
        </x:table>
      </x:div>
    </e:Sub-section>
    <e:Sub-section Number="2" id="GEN-1.4.2">
      <e:Title id="ID_6858775">AGRICULTURAL QUARANTINE REQUIREMENTS</e:Title>
      <x:div Number="2.1" id="GEN-1.4.2.1">
        <x:strong id="ID_6858778">TO BE DEVELOPED</x:strong>
      </x:div>
    </e:Sub-section>
    <e:Sub-section Number="3" id="GEN-1.4.3">
      <e:Title id="ID_6858780">DANGEROUS GOODS AND MUNITIONS OF WAR REQUIREMENTS</e:Title>
      <x:div Number="3.1" id="GEN-1.4.3.1">
        <x:strong id="ID_6858783">Carriage of Munitions of War</x:strong>
        <x:div Number="3.1.1" id="GEN-1.4.3.1.1">For operators subject to EASA Ops, CAT.GEN.MPA.155 states that weapons of war or munitions of war may only be carried if approval to do so has been granted by all States whose airspace is intended to be used for the flight. As indicated in GM1 CAT.GEN.MPA.155, there is no internationally agreed definition of the terms ‘weapons of war’ and ‘munitions of war’. For the purposes of flights using UK airspace, these terms are considered to include:<x:ol id="ID_6858786" class="Numbered"><x:li id="ID_6858787"><x:p id="ID_6858788">any weapon (with or without ammunition);</x:p></x:li><x:li id="ID_6858789"><x:p id="ID_6858790">any ammunition;</x:p></x:li><x:li id="ID_6858791"><x:p id="ID_6858792">any article containing an explosive or any noxious liquid, gas; or</x:p></x:li><x:li id="ID_6858793"><x:p id="ID_6858794">any other thing, which is designed or made for use in warfare or against the person, including parts and accessories for such weapon, ammunition or article.</x:p></x:li></x:ol></x:div>
        <x:div Number="3.1.2" id="GEN-1.4.3.1.2">For all other aircraft (i.e. those not subject to EASA Ops), Article 133(2) of the Air Navigation Order (ANO) 2009 states that munitions of war may only be carried if the Civil Aviation Authority (CAA) has granted permission to do so. The ANO contains the same definition of a munition of war as 3.1.1 above.</x:div>
        <x:div Number="3.1.3" id="GEN-1.4.3.1.3">Therefore, weapons of war or munitions of war may only be carried by an aircraft within UK airspace if an approval or a permission has been granted by the CAA. Such documents are only granted on a long-term basis rather than for each flight. Application must be made at least 10 working days before the proposed date of the first flight on which weapons of war or munitions of war are to be carried. Applications may either request the approval/permission be granted for a period of one year, or non-expiring. Non-expiring approvals/permissions are subject to an annual fee which is charged by invoice.</x:div>
        <x:div Number="3.1.4" id="GEN-1.4.3.1.4">If the weapons of war or munitions of war are also classified as dangerous goods, then see also paragraph 3.2 (Carriage of Dangerous Goods).</x:div>
        <x:div Number="3.1.5" id="GEN-1.4.3.1.5">For details of how to apply for an approval or a permission to carry weapons of war or munitions of war, see paragraph 3.3 (Applications and Enquiries).</x:div>
      </x:div>
      <x:div Number="3.2" id="GEN-1.4.3.2">
        <x:strong id="ID_6858805">Carriage of Dangerous Goods</x:strong>
        <x:div Number="3.2.1" id="GEN-1.4.3.2.1">The requirements concerning dangerous goods vary depending upon which operating regulations apply to the aircraft, as follows:<x:ol id="ID_6858808" class="Numbered"><x:li id="ID_6858809"><x:p id="ID_6858810">UK commercial air transport aircraft operating under an EASA Ops Air Operators Certificate are subject to CAT.GEN.MPA.200 and require an approval granted by the CAA in order to carry dangerous goods;</x:p></x:li><x:li id="ID_6858811"><x:p id="ID_6858812">all other UK registered aircraft are subject to Regulation 4(1)(a) of the Air Navigation (Dangerous Goods) Regulations 2002 and require an approval granted by the CAA in order to carry dangerous goods;</x:p></x:li><x:li id="ID_6858813"><x:p id="ID_6858814">non-UK commercial air transport aircraft operating under an EASA Ops Air Operator Certificate are also subject to CAT.GEN.MPA.200 and require an approval granted by the National Aviation Authority of their own State in order to carry dangerous goods within UK airspace;</x:p></x:li><x:li id="ID_6858815"><x:p id="ID_6858816">all other non-UK commercial air transport aircraft that are not operating under an EASA Ops Air Operator Certificate (i.e. Third Country Operators) will be subject to EASA Part-TCO once it comes into force and will require an authorisation granted by the European Aviation Safety Agency (EASA) in order to operate in any EASA member State. This authorisation will specify whether or not the operator is authorised to carry dangerous goods. Until such time as EASA Part-TCO becomes applicable to Third Country Operators, a general approval granted by the UK CAA approves the operator to carry dangerous goods within UK airspace provided it holds approval to carry dangerous goods granted by its own State in accordance with International Civil Aviation Organization (ICAO) Annex 18 and the Technical Instructions; and</x:p></x:li><x:li id="ID_6858817"><x:p id="ID_6858818">all non-UK, non-commercial air transport aircraft are subject to Regulation 4(1)(a) of the Air Navigation (Dangerous Goods) Regulations 2002 and require an approval granted by the CAA in order to carry dangerous goods.</x:p></x:li></x:ol></x:div>
        <x:div Number="3.2.2" id="GEN-1.4.3.2.2">In addition to the approval described in paragraph 3.2.1, where the ICAO Technical Instructions indicates that a particular type of dangerous goods requires an additional exemption or approval in order to be carried, such approval or exemption must be obtained from the CAA.</x:div>
        <x:div Number="3.2.3" id="GEN-1.4.3.2.3">Applications for approvals and/or exemptions must be made at least 10 working days before the proposed date of the flight. For details of how to apply for an approval or exemption to carry dangerous goods, see paragraph 3.3.</x:div>
      </x:div>
      <x:div Number="3.3" id="GEN-1.4.3.3">
        <x:strong id="ID_6858825">Applications and Enquiries</x:strong>
        <x:div Number="3.3.1" id="GEN-1.4.3.3.1">Application forms and further information about dangerous goods, weapons of war and munitions of war can be obtained from the following website address:<x:br/><x:br/>www.caa.co.uk/dangerousgoods</x:div>
        <x:div Number="3.3.2" id="GEN-1.4.3.3.2">Completed application forms should be sent to the Civil Aviation Authority by e-mail, although they may also be sent by post. The applicable addresses and contact details are below:<e:Address id="ID_6858830"><e:Address-part Type="Post" id="ID_6858833">Flight Operations, Civil Aviation Authority<x:br/>Aviation House, Gatwick Airport South<x:br/>West Sussex<x:br/>RH6 0YR<x:br/>United Kingdom</e:Address-part><e:Address-part Type="Email" id="ID_6858831">dgo@caa.co.uk</e:Address-part><e:Address-part Type="Phone" id="ID_6858832">+44 (0)1293-573800</e:Address-part></e:Address></x:div>
      </x:div>
    </e:Sub-section>
  </x:div>
</e:GEN-1.4>
