<?xml version="1.0" encoding="UTF-8"?>
<e:GEN-3.6 id="GEN-3.6" Number="GEN 3.6" xmlns:e="http://www.eurocontrol.int/xmlns/AIM/eAIP" xmlns:x="http://www.w3.org/1999/xhtml" xmlns:xlink="http://www.w3.org/1999/xlink">
  <e:Title>GEN 3.6 SEARCH AND RESCUE</e:Title>
  <x:div class="RP">
    <x:span class="sdParams" style="display:none;">TRULES_PROC;RULES_PROC_ID;6841</x:span>
    <e:Sub-section Number="1" id="GEN-3.6.1">
      <e:Title id="ID_6897745">Responsible Services</e:Title>
      <x:div Number="1.1" id="GEN-3.6.1.1">Responsibility for Search and Rescue (SAR) for civil aircraft within the UK Search and Rescue Region (SRR) rests with the Department for Transport (DfT). Responsibility for Aeronautical SAR Coordination is discharged by the UK Aeronautical Coordination Centre (ARCC), which is manned by specialist personnel of Her Majesty’s Coastguard (HMCG) and which is embedded within the Maritime and Coastguard Agency (MCA) National Maritime Operations Centre (NMOC). SAR Helicopter Services are provided under contract to DfT by Bristow Helicopters Ltd and CHC Helicopters Ltd, while fixed wing SAR Services are provided under contract to DfT by Reconnaissance Ventures Ltd. The Ministry of Defense (MoD) maintains responsibility for Royal Air Force (RAF) Mountain Rescue Teams.<x:div Number="1.1.1" id="GEN-3.6.1.1.1">The DfT is responsible for SAR policy for civil aviation.<e:Address id="ID_6897750"><e:Address-part Type="Post" id="ID_6897751">Department for Transport, Airports Policy Division, Great Minster House, 76 Marsham Street, London, SW1P 4DR</e:Address-part><e:Address-part Type="Phone" id="ID_6897752">020-7944 4393</e:Address-part><e:Address-part Type="Fax" id="ID_6897753">020-7944 2192</e:Address-part></e:Address></x:div><x:div Number="1.1.2" id="GEN-3.6.1.1.2">The Civil Aviation Authority (CAA) acts as adviser on SAR to the DfT. Queries on SAR for civil aviation, including matters arising from this section of the AIP, should be addressed in the first instance to the following:<e:Address id="ID_6897756"><e:Address-part Type="Post" id="ID_6897757">Civil Aviation Authority, Directorate of Airspace Policy, Airspace Regulation, K6, CAA House, 45-59 Kingsway, London, WC2B 6TE</e:Address-part><e:Address-part Type="Phone" id="ID_6897758">020-7453 6543</e:Address-part><e:Address-part Type="Fax" id="ID_6897759">020-7453 6565</e:Address-part><e:Address-part Type="Telex" id="ID_6897760">883092 - EGGA</e:Address-part><e:Address-part Type="AFS" id="ID_6897761">EGGAYFYG</e:Address-part></e:Address></x:div><x:div Number="1.1.3" id="GEN-3.6.1.1.3">SAR aviation services are managed by the MCA Aviation Team.<e:Address id="ID_6897764"><e:Address-part Type="Post" id="ID_6897765">MCA Aviation Team, Spring Place, 105 Commercial Road, Southampton, Hampshire, SO15 1EG</e:Address-part><e:Address-part Type="Phone" id="ID_6897766">023-8032-9416 or 023-8032-9486</e:Address-part></e:Address></x:div><x:div Number="1.1.4" id="GEN-3.6.1.1.4">Implementation of SAR services for civil aviation throughout the UK SRR is undertaken by the UK ARCC.<e:Address id="ID_6897769"><e:Address-part Type="Post" id="ID_6897770">UK Aeronautical Rescue Coordination Centre, HMCG National Maritime Operations Centre, 12 Kites Croft Business Park, Fareham, Hampshire, PO14 4LW</e:Address-part><e:Address-part Type="Phone" id="ID_6897771">023-8032-9100</e:Address-part></e:Address></x:div></x:div>
      <x:div Number="1.2" id="GEN-3.6.1.2">
        <x:strong id="ID_6897774">Applicable ICAO Documents</x:strong>
        <x:div Number="1.2.1" id="GEN-3.6.1.2.1">The Standards, Recommended Practices and, when applicable, the procedures contained in the following ICAO documents are applied:<x:table id="ID_6897778" class="ClearTableForm"><x:tbody id="ID_6897779"><x:tr id="ID_6897780"><x:td id="ID_6897781" align="left" valign="top"><x:p id="ID_6897782">Annex 2</x:p></x:td><x:td id="ID_6897783" align="left" valign="top"><x:p id="ID_6897784">-</x:p></x:td><x:td id="ID_6897785" align="left" valign="top"><x:p id="ID_6897786">Rules of the Air;</x:p></x:td></x:tr><x:tr id="ID_6897787"><x:td id="ID_6897788" align="left" valign="top"><x:p id="ID_6897789">Annex 3</x:p></x:td><x:td id="ID_6897790" align="left" valign="top"><x:p id="ID_6897791">-</x:p></x:td><x:td id="ID_6897792" align="left" valign="top"><x:p id="ID_6897793">Meteorological Services for International Air Navigation;</x:p></x:td></x:tr><x:tr id="ID_6897794"><x:td id="ID_6897795" align="left" valign="top"><x:p id="ID_6897796">Annex 6</x:p></x:td><x:td id="ID_6897797" align="left" valign="top"><x:p id="ID_6897798">-</x:p></x:td><x:td id="ID_6897799" align="left" valign="top"><x:p id="ID_6897800">Operation of Aircraft - Parts I, II &amp; III;</x:p></x:td></x:tr><x:tr id="ID_6897801"><x:td id="ID_6897802" align="left" valign="top"><x:p id="ID_6897803">Annex 10</x:p></x:td><x:td id="ID_6897804" align="left" valign="top"><x:p id="ID_6897805">-</x:p></x:td><x:td id="ID_6897806" align="left" valign="top"><x:p id="ID_6897807">Aeronautical Telecommunications - Volume I &amp; II;</x:p></x:td></x:tr><x:tr id="ID_6897808"><x:td id="ID_6897809" align="left" valign="top"><x:p id="ID_6897810">Annex 11</x:p></x:td><x:td id="ID_6897811" align="left" valign="top"><x:p id="ID_6897812">-</x:p></x:td><x:td id="ID_6897813" align="left" valign="top"><x:p id="ID_6897814">Air Traffic Services;</x:p></x:td></x:tr><x:tr id="ID_6897815"><x:td id="ID_6897816" align="left" valign="top"><x:p id="ID_6897817">Annex 12</x:p></x:td><x:td id="ID_6897818" align="left" valign="top"><x:p id="ID_6897819">-</x:p></x:td><x:td id="ID_6897820" align="left" valign="top"><x:p id="ID_6897821">Search and Rescue;</x:p></x:td></x:tr><x:tr id="ID_6897822"><x:td id="ID_6897823" align="left" valign="top"><x:p id="ID_6897824">Annex 13</x:p></x:td><x:td id="ID_6897825" align="left" valign="top"><x:p id="ID_6897826">-</x:p></x:td><x:td id="ID_6897827" align="left" valign="top"><x:p id="ID_6897828">Aircraft Accident Investigation;</x:p></x:td></x:tr><x:tr id="ID_6897829"><x:td id="ID_6897830" align="left" valign="top"><x:p id="ID_6897831">Annex 15</x:p></x:td><x:td id="ID_6897832" align="left" valign="top"><x:p id="ID_6897833">-</x:p></x:td><x:td id="ID_6897834" align="left" valign="top"><x:p id="ID_6897835">Aeronautical Information Services;</x:p></x:td></x:tr><x:tr id="ID_6897836"><x:td id="ID_6897837" align="left" valign="top"><x:p id="ID_6897838">Annex 17</x:p></x:td><x:td id="ID_6897839" align="left" valign="top"><x:p id="ID_6897840">-</x:p></x:td><x:td id="ID_6897841" align="left" valign="top"><x:p id="ID_6897842">Security;</x:p></x:td></x:tr><x:tr id="ID_6897843"><x:td id="ID_6897844" align="left" valign="top"><x:p id="ID_6897845">Annex 18</x:p></x:td><x:td id="ID_6897846" align="left" valign="top"><x:p id="ID_6897847">-</x:p></x:td><x:td id="ID_6897848" align="left" valign="top"><x:p id="ID_6897849">The Safe Transport of Dangerous Goods by Air;</x:p></x:td></x:tr><x:tr id="ID_6897850"><x:td id="ID_6897851" align="left" valign="top">&nbsp;</x:td><x:td id="ID_6897852" align="left" valign="top">&nbsp;</x:td><x:td id="ID_6897853" align="left" valign="top">&nbsp;</x:td></x:tr><x:tr id="ID_6897854"><x:td id="ID_6897855" align="left" valign="top"><x:p id="ID_6897856">Doc 4444 ATM/501</x:p></x:td><x:td id="ID_6897857" align="left" valign="top"><x:p id="ID_6897858">-</x:p></x:td><x:td id="ID_6897859" align="left" valign="top"><x:p id="ID_6897860">Procedures for Air Navigation Services - Air Traffic Management;</x:p></x:td></x:tr><x:tr id="ID_6897861"><x:td id="ID_6897862" align="left" valign="top"><x:p id="ID_6897863">Doc 7030</x:p></x:td><x:td id="ID_6897864" align="left" valign="top"><x:p id="ID_6897865">-</x:p></x:td><x:td id="ID_6897866" align="left" valign="top"><x:p id="ID_6897867">Regional Supplementary Procedures;</x:p></x:td></x:tr><x:tr id="ID_6897868"><x:td id="ID_6897869" align="left" valign="top"><x:p id="ID_6897870">Doc 7754</x:p></x:td><x:td id="ID_6897871" align="left" valign="top"><x:p id="ID_6897872">-</x:p></x:td><x:td id="ID_6897873" align="left" valign="top"><x:p id="ID_6897874">Air Navigation Plan - European Region;</x:p></x:td></x:tr><x:tr id="ID_6897875"><x:td id="ID_6897876" align="left" valign="top"><x:p id="ID_6897877">Doc 8755</x:p></x:td><x:td id="ID_6897878" align="left" valign="top"><x:p id="ID_6897879">-</x:p></x:td><x:td id="ID_6897880" align="left" valign="top"><x:p id="ID_6897881">Air Navigation Plan - North Atlantic;</x:p></x:td></x:tr><x:tr id="ID_6897882"><x:td id="ID_6897883" align="left" valign="top"><x:p id="ID_6897884">Doc 9731</x:p></x:td><x:td id="ID_6897885" align="left" valign="top"><x:p id="ID_6897886">-</x:p></x:td><x:td id="ID_6897887" align="left" valign="top"><x:p id="ID_6897888">IAMSAR Manual.</x:p></x:td></x:tr></x:tbody></x:table></x:div>
        <x:div Number="1.2.2" id="GEN-3.6.1.2.2">Differences from ICAO Standards Recommended Practices and Procedures are given at GEN 1.7.</x:div>
      </x:div>
    </e:Sub-section>
    <e:Sub-section Number="2" id="GEN-3.6.2">
      <e:Title id="ID_6897892">The UK Search And Rescue Region (SRR)</e:Title>
      <x:div Number="2.1" id="GEN-3.6.2.1">In general, aeronautical SRR boundary coincides with FIR boundary. The UK SRR comprises the London, Scottish and Shanwick FIRs but to the North and East of the UK, the boundaries with Iceland, Norway, Denmark and Germany have been modified by a series of bilateral agreements. Under these agreements, the SRR boundary no longer follow the FIR boundaries but have been aligned with the median line. The UK SRR boundary co-ordinates are given below and a chart depicting the areas of responsibility is shown after GEN 3.6, paragraph 6.12, Tables 1 and 2.</x:div>
      <x:div Number="2.2" id="GEN-3.6.2.2">UK ARCC. The area of responsibility is enclosed by the lines joining the following points:<x:p id="ID_6897897">610000N 0300000W - 610000N 0040000W - 632833N 0004622W - 632833N 0000000E - 620000N 0000000E</x:p><x:p id="ID_6897898">620000N 0012222E - 614410N 0013329E - 612122N 0014718E - 595346N 0020430E - 591722N 0014236E</x:p><x:p id="ID_6897899">582546N 0012854E - 575416N 0015748E - 563540N 0023642E - 560510N 0031455E - 555458N 0032055E</x:p><x:p id="ID_6897900">555004N 0032355E - 554552N 0032208E - 543715N 0025349E - 542245N 0024543E - 531803N 0030319E</x:p><x:p id="ID_6897901">524657N 0031213E - 523715N 0031055E - 522457N 0030325E - 521721N 0025555E - 520557N 0024249E</x:p><x:p id="ID_6897902">515857N 0023731E - 514815N 0022849E - 513000N 0020000E - 510700N 0020000E - 510000N 0012800E</x:p><x:p id="ID_6897903">504000N 0012800E - 500000N 0001500W - 500000N 0020000W - 485000N 0080000W - 450000N 0080000W</x:p><x:p id="ID_6897904">450000N 0300000W - 610000N 0300000W.</x:p><x:p id="ID_6897905">with the exception of the Shannon FIR which is bounded by lines joining the following points:</x:p><x:p id="ID_6897906">540000N 0150000W - 543400N 0100000W - 544500N 0090000W - 552000N 0081500W - 552500N 0072000W</x:p><x:p id="ID_6897907">552000N 0065500W - 542500N 0081000W - 535500N 0053000W - 522000N 0053000W - 510000N 0080000W</x:p><x:p id="ID_6897908">510000N 0150000W - 540000N 0150000W.</x:p></x:div>
    </e:Sub-section>
    <e:Sub-section Number="3" id="GEN-3.6.3">
      <e:Title id="ID_6897910">Types of Service</e:Title>
      <x:div Number="3.1" id="GEN-3.6.3.1">Locations and types of dedicated SAR facilities are listed below, and shown on the chart published after GEN 3.6, paragraph 6.12, Tables 1 and 2:<x:ol id="ID_6897913" class="Numbered"><x:li id="ID_6897914"><x:p id="ID_6897915">HMCG helicopters, under DfT contract;</x:p></x:li><x:li id="ID_6897916"><x:p id="ID_6897917">MCA fixed wing aircraft, under DfT contract;</x:p></x:li><x:li id="ID_6897918"><x:p id="ID_6897919">RAF Mountain Rescue Teams.</x:p></x:li></x:ol><x:div Number="3.1.1" id="GEN-3.6.3.1.1">Specialized SAR helicopters are equipped with winch gear.</x:div><x:table id="ID_6897923" class=""><x:thead id="ID_6897924"><x:tr id="ID_6897925"><x:th id="ID_6897926" colspan="4" align="center" valign="top"><x:p id="ID_6897927">Table 3.6.3.1 State of readiness of individual SAR units</x:p></x:th></x:tr><x:tr id="ID_6897928"><x:th id="ID_6897929" colspan="2" align="center" valign="top"><x:p id="ID_6897930">Unit</x:p></x:th><x:th id="ID_6897931" align="center" valign="top"><x:p id="ID_6897932">State of Readiness</x:p></x:th><x:th id="ID_6897933" align="center" valign="top"><x:p id="ID_6897934">Remarks</x:p></x:th></x:tr></x:thead><x:tbody id="ID_6897935"><x:tr id="ID_6897936"><x:td id="ID_6897937" colspan="2" align="left" valign="top"><x:p id="ID_6897938">HM Coastguard</x:p></x:td><x:td id="ID_6897939" align="left" valign="top"><x:p id="ID_6897940">15 min (0730-2130 local time)<x:br/>45 min (2100-0730 local time)</x:p></x:td><x:td id="ID_6897941" align="left" valign="top">&nbsp;</x:td></x:tr><x:tr id="ID_6897942"><x:td id="ID_6897943" colspan="2" align="left" valign="top"><x:p id="ID_6897944">HM Coastguard (Portland)</x:p></x:td><x:td id="ID_6897945" align="left" valign="top"><x:p id="ID_6897946">15 min (0800-2000 UTC)</x:p></x:td><x:td id="ID_6897947" align="left" valign="top">&nbsp;</x:td></x:tr><x:tr id="ID_6897948"><x:td id="ID_6897949" colspan="2" align="left" valign="top"><x:p id="ID_6897950">MCA Fixed Wing Aircraft</x:p></x:td><x:td id="ID_6897951" align="left" valign="top"><x:p id="ID_6897952">30 min (0800-2200)<x:br/>120 min (2200-0800)</x:p></x:td><x:td id="ID_6897953" align="left" valign="top">&nbsp;</x:td></x:tr><x:tr id="ID_6897954"><x:td id="ID_6897955" colspan="2" align="left" valign="top"><x:p id="ID_6897956">RAF Mountain Rescue Teams (MRT)</x:p></x:td><x:td id="ID_6897957" align="left" valign="top"><x:p id="ID_6897958">60 min (H24) Mon-Fri</x:p></x:td><x:td id="ID_6897959" align="left" valign="top"><x:p id="ID_6897960">5 Hrs/24 Hrs Weekends/Public<x:br/>Holidays</x:p></x:td></x:tr></x:tbody></x:table><x:div Number="3.1.2" id="GEN-3.6.3.1.2">In undertaking Aeronautical SAR Coordination for incidents on land or at sea, the UK ARCC works in partnership with those agencies with statutory responsibility, or primacy, for SAR Coordination respective of the environment of the incident. In responding to aeronautical incidents, the UK ARCC works in partnership with the Distress and Diversion Cell (D&amp;D) at NATS Swanwick. In responding to satellite emergency beacon alerts, the UK ARCC works in partnership with the UK Mission Control Centre. Through these agencies, the ARCC can call upon the following resources for assistance:<x:ol id="ID_6897963" class="Numbered"><x:li id="ID_6897964"><x:p id="ID_6897965">HM Coastguard Coastal Rescue Teams;</x:p></x:li><x:li id="ID_6897966"><x:p id="ID_6897967">Royal National Lifeboat Institution vessels;</x:p></x:li><x:li id="ID_6897968"><x:p id="ID_6897969">MoD aircraft, vessels and personnel;</x:p></x:li><x:li id="ID_6897970"><x:p id="ID_6897971">Police, Fire and Ambulance services;</x:p></x:li><x:li id="ID_6897972"><x:p id="ID_6897973">Commercial Air Transport aircraft;</x:p></x:li><x:li id="ID_6897974"><x:p id="ID_6897975">Merchant and leisure vessels;</x:p></x:li><x:li id="ID_6897976"><x:p id="ID_6897977">Civilian Volunteer Land Rescue Teams;</x:p></x:li><x:li id="ID_6897978"><x:p id="ID_6897979">COSPAS/SARSAT and SAR SPOT satellite distress alerting systems;</x:p></x:li><x:li id="ID_6897980"><x:p id="ID_6897981">Neighbouring and International SAR Agencies.</x:p></x:li></x:ol></x:div><x:div Number="3.1.3" id="GEN-3.6.3.1.3"><x:strong id="ID_6897984">Distress Frequencies</x:strong><x:div Number="3.1.3.1" id="GEN-3.6.3.1.3.1">SAR aircraft and other Military aircraft carry the distress frequencies shown in table 3.6.3.2:</x:div><x:table id="ID_6897988" class=""><x:thead id="ID_6897989"><x:tr id="ID_6897990"><x:th id="ID_6897991" colspan="3" align="center" valign="top"><x:p id="ID_6897992">Table 3.6.3.2 Distress frequencies carried by SAR aircraft and other military aircraft</x:p></x:th></x:tr><x:tr id="ID_6897993"><x:th id="ID_6897994" align="center" valign="top"><x:p id="ID_6897995">Frequency</x:p></x:th><x:th id="ID_6897996" align="center" valign="top"><x:p id="ID_6897997">Speech Facility</x:p></x:th><x:th id="ID_6897998" align="center" valign="top"><x:p id="ID_6897999">Homing Facility</x:p></x:th></x:tr></x:thead><x:tbody id="ID_6898000"><x:tr id="ID_6898001"><x:td id="ID_6898002" align="left" valign="top"><x:p id="ID_6898003">121.500 MHz</x:p></x:td><x:td id="ID_6898004" align="left" valign="top"><x:ol id="ID_6898005" class="Numbered"><x:li id="ID_6898006"><x:p id="ID_6898007">HMCG helicopters.</x:p></x:li><x:li id="ID_6898008"><x:p id="ID_6898009">MCA fixed wing aircraft.</x:p></x:li><x:li id="ID_6898010"><x:p id="ID_6898011">MoD helicopters and fixed wing aircraft.</x:p></x:li><x:li id="ID_6898012"><x:p id="ID_6898013">Commercial Air Transport aircraft.</x:p></x:li></x:ol></x:td><x:td id="ID_6898014" align="left" valign="top"><x:ol id="ID_6898015" class="Numbered"><x:li id="ID_6898016"><x:p id="ID_6898017">HMCG helicopters.</x:p></x:li><x:li id="ID_6898018"><x:p id="ID_6898019">Some MoD helicopters and fixed wing aircraft.</x:p></x:li></x:ol></x:td></x:tr><x:tr id="ID_6898020"><x:td id="ID_6898021" align="left" valign="top"><x:p id="ID_6898022">243.00 MHz</x:p></x:td><x:td id="ID_6898023" align="left" valign="top"><x:ol id="ID_6898024" class="Numbered"><x:li id="ID_6898025"><x:p id="ID_6898026">HMCG helicopters.</x:p></x:li><x:li id="ID_6898027"><x:p id="ID_6898028">MoD helicopters and fixed wing aircraft.</x:p></x:li></x:ol></x:td><x:td id="ID_6898029" align="left" valign="top"><x:ol id="ID_6898030" class="Numbered"><x:li id="ID_6898031"><x:p id="ID_6898032">HMCG helicopters.</x:p></x:li><x:li id="ID_6898033"><x:p id="ID_6898034">Some MoD helicopters and fixed wing aircraft.</x:p></x:li></x:ol></x:td></x:tr></x:tbody></x:table></x:div><x:div Number="3.1.4" id="GEN-3.6.3.1.4"><x:strong id="ID_6898037">Scene of Search Frequencies</x:strong><x:div Number="3.1.4.1" id="GEN-3.6.3.1.4.1">SAR aircraft may use any of the following frequencies as a Scene of Search frequency:</x:div><x:table id="ID_6898041" class=""><x:tbody id="ID_6898042"><x:tr id="ID_6898043"><x:td id="ID_6898044" align="center" valign="top"><x:p id="ID_6898045" /></x:td><x:td id="ID_6898046" align="left" valign="top"><x:p id="ID_6898047">123.100 MHz</x:p></x:td><x:td id="ID_6898048" align="left" valign="top"><x:p id="ID_6898049">Civil;</x:p></x:td><x:td id="ID_6898050" align="center" valign="top"><x:p id="ID_6898051" /></x:td><x:td id="ID_6898052" align="left" valign="top"><x:p id="ID_6898053">156.300 MHz</x:p></x:td><x:td id="ID_6898054" align="left" valign="top"><x:p id="ID_6898055">Channel 6 VHF/FM Marine;</x:p></x:td></x:tr><x:tr id="ID_6898056"><x:td id="ID_6898057" align="center" valign="top"><x:p id="ID_6898058" /></x:td><x:td id="ID_6898059" align="left" valign="top"><x:p id="ID_6898060">282.800 MHz</x:p></x:td><x:td id="ID_6898061" align="left" valign="top"><x:p id="ID_6898062">NATO;</x:p></x:td><x:td id="ID_6898063" align="center" valign="top"><x:p id="ID_6898064">*</x:p></x:td><x:td id="ID_6898065" align="left" valign="top"><x:p id="ID_6898066">156.800 MHz</x:p></x:td><x:td id="ID_6898067" align="left" valign="top"><x:p id="ID_6898068">Channel 16 VHF/FM Marine;</x:p></x:td></x:tr><x:tr id="ID_6898069"><x:td id="ID_6898070" align="center" valign="top"><x:p id="ID_6898071">*</x:p></x:td><x:td id="ID_6898072" align="left" valign="top"><x:p id="ID_6898073">5680 kHz</x:p></x:td><x:td id="ID_6898074" align="left" valign="top"><x:p id="ID_6898075">Civil/Military-Day (SAMAR 1);</x:p></x:td><x:td id="ID_6898076" align="center" valign="top"><x:p id="ID_6898077">*</x:p></x:td><x:td id="ID_6898078" align="left" valign="top"><x:p id="ID_6898079">3023 kHz</x:p></x:td><x:td id="ID_6898080" align="left" valign="top"><x:p id="ID_6898081">Civil/Military-Night (SAMAR 1);</x:p></x:td></x:tr><x:tr id="ID_6898082"><x:td id="ID_6898083" align="center" valign="top"><x:p id="ID_6898084">*</x:p></x:td><x:td id="ID_6898085" align="left" valign="top"><x:p id="ID_6898086">3085 kHz</x:p></x:td><x:td id="ID_6898087" align="left" valign="top"><x:p id="ID_6898088">Military-Night (SAMAR 4);</x:p></x:td><x:td id="ID_6898089" align="center" valign="top"><x:p id="ID_6898090">*</x:p></x:td><x:td id="ID_6898091" align="left" valign="top"><x:p id="ID_6898092">5695 kHz</x:p></x:td><x:td id="ID_6898093" align="left" valign="top"><x:p id="ID_6898094">Military-Day (SAMAR 4);</x:p></x:td></x:tr><x:tr id="ID_6898095"><x:td id="ID_6898096" align="center" valign="top">&nbsp;</x:td><x:td id="ID_6898097" align="left" valign="top">&nbsp;</x:td><x:td id="ID_6898098" align="left" valign="top">&nbsp;</x:td><x:td id="ID_6898099" align="center" valign="top"><x:p id="ID_6898100">*</x:p></x:td><x:td id="ID_6898101" align="left" valign="top"><x:p id="ID_6898102">8364 kHz</x:p></x:td><x:td id="ID_6898103" align="left" valign="top"><x:p id="ID_6898104">International intercommunication.</x:p></x:td></x:tr><x:tr id="ID_6898105"><x:td id="ID_6898106" align="center" valign="top"><x:p id="ID_6898107">*</x:p></x:td><x:td id="ID_6898108" colspan="5" align="left" valign="top"><x:p id="ID_6898109">Emission J3E or 6K00A3EJN</x:p></x:td></x:tr></x:tbody></x:table><x:div id="ID_6898110" class="Note"><x:p id="ID_6898111">Note: Other HF frequencies may be used as directed by the controlling ARCC.</x:p></x:div></x:div></x:div>
    </e:Sub-section>
    <e:Sub-section Number="4" id="GEN-3.6.4">
      <e:Title id="ID_6898113">SAR Agreements</e:Title>
      <x:div Number="4.1" id="GEN-3.6.4.1">As a Contracting State under the Convention on International Civil Aviation, the United Kingdom is committed to providing SAR services for international civil aviation throughout defined areas on a 24 hour basis. These areas consist of the UK overland area and adjacent sea areas to approximately midway to the European mainland to the east and to 030W over the North Atlantic, excluding the Shannon FIR (see chart published after GEN 3.6, paragraph 6.12, Tables 1 and 2).<x:div Number="4.1.1" id="GEN-3.6.4.1.1">The International Civil Aviation Organization's (ICAO) Regional Air Navigation Plans do not define the scale of effort which should be available but identify the required facilities by types of services which should be provided with due regard to the density of traffic and the size and passenger capacity of aircraft operating in the region.</x:div><x:div Number="4.1.2" id="GEN-3.6.4.1.2">As a member of NATO, a contracting State under the ICAO Convention and according to bilateral inter-RCC agreements, the United Kingdom can seek SAR assistance from the resources of other nations as necessary.</x:div></x:div>
    </e:Sub-section>
    <e:Sub-section Number="5" id="GEN-3.6.5">
      <e:Title id="ID_6898121">Conditions of Availability</e:Title>
      <x:div Number="5.1" id="GEN-3.6.5.1">The availability of both British military SAR facilities is on the authority of MoD. The availability of Foreign civilian and NATO military SAR facilities is on the authority of the appropriate RCC which remains responsible for operational control of such facilities throughout the duration of the requirement (whether a Maritime RCC (MRCC), ARCC, Joint Rescue Coordination Centre (JRCC)).</x:div>
    </e:Sub-section>
    <e:Sub-section Number="6" id="GEN-3.6.6">
      <e:Title id="ID_6898125">Procedures and Signals Used</e:Title>
      <e:Sub-section Number="6.1" id="GEN-3.6.6.1">
        <e:Title id="ID_6898127">The Rescue Organisation</e:Title>
        <x:div Number="6.1.1" id="GEN-3.6.6.1.1">When an Area Control Centre (ACC) has reason to believe that an aircraft is in a state of emergency, it will alert the ARCC and notify the local police, if appropriate. The ARCC will, in turn, alert SAR units and the police will notify civilian MRT, fire, ambulance and hospital services. In addition, the ARCC may alert RAF Mountain Rescue Teams, via the MoD. At some places, arrangements are made for the ACC to notify the fire service directly. Should the first report of an accident be given to the police by a member of the public, the police will alert fire and other services. The police will also advise the ACC of the rescue action being taken and give full details.</x:div>
        <x:div Number="6.1.2" id="GEN-3.6.6.1.2">The ARCC will handover responsibility, or primacy, for SAR Coordination to a Coastguard Operations Centre (CGOC) should an Aviation SAR incident become a Maritime accident. Where an Aviation SAR incident occurs across an SRR boundary, the UK ARCC will liaise with the relevant foreign RCC, confirming the individual RCC responsibilities, and primacy, for the response.</x:div>
        <x:div Number="6.1.3" id="GEN-3.6.6.1.3">When the location of a civil aircraft which has crashed on land is known, and no air search is necessary, the civil ground organization (normally the police) takes responsibility for dealing with the incident. However, it is essential that both the ACC<x:strong id="ID_6898135"> and </x:strong>the ARCC are informed to avoid duplication of effort and for expert consideration of any SAR back-up services which could be required.</x:div>
        <x:div Number="6.1.4" id="GEN-3.6.6.1.4">In the vicinity of aerodromes it is not possible to define in specific terms where the responsibility of the SAR services begins and that of the aerodrome emergency services ends with respect to potential incidents, so the closest co-operation must be maintained between these two services.</x:div>
        <x:div Number="6.1.5" id="GEN-3.6.6.1.5">Direct speech circuits exist between the UK ARCC and the RAF-manned Distress and Diversion (D &amp; D) cell at the RAF(U) Swanwick. Under normal circumstances, the quickest and most reliable means for an aerodrome to alert the ARCC is via the ACC and its D &amp; D cell, but a direct call to the ARCC on any of its listed numbers may at times be more expedient.</x:div>
      </e:Sub-section>
      <e:Sub-section Number="6.2" id="GEN-3.6.6.2">
        <e:Title id="ID_6898142">Alerting</e:Title>
        <x:div Number="6.2.1" id="GEN-3.6.6.2.1">The alerting service is available for all aircraft which are known by the air traffic services to be operating within the UK Flight Information Regions (FIRs). The responsibility for initiating action normally rests with the Air Traffic Service Unit (ATSU) which was last in communication with the aircraft in need of SAR assistance or which receives such information from an external source.</x:div>
        <x:div Number="6.2.2" id="GEN-3.6.6.2.2">If a distress signal and/or message is intercepted by their aircraft, pilots are to inform the appropriate ATSU giving all available information. The UK ARCC does not maintain a listening watch on VHF.</x:div>
        <x:div Number="6.2.3" id="GEN-3.6.6.2.3">
          <x:strong id="ID_6898149">Difficult Areas for SAR</x:strong>
          <x:div Number="6.2.3.1" id="GEN-3.6.6.2.3.1">Although the UK has not formally designated land or sea areas where SAR operations would be difficult, it is strongly recommended that General Aviation (GA) aircraft, when proposing to operate over mountainous or sparsely populated areas, should carry appropriate survival equipment, including an Emergency Locator Transmitter (ELT).</x:div>
          <x:div Number="6.2.3.2" id="GEN-3.6.6.2.3.2">The following areas within the UK are considered to be difficult from a SAR aspect:<x:table id="ID_6898155" class=""><x:tbody id="ID_6898156"><x:tr id="ID_6898157"><x:td id="ID_6898158" align="left" valign="top"><x:p id="ID_6898159">The Scottish Highlands;</x:p></x:td><x:td id="ID_6898160" align="left" valign="top"><x:p id="ID_6898161">The Hebrides, Orkneys and Shetlands;</x:p></x:td><x:td id="ID_6898162" align="left" valign="top"><x:p id="ID_6898163">The Pennine Range;</x:p></x:td></x:tr><x:tr id="ID_6898164"><x:td id="ID_6898165" align="left" valign="top"><x:p id="ID_6898166">The Lake District;</x:p></x:td><x:td id="ID_6898167" align="left" valign="top"><x:p id="ID_6898168">The Yorkshire Moors;</x:p></x:td><x:td id="ID_6898169" align="left" valign="top"><x:p id="ID_6898170">The Welsh Mountains;</x:p></x:td></x:tr><x:tr id="ID_6898171"><x:td id="ID_6898172" align="left" valign="top"><x:p id="ID_6898173">The Peak District of Derbyshire;</x:p></x:td><x:td id="ID_6898174" align="left" valign="top"><x:p id="ID_6898175">Exmoor;</x:p></x:td><x:td id="ID_6898176" align="left" valign="top"><x:p id="ID_6898177">Dartmoor.</x:p></x:td></x:tr></x:tbody></x:table></x:div>
        </x:div>
        <x:div Number="6.2.4" id="GEN-3.6.6.2.4">For flight over the North Atlantic (NAT), International GA (IGA) pilots should pay particular attention to the varying requirements of the NAT provider states. Canada, Iceland, Denmark and Greenland have requirements more stringent than those of the UK particularly regarding the carriage of ELTs, survival equipment, communications, aircraft inspections and navigation equipment, fuel reserves and instrument ratings. IGA pilots planning trans-oceanic flight are strongly recommended to read the North Atlantic International General Aviation Operations Manual and to seek advice and guidance from the UK Aeronautical Information Service (see GEN 3.1).</x:div>
      </e:Sub-section>
      <e:Sub-section Number="6.3" id="GEN-3.6.6.3">
        <e:Title id="ID_6898181">Communications</e:Title>
        <x:div Number="6.3.1" id="GEN-3.6.6.3.1">Distress and urgency communications within the UK SRR are in accordance with standard international procedures.</x:div>
        <x:div Number="6.3.2" id="GEN-3.6.6.3.2">
          <x:strong id="ID_6898186">Emergency Service</x:strong>
          <x:div Number="6.3.2.1" id="GEN-3.6.6.3.2.1">An emergency communications and aid service is continuously available on 121.500 MHz. The service covers most of the UK above 3000 ft, but in many areas reception is good below this altitude. In an emergency, pilots who have difficulty in establishing communication on the frequency in use should make use of the service on 121.500 MHz.</x:div>
          <x:div Number="6.3.2.2" id="GEN-3.6.6.3.2.2">Executive control is exercised from RAF(U) Swanwick, callsign 'London Centre', throughout the London and Scottish FIRs/UIRs. Aerodromes capable of providing an emergency service on 121.500 MHz are listed via paragraph 6.5 below.</x:div>
          <x:div Number="6.3.2.3" id="GEN-3.6.6.3.2.3">It is not necessary for pilots in emergency to address the initial 'MAYDAY' or 'PAN PAN' call to a specific unit. The Emergency Controller at Swanwick will answer the call irrespective of the location of the transmission. If transponder fitted, in emergency select code 7700 (emergency) or 7600 (radio failure) to assist the Emergency Controller in determining your position and providing a timely response.</x:div>
          <x:div Number="6.3.2.4" id="GEN-3.6.6.3.2.4">Pilots should be aware that the airspace west of Airway N864 has limited VHF Direction Finding (VDF) coverage and the Emergency Controller’s ability to locate an aircraft using VDF is dependent on the aircraft’s position and altitude. Furthermore, at the RAF(U) Swanwick, due to the lack of primary radar in the Southwest, non-transponding aircraft will be difficult to locate and will not receive a radar service from the D &amp; D Emergency Controller. Response time to any incident is governed by the amount of assistance received from other ATC units and the Coastguard authorities.</x:div>
        </x:div>
      </e:Sub-section>
      <e:Sub-section Number="6.4" id="GEN-3.6.6.4">
        <e:Title id="ID_6898196">Emergency Satellite Voice Calls from Aircraft</e:Title>
        <x:div Number="6.4.1" id="GEN-3.6.6.4.1">For aircraft flying in the London, Scottish and Shanwick FIRs/UIRs, in the event that all other means of communication have failed, dedicated satellite voice telephone numbers for the RAF(U) Swanwick D &amp; D section and for the Shanwick OAC have been programmed into the aeronautical Ground Earth Stations of the Inmarsat Signatories.</x:div>
        <x:div Number="6.4.2" id="GEN-3.6.6.4.2">The allocated airborne numbers for use via the aircraft satellite voice equipment are as follows:<x:table id="ID_6898202" class=""><x:tbody id="ID_6898203"><x:tr id="ID_6898204"><x:td id="ID_6898205" align="left" valign="top"><x:p id="ID_6898206">(a) Shanwick OAC</x:p></x:td><x:td id="ID_6898207" align="left" valign="top"><x:p id="ID_6898208">423201</x:p></x:td><x:td id="ID_6898209" align="left" valign="top"><x:p id="ID_6898210">To be used only in emergency situations. This facility is provided in addition to the number for routine ATS messages via Shanwick Radio (425002) and allows direct pilot/controller communication.</x:p></x:td></x:tr><x:tr id="ID_6898211"><x:td id="ID_6898212" align="left" valign="top"><x:p id="ID_6898213">(b) RAF(U) Swanwick D &amp; D</x:p></x:td><x:td id="ID_6898214" align="left" valign="top"><x:p id="ID_6898215">423202</x:p></x:td><x:td id="ID_6898216" align="left" valign="top">&nbsp;</x:td></x:tr></x:tbody></x:table></x:div>
        <x:div Number="6.4.3" id="GEN-3.6.6.4.3">It must be emphasised that these numbers are for emergency use only, when all other airborne means of communication with the appropriate ATSU have failed.</x:div>
        <x:div Number="6.4.4" id="GEN-3.6.6.4.4">Almost instantaneous aircraft position fixing by auto-triangulation is available H24 on 121.500 MHz over most of central and southeast England above 3000 ft amsl but down to 2000 ft amsl in the vicinity of the London airports. Outside the coverage of the auto - triangulation system, aircraft position can still be determined by DF bearing information on 121.500 MHz but involves manual plotting and it may take several minutes before the aircraft location is determined.</x:div>
        <x:div Number="6.4.5" id="GEN-3.6.6.4.5">Aircraft operating in the Shanwick OCA are required to maintain a continuous watch on 121.500 MHz (see ENR 2.2 (Shanwick Oceanic Control Area (North Atlantic Region - NAT) paragraph 9). For operations over the sea, out of range of land based emergency communications, pilots, particularly IGA pilots at low altitude, should, if in difficulty, attempt to establish contact with aircraft at higher levels.</x:div>
        <x:div Number="6.4.6" id="GEN-3.6.6.4.6">When an emergency is ended, it is important that the controlling authority is so informed and that the pilot states his intentions before leaving the frequency in use. This will ensure that SAR actions already underway are cancelled.</x:div>
      </e:Sub-section>
      <e:Sub-section Number="6.5" id="GEN-3.6.6.5">
        <e:Title id="ID_6898226">Units with Emergency Facilities on 121.500 MHz</e:Title>
        <x:div Number="6.5.1" id="GEN-3.6.6.5.1">In addition to the 24 hour service provided by the London ACC, the aerodromes listed at GEN 1.2, Appendix C provide a service on 121.500 MHz. At Brize Norton which is the Military Emergency Diversion Aerodrome (MEDA), a 24 hour communications monitor is maintained on 121.500 MHz. The civil aerodromes listed do not routinely monitor 121.500 MHz, but this frequency can be activated as necessary to provide a clear channel for emergency traffic. This facility can be requested by direct call to the unit concerned on an in-use frequency, or, more usually, by request from an ACC.</x:div>
        <x:div Number="6.5.2" id="GEN-3.6.6.5.2">
          <x:strong id="ID_6898231">Aircraft Not Equipped with Radio</x:strong>
          <x:div Number="6.5.2.1" id="GEN-3.6.6.5.2.1">A pilot of an aircraft not equipped with radio is advised to file a Flight Plan if he intends to fly more than 10 nm from the coast or over sparsely populated or mountainous areas as this will assist rescue action should the aircraft be reported overdue. Pilots should particularly note that Flight Plans can only be delivered to destinations which are on the AFS or linked to the AFS by the parent station scheme and that search action can only be initiated if an aircraft is reported overdue. This action is performed by the destination aerodrome ATSU, when established, but pilots intending to fly to destinations which are not on the AFS or linked to them by a parent station should advise a responsible person at their destinations of the intended flight and arrange for that person to notify the ATS authorities in the event of non-arrival.</x:div>
        </x:div>
        <x:div Number="6.5.3" id="GEN-3.6.6.5.3">
          <x:strong id="ID_6898236">Procedure for a Pilot-in-Command Requiring SAR Escort Facilities</x:strong>
          <x:div Number="6.5.3.1" id="GEN-3.6.6.5.3.1">If the pilot-in-command of an aircraft, whilst flying over water or sparsely inhabited areas, believes the operating efficiency of his aircraft has become impaired he should notify the appropriate ACC to alert the SAR organization. If requesting escort facilities, the pilot should bear in mind that SAR aircraft are limited in numbers and that the facility should only be requested if absolutely necessary.</x:div>
          <x:div Number="6.5.3.2" id="GEN-3.6.6.5.3.2">When provided, the SAR aircraft will be positioned as close as practicable to the aircraft being escorted and it is important that RTF contact be established between the two aircraft as early as possible and maintained during the entire operation.</x:div>
          <x:div Number="6.5.3.3" id="GEN-3.6.6.5.3.3">This service is available, subject to the MoD operational requirements, throughout the SRR and no charge is normally raised against the individual for its legitimate use.</x:div>
        </x:div>
      </e:Sub-section>
      <e:Sub-section Number="6.6" id="GEN-3.6.6.6">
        <e:Title id="ID_6898244">Flight in Areas in which Search and Rescue Operations are in Progress</e:Title>
        <x:div Number="6.6.1" id="GEN-3.6.6.6.1">To avoid interference with SAR operations and to avoid unnecessary collision hazard, pilots are strongly advised not to fly near an area where SAR operations are known to be in progress. Crews of aircraft involved in the SAR operation may be performing complex manoeuvres, often in poor weather conditions, and may not be able to maintain a good lookout for itinerant aircraft.</x:div>
        <x:div Number="6.6.2" id="GEN-3.6.6.6.2">Pilots who consider it necessary to fly in a known area of SAR operations should:<x:ol id="ID_6898249" class="Numbered"><x:li id="ID_6898250"><x:p id="ID_6898251">Contact the ARCC by telephone before departure;</x:p></x:li><x:li id="ID_6898252"><x:p id="ID_6898253">file a Flight Plan giving times of entering and leaving the area and the height to be flown, ensuring that the ARCC is included among the addressees;</x:p></x:li><x:li id="ID_6898254"><x:p id="ID_6898255">obtain the latest information about weather conditions en-route and in the search area;</x:p></x:li><x:li id="ID_6898256"><x:p id="ID_6898257">monitor the VHF International Distress (121.500 MHz) and the Scene of Search (123.100 MHz) frequencies when in the vicinity, but avoid transmitting on these frequencies.</x:p></x:li></x:ol></x:div>
        <x:div Number="6.6.3" id="GEN-3.6.6.6.3">Under certain circumstances, a Temporary Danger Area (TDA) may be established around the scene of an incident. This will normally be established by NOTAM. If such a measure fails to achieve its objective, Restriction of Flying (Emergency) Regulations may be invoked. These will make it an offence for an aircraft to be flown in the designated area. Such regulations will also be promulgated by NOTAM (see also ENR 1.1.5).</x:div>
      </e:Sub-section>
      <e:Sub-section Number="6.7" id="GEN-3.6.6.7">
        <e:Title id="ID_6898261">Action by Survivors</e:Title>
        <x:p id="ID_6898262">(See also paragraphs 8 and 10)</x:p>
        <x:div Number="6.7.1" id="GEN-3.6.6.7.1">Basic procedures that can assist SAR operations are set out below.<x:div Number="6.7.1.1" id="GEN-3.6.6.7.1.1">Life Rafts<x:p id="ID_6898267">Survivors should use some or all of the following methods when search aircraft or surface craft are seen or heard:</x:p><x:ol id="ID_6898268" class="Numbered"><x:li id="ID_6898269"><x:p id="ID_6898270">Fire distress flares or cartridges;</x:p></x:li><x:li id="ID_6898271"><x:p id="ID_6898272">use some object with a bright flat surface as a heliograph;</x:p></x:li><x:li id="ID_6898273"><x:p id="ID_6898274">flash torch;</x:p></x:li><x:li id="ID_6898275"><x:p id="ID_6898276">fly anything in the form of a flag and, if possible, make the international distress signal by flying a ball, or something resembling a ball, above or below it;</x:p></x:li><x:li id="ID_6898277"><x:p id="ID_6898278">use the fluorescent marker to leave a trail in the sea.</x:p></x:li></x:ol></x:div><x:div Number="6.7.1.2" id="GEN-3.6.6.7.1.2">Crash Landing in Isolated Area<x:p id="ID_6898281">Survivors should use some or all of the following methods to attract attention when aircraft or surface craft are heard or seen:</x:p><x:ol id="ID_6898282" class="Numbered"><x:li id="ID_6898283"><x:p id="ID_6898284">Visual and ground signals (see paragraphs 10 to 12 and the Ground to Air Emergency Signalling Code Tables 1 and 2 after GEN 3.6, paragraph 6.12);</x:p></x:li><x:li id="ID_6898285"><x:p id="ID_6898286">make the aircraft as conspicuous as possible by spreading any parachutes or other material over the wings and fuselage;</x:p></x:li><x:li id="ID_6898287"><x:p id="ID_6898288">smoke or fire. A continuously burning fire is recommended, with material kept ready to hand to cause it to smoke at short notice. A quantity of green branches, leaves, oil or rubber from the aircraft should achieve the desired result. Three fires in the form of a triangle make a good signal especially at night.</x:p></x:li></x:ol></x:div></x:div>
      </e:Sub-section>
      <e:Sub-section Number="6.8" id="GEN-3.6.6.8">
        <e:Title id="ID_6898290">Emergency Locator Transmitters (ELT)</e:Title>
        <x:div Number="6.8.1" id="GEN-3.6.6.8.1">The COSPAS/SARSAT (C/S) system uses 5 near-polar orbital satellites and 6 geostationary satellites to detect and localize signals from ELTs. The UK has a Local User Terminal (LUT) at Combe Martin that processes the satellite downlink and passes ELT locations to the UK Mission Control Centre (UKMCC) at Kinloss. C/S operates on 406.00 MHz, location accuracy is normally better than 5 km through the polar orbiting satellites, whereas the geostationary satellites require position information to be included in the ELT alert transmission. Where this position is input from onboard navigation systems the position accuracy is usually better than 1 km. The C/S system will detect transmissions on 406.00 MHz throughout the UK SRR. The maximum waiting time (ie the time between ELT activation and satellite detection) should not exceed 90 minutes via the polar orbiting satellites and is almost instantaneous via the geostationary satellites.</x:div>
        <x:div Number="6.8.2" id="GEN-3.6.6.8.2">Because the C/S system can detect ELT transmissions throughout the UK SRR and because much of the UK SRR covers an area of busy civil and military air traffic where the distress frequencies are routinely monitored, survivors should switch on an ELT without delay.</x:div>
        <x:div Number="6.8.3" id="GEN-3.6.6.8.3">Valuable SAR assets can be expended searching for the source of inadvertent distress transmissions and thus delay the response to an actual emergency situation; great care should be taken to avoid inadvertent transmissions but should they occur, a report should be made to the London D &amp; D cell as soon as possible to cancel an unnecessary SAR response.</x:div>
      </e:Sub-section>
      <e:Sub-section Number="6.9" id="GEN-3.6.6.9">
        <e:Title id="ID_6898298">SAR Callsigns</e:Title>
        <x:div Number="6.9.1" id="GEN-3.6.6.9.1">Within the UK SRR, forces engaged in SAR operations normally use callsigns assigned by the ARCC and prefixed by the root word 'RESCUE'. Fixed-wing assets use a 2 figure number, for example 'RESCUE 41'. Military helicopters use the word 'HELICOPTER' plus a 3 figure number, for example 'RESCUE HELICOPTER 190' (which may be abbreviated to 'RESCUE 190' after initial contact). DfT contracted SAR helicopters also use the prefix 'RESCUE HELICOPTER' plus a 3 digit numeric, for example 'RESCUE HELICOPTER 100 (may be abbreviated to 'RESCUE 100' after initial contact).</x:div>
      </e:Sub-section>
      <e:Sub-section Number="6.10" id="GEN-3.6.6.10">
        <e:Title id="ID_6898302">Search and Rescue Signals</e:Title>
        <x:div Number="6.10.1" id="GEN-3.6.6.10.1">The SAR signals to be used are in accordance with international procedures. When signalling to surface craft, visual signals can be more effective than audio signals because of possibly high noise levels on board the surface craft.</x:div>
        <x:div Number="6.10.2" id="GEN-3.6.6.10.2">Signals to Surface Craft<x:div Number="6.10.2.1" id="GEN-3.6.6.10.2.1">The following manoeuvres performed in sequence by an aircraft mean that the aircraft wishes to direct a surface craft towards an aircraft or a surface craft in distress:.<x:ol id="ID_6898309" class="Numbered"><x:li id="ID_6898310"><x:p id="ID_6898311">Circling the surface craft at least once.</x:p></x:li><x:li id="ID_6898312"><x:p id="ID_6898313">Crossing the projected course of the surface craft ahead at low altitudes and:</x:p><x:ol id="ID_6898314" class="Numbered"><x:li id="ID_6898315"><x:p id="ID_6898316">rocking the wings; or</x:p></x:li><x:li id="ID_6898317"><x:p id="ID_6898318">opening and closing the throttle; or</x:p></x:li><x:li id="ID_6898319"><x:p id="ID_6898320">changing the propeller pitch.</x:p></x:li></x:ol></x:li><x:li id="ID_6898321"><x:p id="ID_6898322">Heading in the direction in which the surface craft is to be directed. Repetition of such manoeuvres has the same meaning.</x:p></x:li></x:ol></x:div><x:div Number="6.10.2.2" id="GEN-3.6.6.10.2.2">The following manoeuvre by an aircraft means that the assistance of the surface craft to which the signal is directed is no longer required:<x:p id="ID_6898325">Crossing the wake of the surface craft close astern at a low altitude and:</x:p><x:ol id="ID_6898326" class="Numbered"><x:li id="ID_6898327"><x:p id="ID_6898328">rocking the wings; or</x:p></x:li><x:li id="ID_6898329"><x:p id="ID_6898330">opening and closing the throttle; or</x:p></x:li><x:li id="ID_6898331"><x:p id="ID_6898332">changing the propeller pitch.</x:p></x:li></x:ol></x:div></x:div>
        <x:div Number="6.10.3" id="GEN-3.6.6.10.3">The following replies may be made by surface craft to the signals in paragraph 10.2.1 (b).<x:div Number="6.10.3.1" id="GEN-3.6.6.10.3.1">To acknowledge receipt of signals:<x:ol id="ID_6898337" class="Numbered"><x:li id="ID_6898338"><x:p id="ID_6898339">hoist the 'code pennant' (vertical red and white stripes) close up (meaning understood);</x:p></x:li><x:li id="ID_6898340"><x:p id="ID_6898341">flash a succession of 'T's by signal lamp in the Morse Code;</x:p></x:li><x:li id="ID_6898342"><x:p id="ID_6898343">change heading to follow the aircraft.</x:p></x:li></x:ol></x:div><x:div Number="6.10.3.2" id="GEN-3.6.6.10.3.2">To indicate inability to comply:<x:ol id="ID_6898346" class="Numbered"><x:li id="ID_6898347"><x:p id="ID_6898348">hoist the international flag 'N' (a blue and white chequered square);</x:p></x:li><x:li id="ID_6898349"><x:p id="ID_6898350">flash a succession of 'N's in the Morse Code.</x:p></x:li></x:ol></x:div></x:div>
      </e:Sub-section>
      <e:Sub-section Number="6.11" id="GEN-3.6.6.11">
        <e:Title id="ID_6898352">Ground-to-Air Emergency Signalling Code</e:Title>
        <x:div Number="6.11.1" id="GEN-3.6.6.11.1">The following guidelines should be employed when using the symbols, as detailed in Tables 1 and 2 shown after GEN 3.6, paragraph 6.12.</x:div>
        <x:div Number="6.11.2" id="GEN-3.6.6.11.2">The symbols should be at least 2.5 m (8 ft) long and should be made as conspicuous as possible by attempting to provide the maximum colour contrast between the symbols and the background against which they are displayed.</x:div>
        <x:div Number="6.11.3" id="GEN-3.6.6.11.3">Care should be taken to lay out symbols exactly as depicted to avoid any possible confusion with other symbols.</x:div>
        <x:div Number="6.11.4" id="GEN-3.6.6.11.4">Symbols may be formed by any means such as: strips of fabric, parachute material, pieces of wood, stones, by trampling, or staining the surface with oil etc. When the surface is snow covered, signals can be made by dragging, shovelling or trampling the snow. The symbols thus formed will appear to be black from the air.</x:div>
        <x:div Number="6.11.5" id="GEN-3.6.6.11.5">In addition to using these symbols every effort should be made to attract attention to them by means of radio, flares, smoke, reflected light or by other available means.</x:div>
      </e:Sub-section>
      <e:Sub-section Number="6.12" id="GEN-3.6.6.12">
        <e:Title id="ID_6898364">Air-to-Ground Signals</e:Title>
        <x:div Number="6.12.1" id="GEN-3.6.6.12.1">The following signals by aircraft mean that the ground signals have been understood.<x:ol id="ID_6898367" class="Itemised"><x:li id="ID_6898368"><x:p id="ID_6898369">During the hours of daylight: — rocking the aircraft's wings.</x:p></x:li><x:li id="ID_6898370"><x:p id="ID_6898371">During the hours of darkness: — flashing on and off twice the aircraft's landing lights or, if not so equipped, by switching its navigation lights on and off twice.</x:p></x:li></x:ol></x:div>
        <x:div Number="6.12.2" id="GEN-3.6.6.12.2">Lack of the above signals indicates that the ground signal is not understood.<e:Figure id="ID_6898374"><e:Graphic-file id="ID_6898375" Type="image/gif" xlink:href="../graphics/ID_6898375.gif" xlink:show="embed" Page-name="GEN 3.6-9" Width="1241px" Height="1637px" /></e:Figure><e:Figure id="ID_6898376"><e:Graphic-file id="ID_6898377" Type="image/gif" xlink:href="../graphics/ID_6898377.gif" xlink:show="embed" Page-name="GEN 3.6-11" Width="1660px" Height="1754px" /></e:Figure><e:Figure id="ID_6898378"><e:Graphic-file id="ID_6898379" Type="image/gif" xlink:href="../graphics/ID_6898379.gif" xlink:show="embed" Page-name="GEN 3.6-13" Width="1300px" Height="1675px" /></e:Figure></x:div>
      </e:Sub-section>
    </e:Sub-section>
  </x:div>
</e:GEN-3.6>
