<?xml version="1.0" encoding="UTF-8"?>
<e:GEN-2.7 id="GEN-2.7" Number="GEN 2.7" xmlns:e="http://www.eurocontrol.int/xmlns/AIM/eAIP" xmlns:x="http://www.w3.org/1999/xhtml" xmlns:xlink="http://www.w3.org/1999/xlink">
  <e:Title>GEN 2.7 SUNRISE/SUNSET TABLES</e:Title>
  <x:div class="RP">
    <x:span class="sdParams" style="display:none;">TRULES_PROC;RULES_PROC_ID;6835</x:span>
    <x:div Number="1" id="GEN-2.7.1">Sunrise/Sunset/Twilight times for UK aerodromes can be obtained from the following internet websites:<x:ol id="ID_6879341" class="Numbered"><x:li id="ID_6879342"><x:p id="ID_6879343">US Navy Observatory website: http://www.usno.navy.mil/USNO/astronomical-applications</x:p></x:li><x:li id="ID_6879344"><x:p id="ID_6879345">HM Nautical Almanac Office website: http://astro.ukho.gov.uk/websurf/</x:p></x:li></x:ol></x:div>
  </x:div>
</e:GEN-2.7>
